PC1,PC2,PC3,PC4,PC5,PC6,PC7,PC8,PC9,PC10,PC11,PC12,PC13,PC14,Response
2.3294155283733775,-0.09756852235973976,-2.166371657982474,-0.36790554538578746,-0.07674010132309485,0.8021574728068156,-0.16073078990905465,-0.27157823973857365,0.023728345507241982,2.0844835061258,-0.9601457695274551,1.0240047365995453,0.00824069512140256,-1.0743978394156946,1
-1.9488279821976253,1.2411565848502786,2.427424573312142,-0.29036162227503426,0.08743507514417154,0.8721960980075047,-0.7064975587890981,-0.12135040246736149,-0.6546668784581533,-0.07898498051849806,-1.0956736057022753,0.39174507192799796,0.23392423610716243,-0.18417502147935255,0
2.452562972968168,-1.1058165512286198,-0.23735778777958327,-1.8016776480035894,-0.033367053491154326,0.18857438077598015,-1.07331817005341,-0.9335413955537198,0.043006062716085855,0.22804669441822747,0.7204113311303458,-0.5175349455387395,-0.14484541353573027,0.5075345030661715,0
-2.584431766985504,-1.594886051277586,1.2866169032302621,-1.5042560039157695,-1.5562486194916065,-1.1383048382683731,-0.4097373156723614,-0.5699307437460768,0.15428840033238264,0.19558867078012135,0.6501771846857234,0.13157848301828612,0.24522258220145018,0.4035181726010833,0
0.48283276553209775,-0.15281260975621,1.0553601424745984,1.6247230131391484,-1.2510178183158889,-0.7571719572586472,2.0372664659674697,0.1349047219763412,2.3292328041456645,0.6129287965962336,0.5371892039523044,1.0300132134848188,0.7012799223284726,-0.18579461919392343,0
0.8862603947044793,1.3155754587612607,-0.32119784830359266,-1.583890547825019,-0.030574958492045227,-0.7664455077186169,-1.0544806462774325,-0.3032022477674919,-0.35663194756590544,-0.6795143633830324,0.6823220286950914,-1.898343595934569,0.05472244895879917,-0.717171606011479,0
0.7648708464196459,1.1413773980614217,-2.31175825670027,-0.11247524520485697,-0.5735273566557507,0.025992626848371624,-0.6532175192837684,-0.474190108131319,-0.10057394601105564,-0.20905376368576095,-1.0365852717332507,0.2592689218342715,0.003198361389012246,0.023114351010928368,0
-2.14978479244999,-0.7491272982329166,-0.20583579081229128,1.6124825569517378,0.5456973516802338,-1.8449563406614837,0.36534658469591275,-0.36229177768051063,1.3765021999355618,0.48481368779074036,0.5721482418862242,0.0594134821474637,-0.4191114927967028,-0.10265003700339365,0
-2.785979365027529,-0.846479329224855,0.17306272010323892,-1.5984652997872653,1.3906895253015792,-1.84333563073274,-0.3172908618897898,-0.4391915000887906,0.974394443225624,0.7659683817026419,0.7075011735421837,0.4060095008276766,-0.7594799793590465,0.11088906480303022,1
-2.9632700873318014,-1.4570977448213651,-0.45945004288211055,1.251848120401214,1.16490629686992,-0.40618808241268267,-0.8651265506718149,-0.8805312554797077,-1.0702746239389533,-0.8097408943412069,0.45019342451420935,-0.4743192219330339,0.07690950979924688,-0.642754991638655,0
-3.8021198068947353,-3.2426869937610365,-2.848569623750127,0.7192444395951982,0.5982110995783915,2.874467933738148,-1.6735859163568563,3.6462586096220497,2.1443291777130398,-0.39826195007339843,0.5811278426342767,-0.515050449712735,-0.32964059968677034,-0.09526471783989775,0
2.923449918533662,-1.2901446119195308,-0.6915181479853173,-0.5449397495905461,0.39106770182146866,1.8745377544286335,0.4847033916568357,-0.9495587287871652,0.09290651315398199,0.14325373168288852,-0.932779511372838,0.36472975159085147,0.6933740518077542,0.3390641340598929,0
-0.13610044728940918,2.369373219576697,-0.2450676630058402,-0.3576982237263113,0.6883699562922467,1.0595670978532474,-0.32274313730760684,-0.19932707934451718,-0.7883204954697781,-0.21642099088667577,-1.0241802282192407,-0.20719190869713675,0.5511737685804818,-0.4456011653718561,0
-3.171022898793678,-2.445681012331599,-2.0597311405118695,1.1762555581883023,0.5875696156715436,-0.14515925552415185,-0.07649186850665221,-0.8761773504240095,-0.535940093368025,0.3765626265260378,0.5162112357865708,-0.2195863968236361,-0.5302600756750973,0.3728910730736913,0
4.776118750643792,0.11565650714648337,-0.7088544634598942,-0.2506352976527325,3.37968204106867,-0.5548008055938134,-0.8775116997604633,1.0915345778766803,-0.25636277656186024,0.6993532534734977,-0.8087551428441268,-0.20758299438623842,0.3502230256202997,1.3662972190881484,1
-2.6961651349743847,1.2102503060126977,-2.108841180610861,1.2666101737004414,0.20007779578708534,0.05464306168848543,0.24186402771013565,-0.335989038825789,-0.8836444693589216,-0.942926095004962,0.36535447672905114,0.018642721995463702,-0.4134894086364323,-0.2696847552368122,0
0.21335563791079828,-0.3755298680016366,-1.331720656768588,-2.029219055015001,0.5763156655601626,0.672486463949666,-1.633852567107931,-0.6877883202315319,-0.24686858644423573,2.241394977719032,0.7372091758895918,0.4003627225575982,-0.1531323660822577,1.0048015441198572,0
2.6583487076034977,1.9807338656834903,1.1730563117007737,1.1583066962295019,0.475225118181669,1.1359215905144457,1.0046718543780044,1.2971739531839848,-1.0664821001437108,0.7211597726092247,0.5218603777657863,-1.511996268811124,-0.3231095065288709,-0.9469480054455679,0
-2.10670002457463,-1.4692506257564018,-2.236198779228419,-0.3566924500193285,-0.10108589714761608,0.5762332167200835,1.2570733091448205,-0.6306389902120966,-0.24187825311833708,-0.24706620114594302,-1.0242699639999457,0.760085213012161,0.06869360269811768,0.4104763070912066,0
-0.4953488663621704,-1.9690291049194975,-2.1016842301255925,1.2571343009565124,-0.1766130102988665,-0.09787197544698366,-0.10703930369305227,-0.6777999987835632,-0.14418604373268187,0.8418897599538826,0.48723434424034145,0.23944048764035017,-1.140192591607458,0.08700673653479374,0
1.1423991901356552,2.710411434658768,-1.4505979751082108,1.2508679496009936,2.742748654283987,-0.34533006579864245,0.5948771077843351,1.109878426119993,0.07981925104565511,0.6887211469500647,0.6184957253129538,-1.0875499735450835,0.22731101038263926,-0.00987166752692863,0
1.6773786243121447,1.6957798161468411,2.3556643852398476,1.5751136165441595,0.34613103036081827,-0.6368614879918983,-1.5326581199068021,-0.24190134666559152,1.6466174431145273,0.4422905198526274,0.5321214568861815,0.11215180260883308,0.09757449404821474,0.43320590704530587,0
-0.5726039645204191,2.1708454113696707,0.08333520054142823,-1.7624180713539037,-1.3843382370963164,0.5270610097657793,0.07887927787118504,0.35085094062163097,0.1520539157111581,1.9205628767266192,0.6530207957512143,0.4348767682287466,0.2620544280386106,0.29510476140041714,0
-2.143711924516364,-1.7074357742444866,0.35007542043006856,-0.3023641822507912,-0.8402338471683093,0.6474051862545803,1.1707506827877412,-0.09617249203340453,0.27089370865218065,2.021987183481252,-0.8998176387783072,0.1465584135510214,-0.12215095852047812,0.32167852588679396,0
-1.421858317203554,1.5175739734827465,-0.01160469763086434,1.574949268555945,-0.9525039558679551,-0.8234699809594116,-1.215611127558053,-0.18434342128434464,-0.4419946348881566,-0.4378973008744968,0.35843448291368857,0.0885109644768475,-0.3105679409570605,-0.7506240152615684,0
-1.1692667754477446,-1.7505936563008053,-0.14289808892299688,1.4317951651200704,-1.040617981368032,-0.46673332254344846,-0.35855579747258726,-0.8946377890599342,0.051206096061761276,-0.7193928407242447,0.41552520239666685,0.5674978580326357,0.21639125872710582,-0.11389203273768177,0
4.252446648127389,-0.7002289550506535,-0.36849478119663603,1.176362366588129,2.0508989624988674,0.2611647560656997,1.7861329829440087,0.3786530563830115,0.8213494153880562,-0.4190658384870824,0.59468495889305,-0.11188332984825126,0.7331316299548287,-0.16254980425243742,0
-3.199896029659989,-2.504358899357749,0.7815762102687517,-0.005484354188717401,-0.8196959860475449,-0.8603900740599415,-0.02637905882066838,-0.7674859805729087,0.13117827023489573,0.08341674725475581,-0.8943375684416272,-0.47995640648957805,1.1996508703772317,0.08398357322139013,0
0.48941788740912345,-1.6440744110923016,0.367825981737855,-1.9843970878849344,-0.023762414679273428,0.5937096567699484,-0.017524874309475268,-0.6262581956381987,-0.022035979517021215,0.6823918546991402,0.6308415666087981,0.6283527980455474,0.1573642332903679,-0.52368809332148,0
-1.291603759803914,0.5009890451481896,-1.1030778439546456,-1.7869639429449153,0.8240692606928227,-0.660119067685472,-0.4773519577145229,0.4182311988191436,-1.4630990570913347,-0.7989917215692174,0.5666319077425261,-0.2386001114800834,-0.029417349852632276,0.19471560635290205,0
-0.19495158056919273,3.885396571353025,-1.2494429743107398,-0.054872570623928474,1.0064331615076867,-0.42468167796705464,-1.4597829906752335,-0.2364619662360737,1.0756489422166147,-0.2945388818577889,-1.0671477758318413,1.1822518462460008,-0.10582342084806298,0.9862380284627628,1
3.0754559952121343,-0.2931702398513429,0.6775285121605902,1.1986219407419318,0.1276805611411712,0.7822621460953453,-2.0727664048176027,-0.41823440161937725,-0.05889545511447905,2.4736475116396828,0.5685805167511591,-0.20270499811340106,-1.0765581042910717,-0.07266767036650804,0
-1.658081201856897,1.4586814510134867,0.6733525166037064,-0.48119299194710274,1.2283573683293245,1.3171141370831247,-0.2560090318027038,-0.24177080055060635,-1.1030983549336826,0.0029665567948656633,-1.0530530544890457,-0.17047015264433668,-0.6764192242640124,0.021142524212197346,0
1.918455717456285,1.9874553737926122,-0.7316629184534466,1.552358115674038,1.0078092804821361,-0.874078623852211,0.048942074038013275,-0.4004692679737275,1.5609031772327198,-1.5897821479641936,0.5971812406970279,-1.3735641941867374,1.788928457536122,-0.4251063730538241,0
-2.6602010476581026,-0.9879499990571707,-1.0066362035265335,1.1388107257918043,-0.34001837095312587,0.6597542047645192,0.8898287810348288,-0.39720840842283783,-0.24441076135039586,0.5109648910250405,0.4589989650231782,0.8759211360735576,0.856250257000726,0.11435992232768638,0
-1.7948515302740549,0.1154014800399551,1.8915427981007544,-0.20630928521729408,-0.8444503066300143,0.7308811694982693,1.6020495730343496,0.11960665508217334,-0.07739384297606361,-0.23726714287706557,-1.0318220912084555,-0.32018654359244136,0.07002851917209595,-0.3994095529265021,0
2.557645623938771,-0.028334839905408495,0.753052322523869,-0.20197045100592625,1.1836477178348637,-0.28612825389899976,0.06373682585357907,0.9332854869638094,1.0748107397655218,2.83019486429624,-0.8744244561846555,1.4812607086622265,0.022761346696330852,0.25067629388627966,1
2.0170401255839794,0.13951709808863144,0.039896185584467156,1.5428507614549303,-1.3569296674860725,-0.47757885714909376,-1.3390574144656544,-0.5808522760275667,-0.01837972874343189,-0.8664123009036597,0.2771135131179436,0.9892630780742472,-1.0479433052026828,-1.0971410108024564,0
-3.148162041543279,-1.3492663357176686,-0.13285019176699392,1.3092722691474172,-0.9818158745516442,0.06113311755011419,1.5876518447777488,-0.11225596448297902,-0.049555481728897094,0.8320680046609281,0.5100389371356754,-0.18337290615036697,-0.40296400723823056,-0.06200726624042481,0
-2.6650993080538137,0.17929761612750295,-1.0320784862245267,-2.0609207910488316,1.6318345665729435,0.3720395670615458,-1.7797193360063104,-0.9954108310484147,-1.1035142237397786,-0.5650240301623661,0.5811179556598087,-0.062004298350790854,-0.1600158893946005,0.7672322956494451,0
0.7045280721886492,-0.9161014180898742,0.11589666218620502,-0.4780370700289507,2.71581873969154,0.6009808581930886,1.1086050460177315,-0.6758133464736533,1.1386049344789813,-0.04320742406583746,-0.8546810084951525,0.033853530811865845,1.143698255142782,-0.5424208078927629,0
-3.5479754326954,-1.1956875689970727,-0.7985061722685954,1.235412254242531,0.10969453477481918,-0.07837124617196776,-0.8173600379501241,-0.9405292033562573,-0.38835631031483775,-0.03774466565182729,0.5099966288604519,0.22900999820435802,1.5525692609026767,0.5440016211277333,0
2.9061553032062375,-2.0781705307406195,0.9324160434072752,-0.21584496343257153,-0.9563429662583967,0.9268882782899361,0.5588577117574107,-0.9223478706460181,0.5260496907703438,-0.6936550689231707,-0.9711931082526712,0.18131967149201245,0.5277298831952398,0.2774449468299573,0
-3.318056561239176,-2.1224505687905593,-3.0081293761580734,1.3947104378907842,-0.4411969902151666,-0.9286149530954299,-0.37056230216963004,-0.7490056699514824,-0.1631467576208923,0.5531300542738325,0.5030525503090486,0.3597225410735736,0.26133501129973835,0.2655700086897714,1
-2.625948683030206,-0.7469236740708334,0.19131005750513994,-1.958504169505324,0.21382296681402085,0.44703318799260666,1.3002216256055803,0.030005820120382724,-0.5929699830609225,1.3309289426011888,0.6699270710632023,-0.23528718185756461,-0.9847325989817456,-0.22271052017444296,0
-1.0462569360935539,2.4867964972461105,2.3130218787784957,-0.289491042390554,-0.9835152703754914,1.4982700223388892,1.0432597216350055,0.42977748623988193,-0.2854784171576245,0.3526547596725978,-1.093633753307208,0.5555707094413543,-0.09881638146236191,-0.035763306276950034,0
1.9800343692762274,3.9599191726163196,-2.1568321800474455,1.4896239382118845,0.5422655366200156,-0.2784741562125792,-0.4638379269901806,0.07624233399547485,1.4730469590061344,0.665156307291063,0.5643202722717032,0.14549149497440053,0.30699576599351325,0.8727242401533116,0
2.049068454006852,0.4448597332320579,1.8587945653992355,-0.20802209301781827,-0.266495639188178,0.9410988094619068,-1.10503901674548,-0.7171243693402886,-0.02870098406935503,-0.7479828594964071,-0.9986833130519168,-0.5194208445513935,0.06947304409019786,0.7057327033972721,0
3.9873829118228463,-0.7540032263571014,-1.267122655992402,1.2780344689290628,0.40197421417264845,0.2581144039057812,-1.7608139607617923,-0.9464485557800788,0.009322459428316915,0.19315601576747687,0.5798445339636416,-1.3242001450860748,-0.4741236683199863,-0.22350226330954007,0
-2.204485422972876,-1.2485852553099657,0.476149455280132,-0.11449491405200385,-1.1053148912152866,-0.06584889393500014,0.227460971939262,-0.31653512070183404,0.05841771647547193,1.1128909293559153,-0.9845202491937785,0.5146833820990661,-0.6913849760101405,0.46414040702735987,0
3.951976148681969,-2.2284508532090594,0.9853872770889158,-0.020558869116710565,-0.5173642787203347,-0.6486006951267976,0.48495513552738995,1.0116737450717617,-1.0612825292232322,-0.7198838456025232,-1.042602832521596,0.9061146089579859,0.8732556352528581,-0.014671976390855617,1
0.7793930392594132,1.8552804367988815,-0.4301405972939099,1.5570415892635303,-1.955850135608662,0.05103147471953984,0.29874253799796957,-0.2050010707385843,0.3348784454025677,-1.248466129310597,0.42133515472196764,-0.33913352422600807,0.8030804865733268,0.06960774739691641,0
5.223988395796988,-0.6020605383643144,-1.341023059849587,-2.00442461752652,0.8533718199627672,0.8868096704252418,-0.3724923802267055,-0.006063126096251325,-0.6510766525347158,-0.0697996488340267,0.7154245923740392,-0.4218782034279612,0.2848247960118024,0.788650463579214,1
3.080157982713021,-1.3597446154627768,0.2441207669881634,-0.1593832541445398,-0.5815872504959751,0.37312695744294944,-0.8764611281229453,-0.7923127767086768,0.3801266595079137,0.5715789118309467,-0.9162535808854174,-0.34396221340244554,-0.3905318728291755,0.16045376456560687,1
-2.5992067070988614,-2.221678592510419,1.5372796240510993,-0.031579513322943176,-0.6058607273500987,-0.6251463039431925,-0.1263159901875338,-0.8962361560909461,-0.07882921563205825,-0.9927008894566322,-0.9712094960458013,-0.4665207796974307,0.5666578590866127,0.19699151930538988,0
-2.141704005398006,-1.1227791229756972,-0.011426648867189425,-0.14933295265042978,-0.2256266864867677,-0.16491373458191005,0.4945725242610001,-0.47067059914879994,-0.3223542472579596,-0.05055395476410048,-0.969894952819998,-0.32031699104930134,0.06227332711246503,-0.415374679071579,0
-0.44751475346047276,1.5411287513646963,1.664129689816118,1.5596227238299913,0.5014894949598935,-0.867688073691751,0.9588673870954217,0.3518373656671895,1.4170842893244069,0.2382909732809123,0.5535761986151089,-0.7302470951270391,0.1230281282937787,-0.7911699825570471,0
3.7650473843205745,-2.197770296955551,-0.2748269661840468,0.1507095383329825,-0.3898403399204602,-1.616542282747558,-0.6757951741724353,0.7121285957699032,-1.040134220048386,-1.000863625913965,-0.9656635536962557,-0.27270382155157225,0.4720058466993189,0.6617690631139085,1
1.2507117232981524,1.7887727234242807,-1.5383514083735097,-1.51081326178025,-1.1224698179089427,-0.6524798343223803,-1.0474148998058361,-0.609786221911568,0.04315590902418119,-1.620185146075234,0.5957121581653843,-0.7978751933074487,-0.03220707458024497,0.629621834641714,0
1.5110822966602697,1.9920040321740484,0.4830784674272043,-0.031113103153076693,-1.0911686244572905,0.2856751437585493,-1.2621038393734745,0.04287399450698808,0.19457563264321817,1.4700702534339822,-0.9273950984701156,-0.6238053599719938,-0.4479794878305452,0.4626801610244257,0
1.2808021233067903,1.7504790626137525,1.2553558443434534,-0.1056591352559797,2.414726217694431,-0.6053405165243029,-1.2194677018237992,-0.230345070654185,0.8563973512914722,0.004557578315936022,-0.8898709560063767,-1.230024414004213,-0.568182680049827,-0.5191228620568691,0
2.832738912006062,-0.5300826722363142,-0.4414704842710409,-2.146895086150609,1.2889353311209317,1.2178492807028294,-1.345577558315312,-0.947679732832534,-0.566790414994419,0.7875151034530223,0.6379508252386482,0.8908262859128862,0.46548045149648287,-0.7786806803113668,0
-3.0973415034565868,-1.4899508939690298,0.31557864138427405,1.0341896718276928,0.35515371259332895,0.9517846697777903,0.8082063959418988,-0.3045451917494694,-0.5245405899771356,0.6435028027235754,0.46015341483356326,0.21012564589278615,-0.2649368678150685,0.11952295090820067,1
-3.698883512351031,0.5131325845377619,2.02590109002234,-1.6935956129442302,0.26979188977054464,-0.6333668710181604,-1.502527980413507,-0.4131618401448469,-0.9715137236766261,-0.8067441662698978,0.5289656832652546,-0.24742048031179273,-0.3240832327613898,0.07931491085039828,0
3.5216297914366717,-0.3385782451241565,1.2466261287697686,0.30006733816564835,-1.3829105571192295,-1.5727792265073592,-0.567269004054997,1.4617815240510907,-1.1427900561064257,-0.9829016635976874,-1.1346402239420403,0.5381883379769001,-0.8199094650800597,0.7076055565857512,1
1.7290821497623048,0.937705511492289,0.25184097352565277,-1.782830348389604,0.5284853848907054,0.12636879115251293,-1.8175746471960603,-0.7597421000286834,-0.5097870581416342,-0.8383925435038505,0.63503293260613,-1.106311398638423,-0.3427687361863741,0.1561674942266756,0
1.3421266107048102,3.9417205212404234,-0.011963998122849687,-1.5657115953061191,-2.614132949987054,0.3816218221856857,1.0774843377041268,0.484147869486488,0.12361612159511434,-1.2129159542889711,0.3458048996996066,1.4814187397118062,-0.6270826795903764,-0.8218582529972858,0
3.191709922599284,-0.19153276373815328,-1.5480368363515151,1.1151018457215525,0.3519449969591728,0.8148223171772137,-2.085776291966174,-0.8968197823754106,-0.10551318634192523,1.1557364058422694,0.4787267825719294,0.9718167138196598,0.4929413424398284,-0.6933046734563136,0
-1.5908018837066265,-0.33673912393249456,-1.7945718114846425,1.2401223476254375,0.20294537495518922,0.021748690107147476,-0.7855873673116802,-0.5964586914832711,-0.5789884943826048,0.808158795702474,0.4676918703447754,0.46970871969599987,-0.2908641189515294,-0.1394406768512753,0
2.0296507596034403,1.6830530265562107,-0.05318650513460148,1.482450399157356,-1.5417434112476756,0.3874878695472893,-1.0977511188166666,-0.07397384788740664,0.38485754172508824,0.9924634385917338,0.5220887404616148,-0.6440972840812798,-0.4965756389717939,1.0108748786254498,0
-0.10912423441949949,2.378200930458632,0.22312152648597092,1.686482654655011,0.10750964546506268,-1.4648699472810682,2.0373059752911744,1.4966096763482357,0.8129830781863192,-0.2530405594944992,0.517386577543942,-0.5713910073080449,0.052347460828797286,-0.19832481898791027,0
-1.0359289218142123,-1.6897931083697812,2.092563078798501,0.925017683118172,0.6994757028406146,1.624896475029853,-0.10234416971801635,-0.722110918568305,-0.22078556575625582,0.768624734439873,0.5627590718620152,-0.24755914010928656,1.2604048830351204,0.22433706091429925,0
-2.9018491275535907,-1.3951283560347374,-1.5427712208713533,-0.49347346494253697,1.3782596255066382,0.7382454071067788,0.6217443043611518,-0.7635102908093985,-0.8987654108756237,-0.4393102258738315,-0.9917023085953094,-0.14231376674197968,-0.09905658972460984,0.08909597784710488,0
2.7024392014845042,-1.2686563534527693,-1.6362922202488641,1.1852583201974312,0.14978391172799044,0.38697487769403166,-0.5574012048070428,-0.7538194199703704,-0.20540780151982,0.5506928253901334,0.4351797227190554,0.5490334246275204,-1.064495321546611,-1.2485099707196485,1
3.685880684376346,-2.1514276580025515,-1.7029089565122923,-0.22149949719541606,0.6636834741436425,-0.23053826816422351,-0.14788925797300898,-0.1009333247938611,-0.8563740325097692,-0.40905655132628116,-0.9972776887916583,-0.12369638606045062,-1.3058085743277443,0.03131770972527586,1
-2.886779124136602,-2.33632793042333,0.21467503368626506,-1.8941406738733417,1.0198593234589963,-0.3485747721925885,-1.070902691932759,-1.1834604178189643,-0.596632237614749,-0.6188952085955118,0.6979526930504992,-0.7420867290696047,0.9659656374750514,0.10546165159590905,0
0.3302696821310797,-0.4011312177581695,0.7678122142121555,-1.45313354245738,-0.16937873692079408,-1.823120766741876,-1.0203126883448712,0.8399605127756264,-0.7935453440339905,1.823764784331895,0.8216639430809979,-1.9490862265626065,-0.34665724160676675,-0.5195517764234009,1
-1.8647489690841237,-0.49293843947535065,-2.3404783384230856,-0.11292212734906781,-0.9902564636645729,-0.2956185614389157,1.5020387421629264,-0.12285117146661884,0.08359255393142342,0.7963712019415276,-0.9323023753955807,-0.0890203860565106,0.11146013813003242,-0.4090609333629795,0
-3.29994868792995,-1.3477362334187923,0.3626342388222589,1.1919103524329169,0.7755610563680226,-0.03997405344676914,-1.3379018850577034,-0.743659585494474,-0.7983353717769786,0.5229693450596866,0.47652278094599837,-0.02510519113587747,-0.19719010088509717,0.16522129703348007,0
-2.643610408045523,-0.6962527056598863,-0.5970714415085282,1.1552233403282457,-0.41419462563527615,0.6924939375682102,1.2475109417442867,-0.2723949278531409,-0.1796572481883701,0.8459271236077327,0.523549436189867,0.17347349809441098,0.6338017740088803,0.1621479780253902,0
0.48941788740912345,-1.6440744110923016,0.367825981737855,-1.9843970878849344,-0.023762414679273428,0.5937096567699484,-0.017524874309475268,-0.6262581956381987,-0.022035979517021215,0.6823918546991402,0.6308415666087981,0.6283527980455474,0.1573642332903679,-0.52368809332148,0
3.1504479439516793,-2.270770866686547,1.2832540644397215,0.21913532097541283,-1.8109963347523763,-0.9147599631406358,-0.6714170149505514,-0.8901568463486529,0.8667926935152657,-1.0308673646181712,-0.9180082044512549,-1.2730667675816392,0.1812888695432378,-0.11175628872704668,0
-2.5137810661737703,1.1081963735046865,-0.08581351651172887,0.9906281269336356,0.09449163426389136,1.7020389382587506,1.118840667752505,-0.12872930178592468,-0.6139336261840538,-0.05601096173129481,0.39923869087488334,0.38612792446652977,-0.1712195530158179,0.8980076435612816,0
-2.013202986784763,1.7562441261967876,-0.23261961259688682,1.4547477960995927,-0.3590664221525431,-0.6182938526453526,0.2558132390497399,1.0147420047941367,-1.2148091103244758,-0.22808419167651406,0.4141922090205891,-0.1844701390061851,0.7669442743026235,-0.3016060963512362,0
-0.19397440353429543,1.449981977164976,1.4702651525247181,0.15630880099853223,0.12780851466678889,-1.5967388139592749,-1.2404132416555202,1.8053537847086831,-1.8272808481970944,0.6046828953416234,-0.9451961822482785,-0.7915862877353567,1.2823511417359312,0.057890238218748086,1
3.313679257661656,-1.9039853041452997,1.105372030571198,1.2777823079448423,-0.5627783245183097,0.478971047677182,0.7240394985565994,0.23873590419225335,-0.4379252696577375,-0.23427740718759626,0.44519451056418496,0.595896097883994,0.4534099260820308,-0.32120791747273025,0
0.19629863702513425,-0.003833431363551081,2.5401474417762837,-1.8253093198429275,-0.754946106684636,0.6972924000111491,0.8111346293766692,-0.2107099714914035,-0.04315237152709951,-0.8154316860268832,0.5608703819791504,-0.3311310311697642,-0.28547654603007894,-0.46444383567698444,0
-0.05112988170016157,4.25411186702815,-2.3849616413529384,1.6161012848000795,0.11518124738753553,-1.1073050453926077,-1.3481466961437887,0.02535981111262583,1.29311584995624,0.5350514073577533,0.45252796051714833,1.3921117560712637,0.5159451185571251,0.731870466730446,0
-2.3763985626506625,0.9147867013850999,2.1502625690792128,-0.34879885744075734,0.6106141529559109,0.9676861627035864,-0.4469649538446656,-0.2070317019943411,-0.9635929732973951,-0.20848024224239653,-1.090709034221766,0.13723154153174283,-0.4609089806169584,0.06924626334284842,0
2.2789327148053395,-1.79992552531424,-0.9459394536405855,-1.9733700082909174,-0.30590476485435447,0.8782324272783094,1.0442309438368034,-1.0130028787739926,0.29004546369427914,-0.7394052039399133,0.675965668752559,0.07825560415807159,0.805565412720722,0.09670984668871409,0
-2.5760936409455697,-1.1512084431672647,1.8022805816801157,-0.21565388264960117,0.04079584278202413,0.1862731456378254,0.7879414652306359,-0.19079507576757243,-0.40851911073849984,0.5355283778825973,-0.9197535727367705,-0.9039671369252541,-0.016731283135634042,-0.43702732977878117,0
-2.3837117558270973,-0.3410707250352286,1.2996507692769157,1.3385825517196492,0.8305144217857835,-0.4098250491648946,1.6990227816658123,-0.06932421533977416,1.4874565614845559,0.46174745418121904,0.6036425439422392,0.0854843030490278,1.5338745066107795,-0.3372911816846447,0
-2.782094957450429,-2.0690401305814166,1.0793838838440755,1.336398816921956,-0.4720103384195858,-0.14251561321017145,-0.33736432203919414,-0.795271445268615,-0.29481115844918204,-0.24274624600822997,0.44343181258749226,0.39009598452376404,0.10087706119559357,0.4635382347526058,0
0.055539420428539474,1.9617211141500377,-1.720918086449697,-0.2264173986244311,0.6308783901896601,0.04552484168445715,0.678169266207834,1.0383861424542273,-1.1651302401446813,0.20469047090370052,-0.950265757406212,-0.9244257910295893,1.030382813568297,-0.6397898375855723,0
-2.5033949354993092,1.1621957421990996,0.8350254557166548,-0.08559004671465031,-0.08008324664837436,-0.22855942553128794,-0.27262766601920474,-0.07071140812610777,-0.7246024054485828,-0.4469066392186556,-1.0636130127120504,-0.6139043643192873,-0.8146886401461746,-0.5066263287943769,0
4.334483861127857,-0.7159446426916902,-0.4306591860663043,0.9948163710225196,1.3362973636004027,1.4137114530451411,-0.7312130222998372,-0.06861091787314533,-0.9175469460677175,0.062120780768482806,0.5659218393970511,-0.4040186740204827,1.0568182241100839,0.7388582151885255,0
0.5205009400604074,-1.4581585866494315,-0.4795236266629831,1.5556494349239531,0.2694313589891448,-1.281506635300381,0.08106936877338307,-0.6902422148623836,1.8742772213208563,0.24719068017066959,0.5702876156247573,0.5260851644997697,-0.0033495423338428085,0.4006431042661491,0
-2.0653809013900526,0.9477786099485683,0.37847724314752684,-0.18267513313945583,0.7463673041963903,-0.11171081995095063,-1.7667895638478217,-0.3759156695272654,-0.8795389814614685,0.42596210869703577,-1.0050489592056333,-0.46372182205598383,-0.3720326137482247,-0.12446796969673588,0
-2.206602454917545,0.8534537757582176,2.2385165972530667,-0.0857715281815683,1.1662311584242202,-0.5167325581217785,0.05499776233556967,-0.10300109258673353,1.1876969966641682,0.42431022837179316,-0.9293826161487012,0.13121073325834892,0.17476487926142523,0.43030296117276057,0
2.51454754802056,0.4668931656537997,-0.12147503338076464,-1.5270463432806927,-1.9531769261954506,-0.15059222740863404,0.20127813093096006,-0.24389779913881177,0.4427708229284392,-0.7884245215084207,0.5511974458828885,-0.0976391821835075,-1.2177282402839789,0.44134660886755817,0
2.805464798343214,-0.14373275110479447,0.8550520993560484,1.0017681656232378,2.033945397761009,1.150952367804686,0.30942372162515613,-0.38522269742267684,1.375548113101107,1.6985269618058547,0.598031672706428,0.7128726796328789,-0.28539788885366174,-0.08508490798438882,0
-3.6506400730443542,-2.9441910221242904,-1.475179499770839,-2.367522117877726,0.18333751684085392,3.156448972613503,-0.6189149706008928,3.6239446093747176,2.192349769051932,-2.0610592551497873,0.6620511695128019,-0.10296658622384003,0.5474334519297841,0.04086698870275725,0
-1.3281261210239614,1.9751844774731593,-0.39534866288826953,1.3542517797378395,-0.039797719215851166,-0.03129712807123725,-1.1487982445266638,-0.24762235561310683,-0.7157085119437429,-0.29088380132775316,0.39259876876911476,0.04582425814850037,0.3907249535466776,-0.6263089316682228,0
1.1555558035179734,2.7047754190942013,0.059029905581684944,1.562207995910973,-2.4675338183482096,0.3994031741934678,-0.023454316545065045,0.171502307670964,0.44720560956339417,-0.5628895845682756,0.3514391896346865,-0.12517078841738596,-1.097740660820813,1.111460687196597,0
-1.6370409865435287,-0.7012889879736652,-2.21256364492693,-0.17102036635022388,0.571420537022315,-0.6508164355047011,-0.7894521087805264,-0.7603311194473565,-0.6207542123529688,0.025465593182517704,-0.9742931972168839,-0.10402250306756086,0.12654124614712015,-0.6324844971793344,0
2.83619042257641,-0.7677751695928873,-1.1295261397706131,0.9187782489841967,1.8918217016479455,1.2898874765187063,-1.4395655488264356,-1.0977721585735232,-0.8361317732689384,-0.19916639760262786,0.4359296598095556,0.3541036787550434,-0.024958043694668527,-1.37132125982879,0
2.4372324553584215,0.1213586461441697,-0.77353727555852,-1.6672004605913306,-0.5507340423848129,-0.11335417663684377,-0.09051588499695899,-0.7597662221660493,-0.04922349538129901,-2.1330557240403443,0.5672773089884378,-0.7664859759556341,-0.30829649017130617,-0.03059806736100806,0
1.2677116343858599,-1.4028509533161695,-2.538611129866144,0.1846418028039436,1.300913880451628,-2.65698087366569,0.8338205272080517,0.4668415174910225,0.6318606457469992,0.18974447044457163,-0.9254264169627296,0.2765746463094299,-1.1360720984582795,-0.7332515011031726,1
0.0001265141771984698,1.3486461215574386,1.3595885685965572,-1.5113495231773955,-0.20503807060796522,-1.0843492193749422,-0.6045878991578021,0.8235204451682975,-1.017785673794532,-0.23432192484578557,0.6890579606190878,-1.4397442358296981,0.9051334830336266,-0.09624303008594576,0
3.0094247254549074,-2.3170696483511226,0.4082938162914781,0.15469497182358594,-1.3047654516286102,-1.1745410192227537,2.128538659809441,1.606749749491036,-0.7063214660298115,-0.4907316294912755,-0.9540096457879756,-0.8617937654642568,-0.5916900294076834,0.4215442905767698,1
-0.5168833386421959,0.6417474369451261,-2.5276551616962197,1.6107392648385732,1.1432376217286744,-2.064303107448247,-0.0996921731146047,-0.31976524236784903,1.29524751875596,0.13480251122813489,0.6096473089499447,-0.45904494940663876,0.9852474466129421,-1.2187227568424712,0
-1.5514827419341197,1.5291378477988888,0.20259762578589122,-0.2389022388162585,0.7198962796123528,0.2133155869361812,-0.7988455009640493,-0.30629144553832394,-0.9455123880745224,-0.6748237787658137,-1.0678261163949112,-0.34827422865469504,0.08425239665368894,-0.8142960396662784,0
4.222736941597622,-2.6160747490022787,2.4678060314311705,1.3433326864977306,0.16806157282859446,-0.32062586867138987,-0.5404287931245314,0.9242783602113969,-1.5114914835587518,-0.2974637355725995,0.34980433709505815,1.1692009278272413,-0.7250264949115609,-0.3884952617509364,0
-1.1693138807992247,-0.40378052459887964,-0.6987473414686284,1.4543039620251945,-2.229212993618525,0.000492068902995798,0.8476088923333246,0.049192318941761355,0.5011194777549585,1.8256680616791992,0.4918342478916921,0.9360017484802228,-0.19471043635909172,0.38239823429171627,0
-2.4391291353915188,0.9753661205145433,0.3294547605129522,-1.9231283178823073,-0.10683410462952836,0.6092795744071648,1.0750212557308372,-0.09684255041292113,-0.5606732695097321,-0.8153117443842701,0.5473269523046889,-0.14078766727655317,0.14901932083205655,-0.3079976039513287,0
-3.099299625142885,-1.1458608236738983,-0.6973079641945407,-1.9430856442832094,0.38265502101308346,0.18658826387582417,-0.5265297171099897,-0.8762107602652565,-0.513673503180642,0.050089254490991886,0.6496011979069303,0.5163918524156931,1.0132547056542123,0.9368666658641214,0
1.5806984428656223,1.7303541484513447,0.06663183297723897,-1.8214389152459691,-0.9094481053623372,0.9259055706724616,-0.11372334574068939,-0.19290820294832142,0.21334141289667255,0.3610565332162336,0.6723924371102227,-0.358119359303872,0.49867814963918,0.7061384492362266,0
-1.9229032049607955,-0.5126365739211644,1.7203139907114107,-0.003499538678984672,-0.6404594244173404,-0.713570980594393,-0.9711377083197764,-0.3509534244543584,-0.07940952533025392,0.8311440090376156,-0.9152622415007622,-0.4829137388399324,1.173739702014013,-0.8955274741500926,1
-3.714075488140372,-0.8236391514529903,-0.7685771989962052,1.2667232988410229,-0.2722619493892549,0.02825535552979414,0.7872790794290833,-0.5052851801037405,-0.4951386636014662,-0.525270140498811,0.4429204241098585,0.2043977475428303,0.36284064277666056,0.3148082583660225,0
-2.504451844393981,-1.4365800028779134,0.2760638620991282,-0.28873837387921897,-0.2253945148840571,0.4409610487373276,1.179213188612032,-0.3093515683165781,-0.24170584573684908,0.6581655449644608,-0.9571381952428303,-0.13658898711031459,-0.6401616233852936,0.25525122601053957,0
4.515610458694793,-2.648697293360026,0.8718842078686537,0.07798674005324507,0.12027935441087768,-1.2801641922522295,1.239202328409646,2.163765774443553,-1.8707317776654997,-1.0682857933527141,-0.9759056326790273,-1.003187988895001,-0.96108556152261,1.1805848577226858,1
2.3402620230166784,-1.0183975252414113,0.9103699793424631,-1.915598500936145,-0.7922212236481282,1.0414912397861578,0.8305035175102674,-0.3999852187155513,0.42703544839163426,0.48568427240791195,0.6786179592971122,-0.046057883422922954,0.2242390748530478,-0.42124571063296956,0
3.0367898374826434,-2.2451637441095644,0.030321313644057376,-0.0549653367699352,-1.2106366233147694,-0.17680882320930646,-0.21713412178708197,-0.9795838469515287,0.46615756449587176,-0.5846607967272105,-1.0478825590417573,0.6405615007916992,-0.48346020829257597,-0.9068625299622101,1
-1.5398920793627824,1.7863237738408162,1.9185582037716307,1.128850769548466,0.6024360943275949,1.151278756293936,-0.25640711561801,-0.10456764557183947,-0.9050463280947924,-0.21510596210130353,0.4336152683054228,-0.5634879508111761,0.32603087940694986,-0.393093106104236,0
-0.01777064183699226,1.5888980883902837,0.15975433618317217,1.4415516267110133,1.1545648264074766,-0.6220661217564851,-0.6331847890233511,-0.26644269361220313,1.2423114790419199,0.16046870914209965,0.5318534794937863,0.029907789650855134,0.02777591802774044,0.42538865645545515,0
2.041090691742945,2.803833847619477,1.6890113421603674,-1.5826208704521927,0.07058322576230591,-0.15262031025793776,0.6731391028800215,0.15287706085292646,1.6802439809133873,-0.43996870308654157,0.6708694645559076,0.10522140286540281,0.6100878378224952,0.34169361476689036,0
1.1709727445321347,1.7709338212424457,-0.37611177279073893,1.197521289614395,-0.0664068418654471,0.9390559496378061,-1.8607882642369122,-0.4363327071242478,-0.3677754213798974,0.4163035408649292,0.38527124532823115,1.0742463850024457,0.8402784612221095,-0.24677055036686352,0
-0.5457523576590438,2.8449989567544005,0.595006981790553,-0.004251920357990881,-0.6455281738222947,-0.1466084338786799,-0.3757817562099818,0.4126657468222393,-0.35561884022587337,0.8431199665062387,-0.9669289172424944,-1.0712241744625044,-0.186311660313189,-0.98114160430525,0
1.93367826540019,-1.4525237107031024,1.707757149308227,1.425534527305132,-0.581462165974725,-0.03971857949183461,-1.2995912143033146,-0.7346466663872404,0.15098811460030326,0.4679315129777327,0.5525822112244082,-0.8037758051977382,-0.1729888795038534,-0.22213324312066202,0
1.3444222305568752,0.30703590345979076,-0.19978335309386386,1.0129694460576166,-0.10582385615167063,1.7908847701228057,1.1426341929328598,-0.3258870385324073,-0.17643060621289014,-0.5110514418494482,0.3946035986739182,0.19867639430626616,-0.4258504797794014,0.022301818579009633,0
-1.3950346768285953,2.5152175342532357,-0.3791779446807867,1.475540227913418,0.7009149424149959,-0.7341975964303701,0.4285487673722146,0.1550752010896388,1.1640444097044242,0.20051650323316506,0.49394748099609326,0.39194380496532294,0.3543311650442697,-0.024221465577678167,0
3.4865943635328405,-0.9607604941625202,0.6237698560729656,-1.415246558539424,0.5445080136651299,-1.9376351181645823,-0.4132140213250541,0.29156496593930187,1.3895910777244223,0.45088982391693005,0.8212024103660998,-0.6513041070184702,-0.26110748331615463,1.0205517055866227,0
-4.732413871494648,-2.464145137133768,-2.255345692982099,-0.5541629276844423,-0.08271562225409755,2.1852038492994748,-2.5748735649644368,3.7810270030836994,2.257316221533814,-0.44780799347988504,-0.9203504250419763,-0.17071427361276553,-0.22936342319725833,0.3354584454091482,0
-2.197154492315144,2.63961252439909,0.1788540953924964,1.3176424612084139,1.0650305606151285,-0.23201052400769034,0.7033441745584175,0.2607930844091163,0.8052347346024381,-0.02923567664536084,0.3780175146327612,1.2640721227149643,-0.219491912848705,-0.27880801877074507,0
-2.160861285184453,0.6319395985539852,1.8095232351585964,0.08137286683776157,0.8780237888201239,-1.4787986670040136,0.3142987485354211,0.6877615960340214,0.4076699542072545,-1.009359688840059,-1.0825616614811204,1.2931204722731018,0.4384712952534558,0.6195845338175441,1
-2.5755446559282773,1.401796341356637,0.4390408231612969,-0.19524431712790413,1.3626835480628696,-0.1289249969630884,1.075604036958968,-0.04134401635081911,0.938312964258247,-0.23902859687935446,-1.0007063895972999,0.550216090876363,-0.36455595471881835,0.6177321078945952,0
3.393379942996453,-1.9307256824196126,-2.165499642601557,0.003542888429203804,-0.707658418479374,-0.5230547040186796,0.2329415875860505,-1.1178539502009948,0.3852787047283862,-1.4647943114908453,-0.9355555543931752,-1.187328333189073,-0.5943856998730983,-0.2703283657511792,0
1.1195857997681473,0.789409425298724,-1.188981081937957,-1.5172453806265171,-0.5563063745337391,-1.1408021361560012,-1.3079417004162226,-0.5261264390645799,-0.3209238521227073,-0.8721962435981432,0.561359303519346,-0.2745985819941051,-0.2845201197615219,-0.8669198648008194,1
3.9262743954020185,-0.9267678788802173,0.5763308977392777,1.1016089474483908,-0.09434375626973855,1.4963554110205244,0.3596242269562511,-0.5099827348487315,0.19865635089473244,0.4288831279158543,0.5391822772483169,-0.65725965791881,-0.2902222416001466,-0.6277669069857335,0
1.650225627934754,1.2882362901514617,-0.6167750311951103,0.13935115727623043,0.1356113249460886,-1.0693538501308115,0.31495528040752585,-0.1662280928330453,1.743931867801074,-0.4372877497134392,-0.9615688820607691,0.2150990464655871,-0.19424613906939317,0.1940201904616607,0
-1.2731410882385548,-1.2266792789989471,-0.3893842299768927,-1.4305690667053266,-1.949410887903405,-1.5064327744324983,-0.8179238720669396,-0.4732618801042809,0.24025326009747064,0.4659657390161343,0.5588802018032312,1.1782410016904838,-0.4002183700864115,-0.2005880138407362,0
0.16981677163309752,2.6218299206638056,-2.0680601188499224,1.4265960886756013,-0.8049873371089928,0.006050947009211268,-0.43576634609866344,-0.11072161402764485,-0.5301488730124513,-1.2214542754721465,0.24852986918388867,0.49421825095983807,-1.511756929856948,-0.2700929959951211,0
-2.6963137236526498,-1.6693399835797949,-1.588404499497539,1.0102444671251836,0.7341056919754472,0.7825283744770389,-0.11135167404378765,-0.9465115660294928,-0.6460252054305253,0.023848693936481393,0.44381637921164824,0.6109944843770377,-0.3937571980038947,0.8810389466271806,1
-3.21743687183988,-1.3294189677571906,-0.17254740191936946,-1.7980132044189079,0.435350860854654,-0.5638309655589868,0.2928656977731694,-0.4723023715824678,-0.7352229579152637,-0.08333858781215582,0.6496562330073404,-0.5921588223790004,-0.29898896840289135,-0.5097205277295419,0
-1.9979752432826268,2.5835872967018068,-2.039881999459295,1.3029904770460798,-1.4123543773313614,0.6110612984487578,1.4150119819455034,0.26997080606268753,-0.2512502879249788,-0.09523574313067898,0.3355900584590013,0.9635640471421818,-0.14538824355519542,-0.046426207525110834,0
-0.16384579471215757,-1.8261156248635733,1.3999666275657412,1.044672427140545,0.3374594353177851,1.2422734952778147,0.32651149680050334,-0.741779087634248,-0.20726548707882927,0.16393639322506778,0.5136629525506192,-0.012724180049574497,0.8193002406264221,-0.21946551741631778,0
1.3577493848798097,2.162785969462402,2.18581173530975,1.1301649524926662,-0.4282817885827355,1.8343958172432242,-0.2600016004851302,-0.18558146221802113,-0.39320665233101776,-1.324629839237406,0.2599719998523717,0.5257351420504996,-0.8000544487262329,0.34708746333928897,0
0.5181267559705419,0.9738704527454535,1.2655672036294727,1.3938991739856186,-1.2637869485057096,0.4572664313624219,1.4754659222343258,1.1365559090849437,-0.5927703664066707,0.232048394560751,0.4276543369184716,0.2297363686068793,0.3709975004177243,0.1748608025128018,0
-0.7324106302119696,1.2498251586048041,-2.2712796535939734,-1.6992579619932666,-0.1776477327755435,-0.5554898203408682,-0.7152278028431868,-0.4441026584353005,-0.44581016451422645,-0.2908155982910931,0.6000962968093915,-0.1236318372522614,0.10375520688474363,-0.3269463884887531,0
-2.5293684745659855,-1.368119157845975,0.4701119840967599,0.15970132696306327,-1.6743726879161513,-1.1539453441470724,-0.8270928198031069,-0.7211208856113418,0.23020511065448582,0.009274781493361509,-0.9744635054712919,0.49609595848810273,1.1388234136085202,0.45745958538090065,0
1.6382419163879314,2.385057933396426,-0.8120367815060181,-1.7919812284308527,2.1741559780995288,-0.32320989178386034,0.2477891730669724,-0.020243842886449488,1.0981858441996701,-0.1296081742014907,0.7866234711920109,-1.6537125028219595,-0.1275010486685097,-0.12046216777642658,0
3.3065330521109453,-0.6966638554972908,1.3287014523091634,-1.7491914854059203,0.6995075485783794,-0.7332120158052075,-1.4202354171315748,1.361190431955237,-1.6482841575379372,1.6165783737528103,0.6688944022975591,0.28188661978091956,-0.23783839626275363,-0.09205361807396244,1
-0.38898705562961355,1.3994551475294315,-0.020833099956854586,-0.10160923156835433,0.051797818887071016,-0.19406150256255994,-1.6550685037899797,-0.3237521883322217,-0.4725799833310481,0.5800639377766786,-0.9829786449921035,-0.42537011716403755,0.06727802519997371,-0.45978004839478687,0
-2.4662883370153765,1.7867144048844255,0.6587808949062859,-0.24217321055047947,0.2817308832802122,0.6720412578206301,-0.003905284544515829,-0.4935949742116758,-1.1217137028546627,-3.2199759640056045,-1.2861746621658352,0.31959347257328496,-1.1333609692856366,0.3150167496537624,0
-0.09060269225160172,-0.40066470418983935,-0.03589966627060336,-1.7301942837961082,0.11783366969225542,-0.35094056560476217,-1.4516856039350505,-1.1580639865784774,-0.48517130649696255,-2.108381263735551,0.5240955012917096,-0.08692265088945664,-0.025187747100210326,0.16769070891261334,0
4.020412566888585,-0.8345220152401626,0.16928507025536696,-0.47419576253451123,0.44083993270903277,1.7814802958757998,-0.19150659974164785,-0.886666333316557,0.11898761059055515,0.2455623151946021,-0.9021117010421715,-0.273132504906254,0.3683072880405981,0.19697619032918784,0
-3.8113046270569626,1.4132449678357795,0.9311242558319451,-0.2707456833392954,1.0095119456639752,0.13244111405466577,-1.6830938745147248,-0.44656287248409393,-1.2977516885669138,-0.7539702189811415,-1.1257050431128617,0.049433116002283464,-0.6598872261775133,0.33906247424140307,0
3.3095798659621862,0.8196287739316428,-1.462402377391356,1.1399350263285974,2.5899685918279163,0.2251413032360103,-1.1831620492595647,-0.5079398874341078,1.1616277511066846,1.7032334686068267,0.6575631545808195,-0.026084062193464968,0.07772265960967788,-0.17482791777547763,0
-2.5562203067494713,-0.8563444799462865,0.7526734134251741,1.4932276772343185,-2.136611879837593,-0.21715258461944065,1.6991844242500158,0.08816705638426466,0.4297982542587362,1.2019710435324327,0.5451542744181804,-0.053841854463627214,0.4887822392234458,-0.0873841260951349,0
2.7752265770227287,-1.139606043404481,0.4485464779833429,0.12538982392797027,0.9014261256078763,-1.5023485930852114,-0.7299711224262002,-0.8543858291726097,1.8303044821390477,-0.31705385532133046,-0.8386508034206183,-0.7213850213330565,-0.17550021096854607,-0.21406973637012838,0
-2.2194659633321323,1.9869406657375979,-0.47427285160305155,-1.9138102110235469,-0.26258510646543914,0.8197671422608023,0.8593101082275036,-0.23731586778767755,-0.6994405774399134,-1.2688486131628107,0.49851052447178656,0.6202601918734826,0.32816841994180573,0.4933426309508902,0
2.4545020157245854,-1.2294701913560846,-0.2768998611864315,-0.47130368007268575,1.3668044828952883,0.8144459761740994,-1.1270050075176263,-0.05151291635879645,-1.1540314340362248,0.49835155874508386,-1.014683852332892,1.2244627961266368,0.8751802946672793,-0.04709650430375938,0
0.9173924950807647,-1.1798522653142776,0.17921676579775528,-0.3837731784493218,1.134442067165578,0.5231695859606561,0.3086146089476758,0.34511131262453304,-1.0336830372961363,0.6350899457809411,-0.8865216914226155,-0.6172289227254305,0.6389644598487632,0.08005727111076973,0
2.1694206958829354,-2.468411748927051,-1.1719034230768268,-0.15395733610998463,-0.5896149589408877,0.03375618581615176,0.0898208386622725,-1.3110235456039063,0.27841262694273905,-1.4535881146621186,-1.0173421424841205,0.4413555052422299,0.4793404344550742,-0.16767235727201263,0
-2.1378470615627396,1.1873662363887605,1.9233057076144717,-1.8609810308816435,-1.2203787675790603,0.883205231045543,0.7858676861254751,0.09392661251619981,-0.07334623856910649,0.20194828958976632,0.5439466336322473,0.7669293619045084,0.48764949685218806,0.39266510802370475,0
-2.8531027662887274,0.7862050972405182,1.6304866461158112,-1.7839568424177081,-0.7933799469083289,0.33360613003684075,0.10287592705515702,-0.13490496043618067,-0.4165246240092415,-0.18928498660806903,0.5323786048320844,0.5430547594578825,-0.12853408085586737,0.67671215463414,0
-3.0480367522123877,-1.2623023200198118,-0.6139324731033484,1.2162215866616044,-0.38381222123461317,0.3698664533390589,1.0946502295806566,-0.34399817229598156,-0.2907630581180942,0.43842465723056784,0.48404492570595764,0.21306330830669806,-0.03105332707520587,0.3899230230978779,0
-1.4320865787777421,-0.425310527167369,1.699275423567843,1.3883121858608265,-0.033853675932336,-0.38896755048831855,-1.21733891395652,-0.526437094961656,-0.6548678144525328,-0.17908242691796306,0.41303065207865014,0.06904837939471016,-0.150792833406339,-0.8235430784377313,0
-1.4513178881419837,1.8212550419799536,2.9999749017456896,-1.5417374256938965,0.992993087437724,-1.2305400618010216,-0.6990677380780206,0.04524006313002656,0.9714814777672626,-0.30864190133748187,0.6019086245609727,0.16825602586650143,-0.2135694259608537,-0.4835898534820558,0
-0.8775879996035773,-0.05842129228525856,2.2149747236944193,-0.2563107766072271,0.4702086519177243,0.3231612505601608,1.0205396157032016,0.8424966677400783,-1.2849698942480978,-0.6945812965810885,-1.0736479751600652,-0.2628353709671024,0.2160561989934745,-0.7564462063201033,0
2.793585532371238,0.7650203668740115,-1.4210539050710587,1.3740604505626661,1.0600632162980137,-0.33187160581964237,0.5796375271147547,-0.37102601061840135,1.3206491092484616,-0.9560827096468245,0.40018580877581417,0.5992454684498827,-1.657598738093195,-0.34817534402658706,0
4.188467141735454,-0.05676684991967675,-0.9868677502249263,0.9370801353366117,3.6471964548083,0.5338682797028114,0.918041153544107,1.4544722308971358,-0.6044697642656127,0.9000522898822509,0.5057429443335091,1.4346668585304212,0.16884232587606857,-0.03297768014900359,1
-2.767738936090268,1.283352840767802,1.6827445420932912,1.346640102532559,0.9506462380776037,-0.1424849243987187,1.8122426346047633,0.17729065451103088,1.0005499420841888,-0.5028349802151859,0.46763374219170945,0.10550138856400239,-0.005659295646429596,-0.008350473348159405,0
-2.7118881940350623,0.9534598078675683,2.418497878710232,-2.1152647885792395,0.20872853361345728,1.7867227272253976,1.1157935317063152,-0.3783185523125932,-0.7689550440927903,-1.8944940483664392,0.4648441918828352,0.5618835088527959,0.38068438411451316,0.8303364996290177,0
4.334483861127857,-0.7159446426916902,-0.4306591860663043,0.9948163710225196,1.3362973636004027,1.4137114530451411,-0.7312130222998372,-0.06861091787314533,-0.9175469460677175,0.062120780768482806,0.5659218393970511,-0.4040186740204827,1.0568182241100839,0.7388582151885255,0
-0.8963487184210273,0.16000896740562026,1.6963107258842773,1.368570505718248,1.003860350202582,-0.2703982355819957,1.5927970486840943,-0.12676222209502755,1.201939220916814,-0.9522474309403545,0.46018782058552715,0.004826830370263901,-0.35885435397937726,-0.33791421447159004,0
-3.050578435807507,-1.4495083862106393,0.49683615080641375,1.3924980494541457,-1.317399441064081,-0.13649698239727334,1.3065607645582253,-0.266316280065574,0.13504843799029576,0.024516479763877313,0.49197810809657966,0.12406817967981483,1.1926890063174247,-0.1944214989052584,0
3.561382298229199,-0.3755397474105889,0.11820829520324051,1.0279137829883154,1.0526131406213977,1.4956567518032964,-1.6034036327341288,-0.9878854961544645,-0.10936768945688045,0.56654888757615,0.644371963508607,-1.3012526328633804,0.7106736276105986,0.6138227254445962,0
-2.6270522119948816,-1.6758148346770765,1.8320683687715122,1.513245967886434,-0.5893238982465265,-0.997398062981249,-0.5035657573177539,-0.41353435339055045,-0.27353904226425774,0.002445928953879595,0.4811126387018952,-0.6974922576868968,-0.16737870831820553,-0.8259963378286959,0
-3.338347938380759,-2.9695702087077533,0.7224508178956278,0.64242409377696,0.5191282639767836,3.7975999754406997,-1.2891310164736587,3.946655649000276,2.232702683605944,-0.2710635259380039,0.6105811454102253,-0.8697541547853141,0.7501939506963382,-0.4289340784905059,0
-2.769771745047994,-1.5075481264046158,-2.4063481075848836,1.1404263435084325,0.6696135699950645,0.02642643989888133,0.11071099411345552,-0.675993773203658,-0.7720615348023804,0.12348345040129835,0.4302958593089142,0.4589543247839161,-0.6559637492096906,-0.07499864454256132,0
-2.6842808733002204,0.49917401291123964,2.209992097909948,-0.0282223352588159,0.9450725096170822,-0.694487446024845,0.9280690426839315,-0.05906964818341917,1.3136551457733325,-0.326132527060789,-0.91161499295003,-0.5073772586527278,0.3609188606555486,0.3971165821977043,0
0.7920075679289826,0.8187723381662376,-0.21172176658392916,1.2852313469053764,-0.16532838038421555,0.5576663524126383,-0.6935113248843792,-0.5444862559544578,-0.30501085755380597,-0.4700512036775728,0.4462715679157047,-0.41680079354515637,-0.23613957071941685,0.17181914055314337,0
3.4278995911929524,-1.7565692236612904,0.18451535024692997,1.4291046617756917,-1.0400252200348152,-0.10851122500347408,-1.08821371084538,-0.8731637460450217,0.4352425871694151,-0.02857351821420021,0.46192055698870643,0.0890728793771553,-0.5776600982883024,-0.5448361417282382,0
-2.0531239373493193,1.5324821838629945,1.339906157529553,1.4717655540821424,1.059938950617978,-0.9086744936569321,-0.7739621001511503,-0.1113646674191664,0.8885125935716636,0.16563109867945727,0.424698869761265,0.6173610382377179,-1.1549215866208424,0.19624269515319565,0
-2.979459012929421,-2.9984685066498975,-2.090137459414937,-2.209065549398566,0.2058287257616664,1.9891289948617625,-1.7904930206695666,4.603656795588571,1.4419208538084087,-1.3159302317268218,0.5863339127206149,0.7598891037536006,-0.45415773243098345,0.1870649358072157,0
2.864294901983098,-1.8004114479206426,-0.45210763543288657,-1.4981327441923784,-0.6462126295623675,-1.0401773784097146,2.182811485755187,-0.4864886404393478,2.5011524932971567,-0.5965510930239459,0.7519376752616627,-0.1647714485644937,-0.5666931779519105,0.672708138096119,0
-2.6866526041677816,-1.2433385006447508,-0.38322690012154637,1.3046693420059645,-0.7419623191598642,0.09222049673345778,1.7787604842977056,-0.13842562158613633,-0.1924883889933833,0.3463219257098684,0.49082009238748053,-0.2617431133615661,-0.3877668710386724,-0.3633373200093566,0
-0.7998225079055175,1.5378137721615677,0.418626099819769,1.5205261996657111,-1.5151384665226284,-0.197682525185498,-0.28230445231546786,-0.0033807343379437466,-0.05562235460590273,-0.12072637504793364,0.3889039780314501,-0.010296792703551548,-0.5231200226389083,-0.17922042530115287,0
-3.100490230340901,0.6207382768013059,-0.9804048122198916,1.2733818415356157,0.29417261322605964,-0.05238190103629171,-0.6444408605288042,-0.5020906151783314,-0.9529506839880637,-1.1099403020928262,0.3199360522952623,0.5742647622482804,0.05542247647886555,-0.1309995349545488,0
2.1940169242941225,-1.7869215853242593,0.8066657009241518,1.3702005977507998,-1.0792696087441827,0.5105468535892569,1.076872535156057,-0.607869004981118,0.5449565483792007,-0.47661161657098744,0.5894334474553454,-1.3372894788163403,0.2941710936154126,0.2994778791535533,0
3.797047689447628,-0.7856095417207932,0.12209669848683079,0.9123084550415086,1.2327016521979077,1.62699161480081,0.6575796757388269,0.3141144118253577,-1.0543923323197149,0.40460416175185565,0.49209051215228355,0.24838582170258297,0.6154174795843305,-0.8692113372395557,0
3.560013489918552,-0.7928577433901242,1.5045070859113159,1.0987304900164407,0.325733398212422,1.18618753410428,-1.4459903034367918,-0.612439708799832,-0.17184404002371512,1.1269365475988837,0.45298620815879237,0.44564329834134764,-0.6831084065376127,-1.3599665664958205,0
-1.2491302780181759,1.9173363459532642,1.149505118619348,0.23693565601223687,-0.5372164122552276,-1.5714681914219206,1.7181540860619695,1.4212641337008136,0.9480595591965011,0.36048524361208506,-1.0172725860429817,1.2370913333044937,0.5632347799142265,0.056445072917300776,1
1.137428557984278,1.5886133227263237,1.6297611685216402,-0.1718098953058188,0.2276151544511335,0.44802982793129875,-0.3071532851382843,0.8184130239264924,-1.0487495048467776,0.2501842741564658,-0.9643557521774254,-0.5223461556477168,0.9182605506539139,0.15285813939022277,0
3.3924282049196157,-1.5357057378168115,-0.8749183967591528,-0.4019188363002715,0.23334258206652703,1.2719019429767673,-0.021712188070062463,-1.2008383138569343,0.11681923971398031,-0.6970895140838159,-0.9539235697493317,0.18691372252000818,0.7217018103534434,0.20948082230828222,0
1.6168178786555325,0.7855638967736398,-1.4168407272897225,-0.005685174138198414,-1.2800611361370122,-0.04934959879768438,0.46957821052652166,-0.2802594602563542,0.22179571642685306,-0.7066252576280323,-1.0246713624077013,-0.20534806143250187,0.10601544238849378,-0.23586853188762724,0
4.561687771027108,-1.7698247048168352,-1.1108758965457952,-1.6014332239882185,2.733266627059159,-2.206685427587021,0.9970246987930108,2.0249626728428085,-0.988428921265658,-1.0407894391080872,0.6442675495506777,0.35811505259688026,-1.0627489994535033,1.0323110080516553,1
-2.629482037366964,1.5923293213683902,0.5844938867063552,-0.17516042895378758,1.6177415277456062,-0.30141079914002145,1.0915507712441013,0.03498224915267238,0.8173443689269223,-0.3229062543167294,-0.9767583574282167,-0.00399433289621933,-0.28638088877277545,0.11892672392259115,0
-2.7447560026658055,-2.5704376061894605,-1.7280994569757526,-0.20001083909265827,1.2235576939240365,-1.0843159957409862,-1.0096959806741779,-0.13534237779609914,-1.3693129563226472,-0.12177699633508389,-0.9874469957317341,0.21176915521050785,0.2067801058715293,0.6339927791605292,1
-2.9118871688864716,-1.7977769275293398,-1.333281774064926,-1.8089844635484131,0.275529940896632,-0.6276899495753303,1.6897365748363373,0.4218216895118698,-1.2752991399410767,-0.37197735439136725,0.6264179876336381,0.18738572859160907,0.05960032697135559,0.7205562510281832,0
-0.26503890821756004,1.9683077965842446,-0.21809992534576964,-0.07751856338714541,-1.5297104280661398,0.36681045577010046,-0.25973058237651925,-0.023688529361814162,0.07950729319148794,0.37353947247816827,-1.082223129264548,1.0251454620663718,0.32639713952967125,0.12131289963820205,0
-2.1436088858649702,0.1890031719608088,1.6758430871622036,1.040189227973658,0.5503669578102639,1.4104874338941664,1.4954726977282213,-0.07501336159990711,-0.7208992776232266,-0.44044191776364433,0.4511365219022662,-0.8294196399105818,-0.04424638893760807,-0.3982690190267845,0
2.2171374492933844,2.2909664029842673,-1.8619864572730949,-0.034938522030738495,-0.15988067353441426,-0.42079077187042596,-1.3398049922479305,0.8263179870027665,-0.8834559811581024,1.1810051456753747,-0.9694251823711941,-0.07971801470173018,-0.031089526661036048,0.2430502246350387,1
0.16086160629714932,1.3045829802467652,0.5486946145175543,-1.6776693603700596,-1.259349832623082,0.05610705050540479,-1.7046640806780404,-0.41695675856395786,0.14395919208506044,0.6447149572717287,0.5921255282999972,0.7172445085645045,0.3533328800768396,0.6322420563041248,0
3.7193815781698873,-0.8183997958919434,2.1361608502199068,-1.8091306267669696,-0.1722873549402712,0.4813894381866734,-1.467040468462949,-0.7675929085034549,0.17705115460230889,0.41958433071502654,0.7080758369025011,-0.48323638260415525,0.4901308637979701,-0.5811208441247309,0
-1.670068008849296,3.0627596407384305,-1.8028359734126753,1.446972037641423,0.9250210477347401,-0.7505038034144015,1.109283068732849,0.3301052670045792,1.09476713340048,0.12497424068088785,0.5231285453885265,-0.10870679628190576,0.542850983179612,-0.5123903924238247,0
-0.6745799224077378,2.350195950229338,-0.07102605338824394,-1.2429019140988684,-2.9108319828681197,-1.433976989762269,-0.8231980242811627,0.17810932734109597,0.5175764483582577,0.5000662789467246,0.6111015577573395,-0.011873876045229548,0.14109610341139056,0.2420313361735626,0
2.707855405957217,-2.370922468233582,-0.2716059496571027,1.3094519434145437,-1.2829630025846266,0.5697439989208437,0.6182534025112207,-0.9827971033966195,0.5806396916118517,-0.7553743004467673,0.45552569477721055,0.2794834070088787,-0.31394156739046325,0.1508801676697519,0
-0.8069941403732094,-0.083182137786446,0.06231405443873697,1.5032657752926653,-2.166546278710353,-0.12432980061747588,1.1263524373855784,0.05131895740672652,0.48302021097265013,1.314045287664218,0.5330423369216238,0.39178616921206766,1.0583239576426398,-0.4081690611875412,0
-3.4996317897930975,0.9273089891158821,1.8170800989047886,0.04596294584253857,-0.10859554215645291,-0.8587406027243685,-1.1651793728202215,-0.29906513338470037,-1.0543129131560822,-1.4883508208253404,-1.1668922661618069,-0.08048116683874451,-0.9293149970393544,-0.34286633761694246,0
4.523625257112421,-0.47638306944666664,-0.08026883051300518,0.8962310248044548,1.9125042110122703,1.3771012101395004,0.6240199766240474,1.3550232514762435,-1.980206463292239,0.6526449260096622,0.47820176678972576,0.5918973747502656,0.9127489981984285,-0.567176386664336,0
-0.918459901135093,1.364645252154761,0.17386490501593235,-0.24558547062810177,0.8133678113622727,0.22949802793424134,-1.0369156709612501,-0.22950783102619526,-0.7258069588271144,0.45570273102535375,-0.9461485589659933,-1.1313517226667253,0.11214761640388243,-0.6137213598576431,0
1.776806824230011,-0.2623673243397096,-2.4673851073581514,-1.6264992067487003,-0.694389342071981,-0.6065485621099602,0.05093189049424346,-0.5947637914670588,0.09873879004339739,-0.40378059419841433,0.6889513135232653,-0.773645048205065,-0.3696894816873324,0.09578119522622862,0
-0.9917663795419789,-2.1165934673988076,1.2267545000895972,-1.7528232180718264,-1.351935958118632,0.1490558940052627,1.6481582090791964,-0.5839622115407196,0.2212588511375331,-0.9822648271789582,0.5773708507967177,0.5171235913366783,0.1439833934214509,0.1106255308327616,0
3.008208468745931,-1.5463140115289413,-0.6730270711980665,1.0457464227348308,0.3820738993620474,1.263355619655286,-0.013182506524139735,-1.1074746005390173,-0.0747475737534474,-0.6673753831249565,0.4696216757345422,0.30800324253370326,0.6474532107622875,-0.5810474413231143,0
1.9535445413045862,2.633656472743234,1.988959313644143,-1.2741459938407205,-0.3248426635388696,-1.5241754738682884,-1.1622802396271839,-0.3256040574419425,1.5803523626174307,-2.2332436099989956,0.5296835563227378,-0.03093322885535245,-0.6982334904371911,0.6613093930073277,0
-2.1610794177889905,0.07523822433362387,0.33918850846951515,1.6902072022967358,0.010051924859966282,-1.9675447953214427,0.739355445851654,0.19718843480439666,1.6476573537518147,1.296718911151052,0.6163401253104844,-0.36519080403074516,0.0006324473518509419,-0.7870570901515834,0
2.11391378372166,2.1113932499298262,-1.9435306197602593,-0.04355691745081053,-0.7097651130914232,0.08072311928404168,-0.678183365796963,-0.1277448227801531,0.15567613613861606,0.31582232661404325,-0.9183036044203035,-1.1488061089476131,0.17165552299902198,0.07207513001812023,0
-1.7927443217950771,-0.11002763630716066,-0.08690431249520694,-1.5179997799089686,-1.2712144626141653,-1.155253743585476,0.17585696130884573,0.03558015166025389,0.038579758585719146,1.064211379900655,0.6956788136753247,-0.4864405755498028,0.11130653562480117,-0.8039843689789652,0
-0.8726687553421606,0.9663771195702475,-1.780136811950127,-1.8108704043485988,0.1388374097550304,-0.1433550907214181,1.2555729420914932,0.05499597986861676,-0.6010357637273362,-0.31686845796918545,0.6041353157702896,-0.9546676685201263,-0.800808036559812,-1.386085629146728,0
0.7512688609381666,2.324913803575568,-1.9416187887386043,-0.191288004404365,0.8243380753034955,0.11440058607335883,-1.030507774458273,-0.18705383808365128,-0.5271539488397186,0.6190955033313433,-0.8356864944004665,-2.2629137633337617,0.15783837400473708,-0.22462654441306165,0
3.4169681362477746,-0.978965995719705,-1.1103561992262276,1.2108915702703402,1.4196460510998348,0.17704650329231492,1.001184582403884,-0.7134903175302224,1.621966720588269,-0.15671418661917041,0.5450895117951117,0.3452910316637251,-0.6450298581580963,-0.4198877354041765,0
-3.2350917228267626,-1.5371929972305538,1.712115991166527,-1.5308269431183215,0.33199783366684216,-1.591335391131261,1.3492297348275923,-0.1563022521998087,1.396568510506982,0.24857013117690566,0.684905684220082,0.4319294944347899,-0.5930901244424319,0.22895037250690878,0
-0.9224425923887716,2.484742673839528,-0.22142470108860254,0.19670029143462586,-2.0849162725771855,-0.7647180103792769,-0.6104603629444885,0.1629648945272774,0.3268455011430236,0.7417607145741723,-0.9523478873690099,-0.5207341435279043,0.6417103675143747,0.0751274466451961,1
2.2851297114613067,0.5923805135296123,1.0820974337537212,-0.01059276605256926,-0.35219730532542737,-0.5094327818766136,-1.6432288424325567,0.6841156555676842,-1.0820167370392473,0.7415711072397996,-1.1515555339020072,1.129576007103405,-2.0786422135108653,-0.30543045481853326,0
-2.896253793561323,-1.1930059927232548,0.4035434474959926,-1.9237632283704402,0.22262907255285708,0.2364440022868337,0.4630260410036716,-0.3150293403174242,-0.5759594811112646,0.7224597790168109,0.6374447422706203,0.03322543538114303,-0.6642129890958788,0.13478640024625557,0
-2.711873767780591,-2.1092142208861415,2.1332716031974632,-0.5154311896412657,0.7388824987004043,1.2542185873782588,-0.823784095772531,-0.9149626499338023,-0.25047653283791876,1.0363179409944359,-0.886166974427826,0.019293946067872703,1.3200626568192937,1.176962670544253,0
2.4290167074405478,1.576581348398114,0.2390294881648851,1.4670876505623005,-0.27069640312048426,0.010288988689335202,1.4448019908122378,0.24376540244504313,2.054221595947244,0.32375246428800897,0.5367115724764467,-0.10380667346810961,-0.4580300134282654,0.2401754410703097,0
-2.7572211486352356,-1.2135954433960747,-1.130952017406331,1.1257591565684615,0.40851532250645617,0.4846205668600959,0.053555136671957125,-0.8707328860506456,-0.49647466485397534,-0.19343781986009861,0.5079887179368173,0.10357790106999765,1.0781418317117417,0.5949618200175707,0
-3.4104108230160644,-1.3937875895026697,-0.8394008314552844,-1.8305093652714894,0.759309107029338,-0.579387242101133,0.23338018967478516,-0.7343361144048005,-0.764537630946636,-0.6621205130063266,0.6799479264426886,-0.8047205611520791,0.47312875633816853,-0.13729003895048889,0
2.552263774971384,1.2964882102637663,0.3911342205920029,-0.16944088683302472,2.0281161404214827,0.053525136109306905,-0.5873012211301659,-0.6683011015389838,1.1554970709148478,-1.0673870544690878,-0.9153136974453192,-0.6675752319580157,-0.23622669983987168,0.682315605341669,0
-3.1471191836091097,-0.7826674764966648,-1.6179104173966101,-0.25593361827154004,-0.26731105236420494,0.11023356474649322,0.17499870728450823,-0.5883513331848979,-0.14921885580842079,0.5220090027882226,-0.9379008170444754,0.6099439914464001,1.7885511668618603,0.5891421907311614,0
3.7902296467876857,-1.3754474134179246,-0.8541445658729241,-0.32523679939128736,-0.010342828842782148,0.878584079725057,1.401535290660489,0.2320427537187694,-0.4229136674895075,-0.007274252907572236,-0.921051402567776,-0.05461933077529697,0.4115933831372984,0.4804252516740907,0
1.967834453515421,1.112999879293497,-1.5806590273902195,-2.178070802268236,0.4242645758378182,1.812892931520737,0.9156906447902706,-0.4398530377949231,-0.4386467859354162,-0.5632094995976713,0.5066131833853742,1.052865401118144,-0.14366893958186952,-0.563172741292749,0
-3.3547465435093136,-1.1323010254689125,-0.20092483986563167,-0.3471735853857538,0.47024523033003796,0.3628118169753307,0.9068908621014299,-0.2533647261803849,-0.5816612912447803,0.9636101819863725,-0.9299443160646912,-0.3585247415101982,-0.3350093419155072,0.06175906597137211,0
3.1973623529735455,-2.4866143866741997,-1.3988606382541982,1.5280069330649608,-0.5750985153783608,-1.083086657162025,-0.829531024565746,-0.4185117728647728,-0.4777451522073393,-1.49782377894136,0.4128674311637371,0.5415791929022815,0.4001563126248719,0.0612381538818824,1
0.8664487428679696,2.7044349851086857,-1.5624909768770439,1.360698620109676,-0.1327164250365086,0.11471360285084153,-0.6072878795940375,0.20894523745146779,-0.292862313868162,0.8376858377624105,0.535267514161963,-1.3195094889389545,0.49049317526082864,-1.3629314623878426,0
-3.169584043603938,1.227640023350056,1.8571905325608111,1.380412739890435,1.4604624073458072,-0.5655688320211952,-0.15582105679716898,-0.24147347321810833,0.7971211305408052,-0.6604621203784833,0.46034615980001875,0.2632386898140752,0.4452033037017191,0.3982637906867905,0
2.734483776886485,-0.6519954783019202,-0.05535192564238853,1.5547734101136124,-0.17436781217507397,-1.446514995692525,0.19185975116956594,2.442571903991626,-2.2838568724339536,0.5060808311728058,0.39609195646236656,1.174730318505783,-0.09677676888549787,0.4076203825149224,1
2.5036640577397353,1.3696138368711825,1.047589050676619,1.1223790606596973,-0.6852969935313357,1.7317537173920168,0.15358473151669697,0.09248818792675291,-0.05053130649659307,0.9848794006122428,0.37943185767792514,0.7042103928578228,-1.250786979180226,-0.3902225267807899,0
2.633779443125782,-1.7820433076779607,-1.81964439882214,1.322721855533549,0.5236972921053611,-0.4033539131166549,1.9743662919507958,-0.5992556438293724,1.844740898003219,-0.4485826084667687,0.4533778732775576,1.2839068405829854,-0.9086297227681538,-0.9226746383185271,0
1.849390066638171,1.38318621947663,-2.2304291706585806,-1.7533297749741081,-1.0098194688907658,0.21084064169102412,-0.05796508461977822,-0.2481708445167708,0.010544429015036083,-0.031654408820156084,0.5212481144581939,1.0400237640686916,-0.4012692649455864,-0.3292274913603061,0
-2.5589733027556556,-0.9154390676987005,-0.8054939513306016,-0.23584205964335725,0.005447787532209641,0.04804265964533742,0.4195719487799488,-0.47810621881610005,-0.3822964673155261,0.5782788843590113,-0.9386262338376644,-0.029355538757717913,0.3239676859391067,0.10080959706425416,0
-3.434267511686631,-1.3735907719706575,-0.6506083365556016,-0.19306822854947336,0.28910683939755294,-0.2871166557962507,0.42998977647107733,-0.6612625536807253,-0.4958742761203403,-0.5472215814610508,-0.9408733469578764,-0.632831722036698,0.8851446186305069,-0.12860982565040524,0
5.067593730682363,-1.8616571657133922,0.7405245265977214,0.2623674177071122,0.35462364630469323,-2.3944986512734787,-0.8125430946652727,2.9209464361051194,-2.664551567277854,-0.4863821948356614,-0.9676444072215447,-0.4578549284922317,0.3276278271382281,1.3625788051973826,1
-0.7483146358084164,-0.8656876095630535,-1.658399538928914,-2.1259951871854663,0.36026938803989017,1.1085277009880852,0.9529646710724708,-0.4312359969151027,-0.10645428521673501,1.5199535502519483,0.7516197190445787,-0.09728620476694955,0.29407341337856163,0.4584163597160401,0
1.9905614826913562,2.7021057239617643,-2.0268825408981708,-1.6257414070364065,-1.5121054102844675,0.13810049146874576,0.5815165217644915,0.27279482826991236,0.135454137923924,0.13229474688061044,0.5956051332492703,-0.2707935061381531,-0.7456954672228072,0.032752848132876364,0
-2.7182640314893938,-0.3634465697402176,-1.1937456673889746,-0.1467034843667876,2.2211349872806965,-1.1800022737022164,0.16136600793885783,-0.5784574133969106,0.889703837098634,0.09308870651043809,-0.8599322736076105,-0.2993744878229568,0.2711774868324631,-0.015374875896217438,0
1.402148072518386,1.8702911566576115,-1.258492367528653,-1.6668634576172559,1.6553456970255662,-1.2118095479042752,0.25852758448233115,0.8079447283372873,0.35581241540594716,0.06017577632214405,0.6251703201578301,0.7323707645213605,-0.22425660703380063,-0.18492696434342,0
0.5138629227164222,1.1126760775051163,-1.6884506244888149,-0.4003895874613148,-0.34075174438600414,1.4688186696027041,1.1100827383483365,-0.3421243777532318,0.03199850820034375,-0.3459147807808418,-1.0022535478845276,0.08070942836841705,0.5949741187263834,0.4006557883799627,0
-3.192240005144277,1.1572483630667323,0.16015209071282702,-0.3408430323899312,-0.6924250168430078,1.2354095947867296,1.1746490734501025,-0.08601279041249832,-0.16648599851420612,-0.16606219210373524,-1.0353888256861856,0.40907411441441216,0.6840916755820458,1.2580388673179372,0
-3.2804373069101875,2.0958597594090413,0.32280651270295085,-0.26742116127435056,2.909553340856399,-0.36794333984557875,-0.5490426247862022,-0.34033840822796446,0.04285234510640923,-1.0248123224500074,-1.056978838596245,0.46458519381218044,-0.3797192779161174,0.39517795959046814,0
-3.188198001416338,-1.4519518447752362,-1.8178326067969202,-0.2840143932517408,0.5791566896572062,-0.33766680206424843,0.6302377914836252,0.39487751078204186,-1.2157027189580534,0.28368482225229746,-0.9968308470174961,0.5143350297033216,0.44870376601822876,0.6452808773794996,1
1.283427624057177,3.1674892232410334,0.5019354521636518,0.16717409644068087,-0.008171428790626198,-0.7772373455940592,0.15666929320855308,0.05500458716539375,1.5316572826573893,-1.2817327148552238,-1.0412314823733861,-0.22403878615964748,-0.953622059050023,0.5103681187502039,0
-0.3145928244661579,-0.286730333303033,0.44787007859390926,1.2880639121482873,-1.246430768903021,0.7307369258897678,1.0887007862031297,-0.26856333215238704,0.28207604494775573,0.5364826059522404,0.5340533448263831,0.193727301469228,1.4285346463082347,0.026509033860535547,0
-2.9862295465181257,-0.8767985137514818,-1.5634211543267051,1.2545296168693076,2.4623264033245635,-0.9240406716400865,0.02222906844812246,-0.6086427439148745,0.5699737432595504,0.21092214514629345,0.5161181214477513,0.477783060149409,-0.8562834968882072,0.2851418651907129,0
-0.9194239968646922,2.7537078773993193,0.5859351093235998,-1.5671007562012558,-1.134885818044024,-0.6259815854284762,-1.5484692426540012,0.2669038984030802,-0.2556475101242702,1.3365272661631749,0.5881613359631225,0.20892216855550105,-0.02446516006969981,-0.7393914071549889,1
-2.084655470433979,1.5389586736876677,0.4527551382732833,1.3856996396645407,-0.8784116777362577,0.04502154251347912,-0.6551446217929742,0.011202200558360327,-0.38660569484798313,0.32514071477859624,0.36664729655815825,0.4724720473434076,-0.24927084743343939,-0.29895944796722135,0
4.012554236481897,-1.5465150012345854,1.2718495619093544,1.2028956795081742,-0.07461392054308244,0.7894081166843083,-0.28486455982309516,0.04663931443027112,-0.5401857791728659,-0.11954788132363521,0.45781856309700136,0.7013083634274504,0.7829700620661081,0.03401934735947597,0
-1.7364884233383593,1.9983291631692643,-1.3903871967243142,1.368624898301384,1.6828434497257327,-1.0240331634055815,1.3426050909562555,1.0769375381211328,0.07265992513947493,-0.3736309376974637,0.4176127903542602,0.764841441780242,0.2183529154622559,-0.4935506039930487,1
2.516010380180829,-1.8215064414970021,0.23804058774615436,1.1996047086010504,-0.07303207804971185,0.6273162660439655,-1.351670431874174,-1.2024839698988397,-0.007322981416108522,-0.25981839815574403,0.4323121771468436,0.7250005638934037,-0.05809481950075055,-0.2930305331403456,0
-2.182523947931498,-1.0000321548168796,-0.7379047503817752,-1.8038708810717412,0.11790143659490918,-0.5448417965479335,-1.1758228121494012,-0.7923916690513946,-0.4538308699716716,0.173420800076218,0.6118353327502818,0.7147218089441303,0.890827140284567,-0.17102465955465565,0
2.496717490148999,-0.00784900947911096,-1.65709412733446,-0.3783188742105337,0.6572875239268194,0.7316601506756688,-1.1022897507823486,-0.4921244196098477,-0.306705823291659,1.9738528922995107,-0.9280254431835936,0.38584443371428684,-0.43074634010322527,-0.8914480647607603,1
-2.66954115616845,-1.1283323952209945,1.3137037704949965,0.12927710732484177,-1.0553820395923525,-1.224844390006845,-0.6250847559249649,-0.5487655905507867,0.026974002695979687,0.014411179215757266,-0.9124404150707718,-0.7669463779879538,1.098372886582378,-0.4302279970653493,0
-0.10843952926912082,0.6109685906483107,2.0486326428304684,-1.330943282735997,0.09117820474801297,-2.06931534990463,-0.9048675250721321,-0.2675617372265125,1.4421591445672735,-0.5780549476887957,0.589247440757163,0.5108811525911576,-0.41381991974556553,-0.597305670793668,0
-2.5967392941504692,1.326924322939995,1.4320721085125105,1.2631300124386284,-0.9369472634533251,0.8588756350666825,-0.06298323234896029,-0.12337929910437509,-0.2505565454571,0.14737048589488294,0.4091964944232544,0.5400308468984063,0.7617082246286802,0.7447516450736164,0
-2.289301114198453,1.3991473193595585,0.7717806880340248,-0.08875422730754329,-0.8305777060401639,0.010768786761496379,-0.44881850992780736,-0.03625414899917366,-0.29995971125734155,0.5320133963675467,-1.0314072416343698,-0.07039674566652405,-0.5377749583576233,0.21818750556951091,0
1.9964713323717387,1.5828876670991872,-0.06712485473546898,-1.7048247131366137,0.9080295444031945,-0.1129735608940782,1.249997798355504,-0.1564571143142467,1.6180737234968912,-0.7802784318130906,0.7468797061697444,-0.9156523048803908,0.10595263223777454,0.7349881091428253,0
2.3801234037038395,-0.5705238966035848,0.5574331733639992,-0.210967224580768,-0.9001628934278568,0.8259086594714709,-0.27951854898684203,-0.2548413210639452,0.5440011219734592,1.9775679367492227,-0.8507152726116689,-0.46673710450028727,-0.29578714130741834,0.4494352961895156,1
2.130803421263237,-2.4323218980681918,1.3163991189723174,-1.6667124240458557,-1.2533025233219854,-0.2100928699761776,-0.6037880267194367,-1.097499405779686,0.3502137199128504,-0.7879208048536802,0.556333903161645,1.0181786061919282,0.13574153283896928,-0.4477928425242007,0
2.564970007468282,-2.1040161183505055,0.40490099812750713,0.19470529494544236,0.43497193943672874,-2.0080066148993385,0.2925667062140012,0.04127029168941268,1.3072582792652112,-0.800302227631446,-0.9327865213727345,0.3545665788595478,-0.06562355477919363,0.10955988129091035,1
1.3151485252042059,0.5459624642157717,0.3520884737552711,-0.13505674592811778,-0.6247673775962035,0.46127218850951773,0.3175574814991689,-0.12914696357111666,-0.024163944123066352,-0.07294044717105588,-1.0007394389084086,-0.854183316788264,-1.3220687352488263,0.06405387331863634,0
-3.554037425957024,-2.3741832898049786,-0.625418365744203,1.0997047010171666,-1.603801652374139,2.194169117182962,-1.9924775525496596,4.059213742306584,2.802274976844499,-0.3144287667918552,0.5183560130436056,0.09422939365501057,-0.23855013961921753,0.04149446092212631,0
-0.8726687553421606,0.9663771195702475,-1.780136811950127,-1.8108704043485988,0.1388374097550304,-0.1433550907214181,1.2555729420914932,0.05499597986861676,-0.6010357637273362,-0.31686845796918545,0.6041353157702896,-0.9546676685201263,-0.800808036559812,-1.386085629146728,0
0.21335563791079828,-0.3755298680016366,-1.331720656768588,-2.029219055015001,0.5763156655601626,0.672486463949666,-1.633852567107931,-0.6877883202315319,-0.24686858644423573,2.241394977719032,0.7372091758895918,0.4003627225575982,-0.1531323660822577,1.0048015441198572,0
1.1880094359871385,0.14175384941834643,2.1092444283351757,-1.587110773779844,0.0831361575584697,-0.5206653724028555,1.1581841089265854,-0.40911589050933406,1.7567912200652265,-1.3469763310736145,0.6328989724737198,0.08206922934588988,-0.46748479669107745,0.5261568566208303,0
-2.708239109960723,0.6248266709218725,1.8798042116499545,1.4295190278841985,-0.36943623734987185,-0.2429930867628276,-0.7689417993493592,-0.38935733367796493,-0.6527378322834725,-1.1902194374775183,0.36431521976450604,-0.2785385679221438,0.10702127287401526,-0.3846761813493256,0
-2.286799787058747,-1.3377985228437452,-0.2057814452698232,1.0849397021211415,0.3009150919327795,0.6971942282086405,0.9282524086991459,-0.3794186021014015,-0.5244420247041195,0.3958813005642221,0.45908157450049475,0.1866929141190902,-0.22217059881010467,-0.36613029036409944,0
3.6322393114567104,-0.6467551376598806,1.2016974342236344,-1.789447187804972,-0.45407401631368,0.5711017196125345,-1.698698223279159,-0.692039314930483,0.38112197784431273,1.2686728734289896,0.7706010826530939,-0.8908355325951662,-0.7130627506061811,0.9898932766794482,0
1.1491729739009335,3.165849880985459,0.06449649264658995,-1.5465963984365663,-2.9950226596370197,0.4978827965672354,0.6998030308551012,0.4468095560455665,0.9317880720691577,1.0697551739403188,0.6891211923418313,-0.14153245832319528,0.8854561016830533,1.0807583453589171,0
-0.41763365255005275,0.04832919226325852,-0.2486734453557681,-0.3395143609436433,0.2512832287883404,0.6483898708953922,0.047910252436324366,-0.0797815281214041,-0.10341238041655422,2.5936759881003235,-0.7900538535105135,-0.8272493407562508,0.7421150833482009,-0.4445497281622656,0
-2.6407295961503254,-2.180810958230264,-0.0036187055209567372,-1.6016327263065577,0.624847011301295,-1.8300000241979177,-0.6414788576385895,0.19936818551019675,-1.2875723921096656,0.07323858498360555,0.7016682355318743,-0.9245722231936041,0.08724745531141098,-0.06094536012987136,0
-1.2497056090563536,-0.3384134763910814,-1.3819897898305022,-1.9177736994153367,-0.1457293450080886,0.3477713904185276,0.6713336380573871,-0.4662020974205338,-0.2961581073863852,0.4295275514062025,0.6484435571322719,0.6790861016968371,1.0417423816492468,-0.1652634080738685,0
3.5201706091390497,-1.6976613738619881,-2.0867809626892315,1.3494869740862117,0.011870327187333107,-0.36444031714061653,-0.3641219508211696,-0.04301802457044806,-0.7001814037734047,-0.37614495069742176,0.4435437907450996,0.3152115803594439,-0.6391556825472063,0.010518788969663462,0
-3.356400632751646,-0.26576885351274965,1.1650042857036695,-1.6557831212471812,-1.9294012231048616,-0.21244052609939915,0.9031997197093078,0.0768233956758108,0.15895318407513845,1.3586620878577655,0.6344707274615711,0.8478550505991373,0.08784619748070815,0.7649305522036107,0
-3.360652458459796,0.6018039167465515,1.4228174546506163,-1.7472458697599405,0.25271859702685867,-0.43284239139379377,-1.3878147172476696,-0.38842078025642884,-0.8598115193547811,-0.5152521720557237,0.5416497993439373,-0.425722154765175,-0.9769928955757669,0.26777593460104876,0
1.6751354340480307,2.236091485118285,-1.1485261392496586,-1.673931055130029,0.6632111479017638,-0.8373195050617472,0.37173185944886905,2.217615059726457,-1.807999412358727,0.8745002507537442,0.7311665010715044,-1.7777569234066233,0.03727038642779204,0.22670074908732055,0
-3.0444266837688305,-1.9169237590973733,0.41231260779893825,-0.008439818747381258,-0.4628391401707453,-0.9405859760439029,-0.5096480844351836,-0.6104433325838586,-0.3063467813131484,0.05508270318041261,-0.9951434708750605,-0.24350738121006799,-0.8823686206134983,0.1344606682613809,0
-2.5861745707010155,-1.2892623744972551,0.7304661789387724,-1.5519153475386813,-0.6666653457438184,-1.3257701557227066,0.32542476534744724,-0.17426599671409848,-0.3178065217926932,0.4325141326801743,0.6656114894519757,-1.0231280329443255,-1.3129374266138163,-0.8644860026294375,0
2.014805451076175,-2.1946599620703067,0.7371221815309684,-0.06659616805696694,-1.1789495628081896,-0.10914326152541927,0.03402765756096219,-0.8057332153983844,0.4747272400072027,-0.20563013640459987,-0.9977911255767837,0.07064985830093043,-0.6227388160888696,-0.6498266132362418,0
1.2201593687576304,1.9793397293083885,1.5866629563861556,0.38349893692657366,0.0521056902700235,-2.1016886077250776,0.1363739168509279,1.1175098249271125,1.2347530216147695,0.06772585691716619,-0.8015459930702754,-1.557330155448425,1.2338453317966243,0.3780879463343657,0
-2.0135624417669287,1.597004011193695,1.6758198319648496,-0.17624768490640808,-0.7094556815055535,0.5509217448300748,-0.08742959524188694,-0.0057724159195813585,-0.27220165662237056,0.016294969699959354,-1.0479500388317395,0.26346779265848175,1.0321895651794784,-0.17306558739798308,0
1.3969219803575974,1.0367462948462882,-0.29690164881032366,-1.8908325429818544,0.3724961075408758,0.6257913593908423,-0.6066089849976584,-0.4824016554833452,-0.4479628444009073,-0.23751944922209833,0.6389949637118608,-0.7091419699843029,-0.49457955728834935,0.30870614466575913,0
-1.038705218366024,-1.2671988949713802,1.8343611503372272,1.3249555907910626,0.7329425708337033,-0.22837935199145076,1.9166862417203596,-0.28588590750743126,1.4702590042853383,-0.23213113249991402,0.5099465664791641,0.5401038497872845,0.06387039549830684,-0.3671436145648462,0
-1.418689905281735,-1.1102586399575058,0.25175394986697114,0.17585768089414566,-1.9570916297391279,-1.1525276497403458,0.2659280993729632,-0.28651069671817503,0.3242819798388823,0.550289239053282,-0.9718741203672543,0.30656357411684737,0.3298076157007273,-0.4160433160133813,0
-2.6960217841675456,-0.9040906765221928,-1.5252253695031508,-1.7608787883740689,-0.34963904144061364,-0.5054065691280571,0.8958739207042608,-0.4785198605045501,-0.2726795171917393,-0.2605830545140307,0.6643986289879885,-0.0288252694806254,1.2375269203725472,-0.3795199824981975,0
3.8282354579270392,-1.2540254068265484,0.8308257081830113,1.1996917084621166,0.010324397529583695,0.7659566151830721,-0.4749086614930492,0.2801488985986699,-0.5515224506871332,0.5665967963210463,0.47665058453063286,0.34951328662009623,-0.29971398198094434,0.37351387847755335,0
-2.5412982554289023,-1.740747280903093,-1.6110907705373647,-0.5101595909067662,0.9603489697061458,0.8896709286570154,0.21384830546818373,-0.5920269577877324,-0.537022344738943,1.6038389968927718,-0.9070697409514741,0.03745041524358668,-0.6573477319793659,0.8123019941466532,1
4.134829508231527,-0.5871070641407934,2.317393430773356,-0.4005475325191489,0.46191775229801024,1.4568259541127089,0.6330311955235848,0.5613343138513157,-0.5159214670645282,0.884276923952772,-0.8476101319479408,-0.9139550584748739,0.9099592773108435,-0.08454008656040807,0
0.37628385861094904,0.8858469853562666,0.037081614618200115,1.123177815103975,1.1461148607587073,0.7017230998110171,1.4304627456534134,1.033903518511736,-1.5337625016071372,-0.37557857105257275,0.45239683428130345,-1.1674019204896051,-0.3911095033100351,-0.7325364800590374,0
-0.38242234988678586,-2.52818030078453,-0.04948472692171976,-1.514381059891281,-1.0588113352198982,-1.4752469362739267,-0.6981068964745707,-0.8954004989391581,0.15470552726938966,-0.37580345969165274,0.6154049480902323,0.03605180262646562,-0.5150265191563775,-0.6141024440016222,0
-3.210912530197996,-1.0051723949628764,1.269419401188368,-0.09470284414880692,-1.63344732389285,0.052042535672289496,1.3500422930750051,0.03052792207215152,0.3938669298729649,1.0882852772321592,-0.9167411648320474,0.03432470196808808,1.2824462047109053,0.030293252085233792,0
-3.5198071735828877,1.5083476694470908,-0.29342153987173036,1.2304982737147216,0.2578963271783145,0.2855093485631184,-0.6429651319511879,-0.44873678884270923,-0.9998218288553049,-1.0882858823352424,0.33234034080102265,0.41447242159881903,-0.010493833724935512,0.46880265287175515,0
2.680411161919318,-2.4429141214605066,-0.7387529053549401,1.5695947421326577,-1.023866749191035,-1.1530019774534686,1.2949431785297039,1.1155113049412584,-0.7859569748996242,-0.5862962656232523,0.5356302410945103,-0.5678298892498292,0.19852098923779782,1.1072016174287262,0
3.0280543266722297,-1.630238124713275,0.27224048426130704,-0.01778625358249658,-1.244041186011703,-0.15077892623078448,-0.19279956004068144,-0.6311990807765309,0.6071624621971372,0.3431673843350728,-0.9236200984262914,-0.6035654624689308,-0.7253708599827945,-0.2647977474123376,0
-0.6273931373361684,2.1279674291665827,-0.799506412574637,1.3596673761975229,-0.1041735004350653,0.11374095518515398,-1.2614977152405529,-0.5629771651626277,-0.5436766546559679,-1.2157438238241858,0.4085686652211506,-0.04164046623462253,1.539188370109184,-0.2897703019199415,0
-2.825947119097505,1.2264775456872332,2.282177904467462,-1.9259247881667456,-0.2766067166984631,0.9018640583331875,0.9301583044226758,0.06607788119264123,-0.4799851361846898,-0.15306243495555347,0.5966310448537893,-0.34570372403670996,0.39186187798886307,0.11119710385996746,0
-2.312763450669084,0.8847052493106516,-0.03427632652825505,1.228993062260357,-0.22555275187187002,0.5698203805440822,0.3185138290673498,-0.25098679213747627,-0.6565657153009368,-0.542726864827239,0.3557969306868635,0.34285640883938634,-0.5723817765298419,0.09154684290410503,0
0.8827021523346381,-1.1891988892623693,-1.628882560065594,-0.08176175313212014,-0.6967917734872454,-0.33933706300662453,-0.43850726760264574,-0.9125323474084277,0.05130032558330292,-0.7800206007569631,-1.0502463445241441,0.5342850042782319,-0.3023465477127868,-0.23602379181991873,0
-2.5824900704468026,1.2721092756309895,0.7299652907110085,1.0178501780309788,0.7748787233127072,1.2865578422613007,-0.9408921924745991,-0.46255465260150963,-0.9054074386244965,-0.15678372922409783,0.38791851505054803,0.33804435166468544,0.1901194756609611,0.6112132949795946,0
0.8736750925068086,3.521415695595468,-0.8600541663262766,0.21902134516868388,-1.764270488771578,-0.9045122071293208,0.748736949969367,2.110625438118047,-1.3528463813642926,-1.225200327800941,-1.1671486329424283,0.6813002114243798,0.15626748878796753,1.595826872805564,0
1.9685994694807403,0.7110138569850077,0.7411806087179992,1.5385920006488616,-1.7039765730673677,0.08010268474635596,-0.9771585358293731,-0.4511783885189464,0.49874029246488405,-0.5484287177195626,0.46125974613133897,-0.706795962733219,-0.335729000336325,0.6526194628870702,0
-2.9529663589120316,-1.4857562137449298,-0.0003769031592979014,1.0171699005994255,0.4863146821205663,1.052118937048679,1.0040927511660647,-0.4578239063731686,-0.616396149610014,0.3057568095330334,0.45983687855000305,0.2482861770806846,-0.2762768700294382,0.2840085549885951,0
-2.8773059743167027,1.0226803591981848,2.809279170493683,0.03484238863590555,1.5128699496065379,-1.2308956709330703,-0.8987872341492471,-0.14701424655348252,0.6893792475656052,-0.36212318845359787,-1.0258370713742104,0.11314809568781677,-0.8420647460721368,0.0265091456792545,0
1.4789848893823083,2.025359230730067,0.3546849556211595,0.11818175356018584,-0.32342527793047704,-0.8697826525449602,-0.12127564921392574,0.20982596868735023,1.814060977100425,1.3493928657076137,-0.9827880822986311,1.2158090379561002,-0.5469442214719841,-0.3617089174226099,0
0.03407985969490692,2.165323040679419,0.25770308702540995,-0.08053024307970569,-1.5355478434731724,0.4850943146169191,0.5474594217177888,0.5384178711112733,0.3813353028431212,2.045092393918444,-0.887501551957173,-0.8055255757229718,0.06579895290990903,-0.002277286869811964,0
2.647795767627203,-0.978213876266798,0.054909634288695955,1.0178521404423648,0.5123648142145116,1.2707423976951078,-0.37169618993444725,-0.6543294840904164,-0.1786800099568291,0.7556558763828447,0.4825151378564891,0.3807460688804377,0.15299511228311874,-1.1136014505890715,0
-2.941942875169578,-0.4280302783214478,-0.5264079739988928,0.05855170255352238,0.7063437909788665,-1.6047741144092873,0.36028273887801904,-0.3507457691812091,1.4787160116235532,0.9318350909956468,-0.8303721126706035,0.13098774250806428,0.58660380447431,0.5414523390227601,0
-3.1424651049657424,-1.523217119578749,-0.7720943809167674,1.333533252631187,0.8208527625087265,-0.8242307128920124,-0.9954846175061839,-0.9480833068170198,-0.858785886783023,-0.620418808989672,0.4961855206536449,-0.7089387774040091,0.26348269770866967,-0.4118143305840508,0
-1.8380348032773468,2.3124689933782454,2.063905587988844,1.1145323752138983,2.6190536467248906,0.5323071980150058,-0.34662832358893064,-0.21853940039146233,0.2642182352296838,-0.9337628488788257,0.38786142487890746,0.38325814547515685,-0.7645552765054106,0.19307919807219634,0
-1.8183158771334844,-0.436782293093685,-0.16276501936731178,0.3429309722990316,-0.6008511313832259,-2.4929396058150752,0.0391659685050517,-0.1355453281158836,1.9100748993051877,1.1052317800957983,-0.8902449254128073,0.5678160295771975,-0.11779577069447482,-0.10128505436532004,0
-3.456679174639202,-1.6792947657443693,0.15018857460434923,-0.22054125614599107,-0.27799548951027486,0.009625649708439581,1.2391926356853675,-0.24437498626916618,-0.31136344460772947,0.5598279246035615,-0.9659061708047137,-0.23236245228110725,-0.719608616033259,0.0783633508842522,0
-1.4109899546419606,-2.2412240694927257,-0.3988976649286843,-0.05933982734604204,1.3415181658602298,-1.293894459206498,0.7120692455323626,-0.8783267897536124,1.419445575766166,-0.6447534109525828,-0.9094177046646297,0.3400855513473852,0.3265808476685299,-0.022183308308368836,0
1.1914220580128028,1.9093645906017986,1.078942921772659,1.2483421266380006,1.554354565777611,0.2568944860211158,1.2350805420361826,0.28121573160944996,1.1162559944607944,0.392494367567091,0.5247518388597042,-0.48754059859909327,-0.46315633502985293,-1.4439503829111273,1
-1.9852826180936007,-1.325249530181122,1.0638798013787263,1.384830300813438,0.2372949289926166,-0.9058824055323907,-0.8920110597286275,0.5617801701698469,-1.2615757270677874,0.959922249781507,0.4437226908950283,0.1518479426015056,-0.7398383433890232,-0.22419470624603832,1
-3.3445253771588077,-1.210247551743614,-0.37847303309500063,-1.67895631214133,-0.6243994171022407,-0.7903424255079313,0.35694473630198276,-0.3809787244845292,-0.23953833310414493,0.4229215272921653,0.6707512067839466,-0.20446037494727679,-0.022094367286302728,0.13430268265525458,0
2.447618543922662,2.2118107039563815,-0.9906639555340048,-0.2653517348369321,-0.25824428872271127,1.2220151885551311,-0.9348325811810826,-0.6039953986396929,-0.24322726190105512,-1.783284060174288,-1.1561656671509644,-0.021245006119291157,-1.5673839171936255,1.428344713569164,0
3.335472972648765,-1.483874347507765,-1.6795673864824516,-0.11771086174424572,1.5885908037310628,-1.406229088478527,-0.9193463211098486,1.7409011167691277,-2.6612408919764836,-0.014441474772019182,-1.0160834755517083,0.7346887778591924,0.27383936218186494,0.43335363432216806,1
-2.5597870188186795,-1.189054656340748,-1.7856336616814845,1.1130510322038267,1.0889195139605776,0.13690927228760913,-1.1050376934577977,-0.9130936931623185,-0.8976125106164738,0.3656674999477934,0.4656005593573775,0.23770039617088565,-0.6012691473566015,0.4354963178338529,0
3.7010862599879584,-1.1032539494176046,0.7531021832807776,-1.6486311845591237,-0.20341504943507444,-0.6978878483385845,-1.0309589346108219,0.28780455335569965,-0.6168928343290562,0.5180196797530704,0.655598099576071,-0.15329580882060292,-0.4562736503743085,-0.573672066084069,1
2.6810792565677892,-1.9633772344364693,-2.0459350523289728,-0.1607397730306913,-0.9885572395168573,0.3124339912583373,1.634921351367979,-0.7208106891766848,0.5819536104338712,-0.5662465770261996,-0.9193424413836405,-0.8290906422926866,-0.6973092458386543,0.04503630056195805,0
-1.1370365169924024,-2.2749425391373745,-1.281945582434627,-0.11897850693653667,0.3683603130067543,-0.7701243932725664,-0.8846556739091583,-1.1257909330575984,-0.3742088276084041,-0.47268672770613257,-0.9561456923258282,-0.21584746219223594,0.36674154280425314,-0.26773332394968474,0
0.7133134643474611,1.8241252826075682,-1.7159174706328786,1.5709672589871693,1.9774236987544376,-1.8449632126999802,1.2877412499437197,1.9856407528178535,-0.31249135788371796,-0.15640844836147677,0.6136759593769773,-1.4020500145266799,0.12405605640269261,0.8399315347818781,0
1.9342345434630177,1.7166046908180073,0.8325688670867444,-1.8535119187081126,1.2124667015868449,0.3757777958093121,0.4959350936824238,-0.1069714568263295,1.468258328735353,0.002988454264068925,0.6751029681210026,0.24901864349273847,0.05645490483588296,0.30777906161458696,0
-4.103572704782874,-2.527983253558402,-0.6157372791462741,-2.0378954159189417,0.7089462850451546,1.0680321838264841,-2.845933590561102,4.726287253999505,1.0817714837151617,-1.0118233959471616,0.6838244106194828,-0.6884744715731678,0.036277316509730664,-0.5178339313474085,1
3.627088451208179,-0.8895879387043666,-0.044052375804683915,-0.6590138335461734,1.272984269770126,2.1475071813533386,-0.47156262599375,-0.9320055650879346,-0.37987843632190693,0.1349963705080408,-1.0290918399469986,1.1616832292422783,0.740325060216337,-0.9288422370194853,0
-2.516593828021686,1.2444281497822873,0.6637717741408579,1.1354049429670388,0.3946621205663755,0.9116519943009787,0.41343343761464557,-0.10749784789330694,-0.8509363536383102,-0.5114177868658375,0.39520124330635836,-0.3858102686571701,-0.2914055353714561,-0.2935404081729536,0
2.9804873732632045,-1.7818972323376479,1.3155240353885713,-0.1301716611022592,-0.28272924288513346,0.11359411046346894,-1.7163171639749635,-1.195562424642822,0.07607055569304613,-0.49129944225112315,-1.0156669551678712,0.5480334907642653,0.5223110109425559,-0.6798932418827249,1
-2.890260759752111,1.1365758069440428,-1.8848960452348562,-0.254506579676232,0.32809506942300404,0.16204783469747894,-0.5891363435418726,-0.5539585881971033,-0.7885483045585502,-0.664436459678188,-1.0839573374077975,0.44304880335509245,-0.03692651317273159,0.5416637144086395,0
-3.020947893761057,-1.6655533473490476,2.2188693092945475,1.234259247533715,0.05668590901338921,0.14028667939685613,1.682241038793104,0.8402020269734033,-1.1143049644677885,0.35331605840542957,0.48813277870999155,-0.37618543899158924,0.11713622530515243,0.05665622550348851,0
2.3877609670711495,1.9080185575564679,-0.9556202680528507,1.0618799683748592,0.026688254614990164,1.8142351543512492,0.9411111776825702,-0.11722663187305327,-0.16357591702396201,-0.40690234265485836,0.47383331533052436,-0.41575353713905155,1.1799552077561881,-0.5985922881152951,0
2.2680591654823354,-1.2680158782914568,0.18311239581266997,1.5819907059775142,-1.6391310155103835,-0.897856597797282,2.0168298789881507,1.7247310467737413,-0.8921550996272675,-0.05223535865295622,0.42709665724197815,0.4108207852075947,-0.4147932585191563,0.1842231071950435,0
2.3658727043263577,-0.2041235719064424,-0.5516682073693505,-0.1000284534261704,1.350179659856328,-0.7124172876534342,-0.04127434467123999,-0.6097057483861634,1.5745165041928804,0.3105012769872461,-0.8758710654212537,0.5069586736248898,1.2789905857629982,-1.2717341680518277,1
3.147295442154504,-1.595331031251371,-1.6412955303850132,1.2107318515745291,0.19778226467273435,0.4615665541018746,-1.1206916972374708,-1.3201491549959667,0.036932686202800304,-0.722015657055637,0.4967384784156144,-0.23040034830391767,-0.16703689519747408,0.1053102236073119,0
0.31391133948877503,1.9727577364624218,-2.116756312127349,0.05408637580526732,1.1452561618501969,-1.376270507929477,0.8950902987664027,-0.044693317634718774,1.232401175966736,-0.5510139847173744,-0.9292917570329469,-0.4593719348616427,0.4816153953910357,-1.5271323135796586,0
-3.018442041822887,0.8002223793369766,-0.5653226293651591,-0.1594242425349368,0.3010470199946659,-0.17073463228077718,0.08707285654477201,-0.4156876801050284,-0.8523856646165299,-1.29483140840855,-1.0646408228684243,-0.445254130385022,0.11076719827507404,-0.2738253938907259,0
-1.171303573082455,0.6829496413048046,1.2379008358231869,1.0656868392578371,1.399082399960176,0.8193285758174579,0.21973762065523783,0.7846367350122571,-1.6834143203982281,0.21297024799858943,0.45844852304638023,-0.839102611355837,-0.541208756318299,0.06980501838378841,0
3.0585083929161376,-1.1119183964164856,-1.5671237310144268,1.2596554989507647,2.0400217385678214,-0.4317024514410287,-1.1115587996667255,-1.3833758578540754,1.3550787980520576,-0.6381864336120681,0.5456239807186534,0.556123020709718,0.07924182883812893,0.0318460756988246,0
2.792680745603127,-0.5165535885635146,0.46515637779240837,0.759759149690337,1.3193579840699774,2.446739430520638,-0.30068952497317436,-0.7400834351536475,-0.4017103512309349,1.0682365410498722,0.5171307568874222,0.44483901015635435,0.47111965863017663,-0.5178437846070489,0
0.5294392807604357,3.289435307752318,0.2597886829996227,-1.8645546774572996,1.5121464555958126,0.21367838125875827,-0.0735454712882439,-0.028402923237042865,0.8518327465757126,-0.9356248527151273,0.4835477160515659,1.3306728149898102,-0.2829983681390258,-0.02328684423872883,0
4.55752091082308,-0.8566232579162569,-1.2443391587260708,0.9376187409470442,0.7683143158540229,1.7025576636823399,0.721232651631547,0.22562998888675853,-0.7073189526986214,0.47328772695192706,0.5117974764500779,0.18646909051098087,-0.1500826910879916,0.3741876204537276,0
0.7735575040423299,1.4498253879389005,1.8506561244160435,0.23716585992783545,0.21683452702223655,-1.375597387720906,0.16180404838807289,-0.030294402829597483,1.7633268191811284,-0.48693756976002994,-0.8485207114188137,-1.4600494484649764,0.5595620954786449,-0.2429548070245804,0
-2.2409198774167933,-0.6425425142167096,1.4405414540392427,1.4098231286365117,-1.5470305945073783,0.06867611275425678,0.32614265903757833,-0.35909586083315487,0.13438293694259207,-0.2018805139697534,0.4242297049274349,0.6892300417711351,0.8671707925732555,0.2627405310149488,0
-2.9862295465181257,-0.8767985137514818,-1.5634211543267051,1.2545296168693076,2.4623264033245635,-0.9240406716400865,0.02222906844812246,-0.6086427439148745,0.5699737432595504,0.21092214514629345,0.5161181214477513,0.477783060149409,-0.8562834968882072,0.2851418651907129,0
-0.18269190618647851,2.5478037588676328,-2.5147159048133756,1.2749195800450999,-0.5280865566429781,0.5329642039870659,0.4294195036861014,0.0057076049373693555,-0.35167880512967775,-0.1822574016650298,0.4110526229897337,0.1688022659167044,0.624637884732898,-0.6445023184747987,0
1.0356335690512175,0.7285703468187207,-1.3151128966129333,-0.23480087529907678,-0.34352930022036043,0.7002455213970503,0.2731348396118447,-0.44364900637849314,-0.030042331062917284,-0.5131751842764597,-0.9981966948430284,-0.5671552329785197,-0.6013991355863889,0.47321864276851305,0
4.222717864702922,-1.0158024869835125,0.24033783175553156,1.0974135906720761,-0.24647967241864155,1.5566546046860854,-0.026100589622184898,-0.6413503257496497,0.3229821666279473,0.4887342693715984,0.5311335328130945,-0.2638171217972076,-0.15482591469418278,-0.07602101169726176,0
-2.8417131253707493,-1.2315189453038682,0.294008551244351,-0.24716732157146648,-0.6388687279578774,0.42119617234827433,1.094002878311267,-0.21822450950841224,-0.08013463460986359,0.9161856229465634,-0.9528984146827206,0.06128200728233146,-0.2031075556072085,0.3623997730966234,0
3.1828113818521944,-0.9042383419274892,-1.6380517039930973,-1.9595301011367747,0.5860673807825593,0.5157026103176761,-1.1259050475677104,-1.1034823377131133,-0.18704606899331488,0.1698883867537003,0.671785066993594,0.08335716353644687,-0.3083165933331387,-0.12774186977766916,0
0.6679276930155529,1.252399284068901,-2.3161808419503216,-0.012654817258568875,1.1140514137632205,-0.9900152366956952,0.9234770524746645,-0.14217963081534174,1.3253859210768753,-0.32543252825482527,-0.9357829420713246,-0.257356786229284,-0.7518387780773115,-0.01790845448936606,0
-3.0622184950725124,-1.748723687477486,1.4571560452088002,1.297336919106337,-0.19889942987468118,0.03045900357864201,0.9372525535369358,-0.4029648762538012,-0.38857019496784007,-0.3093948112614033,0.49666515122647253,-0.7211516144201146,0.149544108317953,-0.3748334304905988,0
-1.4913216792204782,2.041464356607681,-2.2006846871958303,1.324017958967091,-0.682835222332487,0.23491937166253574,0.6703175693971896,0.04802738312635916,-0.43940512224038497,-0.19126547597589807,0.381429285923004,0.3154467378693966,-0.02602617523627739,-0.5304295053867664,0
-2.064302855623528,-1.6029854441032427,0.26033884404100543,-0.34985158227963153,0.9690513436329466,0.09132003721562612,0.24947857823026798,0.21060063705148593,-1.305446789486499,-0.241701707151404,-1.0091861513968838,0.35531480291719125,0.7127060493730075,0.3551164178900928,0
1.8378874486265289,1.7996093165199678,-2.3785149236341785,0.0170864094356174,-0.29932425555135334,-0.5685464064652211,-0.18680983175154206,0.7917386716078572,-0.7597618144111811,0.2698618980413901,-0.9179579564102416,-1.1273466206761846,-0.013984868336358636,0.6768717551840294,0
-2.555765478141273,1.537958975529115,0.22533636331085344,0.15993071653854818,0.776606136128333,-1.7843572315833989,-0.9267069731217101,-0.2386683489437579,1.0040770417261764,-0.15036537036108152,-1.0114461322104698,0.5906739008850986,-0.43807870414004074,0.23281098943920409,1
-2.138330730804055,1.7468349018252212,-1.488079575239825,-0.19559049050730126,-0.27836657393201786,0.16817821541520656,1.2993608598061288,0.30171818718205007,-0.5816277421909734,-0.16097815551509828,-1.0796093012463324,-0.1440344345757177,-0.385488112170332,-1.2670805321772591,0
-2.3408809146635092,-2.163188859890125,0.28000964493195746,-0.1474424281340252,0.1814135823573736,-0.7822842567810945,-0.654407694248556,0.5064807279023186,-1.0011661614914562,1.8409390789597608,-0.953933614944438,0.4217618517822645,-0.5354691866174525,0.6049694141832467,1
-3.033747834302523,-1.6755018636478967,-2.199643509783763,-0.143915141018795,0.6585115447729943,-0.9116731084331346,-0.7374834042515822,-0.9652779901433263,-0.7500520951886278,-0.44693252126594174,-0.9893443868993275,-0.2395071821716623,-0.55176828471953,0.09939278704746937,0
2.0820836328333385,1.686699480248711,-0.4086947335613137,-1.5463101009704596,1.0579558792677033,-1.1468789227796388,-1.0007567204849723,-0.3866144809085233,1.361337173588742,-0.36853336666064407,0.6831533438575311,-0.07150306090671152,-0.18631476381275835,0.39470629986613454,0
-2.859518358678294,-1.2407663827932596,0.2353509558218593,-0.4394468487836187,0.4489993690574948,0.9751227013379293,1.3000886144479464,-0.30498365454766146,-0.4663016054036607,0.6746810621971187,-0.932717859384099,-0.374462686554526,-0.1695720008012816,0.30021926161146345,0
-3.415175520186254,-0.1089536218067407,1.4682536238650805,1.3800415757848792,1.489578517450563,-0.9470706894456339,0.26217768164400057,-0.04581993655299799,0.8284968723209822,0.7606355339114073,0.5135358379196079,0.14435716624023467,-1.1560776025120214,0.0006325811844713028,0
-3.8460015635137106,-1.744654552797749,-0.8039197953649274,1.1139177474998285,0.7380448981006136,0.3560047145526397,1.1263838793009937,-0.6262852345641347,-0.7162457801117877,-0.5810198623096217,0.5070394501105989,-0.6592217186426476,0.4166882077538132,0.07531431118579562,0
-0.3773843150614156,-0.562647739212723,-2.423736472975681,-0.3623407204586955,0.5434640018325098,0.41762738681592937,-1.5740940493938356,-0.8948430020772024,-0.18051398210124492,1.790695920200477,-0.8599936865796827,0.29160485331081415,0.8236917300450983,0.889428688275625,0
-1.9979752432826268,2.5835872967018068,-2.039881999459295,1.3029904770460798,-1.4123543773313614,0.6110612984487578,1.4150119819455034,0.26997080606268753,-0.2512502879249788,-0.09523574313067898,0.3355900584590013,0.9635640471421818,-0.14538824355519542,-0.046426207525110834,0
-2.6797723959768875,-1.85841152678003,2.097726794619286,-0.1247898590655192,-0.03882266575187529,-0.3584923392255282,-0.16266489687788838,-0.6208020362894419,-0.33913956109004595,-0.7537706982485828,-0.9984488358508009,-0.45726666991031933,0.6136197254315943,-0.600288143758735,0
-2.9074468701960705,-1.096044514717229,-0.03383160232546386,-0.18684900283622596,-0.5326964560082207,-0.1463708059755372,-0.4858468023290604,-0.5057285040937715,-0.04623159879171276,0.714896317163321,-0.9792313789265453,0.6208308929599994,1.0408040204988582,0.1227554982568709,0
-0.31006814396193183,0.9544780560012932,-0.7396391920812683,-1.5779582021781369,-0.018587974874744218,-1.3393520129368413,-1.0297091693701201,0.5878827246394119,-1.2135668122256595,-0.21433820292491435,0.5684571106555205,0.15326152976386612,0.5489826276786319,-0.5056351615467282,1
2.6562357779096746,1.728685265174712,-1.596655294670367,-1.8652323698452986,-0.6077082985058917,1.0496672649607828,0.3570139801507246,-0.374023453413825,0.2680724612181235,-0.6820512023766366,0.6787813545624898,-0.8940310574761854,0.5993560264064065,0.7602457141800534,0
-1.2405533512580356,0.9810462237702466,-0.3617707024039048,-2.156339470823337,1.4300537456153573,1.1384859997830383,-0.3014916866278421,-0.267183209766172,-0.9718893887937471,0.4243555371021,0.5978184775070606,-0.33097475753044603,-0.8607065699034224,-0.16052542164214087,0
2.1269398164002693,2.3249463113081914,0.3491563549017029,0.14390397279740036,0.007275212643304733,-0.6484863075039062,0.47004709299337677,-0.01607700000037477,1.729258442188322,-0.6646103559943648,-0.9433220217691324,-0.39031549862201037,-0.6419238020093783,0.7394276114665134,0
3.727811053192304,-2.6081917193298207,2.255682504543756,-1.502050184879314,-0.6118044955825453,-1.2814352626141237,-0.97773498712399,-0.07387070641528669,-0.526759208942459,-0.9214495689848146,0.5889660609623688,-0.2522482724601818,-0.850220670063002,-0.6824885568766154,0
-0.34716825490505315,-0.5429286871795861,-0.739673006025353,-1.6156154482023146,0.40322340367288045,-1.2067547146589386,-1.2490256734351581,-0.9689845074760649,-0.5489652681558753,-1.225499359580068,0.6792678609496383,-1.1070373856271147,1.0237247592823064,-1.062785759775088,0
1.9309353692437683,-2.651853225515208,0.5970163923247798,0.015495940864564682,-1.6290789026024333,-0.3121667548402362,0.9462640397791275,-0.847381506154418,0.5771892147647183,-1.06619815705749,-1.0230609690881818,0.29351037070734276,0.13060895647012438,-0.7664010010270833,0
0.20073171594003517,-0.1779140639465854,1.1824265525696267,0.9681481785739178,2.527122294200058,0.962527289871622,1.0920553226694885,-0.047281219138302764,1.0634554403813485,2.038165347204534,0.6599291180674244,-0.3016986551567072,-0.2325240388196606,-0.44494473176374766,0
1.5212225589133794,1.249786771663976,1.8163312843356496,1.4445468389742806,-1.2022674750746345,0.5886066032582518,0.9318909171081025,0.10172592471845263,0.30607458841920443,-0.6123248464070433,0.5574859699736283,-2.18890972574778,0.5689850823034284,-0.4839216509010064,0
2.983942851919848,-1.8618654300390067,-1.118822022360317,-1.4715602759341768,0.04210701470278055,-1.604272262241534,0.9830955401549648,-0.9362870491562335,2.135333511867343,-1.4301197163839972,0.7028706571222997,0.19165203393886218,0.13769751584293988,-0.03794745472038167,0
-1.5075199506556962,1.6827807028686637,-1.8007431220175607,1.368771215976457,-0.37575512551592394,-0.1804360757854182,-1.0038390867043334,-0.2809786589252538,-0.602909411984024,-0.09957215912223948,0.3548873202776514,0.5641898240088593,-0.5292522216817556,-0.15407184566108154,0
-3.2835127914652746,-1.2334114956422257,-1.793480017191977,-1.7716484573031896,-0.2630240681460802,-0.7094170254441394,0.346159911207579,-0.4128001203890653,-0.3616549727219096,0.439357005535792,0.6306469615711587,0.1764920668770156,-0.29413306669384115,-0.1767101124229645,1
-3.377713021942461,-1.8762407406489365,-2.109606799785506,-0.37365237030639353,0.6300644167116811,0.3095880994688989,0.8941563405698892,-0.7970291180723846,-0.5979084964695479,-0.4759190145160032,-0.9905226704918909,0.05329167097278513,-0.2874486513894537,0.7192150806808141,0
-2.8987809730844445,-0.6665341232813627,-2.4541908607716554,-1.8419189957398494,-0.39745088019037983,-0.21055509247695428,0.8045760236423313,-0.3611638784573166,-0.1694596864606241,0.3460490717843016,0.6520304251461214,0.4062882123128136,0.9195195308912371,0.07044910537389824,1
-2.306196564952473,1.8761536000292722,0.8044826876699239,-0.27885178342221906,-0.4666966211401589,0.8445674634408616,0.7490992335285461,0.2941074919856398,-0.33371242135818757,0.616210940760461,-1.0163595001338082,-0.20446260479259643,0.317774675561174,-0.4168977642345251,0
2.722140697573049,-0.8711588172209362,-1.4530719013777185,-1.7987167670276498,0.3646724922200365,-0.1603222607858547,-1.832604629399768,-0.9411246007376253,-0.1823613058086527,0.48740584550751637,0.6795318230869934,-0.24273201052735263,-0.8409181599733381,0.069882455579501,0
-1.356308855660445,1.528731653964106,-0.5455040551687531,-0.12474079797388515,-1.06572184816959,0.3619648384708363,1.107529463193509,-0.06912708961573501,-0.08921358117351054,-0.7549361924794838,-1.0434776494125364,-0.02124812048648049,0.8139108264559688,-0.23636835872001427,0
-0.6101764556850483,-1.449179600260151,0.3534138055963382,-1.8434560272929195,-0.25523855524400424,-0.05781410078174776,-0.8623261454192677,-0.5348625069598612,-0.06301728118097513,1.8576009595992378,0.7009150789979854,0.21241121129909457,-0.6429227887252533,0.21635334341536147,0
-0.4811802479795899,5.131677507074001,-0.10838649083544993,0.2219490755404548,1.0425952268549585,-1.7277780253684152,-0.8519106014922253,1.2834878978370907,0.14286795725912194,-0.9137163235410605,-1.0668444426134516,0.3471216198113032,1.0751489891960404,-0.0763770921649623,1
-2.1384846319778053,0.619463477002409,1.7336980673651994,1.1434782708617752,0.28984051721386433,1.0139057351397205,0.05645112081561348,-0.33316782208294593,-0.8482451956742102,-0.8450226234489904,0.35328085012812177,0.13229522025908524,-0.3463044043230369,0.10312953814573286,0
-2.3526794009879306,-0.16546154975900637,-1.5110509277059103,-0.014295131818064412,1.216229275571691,-1.4665975695338915,-0.4663225872934471,-0.5081119968957678,1.267097820134118,1.0855252431945726,-0.8649913582664465,0.4918307885147074,-0.08107841496837086,0.722751737620336,1
-0.17422358214203235,1.6522311384154755,1.4212505537416862,0.2508070406598377,0.165881974476423,-1.6367923598707297,-1.0415678851430523,-0.2902209691728793,1.319332720877899,-0.6752351253104234,-1.0405713935129626,0.8275991618977846,-0.025985448288877364,-0.08029246237575971,0
-2.785979365027529,-0.846479329224855,0.17306272010323892,-1.5984652997872653,1.3906895253015792,-1.84333563073274,-0.3172908618897898,-0.4391915000887906,0.974394443225624,0.7659683817026419,0.7075011735421837,0.4060095008276766,-0.7594799793590465,0.11088906480303022,0
-0.27621400188502687,3.0736570682583877,-1.5182265308910639,1.3132515019975697,-0.04901887156717079,0.42491832052933687,-0.9246446475866333,-0.20487914319963688,-0.6874801709625282,-0.9516530668007018,0.35359444765503517,-0.5171489739933863,-0.9753608731150046,0.3020394295076624,0
-3.3809036057313864,-1.1369239405992975,-2.145087367113995,-0.32430479314013694,0.37352551376411736,0.191361154497344,1.026333110270715,-0.4934285039480516,-0.5001270244681911,0.24114912306300662,-0.9424373675389266,-0.22585505072326004,0.054168245345685144,0.3070060438838411,1
0.9174959127058601,0.8088995881776269,-2.302892474806852,1.2869186343902876,-0.7105360017885366,0.43058868266562456,-0.04122989459744274,-0.5864427201815521,-0.07562501065675184,-0.8006250250233354,0.3720306921437529,0.6642918622677588,0.16954073426129945,-0.26770240212201757,0
3.0805422767648944,1.9825058806678466,0.5712165732425921,1.6805341873311768,0.5027823220482097,-1.4287463008995107,-1.322062303345758,0.9057368333001882,1.010187854766979,0.7891724363027313,0.5387919168345174,-0.006792629879802036,-0.3783514344374545,0.8165155594367081,0
-0.5657635651150198,-0.852418122142586,-2.346460891387039,-0.11590479218959715,-1.3107702175577791,0.07115386131627396,1.4396587510753305,-0.35815699095064274,0.3072020580556305,0.30487584893180264,-0.9612413987683696,0.22690035219522678,-0.40940065068658044,0.6627972896318975,0
1.8980628392132013,1.3752092430108325,1.4008446345442824,-1.7662848549951087,-0.6395268455466125,0.5342006060395396,0.871454864430504,0.18750736547152697,-0.012951564540421704,-0.14895885300733028,0.6442282261089817,-1.4924836792632288,-0.5796803609162977,-1.4015672420014496,0
4.4313858587762205,-0.24481578791853872,2.3433357211396406,1.0571160032249052,1.3820318499947468,1.5354184546168943,0.319298823440735,-0.4994156224589287,1.8452078096744209,1.1406237651442732,0.6273490826479803,0.43403223924111217,0.45766525006000214,0.4618821582835517,0
-2.3188993777558813,-1.3268116735373532,-0.9735006770361772,-1.7537896905134778,-0.07592775363750182,-0.7839528224081035,-0.663498265998101,0.009553859462607733,-0.9778810561779742,-0.22025976923739726,0.5965651463164587,1.2829020740740011,1.612270003985476,1.1636832520384752,0
3.394568573716421,-2.6956354233252644,1.0048130422502948,-0.9602874532440084,-1.4311343583796485,-4.150658917005585,0.034913728392744627,3.1376074266456153,-2.2526340774545726,-0.6008057394494337,0.619829420792896,-0.09745384419692782,0.08355513386298075,1.161797800554209,0
3.7562260110208814,-2.022745805891417,0.49821227936758905,0.146578386509847,-0.7949539084132089,-1.3631123793288749,-0.10385738348580281,1.2649070063723864,-1.001298525921116,-0.11825210324045561,-1.023744108873102,0.2837478937589653,-0.6232834678942313,0.35635133573981004,1
-0.24465598643905645,2.4584676291615857,-0.4797446979592871,1.7620079739777297,-2.3184230009388798,-1.0617924567328427,-1.3664096004861799,0.10807635995914175,0.25744341977343166,0.6375937288832196,0.43629068386515873,0.06843259736215973,0.12645565857974772,-0.0926475347769821,0
-2.331505519324149,-0.6601497010462399,1.3188770068402749,1.5169980987237475,1.005137142246631,-1.3694895930397157,-0.4807843635094117,-0.4915966685084935,1.197074596104505,0.4902720808027709,0.5603730493676395,0.43041389723827844,0.49902303767034023,0.09051041910036364,0
-2.782094957450429,-2.0690401305814166,1.0793838838440755,1.336398816921956,-0.4720103384195858,-0.14251561321017145,-0.33736432203919414,-0.795271445268615,-0.29481115844918204,-0.24274624600822997,0.44343181258749226,0.39009598452376404,0.10087706119559357,0.4635382347526058,0
-4.098879472301299,-1.831492679402617,0.9371578824987393,-1.808339723417867,-0.31067458995020575,-0.17806107591166395,1.0737452804403071,-0.3471470992614136,-0.3764308246491102,0.07257089843943529,0.6528290510699003,-0.12992969630455953,0.22978407368642087,0.3593002068787305,0
3.2762199198105018,-1.7630107505904467,0.44050127386244964,1.4029794658615817,0.4687673444112128,-0.7308230136104946,-0.41077735373990054,0.929466582009546,-1.512889570633854,-0.6659171901372826,0.4635936738507814,-0.08698217817815505,0.3621419423040175,0.047332849703474185,1
5.265347401742557,-0.3961496702077507,1.9066481636358454,0.8688122679886455,3.2352804494526985,1.4107144236647051,0.5972266210392352,0.582313935591625,0.25323417700789463,1.1803568714770534,0.5054474994548167,0.990525887936189,-0.9877960401916096,-0.9262468454580366,0
-2.7863345527543584,2.8923472681402873,0.3009245797628994,1.0303346978862524,1.6268219062469194,1.1545365701408468,-1.7480450971562218,-0.42941897229677367,-1.7788210651642795,-1.5921649146306813,0.21128343102854732,0.5779840954033403,-1.041193328730124,0.36406488109109314,0
4.750640131743109,-2.577412154624154,1.0275152137571035,1.7298115042824762,-1.11527040754415,-1.6594981330405112,0.46656012775147737,1.8750308761076036,-1.4506239259773286,-1.2023857875036499,0.46033343905486607,0.05146600176145008,0.6156351172426212,1.3336220665028657,0
1.5262158893878597,-0.9267789554136279,0.7701002267091831,1.8945696959239817,-1.0557872433680986,-2.5826555500065105,0.3620089787029178,1.6459964337342554,-1.2673422090259876,-0.6171340195115491,0.526234291804046,-1.4664834100725226,0.5877977351208807,-0.7330380843427021,0
-3.3565909169279755,-2.043349436203053,0.7648762081228776,-1.623906270236953,-1.4186263596850157,-0.6660197845994367,0.42115096739704005,-0.7088302747668297,0.18715031169666932,-0.40839409169884183,0.649539882536076,0.2790584044927063,0.9214387986920977,0.9001327420995051,0
2.3083003285094605,0.5226263748485669,0.20229452508871806,1.4948317976102123,-1.2507289342135546,0.03444123987353537,-1.7474964365279657,-0.6833090817408117,0.298832676584744,-0.5874521807153075,0.4329824953107037,-0.3011250799663187,-0.4798131517916025,0.8237118597091764,0
4.469478712222623,-0.9202126144051986,0.9229513458558847,0.23591654004390467,2.373741597100388,-3.0567420998443824,-0.6856390093526279,3.1007289526716684,-1.469640041741343,0.6865655669459761,-0.8970134761770172,0.6114326510145135,0.22386136831652578,1.3085804771363336,1
-0.6691148862649414,-0.2774290841918427,-3.0152351054323367,1.5446966094116552,-1.3114137232837673,-0.9376440259979754,0.1765399147431851,-0.4630699490402213,0.1454377332897192,0.36695715463772255,0.526743196587644,-0.16884125580947001,0.23084044320909897,-0.2399773633361614,0
1.4718326116803133,3.1067015845974075,-0.39328509354667607,-1.3881280146026047,-3.4881501152615364,-0.22390849844810376,0.5441237679013717,0.6460028378974471,0.8900133771869311,1.0495642434879127,0.5774934886548238,0.8326372324189102,0.36965796035718684,0.035353784002692915,0
2.582995001903952,0.8085946743902718,-0.4835499286514837,1.2626028325544918,0.3700849815388052,0.7222012180975695,-0.9920576894729096,-0.7759390663759034,-0.33770454493452856,-1.241089899362156,0.493660490343166,-1.4358036833517533,-0.23576634866509302,0.3995869969895873,0
-2.1804294498464833,-1.0265373988518414,1.746109162799588,-0.061338680547773194,-0.6737162448863041,-0.37091206277763183,-0.5339789514918647,-0.5071672714716062,-0.037664309608837675,0.6152094270528013,-0.9121435462922929,-0.4496021046675603,0.6863004827941465,0.018289779533267457,0
-1.4624400342064838,0.5675991211480234,1.1445758280818974,-2.0361254451803346,0.992376086355526,0.9338861444197936,-0.42556817205033903,-0.3959408235651867,-0.8816177631334842,-0.17243723155231536,0.5851250209674317,-0.3620309899489438,-0.572023378814388,0.004874646220410633,0
1.8396187772302428,1.2504115411085281,-1.154152894580875,-0.03020846658822368,-0.36915890533305223,-0.04093444770098666,-1.4400665206084804,-0.7452262050430721,-0.0523808243248138,-0.7823428320780397,-0.9438321764041725,-0.9458920032916095,0.6114898483099299,0.662683303178956,0
-0.17161326669285418,1.6180058168929643,-0.0844159929254481,-0.27743782513872506,0.8572739863258376,0.44028424567628277,-1.564231997989694,-0.2918067977749064,-0.7662619167955661,0.8403797264751163,-0.971241300252518,-0.47040096594624164,-0.14330882553355992,-0.27508687124886405,0
-1.7986113725281339,0.056693766895450484,-0.4606785308686746,1.2988045280009537,1.1484834029494817,-0.3709553977026099,1.7919182414387687,-0.030420432310013585,1.3457348637112172,0.7118697735451097,0.6056211709062552,0.0908668796655838,0.754013644404058,-0.16030332114849583,0
-4.236417568032561,-1.6953687886802804,0.08736704283577552,1.2531922321728426,-1.0372046858171995,0.3411175743791689,1.7642122501525177,-0.07497254860187613,0.010568050112843203,0.8965592712599945,0.5066489143791831,-0.015654952075974473,-0.32537180137696065,0.6739644013049337,0
-3.156508835975783,-1.9508557319683861,-0.5420334752663006,1.2818227295538387,-0.2449327552585603,-0.10371109268612398,0.580459554659423,-0.591917478097906,-0.4167370195114728,-0.07154352983522785,0.4530925872051575,0.11449032645417372,-0.5937277219055157,0.3216313957308379,0
0.38545108563096697,1.5610976630069613,0.07118726868104146,0.9484848932676223,2.575356110726794,1.3730767730192381,0.44174776405031646,-0.44059323466173617,0.8029312827157723,-0.2601430881055097,0.4908337711832606,0.7410527268166769,0.6624370597316627,0.5327477088318686,0
-2.714237746825907,-1.4563506941179503,0.5151409270263378,0.8558024797421024,1.8316461212307138,1.2858005972762758,-1.6178610661588664,-0.9631575244666815,-0.7978309616910684,1.3041114325496788,0.5770101667020525,-0.20302285681213236,0.8664928266166088,0.9249122768557994,0
-3.033747834302523,-1.6755018636478967,-2.199643509783763,-0.143915141018795,0.6585115447729943,-0.9116731084331346,-0.7374834042515822,-0.9652779901433263,-0.7500520951886278,-0.44693252126594174,-0.9893443868993275,-0.2395071821716623,-0.55176828471953,0.09939278704746937,0
-3.563273903157185,-2.421619225357666,1.333605649097175,1.063019999846261,-0.20814238801742335,1.1498692911271244,1.5425925309783053,-0.2316805494272948,-0.1321854705111498,1.2335471879198958,0.5496890569317542,-0.1444575497142152,0.07489794521333991,0.8756498535516377,0
-3.613036052103895,-1.67878831716722,0.2772635975956535,-0.5731295849516442,1.3122616178183042,1.2276689884357928,0.4025974204180378,-0.39641275780671753,-0.656555582947415,1.5377032945897422,-0.8772235629892838,-0.4470815103464707,0.2296680511222315,0.6758539381455683,0
-1.379860673276727,-0.561438094143268,-1.0637816331744183,-0.31905161871041454,-0.05164284171755884,0.6265040674696933,1.351334196555536,-0.34713036550178755,-0.288893769848849,0.6657254665113417,-0.9228357909308177,-0.06726575074509858,0.2495753218429879,-0.000971536140592188,0
3.9170725146428307,-1.4432827583913839,-0.4695125686877622,-0.4134418056503105,1.1673283932710512,0.6990940569930074,1.132962494269399,0.9741829146838262,-1.6065685067180993,-0.5552803629931738,-0.9829215889014911,0.47276137720026,1.2006962459731754,0.11632156166300547,0
-2.9412216892194225,-1.1403716927943823,-0.3426065274606455,1.3664619872582944,-0.2558556949086761,-0.5226784421417825,-1.1623389550467729,-0.6576489086819317,-0.40096141904685173,0.7620604904262057,0.48394391884612303,0.30368022594483923,-0.06947637631843279,0.3751706089526973,0
1.4811551969487051,1.449274051220761,-0.29021921528676375,1.0325656677369768,1.8648767743695007,1.3484227985155128,1.1213909855989566,-0.44225181223882865,1.2647937592318919,-0.6411930656887854,0.5331959995564436,0.24145265383842454,0.7415118992695433,1.0121865914145953,0
2.535436605052189,1.7749054509847824,-0.05712910923008165,-0.16959035588397076,-1.3476247478760808,1.0853912915588613,0.1454198187576899,-0.07100199953733419,0.546275067912088,0.39734126482516935,-0.9483890833130347,-0.3395290211764224,0.8217111140053351,0.32732536059891637,0
1.3683136132217706,0.9842292398447793,-0.01579038277180359,1.5278286043758194,-1.6500943124679657,-0.23818518507415043,-0.8739363059651079,0.01502608996629218,0.2165600835554956,0.6958072443174368,0.38585978670492477,0.4172870987707253,-0.9201990379074013,-0.5256220538165751,0
-1.7621961921685043,-1.3555478639248117,-0.3438800575111011,-0.2793483745506924,0.6904849392069009,0.05104465550754573,-1.0099432050307402,-1.0668914353418066,-0.5779598301369173,-0.27132284617872626,-0.9652335357042844,-0.036465082989248596,0.3621607784786515,0.39867150432460086,0
0.9004901472181593,0.6666255868162752,-1.0196386894600749,1.2050401593472373,-0.6735950868029519,1.1994343239657361,1.1293216967977913,-0.639645854050989,-0.20887694519957664,-2.3181748424913087,0.3147106664860054,0.5633122899470021,0.09465555833022411,0.4750583622296525,0
1.536793424129316,1.0867545402466814,-2.17669588048041,1.4973712179067218,-0.8372235538348589,-0.3963420226869756,-0.8702795306405722,-0.3645978418996417,-0.0572783136899592,-0.30222822090448936,0.4380976086183405,-0.5436069159967883,-0.7924859221545204,-0.2109190137626673,0
-1.5439032465535165,3.783845158277953,-1.918637239618793,1.3702539548826842,-1.6122228791140678,0.6570773645351359,1.1971500290879873,0.3863885747403153,-0.26467228605125553,-0.8076298414820822,0.28462139477330456,0.5382065900765605,-0.6862370830437834,0.31323059540263193,0
4.525991944509152,-1.1652312108310174,-1.42824749728658,-0.19705231465595185,0.7048816697051964,-0.2633023353286709,-0.19780212401924793,1.0997970161758197,-1.5105564040824915,0.3932857915119587,-0.9857734931761871,0.4004848856815106,-0.4360942065336554,0.3662767347244442,1
-0.982933604662437,-0.6703763568913853,-0.3440371043306595,1.5195273099249524,-1.1689096095793112,-0.863486357584402,1.23356746527678,0.8087311995239191,-0.5547210407402582,0.43164920002042545,0.5087518211715384,-0.17697124759357394,0.6297031971669662,-0.33940368646677144,1
0.8293370377017916,0.7632386128117754,1.7886483331183884,1.1168742968291914,-0.2440492255641954,1.6164970534209144,-0.46117923811315037,-0.5505807055896895,-0.08409360860619883,-0.29011611907654733,0.46522334705790985,-0.12397618577070314,0.7712009874481982,0.7330999602437595,0
2.4598703980705223,-1.8951711281238992,-1.9541580185088698,-1.8749660870364488,-0.6265766481940067,0.31228500031197476,0.9171044918581619,-0.8051077715111468,0.23084837406036,-0.39016774652009223,0.5847487904981836,0.7067027768110893,-0.6800213583981713,-0.5488046205582406,0
1.2676284583901294,1.1787839285205821,1.3822420808487843,1.6957409330859354,-1.5747875121783557,-1.0039273962802266,-1.4541322375581298,0.8361597374891374,-0.5189120055435616,0.8473258031818633,0.44644748427098796,0.1258628981190223,0.03616408628608156,0.23358404042308517,1
3.877363130251646,-0.8233172308636175,0.027654637517712976,-0.5489162793290753,0.6240145366443985,2.077762292190998,-0.48864875158204457,-0.925944377328327,0.14339766773702964,0.41283607157243124,-0.8901572846716209,-0.16083938650413324,0.7342727544787047,0.7256082471477583,0
-1.1234189364001528,1.1699785850934072,2.657283381632735,-0.001155714188422087,1.0926392427118798,-0.8038436469567088,-0.5250124861520338,0.04325830646261766,1.177523750102043,0.5732226826907446,-0.958206499507745,0.14507121482933505,-0.21254578555512552,-0.25877442982691734,0
4.012554236481897,-1.5465150012345854,1.2718495619093544,1.2028956795081742,-0.07461392054308244,0.7894081166843083,-0.28486455982309516,0.04663931443027112,-0.5401857791728659,-0.11954788132363521,0.45781856309700136,0.7013083634274504,0.7829700620661081,0.03401934735947597,0
-2.326844571820385,-1.3341898563229755,1.2970249118300505,1.34946438035163,-1.080117733199448,0.09675345906636879,0.00634146731106835,-0.4105265213812099,-0.032177923521176516,0.8834248036621944,0.47368083851737036,0.5689594750836358,0.09581654743829494,0.29650921936284735,0
3.100625604412841,-1.1688976425073065,1.752006036294157,-0.0717980219781576,0.4289843546551272,-0.21321551619818063,1.4553224171630834,-0.39955567870467246,2.1580386877977933,-0.016293721828240734,-0.8369358411218507,-0.3580414281896394,0.5404849834214371,-0.4932401715003731,0
3.80755424394691,-0.6242235569635588,1.3265224201139507,-1.6403792452755424,2.088166251248792,-1.6957912723225195,-0.6149827804022829,1.2786941928930853,-0.08841778078600226,0.720994331150518,0.6845394053156891,0.9645870027032791,0.1482407296175878,-0.3871489869285893,1
-3.2082934502432012,-1.0823314209217312,-1.29710959289357,-0.3448367804859699,1.3936055450348723,-0.09999845952391352,-1.1364453020633623,-0.7718811295541042,-0.9926786211302201,0.46977134494867984,-0.9689271966942965,-0.21469033918049535,-0.4988536712141646,0.15052110777902972,0
0.6926139303762109,3.095388039112528,1.6729390147363845,1.2267488976974559,-1.2428518796425487,1.7238183223355645,0.5795659484959086,0.3310290705414476,-0.08437889586401545,-0.1201134944271796,0.35325172586500503,0.14828502014847028,-0.4259336446805365,0.526222892385395,0
1.0707903968295225,0.6842933283205996,-1.8811848040458055,-1.5836716866259017,0.3026141716288962,-0.9976223048721883,1.7541252994641712,0.02176197848948847,1.9438764505024906,0.7676102480624922,0.8568398736418289,-0.9834773252847266,-0.1364060464114698,0.6564443728393501,0
2.5559061295766474,0.9106518793169159,-0.3650737778642678,1.5973951750372788,-2.3811553734694906,-0.017048509094703516,-0.1389540626234262,-0.1675389557551585,0.7963017954320848,-0.2639240355403455,0.45950399228513167,-0.426549300944011,-0.13813311091644706,0.45748876283937745,0
-3.2900197918166283,-1.5647569742080043,-0.5430175787464203,1.2150306526146784,0.8470368310621794,-0.17443813535890826,-0.7585413514337151,-0.8122944850680752,-0.9138762432341656,-0.19635007584421926,0.4517453541964673,-0.013095402745819688,-0.10070153175934415,-0.0528415687299206,1
1.248890895934237,0.7738544810357066,-2.1696473677504504,-1.3497514155126156,-0.24254394152161204,-2.2215099053231966,1.8081100984390088,1.0521885980542105,1.3705707130607265,0.41331421325120415,0.7673864759866258,0.07809417685541907,0.8780507337099378,0.008915893468353434,1
-2.7927680726949444,0.5854818439642645,0.8331877748735499,1.287017024631414,-1.0710853284011448,0.6327030767329241,1.4451058315960035,0.15723878399621963,-0.3136927738740367,-0.18333999358925326,0.3553648183024051,0.1530705035137967,-1.277850875527303,0.11365133391092908,0
-3.062082667316983,-2.286931608932494,1.07641013092729,-0.1361358535825672,-0.6246510729988575,-0.23253607365026896,0.6790087700130593,-0.6049097713991773,-0.12068476357787432,-0.5457686057539176,-1.0144472397589666,0.22926053158966822,0.48652974406124694,-0.0119941790032038,0
2.140791806970332,1.620380844605333,0.38850994647131637,1.3778498169040756,-1.4441854436217114,0.8255082790439033,-0.8252667459663088,-0.10895323877668449,0.3804519612173608,0.8906561898251688,0.48551302264751245,-0.1496779783419683,-0.3145683675413302,0.7560229439244381,0
-2.3680289912729093,0.8149970136698189,2.1209151691403476,-0.09298715295685411,0.8892358056889016,-0.2909734476162409,1.0074805323076872,-0.29467518998018805,1.173931515332056,-1.440632412364742,-1.0310916109421637,0.5606507674241774,0.5175430343944928,0.5193296494923372,0
-0.34289709273611774,0.0996113296139236,1.4522501766257647,1.5125318720895196,-0.3124831303941584,-0.5319451491872457,-0.655546791446468,-0.46510900328822596,-0.35486047383578906,-1.1851408036383126,0.47643760066604285,-1.7056218785093893,-0.26799609495834925,-0.5550202771345694,0
0.39239538205581076,1.6623566495414612,-1.5554987261570319,1.2994048446541195,1.1177733474093465,0.0585587485081715,1.695365494017433,-0.02100316671962939,1.3418061486213788,-0.5413158522876919,0.5118219398219296,-0.08550408640210842,0.04782496038269028,-0.10687699966828701,0
-0.6994071750006642,0.4044664244255328,-2.800185025726942,1.4159708810994804,-0.8858924959757806,-0.5128317366811364,-0.08654181244602624,-0.2196585616016108,-0.03871324252481331,1.0317043080968396,0.4956376875797173,0.47886998696205935,0.7946951149363299,-0.9541134383598966,0
-2.259779535831609,-1.0216157438640183,-0.7575090987072652,1.0493977274824824,1.258568556937359,0.5365949896829766,0.5026617138035248,-0.5610323049204596,-0.9410768561811087,-0.22929580309925374,0.4819688424543503,-0.4039012332190373,0.4465203110092189,-0.9402114152373166,0
-2.2125027639769543,-1.1584164361839941,-0.008044298538564114,-0.32089846877523376,0.6561952235241191,0.29267305906236935,0.23198310492067165,-0.619293542035707,-0.5952552805488128,0.07879750208499106,-0.9471480450486862,-0.4493766536897903,0.042301324992985403,-0.11831738344519349,0
-1.223769448574839,-0.740438189106387,-1.8800853339564647,-0.08749911296827145,0.0967401275648545,-1.1064002630189163,-0.43007355850959095,0.5474325237454103,-1.1312897777451865,1.1849563318617766,-1.0160912163591354,0.8548053110627856,-0.5017168957746697,-0.11914470051392856,1
-0.9769213086092191,0.9572003751318917,-0.7692154840340217,1.4014938164583386,-0.19375616247976662,-0.3143063480242899,-0.4096120852735044,-0.38239292265282215,-0.3955118655002088,-0.8343737911531993,0.4546261380272005,-0.7493217628968933,1.0303534304219784,-1.0713952009793644,0
3.090218295966287,-0.779015663258793,-1.1961322988213614,-2.2313875267025924,0.9244507620624582,1.7706699757338022,0.7998482626851893,-0.5258484826689782,-0.35266521455798655,0.35160985406445106,0.5878475794804412,0.8265968242321448,-0.40800441749455707,-1.0961967914589048,0
3.927534599776816,-0.5801555664282386,-1.2221657861954491,-0.15704934878478438,1.5619675109091409,-0.19141239862764953,-0.4570910574621133,-0.7818353379381376,1.778389544770028,0.15288959888144774,-0.8318190702177343,-0.33206342015556306,-0.4523339275731589,0.9349636138444968,1
1.1195857997681473,0.789409425298724,-1.188981081937957,-1.5172453806265171,-0.5563063745337391,-1.1408021361560012,-1.3079417004162226,-0.5261264390645799,-0.3209238521227073,-0.8721962435981432,0.561359303519346,-0.2745985819941051,-0.2845201197615219,-0.8669198648008194,0
0.8695999153556803,0.6901962074170772,-0.3643548895889015,1.3180026763763204,-0.9949952497799873,0.778984377533816,1.2992828588448837,-0.06315201088409053,0.10834852292027121,-0.3659907111453597,0.4797680670785292,-0.9519962180386657,-0.6268272317230351,0.2606086951585279,0
-3.439375048860974,-1.5120621418118396,1.9226706342099664,1.316196616121526,-0.28898705814058584,-0.154051471884576,-0.6370394532281842,-0.44433439939485464,-0.31668026888467904,0.9756453470748924,0.5201326275556392,-0.29058157770639503,-0.06567601464721165,0.3674797441355371,0
-0.760463452079585,-1.0464581623884155,-1.761041188031167,-0.6799559843124329,1.1132441773290263,1.7635805392664543,0.9692436204901236,-0.41337203655167454,-0.4011366213512233,2.0509296642233688,-0.8760361550055032,0.06059827882271002,-0.315063389471312,0.4508667671583643,0
3.4583910466252648,2.0216656392263124,-1.2894361792849411,-1.5769063441807498,1.0199611238679014,-0.9139663650494283,-1.28912952729307,-0.4096420230004453,1.447082618448488,0.06733353965093125,0.6855062492823342,-0.029638729899915908,-1.1488147166054175,0.6525934746297246,0
-0.6564427965601756,-0.4105597008025722,-2.5653711356935043,-0.33841120492681653,0.11386215345439867,0.5640756548184566,1.6263167574755504,-0.31037757844877,-0.2955872019604161,0.45855584143777667,-0.9355972373425137,-0.20079106747112307,-0.186179771442152,-0.25643937770354025,0
4.091316281192485,-0.5533337428114726,0.5012962361994449,-1.7715465086972422,-0.6124798316245835,0.3780454018112018,0.27875655333669647,0.7598387866895782,-0.24078987263067517,1.7867537982123607,0.7688405214953102,-0.6695212416675672,-0.9310161202076631,1.104709863719662,0
0.3695523319723465,1.5746158469749878,0.39029155381197866,-0.08784540591495754,-1.3049341466179483,0.260784919172702,0.7426516559802625,0.58169365550038,0.05384364845529952,1.3998986038367556,-1.0472271623988367,0.2570199168080478,-0.7087706444089131,-1.4938452028419378,0
1.890214420022184,0.09965569273540384,-0.218463675337873,-0.43648911497553355,3.0654940122164858,0.27171238423709576,1.1439761266982855,0.7725488470028304,0.3241590202102549,1.7138459795755883,-0.7882599861893753,-0.09344310411148934,0.6067736793281918,-0.029172057268734116,0
1.6915420342662828,1.2839029233019181,0.07222793170015525,-0.1567961944972055,-1.2622348914782933,0.9635182049125933,0.8619037060855118,0.03587711991396616,0.4055192560689589,0.38224623371335426,-0.9355475286281009,-0.8635693413182706,-0.182681549258678,0.49451630899435833,0
-1.6157761225971308,-0.5903178300561474,2.126198473582197,-0.09509315354199888,-0.11968180010122108,-0.12260476535575422,-0.7125142754266852,-0.7182529107155623,-0.4842814687172735,-1.4725278612870198,-1.0826620702366947,-0.3227091299866442,-0.15106278044179686,-0.25456917361497045,0
2.2955507667074393,0.8788297254417691,0.4877332745056982,-1.6536013893233246,0.3837540280782308,-0.5781868506591965,1.4154513885484448,0.16015962598627534,1.4502335878841197,-0.1808237664996647,0.5320634724780916,1.1135255799426296,-1.7457187437253032,-1.2010859534092488,0
3.297040189419179,2.0062121066782534,1.582761430933184,-1.6754321448762446,0.18372462890977664,0.17277375278587292,0.1781534802336241,-0.0813192190283224,1.9435493998937676,0.1463313218472171,0.7071430293823138,0.31195750015527857,0.7275506805427489,0.6071235181412482,0
3.540050450480937,-0.5092281763942974,0.9106869867104914,1.0980569963159188,0.4474622145092725,1.392502457871736,-2.058252869600324,-0.9192239310622871,0.11842819417456764,1.1986507305014296,0.6308707789466789,-0.9549802374633424,0.04782432532661789,1.0316675939478674,0
-2.4391240279080213,1.6984522612041368,-0.8922921639250325,-2.1593084153247166,0.5726561870124987,1.4001524672574455,0.8551617655087252,0.11791764445532811,-0.8264574280113455,0.708846493582104,0.5475928927339462,0.5243730877709704,-0.7065565107693772,0.18403517066035657,0
-1.9915098080706817,0.4546182990244522,0.3905628174963173,-1.9344687790566877,1.635973884080966,0.06542903165323719,-1.7082587274080023,-0.8151886733730143,-1.217506197639004,-1.0279653058159166,0.5879360714767988,-0.7093875339315694,0.10437707514879044,-0.22192866770996747,0
-2.804686757526312,-3.5261164767314246,-3.2971766022071085,1.0068497252955302,0.19595277166469727,1.551210487894347,-3.0296637689137436,3.3771266752124123,2.149492863437923,-1.1994209653348964,0.5044204263721778,-0.2074240839688726,-0.6121893923348444,-0.8256811174359436,0
1.383347466284009,-0.12130352046757345,-2.233360668890828,1.610077464401699,0.07853217371965968,-1.277258461059604,1.2040220744628025,-0.23535945928820853,1.8787601353461691,0.21005279878266822,0.6074647021226253,-0.44604272084117513,-1.1243656519006084,0.7732546000748262,0
-1.4624400342064838,0.5675991211480234,1.1445758280818974,-2.0361254451803346,0.992376086355526,0.9338861444197936,-0.42556817205033903,-0.3959408235651867,-0.8816177631334842,-0.17243723155231536,0.5851250209674317,-0.3620309899489438,-0.572023378814388,0.004874646220410633,0
2.3834706147445557,0.01761122745796626,-2.0701481062354157,-0.29165333573001684,0.6012707099606474,0.501321816605194,-1.1121422608269322,-0.6570943977629988,0.006096059621811001,1.4058433463958968,-0.7770863221620692,-1.399611692972081,0.3512114905278309,0.44522366562186444,0
2.293020686768338,-0.16368552186652494,-1.1382660399229154,1.1421062508880002,-0.35968136761879077,1.2351940822145415,0.7499638193342926,-0.7050702508786295,-0.10529162053762235,-1.7693909288328724,0.32833549950752455,0.5888238893979477,-0.14435564989770602,-0.1043390140918683,0
3.2223171986430685,-2.2470672593077716,-0.6634874368447892,-0.07415090637621219,-1.3112436437535013,0.194372347271033,1.066868480027827,-0.9001878710299508,0.7046673556348129,-1.249604785733993,-0.96393989867799,-0.4612097130329921,-0.06265298434032916,0.05002254638206563,0
-1.637449316255939,-2.3934497795748,-0.6241844880140062,1.3332035599847316,-0.4812330853317989,-0.2884726219610525,1.1925384690036047,-0.47757067521985713,-0.0797431270161987,0.16050551966383872,0.5194758126452923,-0.6385353487361284,-0.45582990966621495,-0.6638300071601855,0
1.5946995168983444,2.0789340669978174,-2.25525297764195,-0.19859413180510166,-0.39249398880625536,0.8107310133749589,-0.5742890942090091,-0.4110461641983133,0.08848067814516788,0.021200827444829533,-0.9163315168895855,-0.6660158484124887,0.8087237060453883,1.133958757456924,0
-1.243742762228732,-0.19956047410764627,-0.057461996922821335,-1.4991653626667065,0.5332064753348275,-2.0018976737237044,2.508040962329309,1.1781415602972136,0.8257990783867601,0.5129364260418234,0.7306686720797181,0.08130240866629428,0.45790311593497435,-0.7958883368959497,0
2.033645595163887,-0.3082913086952822,0.2837212415863751,0.14192750812891491,-1.5757475935838225,-0.6026203869602763,-1.3111442583639596,-0.779154558354311,0.43317011171784137,-1.0914821418687437,-1.034786973431525,-0.5877423497409943,-1.1763855603967288,0.8731548144618352,0
-0.3343992954320527,2.67498746988771,-0.5527435827079102,1.2129194670139576,-0.14312289647180754,0.8437882095574334,1.2882452989028192,1.1059770560091684,-1.3325120789023785,-1.0340695093617573,0.2908817999527687,0.4571186870111999,-0.15132732699379078,0.20983728519956604,0
4.315566750723171,-1.0454555026115742,2.0689543219017783,-1.8781308490942128,-0.2082436306815679,0.7151647319370666,0.6149418947605853,0.46352372760895744,-0.5027458780456281,0.29167699010774834,0.6438924406183839,0.29051976311023187,0.4068348316923279,-0.6272467516534611,0
-0.4589547307238066,2.6432681221129855,0.5993663359423692,-1.7247988492070763,1.2790397113065204,-0.5320337485676574,0.4236975936892781,0.4664112691784694,1.1926858672014975,1.5335725230608266,0.7615624889556663,-0.47516398031227236,0.2329167012837924,-0.6269575818579836,0
3.5795092121843077,-1.5180251862829177,0.14591705723765608,-0.09669265456066223,-0.8677541667340852,0.13288497160538457,-0.08337087522980656,-0.7192348924816077,0.45183561752998724,-0.05579577759704218,-0.9541021621942123,-0.36800176374089044,-0.4520855488369603,-0.6994537729696811,0
-1.8945975652833762,1.7982783441532229,0.5458693739011875,1.4412748020594701,-0.8969527279125276,-0.26050790752868774,-1.3490495478750544,0.0404253408833607,-0.41362825805099585,0.8808838946838248,0.38164109966057097,0.4448143534136492,-0.4814425636447146,-0.4315424869507833,0
-3.175844712637221,-1.9125589642059844,-0.2526220127630426,-0.1700192373220647,-0.3588623396859718,-0.19623062064084756,1.3028230359064465,-0.45037609073028323,-0.25303430278370065,-0.16022952539661223,-0.9682343217335644,-0.3779046540803701,-0.43594887685629496,0.11652819251952837,0
2.8778811722625286,-1.041172809486512,0.13711315323574297,-1.9322898294657247,0.4222825741698416,0.5472961859791086,-1.213291436394497,-0.9612382091129283,-0.1324906274128525,0.14684302574834143,0.6651637864021124,0.02124564461855323,0.3153363840975222,-0.5851999901637432,0
4.387958920519631,-0.474731583363001,2.30330402609898,1.2557458499216252,0.9160686699807328,0.24317737006320042,-1.2848750655228065,1.265795527772469,-1.577233621856708,1.3319786107205627,0.5842744804713805,-0.49430542342067807,0.6381718923127148,0.352208445517185,0
-2.8571885791733913,0.9020844692789963,2.0760083814831654,-0.1416004195578905,-0.8928718364323011,0.38241055331513835,0.5308472705258912,0.10854705930063738,-0.29707510205218995,0.24209826822805458,-1.0431975080919282,-0.08204065404098682,-0.3402446740966221,0.1970755539654761,0
2.0867379274992284,-2.181871774696502,0.8067030360684829,0.03799969348583221,-1.4330975667862738,-0.584376312218105,1.9588933103672765,0.6518166953524525,-0.19460783348572022,0.06957517114990593,-0.9840703669572968,0.07570306694015425,-0.26800495189394685,-0.6351997456863064,0
-0.28072679780785215,-2.4415012013961577,-0.9486258916641593,1.3666013264171417,-0.6237826984589105,-0.2871691335795348,0.3414009137933021,-0.9185803069975343,0.07814171240554509,-0.4168396479275839,0.49811532485659366,-0.17752578221559323,-0.2189856619460325,0.04022347483300407,0
2.7079248698971847,-0.12324059286658488,-0.9173116844476101,1.083866546452794,2.1153270872799577,0.23225256577907302,0.7498904856199319,1.69518629025765,-2.0906848932813222,1.2121835533563545,0.634478235468885,-1.7986440951672376,0.03124449244005255,-0.5598035926392196,0
-1.6918528468521217,-1.129889009548079,-2.2720090907865638,1.352487482632673,-0.6525461312331496,-0.4796957012027854,-0.11001609189716961,-0.6680350854805303,-0.1375336312948394,0.04551135879155388,0.4317998166103411,0.733787625918478,0.17764571942854204,-0.39951592857228246,1
-2.861689156436236,-1.5887615803947726,-2.240554831095512,1.0767044552685694,0.6792878195076002,0.4894802575645236,1.0841699869636412,-0.6706277493396302,-0.7237084353680154,-0.2840481497692399,0.45867924628638285,0.020603865984734838,-0.6086841561197928,0.239471064596592,0
3.56609682943421,-0.27901553788967703,-0.04013450145422909,-1.774655131589681,2.145760429045198,-0.5580248312303793,-0.8766600218311871,-0.9374192786065968,1.370234649052462,-0.2542840676773868,0.7981660420136965,-0.528499943646553,0.6486963070796125,-0.23775770976551147,0
1.1518232204063086,-2.1913084630597686,0.6639659640221646,1.2178999782695301,-0.7910386560009716,0.7620514739632553,0.7629936620724658,-0.7416868195542894,0.29533415116420025,-0.15811325635055457,0.4802220208284554,0.35235856447044334,0.5529968661988084,-0.22076496212374988,0
2.185664799893036,-0.9230061417554941,-1.851599695364433,-0.2560022936587718,0.20990441759873363,0.04306714661334741,-1.1468239678402856,-0.546623938713298,-0.22906343216751343,1.681343649124152,-1.0007635483158017,0.8421872047656638,-1.3002454856098107,-0.9743393889189508,0
-0.025733025931634585,2.6607992797553464,-0.8912236523086416,1.3582680718671891,0.5847886051126177,0.12950539452608364,0.6903145764890687,-0.11067664559618812,1.4161626318951188,-0.23200973948108444,0.50500280993042,0.7520898442901929,1.0165226784400447,0.9749749454769507,0
0.4975797263402727,0.6007489282649598,-0.04534487532435466,-0.011117429895621036,-2.2213182058232963,0.3364301580119623,0.8604221439000724,-0.0005018014165369954,0.6489476036897854,0.24356245659684023,-1.02474806694448,0.2778322586755907,-0.28894786843310966,0.592089707137605,0
2.6479994633423054,0.03242047666020154,-0.08761218892476681,-0.3553457248981613,-0.16938848385424804,1.2423974744609911,0.2239618680590409,-0.7409939781807955,-0.16362004057838048,-1.5102587861016499,-1.1603321411794636,1.030203136317693,-0.26161573699356033,-0.6117681516630014,0
-0.8299881032961071,2.0998806937923065,0.642106781447133,-1.3124116516920454,-1.5517967798674328,-1.6606090526486625,0.533653939126852,1.2360654237290785,-0.7731985868766748,-0.6734716460483126,0.5956597443255218,-0.5763583871974465,1.3103977945329492,-0.7384855844541851,0
0.2310893887825166,1.5037768570613061,0.9436747084425959,1.1721324866455165,-0.16379698152544248,1.149589932822984,0.2667485050640091,-0.08132675786439969,-0.49990466043541343,-0.5563073698978636,0.3573506048653971,-0.016842027339647594,-0.5359265218063071,-0.738840379563022,0
-2.765312836424139,-1.303880992006702,-0.18716827828609192,-0.14795506563948047,-0.3916759674993222,-0.2560694691089192,0.5376591222044134,-0.5082059111691551,-0.20182399449222985,0.13878004656472578,-0.947262366509703,-0.28387852496877514,0.29249269085934027,-0.09798362760082073,0
-0.1561955390496577,1.8386817004984728,0.36176220294154265,-1.852461975380936,-0.6431768959489913,0.6996637338396114,0.16947948622304373,0.18361174236439148,-0.13839237528795184,1.3433045513249617,0.6512913321821305,-0.10825160941388379,-0.007368797772140742,-0.259771209262369,0
-1.5412325758739718,0.10371222892499903,2.587302169977354,-1.6113324863473666,-0.21742867825689896,-0.8007779211142897,-1.475242769580205,-0.3388509212259873,-0.5236163268263122,-0.34584446603800745,0.5719619398251001,-0.673882102088686,-0.524341752113639,-0.8337022713444199,0
2.4274981411559526,-1.586096767134248,1.8190214802094522,-0.05145405162129074,-0.3221066626460692,-0.504308542646585,-0.8965962878223032,0.2962105365060969,-0.6895280078592272,0.7702658756341714,-1.0069654050791914,0.6616074976029608,-0.11169135469227735,-0.7227113334375176,1
0.894795451435182,0.9758948548335454,0.5388941797690612,-2.0234759095436354,0.2776355383881988,1.3813295801124066,-0.6656715003335115,-0.6588653397888691,-0.3237532439508405,-0.527675753476875,0.5937913183547969,0.15909883182074772,0.40293509623588275,0.7494647535199661,0
-2.895813831415359,-0.9098150308571915,-1.4744329677593309,-0.2159287519579377,-0.10278640827578912,-0.06523164602349414,0.7938749412623439,-0.5906209569497463,-0.29961054963006906,0.0018248831249164878,-0.9278288957663081,-0.050999711964921104,1.239589108208829,0.06180009754694188,0
-3.3783061269291164,-0.9588597597584491,-1.190038013457309,-1.8124800977040993,-0.18711541705551918,-0.2466088319667078,-0.08270051442547424,-0.6291053996998442,-0.3819760455286387,0.26701651503968915,0.655425216369322,0.4829684195329185,0.937519720235134,0.7270526655082218,0
-0.976918610942825,0.6136736013841624,-1.3337044229944457,-0.21970165986295043,0.1253153017653134,0.10748764376815613,-0.47365991017065795,-0.37237307087242427,-0.507119214486711,0.14699637938593138,-1.0392088635608583,-0.08392089498630625,-0.8602444924653898,-0.25613446803138695,0
-0.6111211339277043,-0.4768810894095111,-2.034236731455461,0.006795239858199407,1.354071297280606,-1.6974528532900504,0.482993819508036,-0.4679741377995508,1.2240382560192733,-0.30573413925158166,-0.9520348153033016,0.49587521455902406,0.029671403938305637,-1.0592900457572454,0
2.6614178361120935,-1.3193055559442717,0.14528609396627537,1.6948918184535,2.09691202599327,-2.895275181512545,-0.010999714351379072,1.1667503886091142,-0.26013360791733253,-0.9108009139994452,0.5369767528705728,-0.4685210446689184,0.4116041747253802,-1.4172930798504828,1
1.3672335720003157,0.20782014018505504,-0.20792661340156013,-1.6556911020171377,-1.3897105213256502,-0.05632206898267675,0.18692455669094746,-0.4450644578895,0.2669038337863459,-1.0447962600676441,0.5490730876836485,0.08035597641584588,-0.17657940079210654,-0.10653788132560686,0
-2.9150030019958177,-1.8860958099357532,1.0714446951739443,1.3282628041707785,-1.38329714018857,0.34295176904135166,1.9180109104725065,-0.34114456903896495,0.20114037011184938,-0.24994198345193464,0.49121237303122417,-0.03139325839570046,0.5616724132857469,0.400734242162792,0
3.4412678693325502,-1.4191964589105972,2.180711060241353,-0.29761996112506117,-0.6188870345157227,1.112906981874018,0.3238293852331381,-0.5138663188285578,0.2624104093048757,0.46684801148751454,-1.0157357616019023,0.6377893519045954,0.0016393047101868376,-1.5702997120138282,1
-1.3027927412098996,-1.4333399347961466,-1.0813518469004222,1.096386646018271,0.42484825636565304,0.7515871107556751,0.8314449719704813,-0.8482072940273178,-0.5539334794210103,-0.6309582878350132,0.4567517243647283,0.23499195792474595,0.07783074965752387,0.17810028865272629,0
-3.0005234889722083,1.0093252781995636,1.5636588393443684,1.5027209706950608,-1.286049730616054,-0.59251198153644,0.19720936954417084,1.1692327112965488,-0.9239598079768376,0.5917024511365336,0.3689390132710952,0.7584369904616773,0.4127038914886548,0.16613241070370785,1
-3.569680882539841,0.5690728429722727,1.8947321232293717,1.3907035115268673,-0.5089819536257189,-0.07510999706147713,-0.32376912474817526,-0.20702600218994388,-0.5591703994664106,-0.6972027027902098,0.39103338828122186,-0.319021647053311,0.07433180848663472,0.043706641580861745,0
-1.8058429864041248,0.7463057627828829,2.2063615044561407,-0.32731395487043113,-0.5363703626070442,1.2847776193927531,0.9859308668677151,-0.10607955875457073,-0.27073148237776157,-0.7498475476252103,-1.0930962974274887,0.3378267379982209,0.48268309631562123,0.06503859849004048,0
-2.605553639790433,-2.0154918661445596,0.763348577329119,0.20530598360650926,-1.1169605408691763,-1.9753425823107449,-0.8957872045894283,0.27420135179835375,-0.7332609530068687,0.13800150216721782,-1.0328241734974488,0.8710447426087036,0.6049126227638072,0.27608085049799436,1
0.3009138433942635,1.0074782968039053,1.8267790129679775,0.11594827728283802,0.06658049523084783,-0.7886240192452981,1.190576322041787,0.19885844773332093,1.7447338548380207,-0.0671351839600265,-0.9131965923391804,-0.5618043322230507,-0.3864690187174961,0.16315556104137482,0
-1.4398372938352926,-1.6587067846454127,-0.022744237637284895,1.0368683435238628,0.042516180159767464,0.9418827643461255,0.6518538217915885,-0.23459138887176184,-0.1930549951509791,1.9829957251039558,0.5142868135910993,0.4377238190658854,-0.49633873178317545,-0.24108903505953497,0
4.612230513349931,-0.5840455550524842,-0.18437824372486286,1.023881169911241,1.0799255194056725,1.565148380495664,-2.2250979187032125,-1.2540116475581946,-0.13489958884964307,-0.004863612204363587,0.5710059506944737,-0.5552368493579168,0.8512132793854306,0.5203162268854499,1
-0.7977878050455813,2.7744279952283817,-1.6380729330471733,-1.8499520628149366,-0.4052281915842668,0.4592793309542072,-0.479596932467069,0.02690992915043536,-0.42762268215060484,0.8945076786230554,0.590357053277338,0.5241362060469584,0.09138514472832324,0.1477349308077662,0
1.2412281070995401,-0.49379722184066155,0.01713591123140566,0.16726091506642904,-0.4767744500059176,-1.1604968744346624,0.7487665225940604,-0.3623979865069789,2.23334392151632,0.3587927107226574,-0.8499780889236118,-0.007336701721594749,-0.4784382923087288,1.2097592316494754,0
2.9884500976031694,-2.02705666462166,0.18818354649546729,1.4718627202002197,-0.5648680520625572,-0.7290539301609912,-0.20260251461920697,0.11104304301277237,-0.5267964375592358,-0.47015904629636995,0.4396161534718584,0.03948046542491675,-0.29622156186610893,-0.8655317037077243,0
-2.3986974543373187,-1.8815902699551736,-0.45963743685175606,1.1522315541485277,0.19264264367423323,0.36985212405335555,-0.769863712987193,-0.97219818237535,-0.19483680237991338,0.6900242333581993,0.553415110082916,0.11973394688014564,0.9506946346038303,0.8641312722861871,0
3.9065581708285473,0.6318491181261878,0.8169189640567046,-1.6483097898294852,0.7842501255877005,-1.330499970000503,0.6339088638480385,3.809188180450354,-3.4575598598818718,0.1281714238503874,0.4271201656209864,1.5315012714159097,-0.763461295203743,0.028639272733564522,1
-2.081821803033543,-1.5777391622728132,-0.3139909889095731,1.27200852330328,0.4664592593566339,-0.24968790544278274,-1.234950482845323,-1.0998172822824244,-0.5957275553804074,-0.5335682028062531,0.46721212077107527,-0.018929655240345438,0.1354849947288167,0.328190921387022,0
3.0049601894680857,-2.5369042734873988,0.11706889985282627,-0.2996052900117072,-0.1343539176903989,0.7150262070732064,0.8847619626809204,-0.8858165564725461,0.09625398478753802,-0.7783346037275272,-1.0168666149327128,-0.14613224205991418,-1.0895687257066107,-0.8085405399236946,0
2.3711263677279373,0.677368966317061,-0.15268191452768062,-1.5128535134045367,-1.3732342370407224,-0.4132187080457679,-1.42215863849268,-0.6659651820568636,0.30920078371050835,-0.857045245855651,0.6165053824535496,-0.5718311100283826,-0.5821229075974235,1.1444305511214612,0
1.8057744918504277,0.8677232822189475,1.1567962848158901,1.6723350675560318,-2.620502672516485,-0.1553914397085779,-1.360553150189209,-0.37705047347456144,0.7870325911414022,0.021327118829814036,0.45905005001250127,0.06668755857487464,0.40075324532327594,1.073711094552976,0
0.7191901657021037,1.1504992271948002,-0.41092129610257033,-0.04150397034500819,1.2070665344135636,-0.7259970418496503,-1.1102303685906714,-0.794016617836183,1.3784918614043427,-0.8283888726048123,-0.9638682009368142,0.6382579427569035,0.9467417604359948,0.6279973367971541,0
0.28106539762513466,1.5472234672592406,2.015797313414896,-1.7810698447989266,1.47274405745861,-0.1605602157195799,-0.05778503049296574,-0.15630202094672732,1.1703691829337286,-0.027659544683090693,0.6801380402162086,0.15346343972331733,0.6925803121775423,-0.14559688737151066,0
1.4474608951788703,1.9258893609931973,-2.4804505592795185,-0.2698952072359099,-0.25225865787116375,0.9664549453393909,0.5211121335307994,-0.08775479698406853,-0.14862912839364262,0.48974202950004625,-0.9628577530050397,-0.3025733931770436,-0.2296233283198747,0.3125726626172164,0
-3.028795762313178,0.9266239878065969,0.7576933360611835,-2.1770603404764026,1.2626135042617341,1.3904328106038235,-0.14372815315341542,-0.4587005740560588,-1.1028001371581755,-0.6264905994687245,0.5345047318139698,0.2737874119361983,-0.006101946974543892,0.7040250345998051,0
-2.8313776449528345,-0.3102248540642276,0.49653346129854203,-0.22004332139063976,0.634446078072961,0.009309195756576693,-0.022797069232368697,-0.4487976469126832,-0.8491294092863423,-1.0313332192848133,-1.0606747164615933,-0.6879538914432942,-0.6467182494672413,-0.40946042438943486,0
-3.2558560777958285,0.7981410939470146,-1.1128142445350542,-1.921760902035593,1.409666070806773,-0.15665794441704678,-0.9615804908230798,-0.6231836700024153,-1.374242036370394,-1.2686366055861453,0.513141575756824,-0.2772170639235095,-0.8267114665237864,-0.0943121850515738,0
-0.4867178199641494,0.917475358315129,-2.0498123962802706,1.3605861895152633,-0.8145397666140287,0.03262275254433089,-0.8258274115532194,-0.5198323744147648,-0.15481681436675732,-0.03125931490479395,0.39159525938588585,0.7383598397220263,-0.02616676392713751,0.1445248025552358,0
-2.955027118337975,1.3096332485804234,2.469367406760193,1.4645590783355638,0.7234130021220846,-0.6305759631921662,0.800124357453795,0.21576651808342404,1.0520325691457149,-0.09613850518540491,0.4644683751613216,0.049803541542446345,-0.452539652065361,0.07775808238755011,0
-1.573509675668901,-0.650656629017564,-1.1830548302192243,-0.09067573995408362,-0.5963556504818823,-0.455735005485815,-0.050911126460870926,-0.44941076140687347,-0.17027486065043215,0.6149459417232598,-0.9744748736746356,0.4651484026845406,0.4789615961375113,-0.34711291617029844,0
-0.18807469179921807,0.8508198136488222,0.6338002124416937,-1.628312612324186,1.8778213073083965,-1.287818494613641,-0.2214853433075395,-0.404953549915493,0.8215994644656727,-1.0824506628881108,0.6494261010066705,-0.6280011553071387,-0.615029795104231,-0.7056839809145363,0
-2.4452568038825024,-1.0336974672308554,-1.0702645328887328,1.2485298524042872,0.018297103127142028,0.040008667591766967,0.4527835519197295,-0.5513587041186397,-0.4947555304540399,0.1363609823285616,0.48761332429464804,0.05120514961960293,0.2508499587650408,-0.14064488395985372,0
1.473501642894918,0.9302782671843607,1.0502595148713798,1.9469536122433715,0.6679046409843991,-3.4138031441637806,0.5762381570070104,2.9548796725768116,-0.5918654820132923,-0.2809827602340596,0.4919127705339597,-0.3617571359320611,-0.025683664942669857,0.1250025768278017,1
-1.3181773431505732,1.285373225273538,1.3278677352933088,1.4754079135539915,-0.9613026491893758,-0.21198013455102882,-1.2464960304992585,-0.20158378304566674,-0.4356640779483395,-0.18378600758471544,0.33149212652038823,0.7772534554196064,-0.08710648934850415,-0.374530360041731,0
-3.5623590575313635,1.0459190303793227,-0.707877383810559,1.2835357711969808,-0.747910623938247,0.3181360868819325,-0.0680261749336344,-0.2556303169406241,-0.4135493231199305,0.04775214770248231,0.38790738916153816,0.7776592542938828,0.3482998515376716,0.8018767880552496,0
-1.9464877983077784,1.6624403994841128,0.5394802418350421,-1.6948297325055917,1.7525304435890388,-0.9196271137341903,0.05592365514407871,-0.3381103379811992,0.7256908359927872,-1.1930437012696173,0.6275977088895393,-0.0862274687523282,0.08890091920849372,0.0762924090133593,0
-0.36535046088946993,2.602591979306672,-0.25352873317176366,-1.849271090236446,-0.9086747394870058,0.8497945854991716,0.6741328937499865,0.29215072355418187,-0.23624696349846777,0.5287355080692744,0.5534888097830684,0.7729321959542828,0.4664165265032483,-0.34811977308223263,0
-1.4060682694823523,2.214624549003903,-1.5483893419228678,1.4825419642543258,1.501507468189185,-1.268021756421657,1.1809648608565755,0.942507326445505,0.2565179931455587,-0.9541784718844326,0.48783060666520844,-0.1456122502917432,0.6138749792970809,0.26618990717921404,0
-0.5726039645204191,2.1708454113696707,0.08333520054142823,-1.7624180713539037,-1.3843382370963164,0.5270610097657793,0.07887927787118504,0.35085094062163097,0.1520539157111581,1.9205628767266192,0.6530207957512143,0.4348767682287466,0.2620544280386106,0.29510476140041714,0
-2.360580267116398,0.7727535998738745,-0.11042449877612374,-1.9377791296784943,0.5467343339731349,0.5079441709756493,-0.0394861774196533,-0.3907489604511049,-1.004382506265571,-0.7890297179698191,0.5075541737552448,0.29885808910742756,-0.8440880468981002,0.3836054233648038,0
-1.312582705020386,-1.1705699087408747,0.5339072165272257,0.9538270548355637,0.7621119203274598,1.238930746267741,-0.11647184173315715,-0.3385843229138492,-0.4072642523766222,2.125442632710924,0.5658903955402387,-0.12139604005062594,-0.19169998476521677,-0.024200400412640873,0
-2.6803944042593164,-1.0820003726466987,1.3093800143601013,-1.6238659364383863,-0.7672917709300751,-0.748948132710372,0.8709454492575949,-0.25436344677124323,-0.17474081532314967,-0.1340973176299884,0.685040979343687,-0.7907950544221051,0.5702076489717343,-0.6764507898798094,0
-2.145041720792,0.9430279898190485,1.392753945687641,-1.5175626188447315,-1.5460299711610723,-0.7758736782016089,-1.1944906116974947,-0.4232015191352522,-0.04413717693322168,-0.8197348933725214,0.5267141499022548,0.6142085237817531,0.9650981866719914,0.284188153664748,0
2.2023127944534275,0.784119625801515,-0.2596443896059276,1.0927304070742256,-0.2657783605646258,1.7062500783512797,0.3092006084466444,-0.564589679309625,0.0068220704781506705,-0.8921115403775856,0.4368784667430841,-0.10908127334746141,0.395033693849156,0.5361876195067975,0
0.22016033375165803,1.4332445386373152,1.4346750853062658,-1.5373145946267854,-0.3045288351649043,-0.9716042354792429,-1.5690416004290952,0.7437093883791205,-1.0174283482606616,0.543552674616332,0.6520371095299188,-0.466474528613642,0.5637023770798211,0.3477212382790814,0
-1.8322993591878938,-1.6086071037944631,0.23191582938152205,-2.207487370073806,0.964321534251283,1.3317227594819567,1.114509722432771,-0.5332333219359072,-0.38243963682675214,0.6374924145755663,0.7255694533384389,-0.3967508833288134,0.8441437885342299,0.08180582919189384,0
-1.9262499901589456,-0.7762752917768553,-1.7753876509590498,-0.05586961476851704,1.4095068909049553,-1.418070666559589,0.47407303862515426,-0.5397080357647703,1.1164813495428927,-0.0007835305476836513,-0.9533833545577219,0.7787279320317152,-0.2530514868680687,-0.28978864609981214,1
3.484686581951543,-1.394004403525652,-0.7548379068724802,-0.49248079198514916,0.1510803999159632,1.7546905212504111,1.008778051679426,-0.89530104171297,0.23361894891856252,-0.3842198989900776,-0.936313963552156,0.037261957487227396,0.7849270965758702,-0.03254193321657066,0
-2.5182793114891577,-1.863249085987909,2.2389303926273905,-1.642629547019951,-0.7026671530913025,-0.7148952174968712,-1.125192986673061,-0.7870638857808736,-0.16211570328258654,-0.17189061161239302,0.6086381220957099,0.25140066304964126,-0.04461352911545807,0.5330333618220038,0
1.807759512927857,-1.473557244344334,-0.030629823014973172,1.2431123942138658,1.6167846128104248,-0.11292770661617783,0.2976859486340323,-0.9763394469439578,1.5251295599320058,-0.680425338749358,0.5568320266350586,0.2862487790442584,0.6142775773796668,-0.11793675715605939,0
-3.0212982679221754,-0.8529583143677065,-0.811932226218332,-1.6925933486224152,-0.27094908085958697,-0.9695738725929136,-1.0028759816108868,-0.6383406489883034,-0.3581262480142774,0.3935336345819052,0.6462146015661592,0.37761686585860155,1.0260420759375066,-0.20161577491779242,1
-2.514722334952672,-1.1028369043219974,-1.572059928579596,-0.4970846346267934,0.8851204627783695,0.8877519247416864,0.8997389482238253,-0.573827091735149,-0.606080490111006,0.5671368203438839,-0.9436480060777539,-0.08656488025588979,-0.375471792553493,0.4566479590431027,0
-3.0023634702544943,1.180839723623158,-0.22667896590200223,1.2584794782151798,0.7138787900440294,0.0544609117925024,-0.8771795416256787,-0.38317806047514386,-1.1104705161965103,-0.732231758078805,0.38857259685559603,-0.35200452087121376,-0.13148298918388965,-0.2502154818385886,0
-2.4903363928458555,-1.1514025191868822,-0.41054188255779195,1.295644643339225,-0.6660427748614594,0.03602040075509827,-0.21012857717573616,-0.5442979471031617,-0.1229222917890608,0.42433846729833297,0.4559422770259845,0.7003616690042211,0.6157011263693472,0.22074618576093843,0
-2.55019706703522,-0.5094720282999744,-1.8187737024195147,-1.7103882394971708,-0.4080498114598865,-0.7348309614261713,0.49398703118337123,-0.33314738700951535,-0.2724568311903809,0.5926118926575615,0.7000453101733967,-0.5121686080753546,-0.12183478911862182,-0.18554026482904973,0
-2.9312872447847127,0.29207108520905667,1.4062256549938503,-0.23087974474006379,0.5414072618971781,0.10570555156245177,-0.7942228092684063,-0.17426248007330472,-0.7120128281941485,0.544569292608657,-0.9862777508979574,-0.9898409671629143,-1.0155110128512985,0.045670263676626785,0
1.7875589922785278,1.77421963570127,-1.3102267033430084,-1.840158604487872,-0.4269798936510631,0.7985672014673337,0.6206394696071793,-0.061671651858149205,0.05268315141265388,0.013053855011620822,0.7042481149782933,-1.3968340105299426,-0.2977869244361066,0.43229376277594045,0
3.554988307337248,-0.8967243590180288,-0.013448650466827517,-0.5354356988229657,0.5887506161691356,1.9248418743895117,0.3386852269286543,-0.8414495920380475,0.061820230335881056,0.202190876869167,-0.8970249474346248,-0.3137286785506764,0.6312840671726571,-0.05659942553815999,0
0.9443987511023152,4.256164485624521,-0.9129940954278495,1.152422521346925,2.329150392802183,0.8038597874932003,0.45979074211794785,0.07987543076461069,0.7085319366059252,-1.049162517650305,0.4919084675931658,-1.030344422418982,-0.19969203471326344,0.22042465183812207,0
-1.4993150161964695,1.8196133580980152,0.841561919015638,-1.697556105804947,-1.3449733645242816,0.13508670826331343,0.7584143899545454,0.39898652420366865,-0.17679714402305824,0.480490144358334,0.5389936711779958,0.2923641970915655,-0.6367846255933098,-0.5624279757342151,0
-2.7368341313541444,-0.3755727563420113,-3.0255965038470656,0.03424851921527511,-0.25003742136960705,-1.5570845458891087,-0.5823449658173062,-0.4450887809366246,-0.42183201490561856,0.715381767731055,-0.9445792582222755,-0.08125840601698657,0.4034688340152231,-0.9985376743462225,1
-1.7948515302740549,0.1154014800399551,1.8915427981007544,-0.20630928521729408,-0.8444503066300143,0.7308811694982693,1.6020495730343496,0.11960665508217334,-0.07739384297606361,-0.23726714287706557,-1.0318220912084555,-0.32018654359244136,0.07002851917209595,-0.3994095529265021,0
-3.2819442363004216,1.3242689624435453,1.2465293547125937,-0.36508720369029235,0.06436231832967126,1.0299782248940341,0.10897426988900066,-0.06847527762921739,-0.7866012668955837,-0.041675916819458626,-1.1136274925858585,0.3615208003456302,-1.197450295924904,0.8531369726064592,0
-3.4528211158813247,-1.1117942936812648,-2.2630435112859244,0.8907853379145562,0.17542763537331718,2.6034588656411204,-2.9276802212695436,3.746134977361092,1.923861293884411,-1.658623494880193,0.4128741401025436,-0.004824383791133991,-0.7230521763365071,-0.10010159828929564,0
3.4291861095193026,-1.4856133668179343,1.2239559947041603,1.1608310021846713,-0.25089198883660624,1.0469484099213933,0.9377121429408519,0.38161197697300886,-0.5458412204085668,0.3711914128871912,0.47316144413279243,0.5895116762793609,0.31909249864435735,-0.12507193017122756,0
-0.6268617328214258,-1.327461482901905,-0.8594796016173271,-0.28067960602631803,-0.33286895476231065,0.4643677544800627,0.7188883107148799,-0.5266784603682181,0.17292193800925257,1.090188421623667,-0.8528806633315833,-0.39520527490381274,0.6886143326636596,0.33139290381856873,0
0.9771735327016965,-0.7310055719912608,0.5275514005984592,-0.6652641293092277,1.0940481736878653,2.2012507457496526,0.5923608356271637,-0.5651124570827821,-0.17124155472196995,1.306622037326819,-0.8264680753231272,-0.7231479952295955,0.6466806094437069,0.4665362258759757,0
-4.454830427443827,-2.447143284349413,-2.4987210793499814,0.7132762319616108,1.1295318579292772,2.8605956594877724,-2.291544940005534,3.663555911169854,1.7185523904584823,-1.0814225258375556,0.5273902187489063,-0.5560277891451996,-0.29962258428080873,-0.015170300335437854,0
-3.5198071735828877,1.5083476694470908,-0.29342153987173036,1.2304982737147216,0.2578963271783145,0.2855093485631184,-0.6429651319511879,-0.44873678884270923,-0.9998218288553049,-1.0882858823352424,0.33234034080102265,0.41447242159881903,-0.010493833724935512,0.46880265287175515,0
1.987259717439996,-0.2264224934604556,-2.4021498616606314,-0.08551494486444994,0.7470071015746163,-0.4474889554480732,0.9646302579065679,-0.5410072467235033,2.1117959735195777,0.7222532849161598,-0.7254638663830919,-0.7148495493953894,0.6331407124075383,1.3189564902755775,1
-0.7524429650465922,1.6789326590180367,-0.8277456737542294,1.3549331238123121,-1.4796581258890646,0.5306919820734336,1.244326150145735,0.14372993908827789,-0.03261795018830885,-0.18442281238424105,0.37471232208864197,0.5711854842176289,0.15849598342235388,-0.30912591873516776,0
-3.4268827218998066,1.9059810773224977,0.6420751748341912,-0.2902616093919217,-0.09326986109814366,0.8159371886970724,1.3754892067735158,0.30170506469262487,-0.7751380699467418,-0.31166672260803197,-1.07544975776404,-0.32614213970437195,-0.7037415776802466,0.05500870005759401,0
-2.1792923089567746,-0.054017261773721764,1.2643807126564328,-0.15476323335585862,-0.27151656321496825,0.16518058911959244,-0.523359568575166,-0.5729984709615475,-0.5925248833522849,-1.3942161732141325,-1.160433571637251,0.3372302261459578,-1.2057389054958034,0.342707612947397,0
0.3051596703810554,1.20487719234576,-1.3652838928295046,1.3083164521252462,-0.5271880722880112,0.3250659761195014,-1.683540836590418,-0.7702306143310852,0.06786643322390293,-0.21930914334245438,0.48245239037709026,-0.17204207696989735,0.9206276610763828,0.7847564182577419,0
0.08457384297285893,1.624248348867202,0.19188049385113276,1.439325581613066,1.1889987304217264,-0.5979506716908767,-0.6449322858634763,-0.25929854993546103,1.2215041322817255,0.14070250069333223,0.5290445545318111,0.024695104318458307,-0.0053313130533742085,0.3767883127628637,0
-1.835354762969622,-1.8711140550147727,-0.2612735581465652,-0.44798508798619685,0.37291801575454275,0.925196784826244,1.2884895704949497,-0.3594575138948794,-0.2739609101252588,1.0364886260701953,-0.9340942681882524,0.054061024597515314,-0.060665906825689876,-0.10714080925022029,0
3.532711315207325,-1.122780106822701,2.4198450458401384,-0.31603000088393585,0.7254738513568518,0.5464626303771954,-0.19355289617374183,1.22734292134918,-1.4623510829966122,0.8562600205819427,-0.9512379629850045,0.5159890911745424,0.9499593618315062,0.28842895829513726,0
-2.8733142972409658,-1.2662095634843982,-0.7418668338269396,-0.30531728957339377,1.0807859520648584,-0.006716624488387685,0.2606184156966916,-0.7178444909180319,-0.8283076599276692,-0.4570892147107524,-0.9369755509207344,-0.8128462421216344,0.44455739616132084,-0.3027954415327854,0
3.444939808573194,-1.0328794187219268,0.3611027932164609,1.0449330776395582,0.6477068164076702,1.1029002614314776,-0.2128354363663238,0.32981388487626073,-0.8689585903885465,0.8861268756496338,0.46216942938249156,0.7492291322112611,0.09256700590282656,-0.3570833910608284,0
-3.220247798838986,-1.271902112244815,0.5888045421927363,1.1967470354814187,-0.7995557969734862,0.5843210857480828,1.5621969690478503,-0.11822434066889567,0.0031672731159056644,0.9962607010024772,0.5261318412003211,-0.22295168288550812,-0.11147841931969772,0.1808272015003217,0
2.5816999676880688,-0.12750839463274966,0.0708111229573571,-0.1780397049538225,-0.8881685323663119,0.7411930043995864,0.022511593510037925,-0.6427840011475054,0.03798755754546432,-1.1665671612750665,-1.1454458945194739,0.7756493175088314,-1.1572315896271903,-0.06299162873923214,0
-2.5634090328838837,1.3638502786778937,-1.7231785824613206,-0.13664780183917336,0.6590616318700645,-0.35422494528496146,1.833164532872949,0.0376717861263169,1.1661743739905097,-0.041012040244334046,-1.033970371898045,1.2199764887337667,-0.9876324864995786,0.8939681739436272,0
-1.716073504912507,-0.416837415967565,-2.8707192181314927,-0.2469527026851439,-0.17769822087671377,0.026555210184969712,0.9770719538124826,-0.33637623400651434,-0.23944200004157926,0.8549558609977204,-0.9294769566650398,0.0680232858228643,0.24177553550088382,-0.20128631970011526,0
2.027065564508453,0.4950360213672118,-1.326857857433207,1.5336090132848699,0.8542848975247295,-0.9316909028579093,0.18496399118376894,-0.3870140336888016,1.616130537850722,0.31553388432056095,0.6609266660690124,-0.7297417331530643,0.015565879777473944,0.7611973450602272,0
2.7116116873293237,-0.8552535539406386,1.7598382258781085,-1.8011101580495996,1.310146288593442,-0.2042562718935024,-0.01989713188968889,-0.7507896185810772,1.6377131474180067,0.07731386171521545,0.7334577791570228,0.5702103395320258,0.8350003410988803,-0.4015429520536891,0
1.8057744918504277,0.8677232822189475,1.1567962848158901,1.6723350675560318,-2.620502672516485,-0.1553914397085779,-1.360553150189209,-0.37705047347456144,0.7870325911414022,0.021327118829814036,0.45905005001250127,0.06668755857487464,0.40075324532327594,1.073711094552976,0
-1.3481810729596453,-1.8672112556944394,1.8311423600985235,-0.19083365063453217,0.2039089647127088,-0.2776854752406571,-0.7231361857924665,0.48206577848315496,-0.9046247195757874,1.7142949232144262,-0.9263892509682371,0.25688688310492763,0.26251980495779775,0.5892627577039139,1
3.1516252622059904,-1.440917627217904,0.2860958072194398,-0.057005195373961925,-0.4904738121608197,-0.3057355778147693,-1.174821796900377,-0.7851921111865922,0.15611347114500138,0.17655042259030201,-0.983057860855375,-0.14459153727522459,-0.5636411901740741,-1.1983570020991352,1
-3.3885025222502447,1.3938494678885296,2.622974657546374,-0.11887344156569168,0.3542627575517421,-0.11686154569783748,-1.4907984078986793,-0.20733689065335698,-1.1147732750740167,-0.7959131916064657,-1.1357180698913738,-0.0844300836107101,-0.7545106893095849,-0.029407677013378857,0
0.5319664048175872,0.33883925771078816,1.4069936678125772,1.322286944675897,-0.19312240184272228,0.31315687345966065,-1.5762661942733083,-0.46742847043701746,-0.31094319535756565,-0.04757609173951744,0.4124943021685615,-0.4707965017366986,-1.2127918199797314,-0.054817999456099435,0
2.1380684923303805,2.4745606920048897,-1.789341183290784,-0.25706536496854004,-0.29761516608257227,0.9534031931975863,-0.5376009420745347,-0.01581505285345984,-0.05872055743957893,1.2250173570535632,-0.950681064141644,-0.17391683582231143,-0.019204122197319953,0.030616819435296712,1
2.4336529603871218,0.37957201938416846,-0.6164289598885287,1.251411911401615,-0.06487501926763956,0.5996266451908326,0.20906218327382603,0.12784048258102684,-0.9107409412446881,-1.5674741552468832,0.3662800624785784,0.5124647991486191,0.44762207236749335,0.4712470458392606,0
2.6562357779096746,1.728685265174712,-1.596655294670367,-1.8652323698452986,-0.6077082985058917,1.0496672649607828,0.3570139801507246,-0.374023453413825,0.2680724612181235,-0.6820512023766366,0.6787813545624898,-0.8940310574761854,0.5993560264064065,0.7602457141800534,0
3.7386882855194807,-0.1635374796513911,2.0767076410383103,-1.8955460650294402,1.6537884622529198,0.27404355362659977,0.10966459105348003,-0.39315596629841615,1.5226209147139211,0.8239603281473784,0.747482748492106,0.40632793597389005,0.6520528204339586,-1.149738282325678,0
1.3941418823026897,2.2619387928388277,-1.7971206634800774,-0.12189714137383523,1.611105577400928,-0.5023737005289536,-0.30372189495173807,-0.2143424656063804,1.1525321973073575,0.14779470595309946,-0.9521707812265721,0.4297418713654662,0.19597338348087773,-0.43766891044933054,0
0.05656659675914043,0.6146651184925334,0.5010819072475247,-0.06556966945982434,0.07824672517281733,-0.6264115476562889,-0.8326814575307001,0.6767675245279451,-1.0937867613663133,-0.01481013150046863,-1.0605328710361066,0.04592351494064319,0.006308379109737094,-0.443581353858633,0
3.3554009352005076,-0.26870509104174395,1.7356390430206852,-1.958952782674954,1.4730148584037437,0.1862874488582626,0.606274686325856,1.6232247712099397,-1.8502964882430781,1.1212891494535562,0.7509045911995604,-1.1231413806850492,0.39026583189096736,-1.1309411510085932,1
-0.9667299545585102,2.3599567612002765,-0.5305096796119634,1.5450781272854592,0.06756506534912207,-0.7626716114523552,0.6309412804402541,0.009933734283051473,1.4802152190684572,-0.387551618284426,0.47559325141007786,0.6683106080356226,0.8226103899708752,0.25888702288856963,0
5.081676051930503,-1.886485727395721,1.364681853527401,-1.595320179885891,-0.035813484801980384,-0.8047568676548117,-0.3785211190166465,1.2376651644682262,-1.2293248668108587,-0.10913877115201677,0.641252813523861,-0.6034641037316238,-1.6749597219339627,1.0756032314700046,1
0.12276393094091345,-0.9104837392080375,-0.6335099684546105,-0.23101928816560335,0.8284916769652317,-0.06758481281608945,-1.2662091360991379,-1.1224842829206327,-0.5630265301250919,-0.7338936014819252,-0.95921176398913,-0.40086938532273914,0.5556124960529321,-0.19176266626662972,0
2.5770881246620516,0.6263574139798648,0.5915445253049614,1.5922771412031191,-2.0372882511979498,0.05934819082351128,-0.2799864290006971,-0.3611546236664336,0.5402987454249919,-0.9835618493941921,0.4254573752286766,-0.2546771431441754,0.17684902471922576,0.39842458409558357,0
1.1028682327927464,1.175715199739293,-0.04910376146194449,-1.8417144867637174,0.10936843552010758,0.5064695323304539,-1.162138443006819,-0.5721661815401067,-0.43152672183351065,-0.29341622976467774,0.5912487708527833,0.01987930722059629,-0.16487062138131656,0.2816667009017665,0
5.070381197207748,-1.7556313739931857,2.523317846599229,-0.19987341176599394,0.3453998473961244,0.39601725483714484,-1.0762889027910008,0.02084205075439019,-0.6937262686034529,-0.003003636910331694,-0.9889778370503385,-0.06588290097421602,-0.6796493316901538,-0.21527379080410497,0
-2.975673345059682,-1.0366289689592332,-1.8374903505291404,-1.6851228327703829,-0.3119519250771653,-1.0008709888728127,-0.05536557903203951,-0.4787217653094253,-0.4129400747497063,0.5031454838045947,0.6490543072993324,-0.05945923143467838,-0.7220768124031024,0.05505270116443324,0
1.9595334068792714,1.5890118894948104,-2.1468269589079405,1.4552433938502383,-1.3612593717792878,0.21714659256886631,0.3257644731863974,-0.05756790334373899,0.3203501079284331,-0.1315620118039296,0.4883532191466751,-0.8249624822335951,-0.21439321267829864,0.10402194102244511,0
-0.39848566771921134,0.9063350593495849,2.9638783189482876,-1.9481360439885858,1.9816601217195633,0.47095663216689926,0.6634356482251343,-0.21918114876321115,1.0054417891178136,-0.4896258774297044,0.6695460814336694,-0.16756185899237222,0.41324835522854153,-0.15934038412958224,0
-0.0034732896920949266,1.2885599065807327,-1.218504982752125,-0.24896873177637435,0.4519739781258022,0.2585726268178764,-1.6818192294993772,-0.40728379203287646,-0.6114143864042085,0.9609338951682602,-1.0169755555855855,0.09226558334240692,-1.0584504087787439,0.05798143790107782,0
-0.2424847375091319,1.2889893818904736,2.4896519770419525,-1.905769961098811,-0.3298144657599642,1.0759081536084616,0.751463424510052,0.3063849180624428,-0.3181785685342235,0.7709751753430225,0.6220873219989946,-0.4706566336221304,-0.27767459040386716,-0.6877081597417675,0
-0.7483146358084164,-0.8656876095630535,-1.658399538928914,-2.1259951871854663,0.36026938803989017,1.1085277009880852,0.9529646710724708,-0.4312359969151027,-0.10645428521673501,1.5199535502519483,0.7516197190445787,-0.09728620476694955,0.29407341337856163,0.4584163597160401,0
2.6830900334135976,2.0926211095926956,0.9120338548962538,-1.7617465404017472,2.2174707677912555,-0.1995510256816211,-0.5385784392558759,-0.27923763051516665,1.1042202477797627,-0.3221004105095058,0.807123231631886,-1.9784856427096564,-0.22003669635460538,0.1324014679850057,0
-1.083226716510402,3.535368262066789,-0.14305465499951783,-0.05432885458062792,0.8725571470947929,-0.5091734966922321,1.5888363971544321,1.1906450821743677,0.2080716649302069,-1.6327626042474832,-1.1817572714712725,1.5725387833701565,0.1467820258124945,0.414116787710466,0
0.6800337668545232,1.8486374643958614,-2.1019568137114675,-1.874717411294775,-0.07169720728554518,0.6411081798004574,0.7249810462020522,-0.12619097280012564,-0.21804428411275267,-0.16353077198980895,0.6800642327554225,-0.9569778179341775,0.3368269229886411,0.054009383505859335,0
-3.8460015635137106,-1.744654552797749,-0.8039197953649274,1.1139177474998285,0.7380448981006136,0.3560047145526397,1.1263838793009937,-0.6262852345641347,-0.7162457801117877,-0.5810198623096217,0.5070394501105989,-0.6592217186426476,0.4166882077538132,0.07531431118579562,0
2.1114201132228905,0.06930935551514336,-1.2900211934613082,-0.22052322507268507,-0.6438643239622053,0.9586343561932018,1.0208915530960432,-0.6609161967878144,0.2160148304713331,-1.522566217981736,-0.9843071771289506,-0.7803547127945994,-0.1538626009525341,1.2569033394653661,0
-3.2958138635169703,-3.4483270429717616,-2.4993489622609526,0.8367387864348321,0.26146997875671063,2.5099083447852757,-2.6434667739993087,3.5126124260933977,2.1777004486505396,-0.5046626877213893,0.5197959857084823,0.010747552428867699,-0.9088837800443458,0.05299387243162116,0
-2.6294998571945665,-1.7019350822591826,1.117713521362737,-2.094752796917036,0.07458048474260232,1.0641303502756159,0.8899878382781654,-0.2622699041686513,-0.09165588959471971,1.9756673876345083,0.7472490364537535,-0.25614631696687906,-0.27894426010964724,0.7709836632444138,0
-2.3466125405283877,-1.552021323415142,-1.9888845886244622,0.7542000206214001,1.5442222195503559,1.6844942133411607,0.498833306652391,-0.6134040369854157,-0.7327084065651198,1.4064499287742733,0.5185564173566678,0.507595908783512,-0.01156141075823839,0.5978896080327962,0
-2.8370046500197486,0.28205033081645403,1.0904052222428373,-1.6278338623369417,1.7315969682906998,-1.447620677363457,-0.22440755724660727,-0.26570226768262917,0.7178491584822925,-0.5232824210425203,0.6211888234324537,-0.14917849903088767,-1.0759581755711844,-0.06901545206471316,0
-3.8476208799259357,-2.96294603532901,-1.5441974675757517,-0.4296182575178924,-0.7210262041136117,1.9433000465013972,-2.269524071214038,3.532186086854083,2.4821495350099254,-1.5705853845338096,-0.9632677913592467,0.15696167462808064,0.44974613773159505,-0.008817804529872294,0
-2.94893923332154,-0.5758844402025108,0.6541462853909134,1.3054635850645067,1.9908021867567867,-0.8135131087523834,0.3747702424277365,-0.24512052752144445,0.8665820071225776,0.8718475127945117,0.5984833124505741,-0.37079233055963806,-0.4729985319397731,0.04575905788083027,0
-0.5369915891178755,1.233823691331559,-0.4884791215915627,1.1413106255924426,-0.08897306264957143,1.166435879024848,0.7350244407279692,-0.4773266401844821,-0.49412310965434597,-1.6698804462190306,0.35454506400980407,0.30578330719045904,0.7605018794285328,-0.14959604115967562,0
2.3507074410835522,1.4598501729938205,-0.4481752800941352,1.3845996328318642,0.09770434525123947,0.1932930573619332,1.10689662682722,-0.029898474895779365,1.890148744191945,0.030563626678294775,0.5019070646296984,0.5603900495421551,-0.02531797608083865,0.4812090764182224,0
0.62959807775762,3.3762429803091027,-0.9381490173312359,-0.1888087961268723,-0.886596921078749,1.1436155997543178,0.7692584129466766,0.07781800561980662,-0.16000315319289218,-1.0846575105648544,-1.0801608197875103,-0.21237251292605785,0.343947570040504,0.4944750015141886,0
1.545840803012247,1.067476521103577,-1.572517721450208,-0.1515743723869576,-0.5840678516334337,0.29858348072126895,-0.7429097656910832,-0.6010880997821322,-0.059125076572883344,-0.6193947695047546,-1.0800005328225168,0.5698479294031866,0.06033538405882287,-0.352278092669845,0
1.6023338712920459,0.2466179104331437,-1.1766125048449416,1.3449139187614458,-0.46463210493643986,0.34118509044170153,-0.3703201156908212,-0.7756382180568927,-0.2158380637031375,-1.7808404115471714,0.349500196977431,0.2776880981532397,0.03970978336901452,-0.07046761819080816,0
0.6679276930155529,1.252399284068901,-2.3161808419503216,-0.012654817258568875,1.1140514137632205,-0.9900152366956952,0.9234770524746645,-0.14217963081534174,1.3253859210768753,-0.32543252825482527,-0.9357829420713246,-0.257356786229284,-0.7518387780773115,-0.01790845448936606,0
-4.166580341232147,-0.9523292620047586,1.462547547230233,1.289915356629531,0.20249454433428143,-0.15171013039541334,-0.4768105250556531,-0.44140914469511505,-0.8034698703340347,-0.026943356798587056,0.44311283297669585,-0.10251376156682733,0.06345091702291343,0.018617602104725378,0
2.2306699699771335,1.7578880096563936,-1.1321548780966186,1.4073568322788954,1.9152475685533403,-0.9310461422671129,-0.7372494720317679,0.5301688590912036,0.2051083717795389,-0.28438991524124585,0.40835663929933225,1.1479134228609984,-0.3725853486797197,-0.31144307693095125,1
2.15197964222036,-2.0257715289525744,1.772567696889261,-0.046630781462389026,-1.4332915064561826,0.36019408476263953,0.8681655390164145,-0.6603025140582164,0.7901177242445085,-0.42850088248632945,-0.8589966075051071,-1.4329937508566841,0.19165529329025774,0.5233774559475377,0
-1.605217744244013,-0.8145752748670458,-1.033415008620606,1.6425887239233719,-1.1118370864498623,-1.725897656002072,-0.5757837667684301,0.5607523862372005,-0.7953458342559435,0.8812817566983759,0.4497350831744324,0.8169742407915526,0.30980571134105406,-0.1632544888103719,1
2.3342146097496044,-1.4572509299824927,-0.9057648845033847,0.05863005822807826,1.224198611164437,-1.2529827166674052,-0.43445449497707267,-1.235398863700313,1.820255284860269,-1.2660165422084195,-0.7994841753586499,-0.9598308507112964,0.7156526365584354,1.0320194799996163,0
1.415260852335724,1.1733589433505456,-0.5530539510033509,-0.2608757699487041,0.23137915318059377,0.5626718053815972,-0.15917103817146758,-0.16671640006865257,-0.4940120939169649,-0.22831557699820032,-1.0813591488627452,0.21866513239197824,-0.026287988144292933,-1.4958273236703896,0
3.1345727209355005,-0.7659492919205478,-1.9959917526117772,-0.25865091120615935,-0.33844198448162105,0.7825712377512362,0.6913609495261759,-0.3851670508297084,0.35396905373959,1.1761106761637354,-0.8341386689425889,-1.1328120183621173,-1.1306598224400213,0.6939269582159822,0
-0.4492371900874983,-2.1941973202051814,-0.95503147890106,-1.676668128509796,-0.9035514983471985,-0.6662571461078939,-0.44731860860558775,-0.7920814946527267,0.08327447519347295,0.7224332823961432,0.64146823351398,0.6321059920885648,-0.8041737181346419,0.5156151543321407,0
-0.3087103666337076,1.0282446627241588,-0.31129934396642317,-2.031639712867988,0.25960097761361794,1.1771200848883017,0.6705717973213345,-0.3133490039658648,-0.37836487895775794,-0.09275162253353607,0.6455808079639198,-0.3722878549835847,0.48776700346495594,0.21318605686663558,0
2.8448734371121382,-1.3113923130454552,-0.7582871357781997,-2.069561666370575,0.4095602349328592,1.119946451560229,0.9633490492808747,-0.8508601575817126,-0.052551772214080264,-0.6784208984351727,0.6491183417844183,0.0847016391589255,0.9623348747856408,-1.0823259281525663,0
1.5934780324411884,0.7372022057064519,0.4445302318787825,0.042970899411418406,-0.34864910967228824,-0.24006741375020274,1.9129791235264781,-0.03132230392179906,2.0994383129282395,-0.5391203478365241,-0.9259314841277181,-0.31095309928527376,-0.861549720032117,1.0254068940263608,0
4.097966303088809,-0.8778799179679343,-1.364689897388695,-0.26021338692454676,1.2158150389612856,0.34544381396429535,1.6622107038538,-0.6342072943004067,1.8573624594390135,-0.2305098715696241,-0.8784793980683586,0.0907460182528701,-0.5716227481716161,0.012560738827648021,1
2.9444723414233436,-1.796370595480964,1.4313166197668297,-1.1565237587455697,0.5737568579102215,-3.3652934055214456,1.0628859831599282,1.2030032561998616,0.5862597795811421,-1.6131971001417256,0.8007949193742684,-1.582932337716317,1.034908900622962,-0.07286439640665099,0
2.560941240150624,-1.2407090136719132,-0.05560021254633335,-1.6908247822645979,1.4465512273908658,-1.1636217304869723,-1.1402093177018493,-1.0799353352467385,1.4008044104262567,-0.3303907254230563,0.6400179119926922,1.310813119576095,0.2057650907888338,-0.8842642279849215,0
0.6910225250706254,2.311617513590515,-1.6121301393149843,-0.12989026376398283,1.2805672123918395,-0.41989312717778926,1.7908711056293858,1.250987837960666,0.7597645562791441,0.45445953007713685,-0.9068435458567368,0.15535655309557256,0.8758334282556683,0.30495911183734237,1
1.9433429845062977,-1.7246490256877893,-0.2761069371164844,-0.4018364770055396,-0.012850261848326883,1.0667817066994638,0.5739117471330494,-0.8634619310278365,0.046164995205420584,-0.007690320637257749,-1.0003097432283194,0.7276353205956388,0.202827698118767,-0.6019912828214287,0
0.23583079276695823,0.9009336124215155,0.08515195130692872,-2.0056226724028234,-0.4922759252336124,1.284245770390255,0.8479675885962432,-0.19056311234142123,-0.06631640718464399,-0.13135932538227044,0.5566814700411327,0.6931305220075872,0.6843261512270935,-0.28282861538059423,0
-3.5397286660852623,-2.6402388890702477,-0.9583949571508578,-2.4304654989641796,1.2674648769230266,2.9349243575726343,-3.042176591584858,3.4847214957152883,1.9647135241495557,-0.25763853562143896,0.7882999859740076,-0.7482828265824668,0.9495068254946705,-0.02384434487404345,0
-1.4412079498572312,2.2594913055939867,0.8738451348921289,-0.20384608233953916,0.5331331494693456,0.10660624101299936,-1.7716368383027659,-0.004669556366519667,-0.8896736887719787,0.6514632989762814,-1.0582044473290049,-0.05055482997121934,0.0039666681215414605,-1.10348268026063,1
-0.4259160848455248,2.053666558483122,1.0887494565255382,0.942704998317938,0.6393522814838736,2.179062706844932,1.008253460438392,-0.1382994732955991,-0.9263949098653104,-1.9351674541677384,0.25379960273490304,0.023924989920265306,-0.986959777700161,-0.18823450813648696,0
-2.963296778195691,-2.9449224587389398,1.2350995924192196,-0.05567389639525122,-0.7830788885633196,-0.5486236113799815,1.03459445268175,-0.5360905978366305,1.3572347944324426e-05,-0.10964757051966313,-0.9517024153077321,-0.46324391640512896,0.007850547635521508,-0.3357528092496408,0
-2.5932426759866556,2.130813724424236,0.8707789582367806,-0.1267888758753365,1.1985023729558841,-0.4692220887421671,-0.4270568872029148,0.047293834408037666,1.0138135912840545,1.1367975079865784,-0.955323782036702,0.6567212405581755,-0.248411616855683,0.703966562197643,1
1.1667599467884504,-0.8115932185746181,-1.253678776906365,-0.3166149860013243,0.1492667818153284,0.5548147758139506,-0.3844029940322663,-0.6664212897072105,-0.024811818635682128,1.0777345527946531,-0.9004893786505399,0.18407079301779364,0.8534064027563038,-0.19327890253091332,0
3.7662810476017556,-1.081562337337535,1.4275994869405926,-1.6688698958117265,-0.4454900133239462,-0.28895038409736706,-0.8630489344232287,0.34122217549967715,-0.44558401985410817,0.6960562892416923,0.6925757674785608,-0.10471664699412248,0.21658353473460154,0.2504042508602652,0
1.6135216504178722,0.8510117284835669,-0.6131384690033993,-0.2624574977635188,-0.719885505677629,1.0748634613147505,1.404264477518361,-0.21159071248418013,-0.049556153190419526,-0.8089282824747058,-1.0862135358143281,0.4541951574892441,0.14078900536435332,-0.8841445891269732,0
0.7884198484232916,-0.23999434056460156,1.3129562901832943,1.5631569253836812,-1.4626066983602584,-0.40229944972037746,-0.4983607543987697,-0.514046292456294,0.10263443313558897,-0.685450752407871,0.43388350319165686,-0.07226553801822504,0.09978363528446738,-0.3675326660373829,0
0.9569694787895596,1.0628653651681705,1.1527193055014326,0.4130091449969804,-1.5366279383073873,-1.9197461987133595,-0.08541864325653098,1.1146288792680692,-0.48217887048125896,0.014239243772402582,-0.905658700637992,-2.1170978878705413,-0.134787156943289,-0.4439977391939602,0
3.4094183391070647,-2.5637707913097105,1.4153974998443544,0.2923219513953503,-0.5030527314885496,-2.4075399652178824,0.2386930588920836,1.9072075444144978,-1.8765263593609243,-1.246552778105909,-1.0315057111674544,0.13095021950107943,0.7391268711121444,-0.1462737528340787,1
-1.1178871385364155,-0.2127991394339937,-1.277569310177182,-0.18994320850688906,0.21134914966700846,-0.15652472396584427,-0.8424338682723751,-0.671685850966064,-0.40303529015976997,0.43336776777038205,-0.9450096094082991,0.23934643146932724,1.090579364295801,-0.12094369529183102,0
2.2680591654823354,-1.2680158782914568,0.18311239581266997,1.5819907059775142,-1.6391310155103835,-0.897856597797282,2.0168298789881507,1.7247310467737413,-0.8921550996272675,-0.05223535865295622,0.42709665724197815,0.4108207852075947,-0.4147932585191563,0.1842231071950435,0
-1.3596254571808861,-1.2931457415567202,1.8401531689570019,-0.14670104220646119,1.4649799031076447,-0.6126301014427521,-0.009562244438887165,-0.8275261369732597,1.3030489809819001,-0.6421596520463286,-0.9389254809578355,0.6970875294791906,0.9858810202152337,0.2943163040026643,0
0.17467696105806327,1.4251476421080138,0.2813951062980978,-0.33576134500811383,-0.32155421925613537,1.2072419646331314,0.7662017442483079,0.3103760319316348,-0.1382584207902987,1.449379808493603,-0.9672265232595547,-0.32591181697355226,-0.6864819383920618,-0.039224473727713566,0
1.1079660960543734,2.6379926065118706,0.03399845989079094,-1.8765376957293054,2.493401629062637,-0.18747845150734002,1.566787794137022,1.3371690180261575,0.08721208618713128,0.446207929084749,0.7130388683779896,-0.28918787841902344,0.7796817013512305,-0.8156829338036549,0
-1.9852826180936007,-1.325249530181122,1.0638798013787263,1.384830300813438,0.2372949289926166,-0.9058824055323907,-0.8920110597286275,0.5617801701698469,-1.2615757270677874,0.959922249781507,0.4437226908950283,0.1518479426015056,-0.7398383433890232,-0.22419470624603832,1
-3.9523357197764173,-1.9253866733020686,-0.22623657162366242,1.2881571975599673,0.26766827646194696,-0.38480563187003025,-0.378084942395451,-0.6806524435250697,-0.6772750988445432,-0.06923373386409115,0.4518425250260167,-0.034055599622022044,-0.38530268418626584,0.18380482446910693,0
1.4836056984802948,1.5260129005896186,-1.9933237760590499,-0.14751130962717074,-0.5456179565546551,0.3899007542176992,-0.30842000760801636,-0.30788411713663144,0.07775036114688913,-0.12147489855162717,-0.9714948046267929,-0.517961548920984,0.20316110453499728,0.2965259347013113,0
-1.9814310314150403,-1.2983116740316796,0.4640413192216353,-0.055403376761748835,-0.8330575363620435,-0.5377929839345755,-1.1201220867644255,-0.5620297522347014,-0.04249748777287412,0.816577531524073,-1.007631787851527,0.6193066577824897,-0.2731130284381203,0.20621652339776428,0
2.047817163522895,-0.06722402814364709,0.1599139547554211,-1.8451485161069083,-0.35866520507865685,0.46681787544578784,-0.6473445270562429,-0.3845222876194905,0.2274376906267578,1.4925722377830624,0.7643112765640647,-0.4542691188604592,0.7981889748858173,-0.3680496447860835,0
-0.6496446959671038,-0.6655577175208138,-1.0972127298818206,-1.6754323605089572,-1.2705884917535883,-0.32457324201955445,0.9561514763998096,-0.34967316583513747,0.12370025238774338,0.21078561991299202,0.6383794229155906,0.42871908358566285,0.20858253115188438,-0.046226470354890976,0
2.5918699988854352,-1.3226282445003001,-1.563971683787216,1.1151576971682418,1.9758975881596221,0.2872381826127074,0.7722882691023985,-1.1176154991296492,1.3079054121776597,-0.8585646676029552,0.4901921704607784,1.0845371574268627,-0.13359290305520313,-0.35025864385286326,0
3.7562421590919777,-0.9446950562365015,-0.8415617179606696,-0.3313282087071583,1.2226068217014467,0.38191338108248885,-1.2717053842443213,-0.12696971491883333,-1.045857614188741,0.1736543445933467,-0.9567716260681939,-0.040933006893458065,-0.18092665662237511,-0.040001868792725916,1
-2.807841524178709,-1.2067116456017244,0.393251756903989,-1.6702659639971726,-1.0092915646307665,-0.6381830962089915,0.039842091443741574,-0.3479028602900806,-0.05196570562496973,0.8522478181514416,0.6540889923138075,0.1186353937362373,-0.40878050820584594,0.25217023672614763,0
0.8368284452881658,1.8406703217680804,-0.07935121810023796,0.08117300631897706,-1.6444811978112255,-0.23670322087956247,0.9469047218583229,0.4258356378087627,0.403361555229227,0.5075588827337061,-0.9091485894057054,-1.5806082977679037,0.44273774405152727,-1.213290086128219,0
-2.6481678564744393,0.7507538549980989,2.4229929568018065,-0.2116599793257833,0.32853461300925657,0.309645762249848,-1.5066364800974958,-0.3278944565910827,-0.8925272672985496,-0.06388955441824626,-1.1002794926295025,0.243927089604466,-0.6787379721385356,0.2451293522585575,0
1.3536902992249307,1.3566522310651283,-1.363657921821881,1.226820308360552,1.2660799679860586,0.07613516476513921,-1.5880722322865168,-0.6426166343278535,-0.9765168524350988,-1.0252044885638216,0.40253819825246423,-0.7890031503454213,-0.09595491525308394,-1.9691986368191827,0
1.3835412990981262,-0.5675398804358638,0.1666668579762481,0.9968372591664776,0.3812946733284205,1.6442772997526498,0.8235902465291786,-0.2016905283506799,-0.12614976926269886,1.8646052634588544,0.6203778056572714,-0.8631243230458945,-0.6083897651020043,0.09271535745644593,0
-3.54472870906696,-1.2492953419672297,1.0611661787555309,1.5246612524895313,0.6039461886458224,-1.3649531491880382,0.6306878134196114,-0.4034702978649705,1.3859286601829794,0.12495646184026214,0.5639601384789983,0.339503854297665,0.6451811347578984,0.4795337538737027,0
2.890687340836093,-1.3924260847142256,0.6074801850961473,1.0743501430926714,-0.5373333651755677,1.410142128387308,0.655584356187649,-0.42061929418240934,0.1748041590261714,0.9993757473837261,0.4265678770708035,1.0002121191265452,-0.8025025161637763,-1.1076847268971248,0
-3.2085066452103184,-0.6355351592951504,-2.186631074704644,1.4052625960192615,-0.3494408814391682,-1.0819219243146014,-0.6466360646076381,0.5437148684815968,-0.9858217317769685,1.4149049634679016,0.47156268468539536,1.0575481296304123,0.6803552811257014,0.6067246390902038,1
-2.1436088858649702,0.1890031719608088,1.6758430871622036,1.040189227973658,0.5503669578102639,1.4104874338941664,1.4954726977282213,-0.07501336159990711,-0.7208992776232266,-0.44044191776364433,0.4511365219022662,-0.8294196399105818,-0.04424638893760807,-0.3982690190267845,0
4.41025408770547,-0.7944545741409988,-0.41428147045744773,1.025422636876715,0.9864966370476276,1.3940845523217658,-0.05739156231040195,0.019521133618195994,-0.7881245828380076,0.0376243837923057,0.5713538288700721,-0.5049184018105244,0.8156685532530735,0.6449613092610416,0
3.294006038620046,-2.003083125347604,1.6184183628772173,0.003119411168137963,-1.6265074902037555,0.11406591083358349,-0.31155626556927146,-0.7662880328527297,0.8340861276024603,-0.23303962875938644,-0.9435769777931454,-0.3216751667519731,0.04193478164145231,0.2471684470969914,0
-0.4330620729703117,3.092493609785638,-1.0115794336344424,1.3559148768932985,-0.9913589425561146,0.4914823022308421,0.20888998244641105,0.12763742241322526,-0.4085621639136949,-0.5335797657940624,0.33364357870184996,0.8206403692715271,0.7638226003102193,-0.63188109580179,0
2.4772390428233297,-2.2027308818656195,-0.06622753536547187,-1.3693435658515458,-1.155114817372011,-1.9118432724330026,-0.47114682904873706,0.17976134137037525,-0.4138490579944902,-0.7267650379525792,0.5896271744049328,-0.09082919391754185,-0.8053638644622699,-0.38277583881237287,0
-2.662106460045087,1.4734338953016142,1.1518460546258624,-0.3680636774990198,3.0242224855208755,0.13489394800433768,-0.7758955251531225,-0.4927247476075864,0.34510269691215667,-0.5818812444914768,-0.9850749032034141,0.09232033138032078,0.03678522600653036,0.7155507846525161,0
-0.051337291374224006,3.6756392275495346,-1.3164160631502289,-1.6415767077102716,0.6487236954262068,-0.6750852121374527,0.34065903855712726,0.40799821594154007,1.2847889806540025,0.9811128124157824,0.6808846653321153,0.47584600241460834,0.1891694930437092,-0.13906170767712872,0
0.7793930392594132,1.8552804367988815,-0.4301405972939099,1.5570415892635303,-1.955850135608662,0.05103147471953984,0.29874253799796957,-0.2050010707385843,0.3348784454025677,-1.248466129310597,0.42133515472196764,-0.33913352422600807,0.8030804865733268,0.06960774739691641,0
-1.0326740181105414,4.653691626190238,-0.1838354431927887,-0.18669019569176548,1.0078465840526791,0.35108945702493977,0.6823220236777003,0.38344673364751614,0.8536951545218529,-0.3001242740644263,-1.0907377321811642,1.161735116184446,0.041786380763613594,0.32302616302441206,0
2.3156866169524855,1.281405602927478,-0.39766011199945345,0.14656617923887538,0.15528315920935745,-1.7448952936571422,-0.37562208447247464,2.386031414564617,-2.7581839898158225,-1.3349405810975385,-1.2142739950123205,1.5337279071393157,0.35394202107571493,-0.05494461260073571,0
5.042719118171266,-0.9418532365300603,1.846471121132127,1.3318525419613645,0.5679889006858747,-0.1315898577323584,-0.18393570031503817,2.23972329012669,-1.9152375334649243,0.8118805603811171,0.5886228462489586,-0.4934035266408562,1.2060240666286461,1.3229905163758449,1
1.7348773891483649,0.25772503385094314,0.21933130627804362,1.2800519798565533,-1.388220727793304,0.8671863801164923,0.48824893529386737,-0.2331479511338895,0.11534872733590752,-0.22245875302941404,0.29086554275832804,1.3833865760327044,-1.0288160993328408,-0.70008880544815,0
1.680933585157577,0.6096046355183228,2.085035985155015,-1.9408983772420778,0.19749101435784716,1.1788936719933227,-1.3099818180004423,-0.7702053196592036,-0.3772537257797619,-0.7295022769459071,0.5635393502020378,0.24370919306696692,0.0577643857693628,0.5285697598020064,0
-4.886801367151021,-3.426358675314402,-0.2927707720909971,1.0172789015852843,-0.6613619332743684,2.077960710775806,-2.082331410936297,3.8456732112049337,2.3168421105575643,-1.1692064718137365,0.4653800356383046,-0.10356994206717264,-0.83235808158255,-0.11229658229928306,0
1.9420880367367432,0.7213747131295883,-1.3976492623273533,-1.7413220700951368,-0.6113951528963375,-0.07515499995164798,-0.9423963675690071,-0.5999546055815927,-0.14217967776249968,-0.5247278881229377,0.5066965948103845,0.6927614996162991,-0.8859275608381337,-0.4863855282462156,0
2.399946666739321,2.3677183499494734,0.718983763596855,0.15109519770062474,0.38195796855820363,-1.00826886632922,-1.29190194109267,0.05186885480852879,1.8060886502563471,0.7849986929554414,-0.8787394211173015,-0.46615562161707885,0.06108247471494276,0.1520247719523327,0
-2.313506051108785,1.4996670295820163,0.8990084599749251,-1.7685732735394961,-0.29131108745843454,-0.0557272902819059,-0.9837844739546165,-0.08012572925074413,-0.6361542835864179,0.674267091937679,0.5615477989008092,0.1715945411467408,-0.9490712519891424,0.18988994835001385,0
-1.4626090252602875,3.7161281718760484,2.975118862632836,-0.15402117281747085,0.4844320619778103,0.5691737126142494,0.8817406268696583,0.4987643784794827,1.069342949260925,-0.5995952155471269,-1.1372990458022534,1.122761873168074,-0.41297328266003674,0.33566420315816226,0
-1.9774280053186826,-1.0946825101800235,-0.4960748615099081,-1.8305923321413273,-0.44523401915129546,0.08028240739094553,0.7407379822235528,-0.5644687594833765,-0.19318868543319304,-0.0073001563241284866,0.6510915051000803,0.17496811466179965,0.2884388274076616,0.39123591616905523,0
3.4381748813256015,-1.5183485378111994,1.9321552913533346,1.179756487326713,-0.535386597901319,0.9980254374824457,0.9080116503500824,0.6590790201547007,-0.4838108012197524,0.8252017327828324,0.4204106341343216,1.0414196194629453,-0.11396557097232839,-0.7134515485212969,0
4.540339333614619,-0.6222929443057106,0.9092291647254305,-1.9364079082061,0.42541222339161266,0.8367781909190443,-0.2826973869020883,0.23819587275284176,-0.5905110636823381,0.49112398819248054,0.727775794201248,-0.5156646358320214,0.19342949965029876,0.45594164976963636,0
-3.1417294958484154,-1.1080484706439107,-1.1054204598320814,1.1642836833012649,0.2837238593983021,0.3297621851797414,-0.33018087331805335,-0.943740028021316,-0.41825792992453376,-0.298784644887758,0.516336811983996,0.13617838071615243,1.6999013618258496,0.7005915052674074,0
2.814278012010392,-2.7733335770189895,0.7304115980487025,0.2414862759876537,-2.3257680451013454,-0.9861577593860958,-0.16946498252419862,-1.0192047424763935,1.0457508354674827,-1.2886218392782078,-0.9595628450646284,-0.542762311331494,0.13000393936219176,0.27208819302875514,0
-2.935143925214499,-1.2885728229830364,0.05675632497247082,-0.2749635572298066,1.3898365374743413,-0.43805914883616426,-0.22995734284789363,0.297225951837724,-1.628910288117277,0.15501475176272086,-0.9583333152553026,-0.35708494854920086,0.4229104479018978,0.18503682372247604,0
2.689611596142474,-0.8197084629173056,1.900391900681954,1.4133313938126957,0.013963643807452603,-0.47698380786724925,-1.6284416225454446,0.6286815257252126,-0.7615154237255944,1.7681419212503064,0.5339351319225079,-0.25565127152312095,-0.06539416406717419,-0.8094520499398794,1
3.417607519665832,-1.0336019256748115,-0.6950984340165044,-1.8932215251219713,1.496571361274096,0.005490444796562108,1.5371552728154376,-0.6889757630556028,1.5008419137761215,-0.7539353682462072,0.6531222888117434,1.0182538070108245,0.44825473762767026,-1.2086537947445912,0
1.29686675436403,1.3902755954061765,-0.06827733543623282,-1.8539729901397488,1.1891210354954327,0.3782177423040754,1.3126111331421326,-0.31927292465803336,1.5362757773591063,-0.7364895200498328,0.7259023655095349,-0.28076392105882114,0.5282074251774458,1.0429022962468928,0
2.1114201132228905,0.06930935551514336,-1.2900211934613082,-0.22052322507268507,-0.6438643239622053,0.9586343561932018,1.0208915530960432,-0.6609161967878144,0.2160148304713331,-1.522566217981736,-0.9843071771289506,-0.7803547127945994,-0.1538626009525341,1.2569033394653661,0
3.603140700074976,-1.2305215382005583,0.28810315636157346,1.6646848849952938,-0.10266119554181123,-1.8938020144327532,-0.46798547265263296,2.5474507124307015,-2.0553822884759865,1.465698070712889,0.5391498896598871,-0.4918198306316235,-0.9186338611918955,0.7838177289793128,1
2.6058916627104662,-1.869003390930217,0.8389715987297893,-1.6654675440776616,-1.2461903224670163,-0.19058927459818498,0.3054916839425003,-0.6851780934996762,0.38504592876853877,-0.32075079163353526,0.6088305474905299,0.4091673985779554,0.049376431633430806,-0.9475283200922425,0
2.423330182040773,-1.6835075648246438,0.15344537952727627,-1.5025045492236078,-1.5896338473253688,-0.7445315730742657,-0.6440197514127926,-0.7318393612388324,0.7114690268672316,0.28599437568541486,0.7483266080819602,-1.127261192867007,-0.8715784143891055,0.8118490012366547,0
1.320453706894375,1.9030230156141585,-1.6697166368012608,-1.5185418118684553,0.1585301623102066,-1.3376697621511184,0.5807609601990208,0.05328019407568076,1.5893061437759723,0.06707857396154021,0.6139923846761068,0.8199974211894273,-0.264971570149962,-1.0179033163062485,1
0.8422599182502117,1.8870699720096369,-1.0852874515746014,1.4531991483444002,-0.7142259321346303,-0.10983348766668576,-0.9284344507309613,-0.07749664627668114,-0.14435043389105115,0.48229804621494043,0.4803012207398843,-0.4033350687820387,0.4219812924246998,-0.5065772573913162,0
-1.7751330870031072,-1.0702012417752935,0.6757667246265311,1.4479266092542675,-0.23428396961064668,-0.8434901186107123,-1.176274088446883,-0.6353365295638458,-0.3468516427462216,-0.08718824362841518,0.4725839352279559,-0.4689950244955603,0.19036389875327053,-1.08753396062499,0
-1.5024592726896009,0.6410964548323386,2.326242510978478,1.1529674436539255,1.7916461905483916,0.4430810638445706,1.4547381615070254,0.11021431706877442,0.9476946419238281,-0.10118393989953202,0.47673168041406894,0.08014831192135816,0.007679649813631428,-0.6078734134281514,0
-2.451280560323533,-1.2822795719030058,-0.9428449169601291,1.3342408328082676,0.04826724043545752,-0.44646787894720463,-1.0832475921164084,-0.9272837270894099,-0.533782772919815,-0.12102728017725377,0.4556103820841069,0.4361774058648431,0.3703930615225416,0.17222820654766516,0
1.0318379031734062,1.4400751796792004,1.4662325621126442,0.026396909066505048,-1.096022036135808,0.06992887602287692,-0.6603605914343212,-0.22892125026850205,-0.1559170817573446,-0.5467883087114066,-1.0617673459171812,-0.19393565129017779,-0.5748300325575071,-0.025493487978168278,0
2.7098676879629218,-2.129596266404698,-1.2461494728867508,1.4747945960006226,-0.7498645905668831,-0.4877045344855948,-0.8951863286505503,-1.2700483746056481,0.240455213663208,-1.1563901227871747,0.47243633075188657,-0.15549376520892277,-0.10519602630691678,-0.00901784357223012,0
-2.0929769417032515,-1.1769553149917773,0.4973633327945389,0.10343973552500813,1.6209498997698717,-2.352012553555154,-0.23123444611286922,0.47564343546338644,0.34016954200225413,0.31830478013455815,-0.942599588601008,0.49824466776128584,-0.3196779388342762,0.11280753790428899,1
-0.3750797891707882,1.3871819765748055,0.5530332368705101,1.0692681599641207,-0.14029663667253855,1.5213746499504543,0.8966497287280928,0.22164047199712497,-0.3175325346896762,0.8675017538351806,0.4478864296096236,-0.09608070356798142,-0.07541144940613567,-0.6216532625820876,0
3.209403386554293,-1.7606231493040516,-1.718182935255563,1.2638657726628504,-0.10303327514952894,0.1268441773761337,-1.3380607042768429,-1.257583728503208,0.0026583975863017843,-0.4432976550163871,0.41771687386841433,0.6802989320553426,-0.6054969861783936,-0.5753502073672606,0
2.2936614790795278,-1.6940741836050797,-2.360163090323042,-1.4781341541112896,-0.9472382781808951,-1.3995156526015609,-1.1416101478377134,-0.9700942155028959,0.3234665527047145,-0.2615562614428123,0.6983179594906653,-0.8445288438834209,-1.1079030991751255,0.40754722560502127,0
-0.5463987965811283,-0.04841061126246493,0.014360074395786078,0.9172265358007015,0.48159270287644695,1.950163019921589,0.9700221332322065,-0.518860467456454,-0.5439462337897805,-0.7796894527871436,0.3655864387854268,0.5450407652308914,-0.27803250497772236,0.40144597992223024,0
0.5697260981914519,1.7754386477841937,0.26883644371846743,1.242653971242863,-0.3734188145274845,0.9518864879593449,-0.34168476610683457,-0.03650478380806282,-0.2176730500017252,0.7233096151958206,0.4851454372762873,-0.4085489977059591,0.05201207360665417,-0.1603654568572244,0
2.0700065214866674,0.06259030771702295,-0.285218242773227,1.5304983422216207,-1.1984942562786634,-0.16567526047927847,-1.4855050814730046,-1.0192796557859432,0.2150749255203972,-1.6747104937261779,0.414213389708099,-0.39020130650382834,-0.22075085460008906,0.8615204881355315,0
3.5799586179626957,-0.24271030755343934,-0.25097287685583797,0.963287734757947,2.626370949891808,1.1462020338164292,-0.007523687534342166,-0.7924286735086865,1.1250771682659753,0.45018937950003346,0.5470493214115957,1.0763396146445963,0.46216606334322985,-0.30764292868265336,0
-0.2860908853923507,2.43703129899656,-0.5250454096454357,0.20982135873787855,-2.055866153148826,-0.8911135695301065,-1.3551635913794964,0.10057686164469387,0.2459153726962854,0.8702566167089294,-1.0236862058224458,0.36702432561141424,0.2975126989087752,0.01407763000546027,1
-2.580011954183016,1.1053423262931932,0.30999786895358883,1.433749719579787,-0.7690971476821671,-0.26084459745481464,-0.761605205418198,-0.2347638928027937,-0.44851356942640874,-0.1481877225371332,0.39022393059499966,0.02999693774353206,-0.4516098580455497,0.1430225025433812,0
-2.863061756434978,1.293475521676813,1.6292264411131006,-2.081190598324134,0.7152845393197028,1.2529921813511822,0.7783016268595877,0.18700042475284556,-0.9673481236946055,0.26510950421284485,0.5622421555441903,-0.37851305605405383,-1.1088633041786922,-0.015508532120399637,0
-1.6080050005892759,1.0577024445875265,0.3164700261278094,-0.17735209941602514,1.7957757478054575,-0.4391456243437586,0.8503064364188908,-0.07906789262758877,0.964496946385274,-0.16994301137163023,-0.9402981719296698,-0.2061288934118455,0.1461913946607514,-0.4454571156172419,0
-1.6448731465808855,1.5343551595653042,0.3020120473499941,-0.5831108693317878,1.4781415136697844,1.8000571320822494,0.526718049581852,-0.4721531915511696,-1.0617078249353908,-1.285901522830236,-1.047213881646468,-0.31940711841085556,0.9793576407611281,-0.20207834691882431,0
2.728100708850965,0.30905628653893863,-0.5294422432045462,-0.1600655838217887,-0.7558100969014013,0.42202596477085313,-0.8743590933543348,-0.7900815959535068,-0.008869676014377692,-1.1868596245653966,-1.1706311646519223,1.4291240870958704,0.016956910243642178,-0.7043536513799583,0
3.1221916145223942,-1.513199662187935,1.4127721939266542,-0.05480235589054416,0.11417501905826398,-0.12395319988826621,1.5268112765291968,-0.6226509501371223,2.2768335818118697,-0.3278323251926379,-0.8512983252007649,-0.008285175153131895,0.3983231016659099,0.3269464425087141,0
-2.7908035084771323,0.19367734545218426,1.8025424353990664,-1.6906937002180433,-1.0125349133453023,-0.05827103702447303,-0.206987154387749,-0.4834916200315444,-0.3156146576343319,-1.3560606226463163,0.4876078371290712,0.6416719764737164,0.17213966248867751,0.6596274936550756,0
-3.133238207307416,-1.6221017654411314,1.26059070720277,-0.24061861272331242,-0.0016797420225941391,0.08140230565129962,-0.25653786780888543,-0.49246526049278116,-0.3717386584326427,0.5689595741393874,-0.9784392303549581,0.23450713824755673,0.42133142074974983,0.21644408676028462,0
-3.340621002503604,-1.6506242871746706,1.768665677185228,1.3000443434666107,0.0804775154228289,-0.17521180286974378,-1.1698594354352718,-0.6361068265896906,-0.5690062564453762,0.5069361584353504,0.4673529863806241,0.07446316501824021,-0.004499659838775757,0.12726492680322976,0
-2.7274283770745704,-1.2544977597865503,0.06328978086390935,-1.8299317087240008,0.09015798608742337,-0.2430033147404408,-0.2593790420314491,-0.525000900197296,-0.5098708347065731,0.6341427628050421,0.6509400564182276,-0.007110734757269018,-0.538795276797981,0.3430803587280761,0
-4.232476595467572,-2.5156635975373263,-2.5618115238487467,1.0299246976869294,0.11454379314103792,1.6031767707528963,-3.091712997229367,3.5389090990724132,2.036790406088004,-1.424544924524767,0.5098782176511706,-0.49835603134092255,-0.09728261806334837,-0.5447584589851097,0
-3.3626222224752285,1.7405533050123634,1.5932438179275468,-1.7362732507716918,-1.466942693149943,0.35321024107391624,1.3736503960342898,0.40716521068525,-0.012364731587542503,0.6375372301470593,0.6528910763766703,-0.39675124274568396,0.914292230597959,0.22927902630109473,0
0.6821756795642419,1.4944424059761303,0.21721016605996016,0.314630936723639,-0.6607571393335474,-2.1419048639762,-0.08875417827753443,1.2256151947239353,1.2686400453815359,1.26765599098231,-1.0175626960794861,1.6054362306454513,0.01678857198281622,-0.19337457931544239,1
-0.06414843889751293,-0.19278597990744786,0.06037077220416237,1.7474506145338373,-1.8748719527633009,-1.5075393797573016,-0.4452638795324107,0.5934125635311113,-0.2537132822937737,0.7840757893512234,0.5525674286864198,0.04682756427402485,1.4982189274418773,0.44785668036201043,0
-1.1142329089170977,1.066163159923248,-2.227548829599076,-0.000353504730243205,-0.70148186186096,-0.6876860571073943,-0.5189172647542263,-0.21102685933625973,-0.2351221225037469,0.44402774277280616,-1.0075079644017404,-0.12557989794062252,-0.5324719138217191,-0.204584390881609,0
3.1553896728536817,-0.6747256537930667,1.41833497205314,-2.0544868624928116,0.050142193089727165,1.22982895388606,-0.8081408235091885,-0.49881709485502435,0.03084682648486939,1.7143409923896917,0.6418327713793172,0.7884630786096212,-0.4033326104823974,-1.0344490522337257,0
3.9591310542777287,-0.8040314925442633,-0.7214993091181016,1.1542331334998408,3.4669795440223306,-0.6424907338333178,0.6756549266235575,2.011935158571019,-1.1717326467316518,0.07269387573191231,0.5246287104915481,0.9910529927793345,0.539497148774419,0.8118085295633815,1
-2.251151912557265,-1.638411419030027,0.2187486092569503,-0.4956633207286286,1.299630724282144,0.6502511426112038,-0.28916336489283273,0.2857649169657848,-1.2179472257389878,1.8690295708159959,-0.8800883805927731,0.17627325720588854,0.5364151811453545,1.4047474374089064,0
-0.4116466522518413,1.2516961461155989,-0.8330071127575402,1.4091628573319281,-0.8057458195375593,-0.04024458042849861,-0.2359337434627646,-0.453691895206086,-0.3005163227278805,-1.5454919258727282,0.3337768699549764,0.4502370589280739,0.7341798441031206,-0.6432245794586099,0
-0.28170989618608366,0.35897478145712347,0.8057960503941192,-0.36080465897507386,-0.3687442503275158,1.3368088569698409,0.24062109336166027,-0.3823071768247811,-0.09355725042767706,-0.10254158222952577,-1.0474799632642904,0.34960860262270904,-0.11302144152984968,0.535726786173906,0
0.36063571969934244,-1.2666242214592365,0.8076858336788887,-0.09222940620898312,-0.01022601390391964,-0.557961326738665,-0.4751245583136904,0.6135434226960834,-0.7019204909468528,1.881562013536555,-0.8572823582652527,-0.82252433058369,-0.7011199077950949,0.4744751330655967,0
1.9145861979493992,1.8745420434035311,1.1805282233579772,1.2394891603351328,0.5887553679369764,0.9538352294941259,1.3911693201177244,0.19070090057384045,1.5680025356770402,0.5741695090880702,0.49826490092470105,0.8898184456944448,0.24466052984968184,0.21124152931901982,0
1.2755977134848655,1.4636106615792637,-2.1399230575334234,-0.07625449972301485,-0.3332478828036951,-0.18490489114069053,-1.2582929110529253,-0.32832290419631827,-0.22872159877197204,0.42463225847880676,-1.0107874735886122,-0.11753547608279737,-0.6765272243990541,-0.09967558566765457,0
3.440831991950746,-1.4436264070015161,0.14284496988251874,-1.6595135079070829,-1.3609258281915577,0.019730358879421126,0.0017718480767290386,-0.6529435990840339,0.6722627928040551,0.2540720361111653,0.714410970433566,-0.6543876078958568,-0.7060397633111292,0.36635648335420756,0
-2.782259955841387,-0.5383085437883842,-1.4156975410542405,1.16475178705916,0.2762623889115557,0.28956277043210904,-0.3496397013752009,-0.6699964302368279,-0.5056773741171392,0.7274619071192114,0.5222918723068694,0.42299388672043453,1.141397004074062,0.43465930554636234,0
1.4953004226085673,1.1199286476601769,-1.355206759193435,1.2229698230584782,-0.6771893781360476,1.1131727480899951,0.7663856781185768,-0.39159229860920475,0.04738519343697543,-0.9327180248374515,0.4419780099918991,-0.04233148412838078,1.0150624257736012,0.08125146726134491,0
-1.9054662874360409,0.9949210425406304,1.5932731666350024,-0.44405269506527745,0.5432202553714112,1.414025251910765,0.3216005583356966,-0.1341954511824797,-0.7729626733819719,-0.1331069398675054,-1.0733147651993087,-0.12509674890763758,-0.97246679721308,0.2087294645929987,0
-1.3341662724769499,1.5768463607903753,1.0407744378613681,1.1309053857061002,-0.7893144441552473,1.4074941379557013,-0.09952562600837922,0.06968466156312032,-0.22892349101764461,0.9856027456631201,0.37242885437836,0.9677014457661159,-0.5422162793726748,0.6459795985987131,0
4.501311318154988,0.35917100498290333,0.2973674043392619,-0.29064797297984135,2.8704908939115437,0.2674722762578573,-1.6362906769144716,-0.8824326736755541,1.3069996029030304,0.3665287142437942,-0.7495446467310976,-1.1109449821203472,0.8965508901129566,0.2459321882681393,0
3.045180099182543,-0.5005376117902017,-0.5788609608446428,1.484166590545371,-0.6577478717742793,-0.8121400932766382,0.9781154041714322,2.8938264553093287,-1.5635293019686403,2.3635322238072503,0.6112761175941207,-0.0018264013652570306,0.618989226016353,1.8087865683505921,1
-1.407215844248352,3.1838852120512198,-1.0517055483175668,1.4602088584520265,-0.788049252856456,0.052021174599183484,0.6500233909142316,0.14581785366995478,-0.4598210255959113,-1.6017023110158755,0.3835480185911237,-1.0027356027787278,0.5193384166825109,-0.45719529112040513,0
-0.7605356635575479,-0.330725920381423,2.3461513351871797,1.109078710434802,-0.08689015158304376,1.354491945411898,1.0052717260378958,-0.3442762377419457,-0.3956986769224462,-1.2012478442419836,0.36143525813108773,-0.07981381938171493,-0.05487649864113187,-0.6117602226493888,0
1.2277236373066536,1.298411251272652,-0.49801754563026956,1.1721259409087235,-0.09987783630994244,1.01973864448345,-1.1285354129942837,-0.6046187981769713,-0.24571831803094152,-0.3560268939300443,0.40113282563992575,0.6544240425631265,1.1206670549252715,-0.221610682828145,0
0.5047555881140263,2.2111099735455686,-0.38715238717082173,1.5867410166384188,-2.079213729865982,-0.2904758068219927,1.3363177360874774,1.4232595026314376,-0.41939069418727226,0.5490538109230959,0.4198675856258343,0.22358922848270496,-0.07927978571224031,0.2150046251992375,0
2.6979170387086233,0.33171694591982587,0.2605241431517556,-0.08623244843593963,-1.3290474945624005,0.3505074678398893,-0.33869173117481544,-0.4667102162499112,0.2544593181194448,-0.7552293920537831,-1.140303677691124,0.918176066348336,-0.5296793619669691,-0.7313929344380194,0
-2.6431063804682955,-2.419492461622454,-0.6174259785135797,1.2263235724752275,0.8402527382889715,-0.372877851136023,-1.3183641067927627,-1.0652567180495982,-0.6548744840322589,-0.13784701703560234,0.47797116645036036,0.008322178237891775,0.4591299298540232,-0.23541152101794816,0
-2.963715667669547,-1.0113121973161519,0.07175025062120684,-0.042290113658976336,-0.3853558177505284,-0.8580194981721601,-1.3759760692695713,-0.563889426556184,-0.27709205121665403,1.1821754879102577,-0.9394128797441181,0.004225305309472003,-0.14335787652087242,0.29799317551357024,1
2.1163452144411585,-1.9706259421689714,1.2344192441327984,-0.03556682022217861,-0.5783741274536497,-0.37015277054925383,-1.4749853103716113,-1.0670066615311977,0.15969947762628453,-0.38229914879877774,-0.9939378079572567,0.19022645003100594,0.402167105839748,-0.7179956791934836,0
2.023748186221662,1.7704547267123105,0.18883621811015236,1.2980291685672871,-1.7981550999029319,1.2244701817651802,0.18616516737972072,0.12817259227743763,0.5801852292997165,1.029158133304061,0.4592929925758718,0.4216928294366379,0.42609705478305876,0.19855070224477614,0
3.7982213304383,-2.2223101391384885,-0.538126764493614,-1.6827978401009798,1.090991451431348,-0.6892650803031048,1.2841596284351653,-1.1605425952897042,1.7842506165733523,-2.07708107368415,0.7113940128344409,-0.46625759828445523,-0.5968776022712851,0.3870105292868514,0
1.435211577069084,0.8051492578962643,1.6141298811684694,-1.4262321419734372,0.21837325759145426,-1.464200526101881,-0.8021607686823178,-0.4736925859853114,1.6076929482521591,-1.0520856447256532,0.609553758909794,0.48144144427671337,0.20619918558714959,-0.12608957035975427,0
-3.4614300636920916,-0.05486889357232506,1.9396818017940851,1.178172547453805,-0.45621569397914125,0.9685381545427387,1.365795293020139,-0.09610728628791337,-0.5574419486110955,-0.9010012847567505,0.3380514298829426,0.21624738330803445,-0.5816299434698472,0.2798338665198477,0
-0.5623091337883718,-0.41298872726029845,-2.6265941259766667,-0.45092582030966055,0.26505582262908495,0.8411693790924727,0.16754968645669416,-0.3598957440768515,-0.10821035477294456,2.4887707315291436,-0.8661766235764037,0.46528773782298405,0.4814047886691963,0.14194688891449994,0
0.5003205357031392,0.46008879274421227,1.8389599699621193,1.4250167143908035,-0.43492975023966435,0.1299064843578853,0.29244650121396665,-0.1073154919254327,-0.21605340321997615,-0.7854257026029976,0.4932823748760375,-1.9108793866536211,-0.5172748932184614,-0.7110279483828874,0
-3.0290554736393287,-1.2152378813092304,-0.857421060735177,1.2544795337327228,-0.01470348778922817,-0.028848456961523165,-0.3476212869688957,-0.6702352927161913,-0.46764212757738366,0.38146229105004725,0.47902912482764276,0.3919317896736653,0.2650099666322906,0.5097577474896211,0
3.1650928868466917,-1.6209499209140317,0.2971001672568015,0.27886585772680716,1.0529514232329071,-2.7620739378082417,-0.06004605779093888,1.0893982469583416,0.3221472296219825,-0.2622115248812776,-0.9117879987363017,0.2430346773072042,-0.09153081938097779,0.1306800173604472,1
-3.0788747249591544,-1.0240152055069356,-0.4314394399796092,1.1819782755381987,0.23234831592628083,0.24968487119217775,-0.11675780854155103,-0.5887418959528595,-0.49387899314797157,0.5193321831054439,0.512675624869321,-0.026779023519121575,0.520305584857386,0.2518725842686973,0
1.4060597228274008,-1.1999947978199421,1.2809529427463084,-0.05439212161745627,0.5222979172895285,-0.8019444113239762,-1.4910667304116523,0.2223055126591321,-0.9124636690581241,0.705012767216836,-0.8834865960589593,-0.7564808349099347,0.7650676405463886,-0.21401542587181535,1
-1.4398372938352926,-1.6587067846454127,-0.022744237637284895,1.0368683435238628,0.042516180159767464,0.9418827643461255,0.6518538217915885,-0.23459138887176184,-0.1930549951509791,1.9829957251039558,0.5142868135910993,0.4377238190658854,-0.49633873178317545,-0.24108903505953497,0
3.9065581708285473,0.6318491181261878,0.8169189640567046,-1.6483097898294852,0.7842501255877005,-1.330499970000503,0.6339088638480385,3.809188180450354,-3.4575598598818718,0.1281714238503874,0.4271201656209864,1.5315012714159097,-0.763461295203743,0.028639272733564522,1
2.379611214688319,1.2037179926337558,0.33161565976583834,-0.13577242426440683,-0.4462104751188645,0.619264277212398,-0.35287874310602196,-0.06467592110886686,-0.10591173838384195,0.712808336294804,-0.9569621284224463,-1.06867372597333,-1.7782170526388208,0.2988492021626306,0
2.9152141343762947,4.043372467074137,0.9726258820372048,1.2647478637960181,-0.15439432478772575,1.0293469956990378,1.2280509261925965,2.3646062503277965,-2.0762910725386323,-1.0918637179374453,0.206588589678437,0.8940167600039036,-0.8859220628913244,0.03629683570368114,0
-3.1156459185956575,2.8738092836997122,1.423120454099725,-0.20067773294370617,-0.7161252240706466,0.8249434948743438,0.6015269861981125,0.4418728584073736,-0.6949146470121021,-0.45563328518379315,-1.1868175400125018,0.140167718905913,-1.8001476259287916,0.468964184217382,0
3.0587554529404835,1.167320592249284,0.8327345570071626,-0.2889239923874547,1.2238751338424145,0.6538572498697021,1.031793451245915,-0.019628780627468832,1.3156725684359958,0.016033630169601135,-1.075639750716371,1.3660295763892671,-1.1835586369402316,-0.9575892976588535,0
-3.3709003028612665,-2.2014260015440033,1.398023416036029,-1.6229768621754503,-0.9799108245267095,-0.8685060773231095,-0.5481620045900591,-0.7460087598983987,-0.08714906836896158,-0.07784177969632117,0.6171666258908332,0.38109915015147694,-0.009248045462683407,0.8274311379345634,0
-1.669614009958331,0.528753818935287,-0.014527769501478289,-0.2262041516996991,1.7163740370033262,-0.08958628794366015,0.8955532111869303,-0.6096562831107264,0.7597817227229274,-1.7966293838236111,-1.0898699974116632,1.0386351523290398,-0.5153029894055423,0.6431981330833252,0
0.39821496606687995,-1.9416215172082645,-2.2738179459719494,-0.15367921905149806,-0.43481349700808597,-0.23321194278157314,1.8654752750193118,-0.43405534184838873,0.14817671356075898,-0.16069680648526724,-0.9124723754508032,-1.089093829401989,-0.6869651745037406,-0.8028593623922864,0
0.061353392338675705,3.2695383713883253,0.7838342488092414,-1.4464027327823634,0.392221994653689,-1.3120287219264464,0.17925680790673135,0.21524955264573523,1.2266456620514758,-1.3641904482057305,0.5670590546929629,-0.45838507419559893,-0.6265047535084912,-0.5223817250505096,0
-3.658702018613487,-1.1643687330468453,-0.5978835894421577,-1.7025889013356188,0.3371460532099872,-1.0503907142301616,-0.9629600680486884,-0.7813596502923936,-0.6409175111295479,-0.2622644875919383,0.6758985675305177,-0.5183088234877689,0.7809211131166552,-0.019776648409478074,0
-2.926750275719329,1.0874467199805193,0.8459954111464918,1.170478483026797,-0.48801243503599273,1.025420042897556,1.3416862042079543,0.2837111031559283,-0.5133881503383463,0.3764258919344686,0.3955467924465676,-0.08386255693211682,-1.0916529687503647,0.1325091035339028,0
2.8278044066596753,1.8474912280700828,0.4196450165253026,1.3435887139941338,-1.338726058150479,1.0922466214481799,-0.5464161021878309,-0.11985931059773637,0.4373192748897018,0.36881648075177187,0.4953899379908185,-0.45064147040313374,0.36446936788988465,0.4091754997580775,0
-0.8523912034609314,-0.2714968821304355,0.18155519699472397,-0.05626906907002327,-0.3070491806639321,-0.5410123034441332,0.1399463267657587,-0.14871079101134865,-0.20813508149997573,0.8478244541379937,-0.8915491800917398,-1.2013231473461379,-0.13907380240791709,-1.1613257320164632,0
3.37170595688014,-1.3798654823354903,-1.8762093042258525,-0.24597834918652972,-0.3627183804995317,0.6858665051256253,1.5574320463969575,-0.5971675399750889,0.3832227401906946,-0.47298906314724204,-0.8863740436871331,-1.3706427467317803,-0.5010461825047507,-0.30314950630365534,0
-2.5228991217270678,-0.26326120297441136,0.3611154726322202,-0.16852898288453833,0.4477318376812306,-0.16895433460818726,0.002227318947337271,-0.4593529675721842,-0.7444963860222458,-1.0348916459540063,-1.0390721233128772,-0.9160294725714732,-0.6640179417114546,-0.3946216245790128,0
0.7364647730214686,0.1279645763320189,1.3461855231911715,0.16883215988370304,-1.1489916025712539,-1.1977151941978303,-0.21025256818281987,0.7735942770417717,-0.6613484479162031,-0.5437715963541278,-1.0854499974630796,0.08986066753506577,0.07673060306470322,-0.7464898915278202,0
-1.6691457698126162,1.640927914503167,0.30532807236064,-1.9004834929521917,0.1595197427747445,0.44639267606975036,-1.7062021892417885,-0.49857041899121346,-0.672303601119894,-0.08255599516181485,0.5220489485339022,0.9600141291664871,0.5396877613441728,0.4477275824072059,0
-0.5929901535405934,0.6232896901542138,-2.0319610675737585,1.190073919485099,-0.09657710471510415,0.6362811580027488,0.3121343569088437,-0.4695477696731811,-0.3133524516360957,-0.6825208907307534,0.41981982696251735,-0.060466204831674905,0.12483289344485334,0.03064238806304921,0
-2.5293684745659855,-1.368119157845975,0.4701119840967599,0.15970132696306327,-1.6743726879161513,-1.1539453441470724,-0.8270928198031069,-0.7211208856113418,0.23020511065448582,0.009274781493361509,-0.9744635054712919,0.49609595848810273,1.1388234136085202,0.45745958538090065,0
-3.336207240107831,-0.7828323472912959,-2.702506264424844,1.1640085530949398,-0.31778223317984594,0.40873164293749137,0.9296724536517278,-0.4191614543050779,-0.2922798644302347,0.8247376182262454,0.49695306830537206,0.6253020644790802,0.4085587732865566,0.6082666773689838,0
3.6916853373951577,-1.171895621593559,0.32481698058171704,1.1330834991884005,0.46315200329225936,0.9195620122406065,-1.9341361386573386,-1.1447563043625464,-0.15822890911298104,0.02614960177517426,0.4515026038391075,0.5330227820226345,0.107858983612753,-0.6243156907706888,0
4.195637577721321,-1.9214023077288385,2.006142715573422,-1.4859105986986105,-0.647049885151707,-1.5902519351676243,0.2061201944534332,2.2241103930315784,-1.7771601769061962,0.20891947937189567,0.5915961746798744,0.8800012347268835,0.33164490982043116,0.2682764353092436,1
1.2620076432941059,-1.4216769102520752,-1.9605193754991497,0.07648560209440508,-0.3537972010959269,-1.3523571003320671,-0.10008707992519195,-0.7584977950621784,0.1262420946779688,-0.8135348419965306,-0.8913492916331781,-1.7603644265070513,0.32264795143677266,-1.774920263638388,0
1.033024478959339,1.935947748935623,-1.6791992887098148,-0.3398180393657454,0.8544233651296558,0.7669251298129408,0.03386560114775509,-0.16835306294199195,-0.5050534625197101,-0.12162480317455414,-0.9282995838947846,-1.4631363385170049,0.5623263752223977,-0.9879141401262946,0
-0.2199126348535871,0.7039381950576379,-0.3993268535462258,-0.3905480210031467,0.227556134197754,1.2254374911382357,0.6266108292357473,-0.3844090411059112,-0.39272076263858013,-0.37631094161342155,-1.0202249853782508,-0.02149735560369749,0.2695554280975309,0.06442410352434434,0
-3.3526956515922053,-0.24382848102138396,-0.15676061850101164,1.2566274424858495,-0.9543837158963746,0.38605624178604,1.7899804333322338,-0.05220431202009516,-0.07219959631794828,-0.03467914735343274,0.476823246016343,-0.017661197205792758,1.0980616361617783,-0.37683040664215806,0
-0.6335179011313149,0.3854676481033361,-0.0009562495035875431,-0.04048741062772632,-0.3978853013305692,-0.51237817752048,-0.9109161153239527,-0.34032373218640377,-0.366939467998487,-0.3217938037060332,-1.0864002926678802,0.14680554156147912,-0.43125192994783634,-0.898366924520615,0
1.6773786243121447,1.6957798161468411,2.3556643852398476,1.5751136165441595,0.34613103036081827,-0.6368614879918983,-1.5326581199068021,-0.24190134666559152,1.6466174431145273,0.4422905198526274,0.5321214568861815,0.11215180260883308,0.09757449404821474,0.43320590704530587,0
4.740728324037569,-0.9111553789553019,-1.4895626011574936,1.1028447592597697,1.3406868504992215,0.47905792833528427,-0.6218258090817814,0.9198653964560513,-1.7036229348617007,0.3644461494521884,0.4892299240067402,0.4229483083034167,0.09437261135841843,0.7221355288361053,0
-2.625608332475287,1.0872689811525618,2.1536864377629454,-1.573487765360119,1.2847733111926414,-1.5631401680212897,0.43297554936367477,0.8653022092380114,0.21955066201663476,-0.9015095324976525,0.5783252803358941,0.6719025088684049,0.6774919948520006,0.3681520094929231,0
-0.7170831415177071,0.9930109628655178,1.5906657753405384,1.9334779118190235,0.736049031997397,-3.2314486368248785,-0.43516768489899443,1.912816997471415,-0.1074699495762469,0.09863681351569252,0.543763472643259,-0.5541071716531779,0.3677676603070645,0.4734157947063046,1
1.2592541449679708,1.182349994076917,-0.9975174433525504,0.3189978198910145,-2.8873865425210554,-0.9010256554937957,-0.7982951964713111,-0.21036748851278214,0.8595601716643939,0.3648440806266089,-0.9669466035519602,-0.12145266109181897,-0.04985717345272552,1.1236343261145942,0
-2.7225261757774057,-0.18623272254541637,1.9618692117829872,1.4248190491104238,0.0502584692601582,-0.5035767928634158,-1.2802953121830225,-0.4126973082218439,-0.7114161007161973,-0.3240652432568202,0.424208414584707,-0.7665970378607009,-0.5903326110089621,-0.38102071637766355,0
0.6245617477873607,-0.18735152358323806,-0.2759361570107446,1.5983936093451279,-2.4671286279898785,-0.26649874662064654,0.7832742144748251,-0.25497064987902734,0.6590859565908576,-0.18601955843069085,0.4786221665929216,-0.13618656361185374,-0.4540283036768105,0.7882720641325672,0
-2.9247282417348637,1.4902251659812353,-1.1603181329695822,-1.8959653727012853,0.7469532351749079,0.06316257062604089,-0.08664247093768154,-0.1979570670328901,-1.0483783022601905,-0.41007582425879924,0.5692934160535202,-0.4835748556160695,-0.6815274773606093,-0.15956226270522583,0
3.204787598741046,-2.2027494307195514,-0.15276428118149535,1.6502648018175272,-0.8149940943278305,-1.446496721199083,-0.8298462748840983,-0.03942149440998582,-0.3996931627374206,-1.083626189811578,0.4565788757899752,-0.5143915194359225,-0.23207485827447685,-0.4734452122444245,0
-2.8383835354808027,-0.9298192696852279,1.531811260665478,-1.7311878161547047,-1.1582315289688152,-0.12654402514452406,0.7282376177787855,-0.05581778325824716,0.03765152286954419,1.4201413430676142,0.694668613840225,0.029222069202552214,0.08488133384911628,0.27318936025628265,0
-1.6751830637414702,2.1458480167781295,1.2884320471266384,-1.3928900104650626,-1.8511318278918827,-1.167263670560774,-0.2705825736059019,0.34252696142450134,-0.06120352662667024,0.4074473119018321,0.6036600237473697,-0.38286305500767776,0.4845492866292965,-1.1488910020767045,0
-3.9045735031902944,-2.9301056695376007,0.6107247951811802,1.148926023053321,-0.552813212431872,0.6396557929356775,1.646095554121447,-0.36191247629902557,0.04373471208550637,0.7420509451562844,0.5297287876269045,-0.3046608118685041,-0.479124883922693,0.8002694654129385,0
-1.0821513003273762,-0.45071638256190855,-2.9489386859953637,-1.628140988445372,-1.7593405990748399,-0.521888879514324,1.1511624097660804,-0.3818373290993934,0.3841768206765986,0.2438074818317779,0.651766575806562,0.6577079819065422,0.5411393041970294,0.47562609824421065,0
-0.5032757808308671,-0.781037600275643,-1.4692573200803563,-0.25626677884262095,-0.13019368064992076,0.3156180955121737,0.3686061472502084,-0.6603757762007048,-0.2672946434651907,0.10528504872975804,-0.9923156659784388,0.6731023100293326,0.4390423413671302,-0.009724428636769793,0
0.7317652214818218,1.1130693989131113,0.16363577444861865,-1.4384585886398882,0.17856678160825373,-1.5051052913961962,-0.2173054447438208,-0.3619066753348345,1.658060255567909,-0.7314092598353976,0.664618128141279,0.0008202563590926574,0.010093173521683223,0.18094048336762167,0
0.07698729943812259,0.7977593858255877,0.34842561849459325,0.06765018642233062,-1.168103570105467,-0.5149117113052372,-1.685481557291667,-0.4730519248648745,0.1470842749984372,0.2830559398841901,-0.9831483998539202,-0.3535585281425109,-0.26205651421812937,0.5634368918910575,0
-4.166367063382672,-1.1496938443288378,-0.39827795319201265,-0.2641837052473056,0.27359329763550827,0.016756498026740934,1.4001056881596283,-0.42354793601723995,-0.6757532744083188,-0.7670694684281208,-1.0027349898285411,-0.3617910039860448,0.03607260627860502,-0.03855575826852132,0
0.7673161445112174,0.2573449403934093,-0.13846023884858416,-1.6070587840280248,-1.7749847328408217,-0.1055642645243722,0.08480487782071616,-0.4558380350631293,0.3999260485996114,-0.9211981631629786,0.552894545951235,0.31538185238478456,-0.024305925625212263,0.4722740858887684,0
-2.6649718285994926,-1.1479283148098458,-1.891628873428677,-1.9335040143292088,0.001305522548268222,0.20639937536717246,0.6867074499644281,-0.6136551004541502,-0.3942741368589283,0.18054867211172074,0.6272327241755896,0.5130719929573067,-0.16761157534630053,0.6447671245083912,0
2.671888745667393,-1.7265538624496102,-0.3560126956025288,-1.4169001589048518,1.3684338530440139,-2.8835651458209863,0.39531283783883087,1.0615342363199376,0.031781157621817,-0.7882476109269383,0.6220638416834009,1.1479987368756128,0.35179352776844053,-0.6838400087908767,0
2.1115928675272966,0.5378792468352529,2.097823612252669,-0.13801943049159804,-0.9697693833494129,0.43190642345127256,0.19359243353800337,0.8078899524180438,-0.5812260132972304,0.22744065993059692,-1.1125015152035653,1.151045115968096,0.040500740157003216,-0.39096624773796773,0
-2.977160136420781,-1.1346100361559173,0.5246791357372178,-1.705716372449297,-1.1684523722617555,-0.2954402286319413,0.2518341006471082,-0.468234412200658,0.038294534668307886,0.5548497793879931,0.6601599355275332,0.6350548214628531,1.0697268100030375,0.6507966784902548,0
-1.6303256601028022,0.835711914839261,0.7101254537306264,0.16308081440172612,-2.085963156458103,-0.7163784688605774,-0.23095923010812644,-0.1581878520063779,0.1019679228781952,-0.4571387452681717,-1.1112075680257503,0.8258147022186461,0.15181673386892072,0.03623107163356009,0
2.05422170725791,-1.0417971705679534,-0.8691610676701014,-1.6662123245194829,-0.6090662483646895,-0.43902149932849666,-0.38597751720341766,-0.9135328256729094,0.12444620952875915,-1.138123468650002,0.6396584167747642,-0.35997688178316384,0.2017921277492164,-0.014942370322347426,0
4.702163110412882,-1.0800707706592219,0.18095568361600048,-2.042913996413838,1.2137013016806009,0.46424192832316274,1.2500033057841966,2.2509627695032246,-2.3775105236623517,0.47254574419111556,0.57841180590283,1.5751412395723718,0.8190366208039414,0.2739124244685758,0
-0.3015478417370819,2.030313755574809,-0.6916740579272609,0.012433417682102875,-1.7800688200601353,-0.13627261299620996,0.5028721329565093,0.20720882198975957,0.16084494912619426,0.036647202018172925,-1.0888329660464202,0.7591694805411754,0.7135939945118885,-0.9544637268398786,0
-1.9178333781485406,-1.2255203127484027,0.024956580552423422,1.4826304310667378,-1.2000083872288436,-0.6252645745398949,-0.31075272128905973,-0.41405167867963594,-0.03883728842273795,0.8844992985913446,0.47228009548500877,0.23077189918861232,-0.886792238394153,0.08751923862101191,0
4.62252947472296,-0.9154639447183084,1.7526708098901715,-0.17191388477138592,-0.2886651387819575,0.7253941755439003,-1.701294783978652,-0.8848507651044043,0.37292908431751215,0.2773484490643368,-0.892515671337038,-0.6465539468334224,0.5338502784993893,-0.01948828130715645,0
-2.5687373706560157,-0.7171475978753175,-0.2933844938137952,-1.6696556672426384,-2.1476088313100212,-0.23598016131212562,1.5843647305542952,0.22179656548332355,0.45821955852324475,1.8631924255710202,0.6610840600400637,0.7703504904556296,-0.18658396259265148,0.2743921846904941,0
-2.7494415127132794,-0.9902164819895265,1.336210385207912,0.0843755847174451,-0.7752357546029235,-1.363393049130272,-0.6934347725697508,0.7261214613279098,-0.8114308990427973,1.2956547274751682,-0.9656851663387261,0.4289919308753957,0.8704545210080517,0.11332429587387516,1
-2.56901077098621,0.3129986379757591,-1.6308746469946278,1.2523440548265226,0.5583944653691956,-0.10455611198982416,-0.9978195569131066,-0.5784644429066589,-0.8630264508605691,-0.23593474051180208,0.40373083355195,-0.08340578739056291,-0.767655824124011,0.05513238470792151,0
-3.0497376747359968,-0.7392821494060955,0.4354297693851698,-0.3493571302541748,0.5360190369853403,0.5636448625682066,1.0741199025149204,-0.4363431388778602,-0.6781606531142651,-0.6672719728924881,-0.9925016622126466,-0.5252594526371088,0.05161799534375574,-0.05677126231676526,0
-2.2587178973361715,0.3924244216810525,1.0738112755513922,1.2982727245919232,-0.861085901166425,0.6427467496689734,1.2303504914657848,-0.2025374603785162,-0.4316516098308222,-1.2811280554657019,0.32940459982160814,0.4184134292353834,-0.11320434885003568,-0.018754462467431603,0
4.097966303088809,-0.8778799179679343,-1.364689897388695,-0.26021338692454676,1.2158150389612856,0.34544381396429535,1.6622107038538,-0.6342072943004067,1.8573624594390135,-0.2305098715696241,-0.8784793980683586,0.0907460182528701,-0.5716227481716161,0.012560738827648021,1
3.9877868181897136,-0.9769320269012213,0.10449738503970922,-1.6839244186335456,0.5966689303437456,-0.2831734742154261,0.7030683094497315,-0.8945845400049041,2.0956296935147214,-0.4887661346691191,0.8008879172456405,-0.382521052345926,-0.08605651043498976,1.0278642281026271,0
-1.557920545236427,3.737942169749898,-1.3632643473612036,-0.24935637042922754,1.8478268366917627,0.019799018612720074,1.355305141522067,0.44300239615591125,0.6379787232460443,0.2715666710655323,-0.9748316031432136,0.141559282287011,-0.184782588277405,-0.4111735654497415,0
-2.770199787385961,1.593579203502131,-0.16851585085179036,1.0735377655919855,1.4149734972606303,0.8089501971890661,-0.681569435856675,-0.39124541033321936,-1.2842715891653627,-0.7396626314899882,0.41041446676993504,-0.4243976654248093,0.382690804511411,-0.11302156698710503,0
-0.056287649399419,2.5203333450440435,-0.40907441118094046,-1.5538369539963472,-2.1404046961903465,-0.2352417310974978,-0.4009240352644518,0.2252732734315574,0.1844660826811982,0.994149274172851,0.5412480006578038,1.2130353023678808,0.05190540095253482,-0.040417477751392816,0
2.385325898929908,-1.1354853697206144,-1.6881000675385984,0.021504512173477597,-0.4749341982004041,-0.726353714063461,-1.256931343666527,-0.9851644233475411,0.20976059472839484,-0.23420095073051683,-0.9060502620027946,-0.510794541249422,0.7053752538294676,-0.1627559845896622,0
-2.3753836674981734,-0.8541948023353981,0.32179273046386997,1.33315862454871,-0.37809933246807803,-0.3208469055980212,1.0613489616607235,0.961734980879875,-0.9747412872644016,1.5267484092606929,0.5114455282908066,-0.017011830948757422,-0.49141997696694295,0.24665114291043455,0
-0.21391477392564132,2.171720882308254,-1.6335183469499055,-0.18759395652171418,-0.6712231514629844,0.500003024443482,-0.11283321282420623,-0.17739347657402202,-0.21560853429570356,-0.22847382979565362,-1.0795829912658421,0.660825415986038,0.3493478979756544,-0.10374870171935953,0
3.1145923466709196,-2.1447268550207395,1.419905992996878,1.3895871739870036,-1.7952786658315576,0.6436341873042349,1.5374332409353664,-0.4639798347408496,0.8675064524834628,-0.5746206918066304,0.5139928332063921,-0.7169309457545977,0.04825826966126509,-0.3737206362693044,0
-4.661516240959439,-3.5365918845502606,0.5108315119545301,-0.38459981196850046,-0.9671911607224198,1.9559373888727751,-1.5710250392403247,3.884117609039713,2.470816583807139,-1.5362252510386947,-0.9817360907611686,-0.15438842433239552,-0.17042041704297234,-0.1790513359422591,0
2.557645623938771,-0.028334839905408495,0.753052322523869,-0.20197045100592625,1.1836477178348637,-0.28612825389899976,0.06373682585357907,0.9332854869638094,1.0748107397655218,2.83019486429624,-0.8744244561846555,1.4812607086622265,0.022761346696330852,0.25067629388627966,1
0.9124615122774977,1.2233035027796826,-1.9621099243207873,-0.17466350869426683,1.4602154310025963,-0.37240165623373855,1.3988313343038885,-0.05554399242537332,1.2096940243708239,-0.5948461390364589,-1.0103731811243697,0.45108404764427057,-0.3916051596191705,-0.7692678148256601,0
1.9218383562489998,0.7292618418042108,0.11163019225638483,-1.872662988223547,0.22603316522820255,0.3554091500702748,-1.7625321275071526,-0.5606902834467395,-0.5438355317175673,-0.1593549676284269,0.4740299450385176,1.0914976062829669,-0.7417075791771047,-0.7494991884099638,1
3.0001122447207904,1.0218088108217325,1.8658279534020812,-0.24536788854561487,-1.4285229344301578,1.582747378490855,0.9841603589273238,0.12716757984675828,0.3596642164119149,0.45393352593840713,-1.0655899969298481,0.6205297874602957,-0.5077481013201606,-0.3680075737157141,0
-0.07413980124946215,-0.08282872993645772,-0.8306939305958637,1.5052999501632316,0.3970877591819234,-1.0205505058102464,0.5843380896972951,-0.395179855651157,1.746311075758111,0.41085664061836547,0.6111119222595686,0.1375336671822723,0.6607441102087386,0.40830518066166926,0
-3.3022522585375085,-0.9604228273878611,-1.4327630879328879,-0.03345191195320757,-0.6931771518376926,-0.7891516004345313,-0.024991222945078537,-0.578551567764825,-0.1573346791661284,0.2763287889745725,-0.9413244146438197,0.16669919751046275,1.064393450139045,0.19058966933766175,0
3.3854735159682314,-0.9737094041432234,1.069169083101821,1.0870641539676638,-0.10292685625846353,1.6028037182451864,-0.1545578857158782,-0.5950025102090769,0.1963936204529908,0.8138530078241469,0.5527312977030333,-0.5446927218900445,-0.5042500824539005,0.02775246667487158,0
-1.2083238140238106,0.7909171217652667,0.09459661419565928,-0.18289356349612085,0.43174868528852217,0.05594896445520701,-0.0649947383429791,-0.22050733389262095,-0.6444689547092899,-0.5168022401824588,-1.0035644710809397,-0.9995616812625955,-0.006321817015781276,-0.9041368406113061,0
2.372471867971923,-1.3790672117295724,0.04337861678802055,-1.9615047157034013,-0.06326109464730445,0.7870838879476807,0.5287800911984772,-0.6934383078461694,0.06158230281740505,-0.009036290079329195,0.6548211346747291,0.015791830896017406,0.18661059730545207,-0.8451773324651113,0
1.1645665302443993,-1.6925369878840482,-0.8621582301317214,-1.8433406117177744,0.4103856383382023,-0.13197179193079667,-1.0261800700039228,-1.1915897855274549,-0.2383156662635774,-0.6699232419138891,0.6494602215802004,0.060371742773044024,0.654031263363639,-0.23432803686936374,0
-0.9799964284027468,3.690565753624767,0.9088391978723251,-1.4047734751211274,-1.4819222121358369,-0.9357675904049996,-1.2094193035509933,0.09799299850260322,-0.42013863263973167,-1.5447643751908704,0.44684244848244625,-0.3910353001165269,-0.5520702579050062,-0.6400815041554235,0
3.5812632561458195,-1.9715482811850324,1.2533381429850183,-0.19784702592745296,-1.3100696197349337,1.0683105655114873,1.2991343870236982,-0.7703721501460998,0.7397175768575786,-0.729521284520642,-0.9502904848630466,-0.1781880306048159,0.35426317341353825,0.09130562546054052,0
3.8341154529891788,-1.6835630470353207,0.1104223295083727,-0.36286511741802263,1.8204822873710333,0.27820995499105794,-1.398203818564523,-0.3642825038077522,-1.3540417330513195,-0.5634517979331988,-0.9847271178840614,-0.1832831891969692,-0.13843483722816047,-0.530770135348308,1
-2.4437240925724435,-1.2446958143811515,-0.6021180622607529,-0.40313587757410807,1.1960032086717811,0.5009744548936639,-0.47543590337755465,-0.8633174250293859,-0.8961894403371816,-0.15792314139226848,-1.0018273816015826,0.3299288342481837,0.2349149286710276,0.2991441757027852,0
-1.8393152480341284,-1.1933555633732982,2.2328973215929055,-1.8203579293018401,-0.48956940745523725,0.23350884723809895,1.5906721275674716,-0.12841671593985052,-0.19967122274312515,0.19071221943709696,0.6778556325301539,-0.8035942946568057,-0.1361493177336174,-0.7526576117138881,0
-0.18134743257795813,-2.180112422964216,1.3806766279922151,1.6141994921864364,0.23405944400832587,-1.5199607525925014,-0.03294054141016932,-0.7918484278646348,1.8238176788905918,-0.1906466324389906,0.5624922065777326,0.24478755667798094,-0.031419829924554686,0.29230632801999346,0
3.9406837857033286,-0.9806782715835022,0.3453495907888424,-0.22136583487325112,1.0148655287787325,0.233398906919344,0.9615035952550425,-0.6019877624625484,1.9098140563679833,0.011618509015088959,-0.905277076939266,0.5409070904839186,0.03621221259715624,-0.43331697022559,0
2.4244388963082115,-2.312359219631819,-1.3038529274937765,-1.6468897960731552,-0.775053435455948,-0.7942052197816147,0.10857270492305876,-1.0946031157361118,0.15133643735630994,-1.57421658035274,0.5479671815634315,0.5780874632681371,0.23249545111085615,-1.4716883337064683,0
0.48806002751848415,2.5686882649591976,0.5104497356934998,0.35604846805163076,-0.21496067418797765,-1.9794867446521787,-0.339720305802656,0.5476909174674272,1.8849960457659611,1.3103774322218522,-0.808828083588252,-1.4547034330112287,0.004203362285339837,-0.5333500410757221,1
-1.319648291502078,-0.7468996259782009,-0.4950540103230417,1.355044225479912,-0.189810580189072,-0.41020924708235296,-1.0661544522584046,-0.6280528336674215,-0.3468709654706278,0.6292505948233299,0.48899575778492704,0.11804685484639378,0.13640790468861078,-0.3498869307396359,1
3.1224545187984547,-2.347599160626745,-2.5083412354607755,0.018214740337480495,-0.2815998008145936,-1.1564828989968532,-0.12276123116911446,-0.3679939710767696,-0.677379557903607,-1.4488850750592406,-1.0644281752850147,0.5689289409304484,-0.5771957471293653,-0.27795768880547317,1
2.8511194246666065,-1.172745707015347,0.6316414027544779,0.9605683523902845,0.316572137966346,1.7547706454132508,-0.5015273469646676,-0.8520953481623879,-0.002877817290743414,0.6883033064696097,0.4837536930164203,0.6245881864720885,0.1273364430482458,-0.25581273693280054,0
2.8835518341397806,-0.885182388330179,-0.5379805117739547,-2.1357652372729574,0.7867963330518725,1.5049228006575077,0.6865051151315372,-0.8046106494154698,-0.1971170955959353,-0.246731971979137,0.685196954106435,-0.11330918256269512,0.7444762080268866,-0.49591611574506367,0
2.6614178361120935,-1.3193055559442717,0.14528609396627537,1.6948918184535,2.09691202599327,-2.895275181512545,-0.010999714351379072,1.1667503886091142,-0.26013360791733253,-0.9108009139994452,0.5369767528705728,-0.4685210446689184,0.4116041747253802,-1.4172930798504828,1
0.5798461950025113,0.8084519319134267,-0.3599280097058346,-0.36337500513047416,0.4353896251154248,1.0315356548955978,-1.1046037045389776,-0.8087573934813058,-0.33431662103248466,-0.5188559563986548,-1.0081603271021309,0.09545876976287787,0.8303628044062145,0.6307185873457312,0
4.316184499240456,-0.4943902619102183,0.6119065849238915,-0.22609830598519998,1.4870673313975666,0.04932783418758139,0.7849831188726338,0.5691161941383198,1.092013705504795,1.0790791634213204,-0.8663070818796896,0.5958579002132325,-0.06212774019213111,0.4067032300676799,0
-1.9949959227739151,1.3140215305414293,2.8313296020574352,-1.5820713197645264,2.3322398781083025,-1.8652213882374151,-0.20785337287153965,1.8302318788982166,-0.923631281337607,-0.2575624363247322,0.6033458964154826,0.3491720960225976,-0.1421831720060203,1.0498610150080339,0
2.6042902417377043,-2.697917236398668,-0.29439520601495545,-0.04094796137151696,-1.7135982332758752,-0.14057044274674202,0.8993566717211415,-0.8341065879456734,0.6946582913186263,-0.9255672827967383,-1.0702044035340141,0.7779112484869819,-0.4600287204194313,-0.8030711738046823,0
-1.9536163019437613,-1.1145465105699706,1.1234490166506064,-0.2651162838705686,-0.11656798652915608,0.41675779893041925,0.5765716561400931,-0.26136190149528943,-0.2412299324792969,0.923093772180343,-0.927421569949876,-0.6504266674409999,-0.7721191019940145,0.023745540357894133,1
-1.7354892155403014,2.0405629229394724,2.194872666709345,1.2135776464932047,1.4409008826152794,0.4297318464006974,0.33967942264807616,-0.017215654340985088,1.0286829201285526,-0.08564432144094403,0.49389197630705167,0.34032840766760125,1.1727193612846631,0.15902602825089138,0
2.7468728228992623,-1.4563803672133138,0.4713509586806235,-1.474448813802778,-1.868366023531743,-0.8275795433478713,1.4143573534425173,0.48511675230419626,-0.16287655134780762,-0.7402711449896939,0.5993925865077557,0.2619771570989623,-0.40720563186196207,0.4874430288436643,0
-1.033309687469876,-1.0470246674422592,-2.390017295653501,-1.7933046350367234,-0.915687325042596,-0.14877797612866897,1.6657585286143792,-0.19672391981165538,0.27755158719143885,1.3619081692338884,0.7717348684417352,-0.5853467214593673,0.025094020025728594,-0.05779995589018016,0
3.2801957842721268,-2.168293500948825,1.3321536512803183,1.3446476025427947,-1.3670516464787565,0.5339581382363608,1.5004956551384732,0.3949194815657958,-0.04607892049108733,-0.13479834934065,0.46531948455275224,0.41294728761944555,0.011870106549819813,0.38318214604707357,0
3.3476498905562795,-2.0173515943754743,-1.3352958714140803,-0.09677599385911118,-0.22989418565367647,-0.3361528906316554,0.36428030908056985,-0.2438899951958734,-0.4402448395765903,-1.1431388424300537,-0.9562134172804541,-0.09787288444901963,0.6426547606709891,0.4057260781685565,0
1.9309353692437683,-2.651853225515208,0.5970163923247798,0.015495940864564682,-1.6290789026024333,-0.3121667548402362,0.9462640397791275,-0.847381506154418,0.5771892147647183,-1.06619815705749,-1.0230609690881818,0.29351037070734276,0.13060895647012438,-0.7664010010270833,0
2.0675503048667534,0.3479072194076596,-0.45979913681514073,1.464357103516986,1.3777825957467074,-1.069436716665833,-0.7938358455887744,-0.8185020888379452,1.092329293737017,-1.77781494292663,0.3614864901269033,0.9336182024839933,-0.297322456280937,-1.1170331733013856,0
3.19283929539119,-1.3616021362723976,1.4701570577297365,-1.5212380059560489,0.10316539833027352,-1.0572959530886359,0.15359298280586803,-0.7453509233698968,2.0666835404783845,-0.31685545273783716,0.7243100178855116,0.3291915499043881,0.05270974881322689,0.025486081040201655,0
-1.0805301754345156,-2.180949675871369,1.5547474296500605,-0.08535277757413867,-1.3417435550072832,0.02948733260196394,1.2757231953031338,-0.5580968659344802,0.255016140392451,-0.7648180626929674,-1.0267646823255645,0.21651115748659935,-0.013292074402666474,-0.09193217247755091,0
1.83572447720627,2.1052957510169232,-0.6938766004502318,-0.07292203549197718,2.1189749763901657,-0.8283913687553675,-0.5749891008572814,0.8082181783166628,0.3810582656063243,0.7179701916271479,-0.8799637056074259,-0.5174754808738748,-0.7584480613763317,0.9864189551549375,0
-4.330469962094134,-2.9920227488984352,-2.9017062243243035,0.7586957959360574,0.3966955926210536,2.924369324841879,-0.767668679274422,3.7729774309934796,1.976069392421046,-1.681060168869135,0.4881319016919114,-0.3365630569050361,-0.6094783588875001,-0.10735860097378457,0
-2.546701443934197,-0.3922264758284194,1.2288978197664138,-1.6483112659049375,0.7259527394417623,-1.0435258226152373,1.454256459817772,-0.036504805254650184,1.3729549019260088,0.825034242536573,0.7639931135754358,0.14685756199746236,0.45018465328258034,0.1327245163415944,0
2.086260673814249,-1.5096496138108468,-0.7210950720093535,-1.927515422783972,0.020029880065448088,0.4712185463155399,-0.042645936192996996,-0.8917041388252074,-0.1534007268462541,-0.02374952220507726,0.5956287509176945,0.9087066786691876,-0.07268187577486218,-0.7072993934071006,0
2.233473630179278,1.587190431170092,-0.3119511166052504,1.7286063997285683,0.0806425273414578,-1.6437497117368076,0.43413782459601274,1.0832265967256842,1.0499769095464817,0.41688148128516817,0.5359537868066461,-0.17861044677649987,-0.626433068793979,0.4867753271507125,0
1.5140231487602522,0.9324675987628037,-0.6706189552436523,-0.018888885634190222,-1.3140347001276809,0.14134570703855096,0.2013112136220257,-0.23267933731176946,0.36846352599138,-0.3376951194559463,-0.9634360158427407,-0.7896368083082745,0.14901027008912526,0.30794130994984875,0
1.4073727056978194,-0.2168236635465521,-0.6988110664101465,0.1801546879352659,0.3960027463409601,-1.6735321520535251,-0.8112575020137478,-0.6316880176278971,1.7487594608425914,0.10944256465801692,-0.8997928990997941,0.47114239373545075,-0.06363663657432703,0.5703710126511778,0
1.2855242506322018,2.9772417438390253,-0.2608342696814501,-0.1500260844236957,-1.2392380856642622,0.8120054310641369,-0.5069314837132192,0.1210191401326935,-0.0020745158734508436,0.8864295254281503,-1.0717171550230784,1.201766867868507,0.6163303005003583,-0.4472013050418359,0
1.0643046559939375,1.3708733460579692,0.2311957596705624,-1.6603204133577107,0.8964566648423411,-0.6582904440004625,0.21759085330512254,-0.15472549317512926,1.4146392235773575,-0.21366172055730406,0.654508613329494,0.25132496695755624,-0.2454166196112531,0.06904063843673496,0
2.549921224766632,-2.241492958146812,0.20818295967521447,-0.14058120165187926,-0.5138124237986993,-0.05430167307522157,1.1421275518209848,0.09272962508311575,-0.45281700764939103,-0.7220869929334482,-1.0093393548433887,0.20448523453051645,-0.08883088753092318,-0.3890720615940097,1
5.396554948445279,-1.569223894495265,1.6401871075914678,-1.9569302782604105,1.360635722425924,0.0416315050408729,0.26412728302666766,2.2327590390547996,-2.531210534108184,0.65280574323888,0.541976655940129,1.2512192772265764,-0.9263840965019653,-0.08563493835764743,1
-3.3263928967428242,-2.8092209349079393,-3.448410806639616,-0.5983362253090386,-0.3061489230777804,2.457144132538785,-0.6626196482713597,3.918540704115667,2.5953934804301513,-0.7591382875627725,-0.869859696902733,-0.5089808668019823,0.7374063906609372,-0.7802268763883673,0
0.7696936889281438,-1.168625005341394,-1.9495829924321073,1.6495372627465625,2.0027132205055738,-2.7386291556712923,1.63947022128504,1.6490450276534176,-0.11028129996008008,0.016734091512601107,0.6709621976067254,-1.6325441347570298,-0.33825118617632854,0.19197615512264593,0
1.1697538326217023,0.048512458736273786,1.0879076970125965,1.5775227338624014,-2.389979120664909,0.008111880878551362,0.3424502258162233,-0.3107732617131727,0.6378786311180378,-0.9254907489053187,0.3985420252843192,0.08745928094328201,0.16186486486842028,0.17687226355041266,0
0.20603445475264526,0.6970379165882742,-0.279967935978466,-0.21886046614496313,-0.6400710542875775,0.7753055059430873,1.0751297422108348,-0.43220015756348734,-0.2632407573608944,-1.9332882918221093,-1.153617820043095,0.5522185063147389,-0.10332866091077675,-0.23395112940460222,0
-2.181845815250625,-1.4810098910226221,-0.5184082630218653,-2.0707948670270118,0.7635124257136378,0.7936298444686332,1.3923080821767793,-0.8009584865987333,-0.6181908857776469,-1.0456009344464219,0.6395030584809132,-0.17652996223741196,0.7313279967212666,0.028357595683411174,0
1.0901836746680698,0.9071661836754529,-2.1424192160506896,-0.03477591042129119,-0.4318521177609961,-0.3036507221180874,-0.6289229282394354,-0.41326914525734043,-0.2220459004899872,-0.23333175669008382,-1.0136560500853133,-0.5225815826248853,-1.2500544994429978,0.20049104147976063,0
-2.4874462721185453,-1.4607946477118459,1.664884911963558,-1.7140676006086761,0.8691904996833918,-0.8242421676757589,1.6306159612802473,-0.4931633926351985,1.414209449628115,-0.5211675503852431,0.7126608878226853,0.2677146106229192,0.5271033242362088,0.3824485866151437,0
-1.5947311442012224,1.277447874957356,1.799098568066046,-1.3797884684914459,0.603452241201985,-2.1565748085504266,0.5067550170030779,0.883890590102123,0.41958144345839904,-1.26761546613939,0.5689640176648254,0.5423078356844664,0.6469300965737586,-0.21533009542997517,0
-1.3898085365730277,1.3246777182655318,0.6409996294741291,0.11295375510070871,-1.5849225140102166,-0.7078260156773974,-0.810313817525546,-0.06285193608273433,-0.04288808937558882,0.07447985003251315,-1.0857434004542785,0.28472704532118126,-0.5034270153302945,-0.3605196372100138,1
-1.7045403259574987,-0.2418084610929345,0.3415151787221052,-0.11004762811095015,1.0469035018876345,-0.764173560856943,0.6112919685149526,-0.22341865492038973,1.0986716053464594,0.5303380335559494,-1.007197509190338,1.3553494305549276,-1.0278525985461093,0.15755460776617433,0
-2.2421906642877443,0.3225944691657428,1.6270462385808961,-1.8032952692223307,-0.5129150791770726,0.29968764851849167,1.2164111571027125,-0.05265338693773849,-0.5645472591289182,-1.2265485758271535,0.4804381403078112,0.21029686038230655,-0.5151713634732007,-0.45417631612458564,0
-3.3531075333753337,1.5296351963936663,0.3246519863049486,1.6272418425392348,-0.393238226102537,-1.2915561747591382,0.657621440302967,0.18680794224221628,1.5334338737852267,0.4342229614408721,0.4807345933709803,0.609175113120149,-0.24471111048878116,0.6769604490031774,0
0.10644878202554897,1.284741031517719,-1.7630676923132256,0.9863186862412677,0.6398369014118757,1.6176942157035388,1.161074906005661,-0.20346126304066142,-0.5628283116804487,-0.5266717092343123,0.4428796561263723,-0.4359078342321271,0.2236530282187361,-0.40692794739398086,1
1.7548347015912573,1.8010280125935678,-1.4946306275601842,-0.42086993510284687,-0.43086925695306594,1.732390088437455,0.7393611359556268,-0.010598381845106003,0.09511745765771337,0.8354944299107019,-0.9894122040499695,0.24667760632479854,0.04905083531315419,0.2743032225003605,0
-1.6082227131410038,0.8689807144002601,1.6842767310458884,1.402594559418017,-0.3847574027186572,0.04574334671959429,-0.6712304183125207,-0.4129019492458572,-0.6212340983578888,-1.2228402673196321,0.35800998300190895,-0.12015135594033265,-0.03022157223009905,-0.2964533624646137,0
-6.728052449758681e-05,1.9905749452770802,0.719073856306245,-0.039260914770790356,0.885074829569884,-0.5311889998004654,0.09472731153584782,0.17103438136022792,1.3973862540300692,0.8160085413175268,-0.92260132257785,0.09754607449423855,0.09600122532441653,-0.31364921517310695,0
2.8858940632322807,0.9955774077270277,-1.3386827236492973,-0.22435756995019807,-0.3260408611190142,0.9190677938976535,0.16192206681083832,-0.49733717836635355,0.15868856009986596,-1.100653923378212,-0.9733941475680449,-1.1513484857262808,-0.21343248622849012,0.4792576911439957,0
0.638313461612218,1.4941985316638373,1.373439764334153,0.015769020257624722,0.3704285767444565,-0.4176494772084063,0.8613146105537395,0.08022799771733855,1.7296421689059422,0.032893481663989144,-0.8946335712125182,-0.27913714104051374,0.6661998520115238,0.18882963878407077,0
-2.1266507059191824,-0.5803798713013143,-1.6469554716597123,-1.9085529011931004,0.9997800588149364,-0.2299586934031323,-1.2829098997754143,-0.9312933094765964,-0.8179295629562415,-0.017283304186021937,0.6432383456921679,0.11030829556234958,0.29151499551314214,0.16829168908313474,1
-1.4908885149129645,1.423385036994515,-0.7351277267291345,1.4082166465702266,0.8701011906233861,-0.5374663089354552,1.6616011113330775,0.016968541874889265,1.3244656632001661,-0.4751784632987151,0.5461643599879717,-0.2908056510525923,1.0951704900612502,-0.42992449337263744,0
-0.9064697193569035,1.4205306643259716,0.36845203678413235,1.5976980278747785,-2.1397560024318922,-0.2703516139204373,0.10510485384798583,-0.19830932471345483,0.19692558390336024,-0.9376522194113233,0.3810596238662713,0.4820623939178442,1.2155795790566242,-0.0916443535285162,0
1.2780522359240334,1.4310301028447865,-0.40027905687349014,-1.8654633183189526,-0.5101741774254931,0.9693055847069297,0.7696607913984627,-0.23253302159993694,0.08349514845167003,-0.35856078745257725,0.7046024585069041,-1.1600268670858043,0.7011405890158571,0.4867196639479169,0
4.274428071970412,-1.551697464289198,-0.12272305038289923,1.385562972724633,0.464631643658857,-0.5900120960282463,-0.16779560062540136,0.9894324167105716,-1.502865874950627,-0.5925273068585696,0.4647589950404432,-0.07936006115149179,0.36453949824960347,-0.292607645496179,1
-2.400805508670934,-0.21210231626343887,-1.7893085888190676,1.2013762808953463,0.589664714885924,0.017619818243182542,0.08630890790212618,-0.4694902244105904,-0.6107334150223109,0.49243389986351277,0.5595538793273944,-0.8459800143868352,0.44601993424825115,-0.4998591185971445,0
-3.3123726827042317,-0.8159986034232165,0.849361015018996,1.3298329583154174,1.8623538417262402,-0.8837175631504267,0.6135033661850127,-0.1802058230848547,0.8490608173538458,0.6517753598534335,0.5625210052056933,-0.1998966245951064,-0.696558712518526,-0.0796768660652472,1
-0.23987191026567833,0.18121389962564383,-3.0760602545118547,-1.5527651073820055,-1.5800118858210959,-0.9864154198298584,0.006678616144814581,-0.29488743047012766,0.24524845083320568,1.052629858333756,0.6645743749445486,0.6402328143148688,0.24101566772502495,-0.08301397448054593,0
2.7619002813588702,-2.3323160682936823,1.347752679649923,1.5882964443028147,-1.629158128241988,-0.5046122221770816,-0.3581666199113157,-0.9453999473074791,0.6153216273516577,-1.0322110048669784,0.48576793233929144,-0.6078695872409341,-0.07693319982818804,-0.4477426753917928,0
-2.5249224673221375,2.5320009309196836,1.1964000223965496,-1.4202861076129545,-0.20053231167750338,-1.520196226131133,0.05567951552210115,0.2249919319004703,1.2671856563759922,-0.11395949025734246,0.5724526596460613,0.8058423036511073,-0.8001571172633868,0.5559868434624674,0
-3.052920044703459,-1.0987059787995377,-2.6159709348984546,1.4199493134862324,-0.2548864120588025,-0.9819653790555024,-0.9139419432584596,-0.8579180474767443,-0.37562377479613646,0.15790184847250907,0.49931326887251265,0.09547006676960842,0.22493077405739018,0.32812629709958857,0
0.8207528086486983,1.1975357299617533,-0.6936745973645593,-0.24632980939485427,0.02480649963794229,0.7224074656023564,-1.105101205879156,-0.6563700482612465,-0.3027367628138643,-0.22591273983902282,-1.0119479858398734,0.23885209204473537,0.5360555821255041,0.5234216914076683,0
3.854146713766831,-1.020307394366114,-1.6903159957601233,-1.920544324081258,-0.07537162434658717,0.8453972132594979,0.8499236018537313,-0.7688713882720949,0.29442918118162814,-0.4899418625112104,0.7418226700294156,-1.2128302381476943,-0.250765804124317,0.22134023005882916,0
4.442651566713309,-1.3573141091122245,1.9522227845029332,1.3675591999446437,-0.7847077332055626,0.6167184279880453,-1.8930836091917793,-1.0220788761173383,0.5312304411754978,-0.0697865276576405,0.5391459209886861,-0.5126998083093853,0.3281661897245086,0.39260916307068666,0
4.656128642872857,-0.8054892600135699,-0.8681832247100264,-1.9596131257300982,0.4604150796621802,0.7828322066210183,0.08671316108616064,0.07317025794758834,-0.5613861301005406,0.08670667772492993,0.715386086019596,-0.44969674077981225,-0.192436654905979,0.8185026712993311,0
-0.4330620729703117,3.092493609785638,-1.0115794336344424,1.3559148768932985,-0.9913589425561146,0.4914823022308421,0.20888998244641105,0.12763742241322526,-0.4085621639136949,-0.5335797657940624,0.33364357870184996,0.8206403692715271,0.7638226003102193,-0.63188109580179,0
-2.0261307458041347,1.485219380808738,2.5446185068995355,1.1840360103180545,-0.49225643356657683,1.1950658374272947,-0.20214134626197272,-0.08207587668991491,-0.3546351431524897,0.1867606155446353,0.42424424823184553,0.04700623776931699,0.5271320959029451,0.3406394261331155,0
1.3751362931914577,2.0794735521551306,-0.7443850323374349,-1.7415940579081879,-0.41553703728474833,-0.025181927770169723,0.3952541386580828,1.1190287218665775,-0.807058924650807,0.7576695596173062,0.639378272320662,0.008422078219946866,0.966972741495949,-0.2379996885538078,0
-2.160122278688686,0.849833213419186,1.1216678351075122,-0.45787534364215743,1.1576489289909886,1.1554246630553717,-0.05847661353488833,-0.32716411560216674,-1.0377600630890034,-1.0367749248076699,-1.1068889592572608,-0.15565676940534032,-0.21077815624101517,-0.36110882928985183,0
-2.7367246489848207,-1.2733583384574008,-0.24688143325098155,-0.2840522024314287,0.45035389740469445,0.13237506097192164,1.197390985697064,-0.4034733093074519,-0.5430894371025398,0.01715694986836435,-0.9247282226172312,-0.9111249839590736,-0.041077199345935456,-0.4437534216191108,0
1.6168178786555325,0.7855638967736398,-1.4168407272897225,-0.005685174138198414,-1.2800611361370122,-0.04934959879768438,0.46957821052652166,-0.2802594602563542,0.22179571642685306,-0.7066252576280323,-1.0246713624077013,-0.20534806143250187,0.10601544238849378,-0.23586853188762724,0
0.7552566287208375,0.914947359056102,0.05247349135582177,1.4708928812654414,1.050410724520413,-0.6929548433450049,0.27359365180296336,-0.40306907910880685,1.3145821446107588,-1.145991992149426,0.497268175164888,-0.36393842454470243,-0.10181361136361027,-0.09845607604647799,0
3.1964969381983535,-1.3139571734877924,-0.679668094941978,1.4350184114761342,1.4234175598760737,-0.9968957798321006,-0.5932723812629572,-1.1310824896522385,1.4592203086739597,-1.0038463073399113,0.5093596931023976,0.5451688191101678,0.2508693411388111,-0.8678619252902238,0
4.019917465775013,-1.463877420017573,-0.8307600374242698,1.3997826854661861,0.6905655365674703,-0.9986154655957996,0.26793854141215795,2.09892255714335,-2.2663090145438174,0.19063771127090226,0.4809164305046764,0.3789643781683461,0.467014797141042,0.600394493961566,1
3.879841076940225,-1.6744881576252375,-0.22703389400863963,-0.11608329414316154,-1.178906621750135,0.5174568331416202,0.36560758193485515,-0.7439953977496332,0.7414447445696621,-0.24516399416683154,-0.911708884241607,-0.6932863616497417,-0.28186850574309524,0.4316335199739813,0
-2.4085144573251647,1.551974565303166,2.119920194097977,-0.040020317157466456,1.6803424220684533,-0.9420317274564843,-1.2201318417354763,-0.42006056513269,0.7925596930417831,-0.48806189716951215,-0.9764718892836654,0.18629122084043218,0.6465303261501884,0.22112237112333688,0
5.07143321850928,-1.2598439933794645,2.449797382915654,0.059613967769654996,0.9242387635819591,-1.5104740186775916,-1.1651604651108478,2.9246079635363023,-2.8536861445622614,0.40963884148683416,-0.937589233488644,0.08262043862180213,1.1808886387154407,1.232958291911893,1
-3.4170232024394727,-1.1796203540833268,-1.4391821417167026,1.0417046418923799,1.5445216025261053,0.3271477564436811,-0.4577520149628736,-0.786893130802592,-1.0232227836262158,0.04314185712139587,0.5102953109631755,-0.6404549157831099,-0.10756582569760025,0.09033117243969108,0
-0.6486722445698665,0.11246933789628125,-2.3618782226149593,-1.4167027384284445,-1.0047564227074721,-2.0359718514191893,-0.0010633586076816057,0.7409893197832894,-0.6943759760161012,0.9991570425277196,0.7038677870020655,-0.26742192993353264,0.18598456709622643,-0.2095986439206412,0
1.547577501182512,-0.9236860875866757,0.41181914625577215,0.26821026199124076,-3.185388510720641,-0.624773950056798,0.9370004131999516,-0.34508385144023973,1.2019165836612624,-0.19415086089482964,-0.9185476013284234,-0.3133655562460148,0.6443095888301654,0.7198520257712351,0
-0.4985764606755725,1.6822228198675682,2.2572052803880065,-0.331299899336456,0.6018632763571806,1.120846206365235,-0.3633105564114088,-0.23623388831174041,-0.758565987945631,-0.898695767301101,-1.0544548968614693,-0.45277716501384613,0.7529207043682529,-0.7518011656447026,0
-2.963296778195691,-2.9449224587389398,1.2350995924192196,-0.05567389639525122,-0.7830788885633196,-0.5486236113799815,1.03459445268175,-0.5360905978366305,1.3572347944324426e-05,-0.10964757051966313,-0.9517024153077321,-0.46324391640512896,0.007850547635521508,-0.3357528092496408,0
2.8709001792562345,-1.4871396203037022,-1.3440146841609246,-1.5670905755025373,-0.2504163221985813,-1.2143516160303822,-0.5477229150627038,0.034812344647693734,-0.6564226855206767,-0.21637335579417302,0.6829923994394964,-0.3304328608315097,-0.06873164575644664,0.25623985127019433,0
-2.1378470615627396,1.1873662363887605,1.9233057076144717,-1.8609810308816435,-1.2203787675790603,0.883205231045543,0.7858676861254751,0.09392661251619981,-0.07334623856910649,0.20194828958976632,0.5439466336322473,0.7669293619045084,0.48764949685218806,0.39266510802370475,0
1.580878298100892,-0.5290962161142274,-1.1274147815965858,1.5197913339723135,-0.8727784549505515,-0.9846946484601294,-1.1191503918127654,0.3175106652454857,-0.6308432600678984,0.4712183956420073,0.416322208545123,1.2494017779155968,0.5707939686121597,-0.1492485822868742,0
0.09336138125655534,1.5190943979285907,-0.552019678528336,-0.24244640245453053,0.1844009924954884,0.6398494409642664,-0.8855427904295853,-0.5516292094156289,-0.2595943246499207,-0.27286317020779915,-0.9346047953938378,-0.6884752966951263,1.362922445708713,0.42916140237177797,0
2.722798719560183,1.317050796937081,-0.7254999154272306,-0.09833700185306804,2.5329079635040115,-1.0337532499325628,-0.11585724145867601,1.637470727980397,-0.5092309447594643,0.2049208024447825,-0.9800687901292122,0.32314420346295564,-1.1625990769668313,1.10996877826882,1
3.3850549725155807,-2.0809222297626198,-0.3039927633040121,0.20928001675361813,1.5274927416989108,-2.7232403901415587,-0.43687198712472985,0.5627540103199284,-0.021155996885516507,-1.5604662707340422,-1.047583286459392,1.6048094945740135,0.33980208432067455,-0.3374048744307775,1
0.25088323752098707,1.236170990857713,-0.3089636943495831,1.797526891142756,-1.7427403955244463,-1.9788527829996516,-0.1496001388157664,2.023164720341669,-1.451547376598897,0.008229431820045095,0.2744789259403722,1.4365476577510663,-0.3246012602203189,-0.22478117544387416,1
-3.538910910794502,-1.478931830343704,0.23024769864996864,-1.5248243259979781,-1.1524784773858856,-1.3820982776533712,-0.3638468302719988,-0.3773816985479592,-0.0930727754359183,0.6168150601959728,0.6512590417913502,-0.14308935428767597,-0.5451718555412498,0.15645484185226702,0
-1.2252350368390186,2.3060680733781678,0.295952436627038,1.3990847439922744,1.101547124467003,-0.5783699962549306,0.2709564943389964,0.38259920820883886,1.2038129787247749,1.3472402289560217,0.5698736271040206,-0.1856750840046905,0.4605533353929929,-0.7175807826363446,0
0.9066095169996355,1.2771853362769077,0.36330037059643716,-0.09442668048590264,-1.3789003680797285,0.08754647775411017,-0.37030390602634045,0.9577148499421061,-0.3427376364816443,1.2015599622539745,-1.0734876536034643,1.5062252706187504,0.8664431239628594,0.08145935157405725,1
2.5685454744876175,1.5062026968917164,-1.4044019747795697,0.8961134315624052,0.6357417471610407,2.3160382647700417,0.81738181804348,-0.3308089475747648,-0.29878280982966765,-0.36454173967963455,0.47065796271969546,-0.546800661453262,0.005824894482813465,0.09501499728075322,0
4.540339333614619,-0.6222929443057106,0.9092291647254305,-1.9364079082061,0.42541222339161266,0.8367781909190443,-0.2826973869020883,0.23819587275284176,-0.5905110636823381,0.49112398819248054,0.727775794201248,-0.5156646358320214,0.19342949965029876,0.45594164976963636,0
-3.0005234889722083,1.0093252781995636,1.5636588393443684,1.5027209706950608,-1.286049730616054,-0.59251198153644,0.19720936954417084,1.1692327112965488,-0.9239598079768376,0.5917024511365336,0.3689390132710952,0.7584369904616773,0.4127038914886548,0.16613241070370785,0
-3.0894345058853045,1.0428471127404866,1.3850784813360528,-0.2283516817331035,2.0433844916721076,-0.25727950698080526,0.41885761067369975,-0.14070750690909875,0.6322669293749578,-0.4988951184199352,-1.0157558342638489,0.1455088804448596,-0.7846013425549714,0.3406782222620153,0
2.9138869597197594,-0.23619811034259958,-1.304711537537736,-1.4704869223577453,-0.1259917055346894,-1.9332003091938064,-0.1406393125177816,2.0998415924083482,-2.3910654762799775,-1.101868845212775,0.46383646707150716,0.968183561460373,-1.3618711936573333,1.372828627522946,0
-0.5317969873804994,-0.0911357149884753,2.6596047004590324,-1.5685585412604497,0.32622257939737037,-0.9301203466351674,0.9950037730839493,-0.29141351039254604,1.5624763439017157,-1.252632837139254,0.6217680179671108,-0.06318409567242579,-0.3613859798064185,-0.037355489430409096,0
-2.153459582237598,0.35499334151159,-0.5766188119628419,0.16054107238397458,-1.6146751880881125,-1.2771893464639699,0.46878234180891093,0.2507024694969259,0.24720420081346964,1.7286478961286489,-0.8564897505693942,-0.8462121182053552,0.7930986679779753,-1.2227340976115237,0
-2.0659535491308043,0.26217571583905896,-1.1937040725474075,-1.8395390999940189,0.6628004061951417,-0.3467035630353626,-1.1987716295727928,-0.6057967048892396,-0.8821387334843743,-0.01944262534993973,0.5679182731353944,-0.08675837943651205,-1.381785214272178,0.19025422186894944,0
-2.652402514658896,1.019891370567881,1.7179794173298324,1.4462617136403078,-0.612717053536293,-0.2010298394486375,-0.7828258297707444,-0.3154923484364076,-0.48415701572243586,-0.8359019207568319,0.40598067563157364,-0.3900667754437321,0.5787361460215958,-0.1790937394362784,0
1.8283121479533682,-1.062879606540658,1.7979717927946965,1.0241012371979779,0.24954566690092048,1.682002059333603,-0.34045800400115306,-0.6398403740026504,0.009059256990786108,1.021360159579727,0.5776412403951035,-0.3760898870695883,0.5796134171136099,0.21191575218706413,0
3.115996568814546,-1.565540943691859,1.3543223486089095,1.3000599696531658,-0.3393892156827902,0.2693016027222563,-0.3223787887245879,0.2578422244213839,-0.5370272875730587,0.44549267435937007,0.46855810521494184,0.5800682308445482,0.33518950371135514,-0.11406940987643469,0
0.8480857690741966,-1.6115132178694602,0.5126814143576404,-1.9234531423821717,-0.1282996437523546,0.6434751942124018,0.5515592630485111,-0.734262724852987,0.1013107226536539,0.035249851705301274,0.7160932296051709,-0.6453946108209138,0.104421924299128,0.07676890580416494,0
-2.834448791282037,-1.3467379006653113,0.8867863279311454,1.3688645496415655,-0.1262818801600975,-0.5055429954518731,-1.376913978491448,-0.4989167477234144,-0.4810160471862943,1.077344757252534,0.4753991264425575,-0.07109909553700534,-1.1651057645305918,0.24329692298076178,0
-1.870839650297662,-2.2039086373949397,0.2747148013342345,-0.10775411445939698,-0.5737516168381857,-0.4924341155412141,-0.554139234914993,-0.5501710598026957,0.07396015343790704,1.3451087641486956,-0.9183933289341613,-0.17242920341404513,-0.6458409634973539,0.30327076609395365,0
-1.8978001467596446,-0.6090142655552215,0.5450728349433669,1.275853608083285,-0.7265418973969547,0.36450709048489827,1.0168141114146612,-0.14564348798822127,-0.10125660307934668,0.6867175463459476,0.5101723747991331,0.11142248196294581,1.0779312201542905,-0.5614364506735369,0
-2.6547905286689377,-0.6367458518809863,0.08595207998406151,-1.7610194101494745,1.5329386782226957,-0.9821622353227375,1.8506228693962974,-0.12611231703197892,1.0736621839618787,0.4987354998276103,0.7688162381373205,-0.41457651398257106,-0.3370329492209288,-0.15646438204609503,0
0.5911208282597642,5.069842236334464,0.7785706807697079,-1.5691530892896863,-0.4299312104637701,-0.24759152417223743,0.9614882509795705,0.8286600353149255,1.34083207655367,0.030195553754499425,0.4759053498845264,1.514659490239671,-0.7177885973836532,-0.5442415387521209,1
-2.1698119692257873,0.0721764860382679,1.7425295730774566,-1.8442881026013807,0.294607354785223,0.14367743520007992,0.041647465316475014,-0.29869377539903746,-0.6161065712729198,-0.7296010904434115,0.595145076491445,-0.6900842994480559,0.26214849991121636,-0.4086742043006192,0
-2.9394108356949844,-1.212100554368714,-2.347670535935306,1.0362233475321467,0.23612649756913587,0.756998362812989,0.9902693505366278,-0.4840784140692639,-0.4738412798040174,0.5253808464956883,0.4485672745222234,0.8218134691779359,0.012329871323792378,0.3191361538236372,0
1.5981458543297045,1.0280307079895161,0.2708703653334089,1.5807125412150542,-0.07308706228431175,-0.8185892475059483,-1.0077798072334287,-0.4442025914518992,1.8342056091368226,-0.10752312315957487,0.4632770997353927,0.891534328686264,-0.3094024713538294,0.8341807435528092,0
-2.109069895385295,-1.4413251681984391,-0.30005383499048094,-0.17101062873666306,0.6099682389297509,-0.7827638521485556,0.656001456132087,0.5443336660926352,-1.289328410583762,0.09287041117875382,-0.9835768216248034,-0.24462601880176946,0.2706252990511188,-0.621763496140248,1
-3.950401323159287,-2.734771467537173,-0.7658430439514881,-0.39478514531684694,-1.8706017662699448,2.1763007767257316,-0.341152943659223,4.522672131558924,2.913145233897138,0.04861693167742161,-0.9567299535894501,0.1548571595743875,-0.8793976346653923,-0.572712104064345,0
-2.493224980974755,0.49551156242582683,1.1235976917657813,-0.2231791901902136,2.7701357347473943,-0.6214505692283337,-1.3213100844188632,-0.7301653119879606,0.5844196059770161,-0.6424847434697646,-0.9498803130422632,-0.23622580083351577,0.12916307691311965,0.509047803377122,0
2.353721633476779,1.9308359899462613,-2.3679987315097155,-1.728691309068981,-0.9180855258009161,0.297150052021869,-0.29357320549146765,-0.20265093337538984,0.12209714063765628,0.029534156566464496,0.6093270678464735,0.11151644400344701,0.0950620430346428,0.1958674036184628,0
3.1510436745706145,-1.6566979938462478,-0.001836381267139109,-1.6964404163109519,-0.2578155373570161,-0.7140370157428061,-0.8287064452875721,0.08938862817600236,-0.6818853385692312,0.10323364549521069,0.5704354235852711,0.9732138097466744,-0.16088650449336886,-0.7406067033812578,1
3.471886192618985,-1.4131090324760591,0.78892404242276,-0.19378480871583703,-0.8268930610087695,0.5551128799691494,0.12935800637796083,-0.4623618740800038,0.2762137681888872,0.6917817018101791,-1.026665888510893,0.5588145211920282,-1.1183299558346136,-1.3670905061734793,1
2.6520012778322917,-1.6473704177994315,1.071685625018549,-1.670933738667659,-0.6432549588291415,-0.35294839556990987,-1.584891974530933,-1.097199194218802,0.19526670961162232,-0.22983688294438012,0.6402362091940731,0.31959075345443566,0.48445060655551586,-0.40813334075844826,0
-3.0181737722273834,-1.4734647505994465,0.7072716559850631,1.1485472585222054,-0.4071108067123854,0.7656680399487524,1.7130858817593373,-0.019425121162114013,-0.2564783772734851,1.0427610273556192,0.4972137823872324,-0.28246102973052223,-1.1094019140143532,0.15873647074719577,0
3.313679257661656,-1.9039853041452997,1.105372030571198,1.2777823079448423,-0.5627783245183097,0.478971047677182,0.7240394985565994,0.23873590419225335,-0.4379252696577375,-0.23427740718759626,0.44519451056418496,0.595896097883994,0.4534099260820308,-0.32120791747273025,0
-1.034394056052793,-1.6112140478575219,-2.26702936826649,-0.20273865064081564,-0.5543693645884783,-0.06936962872709358,0.5973933124882855,-0.5110488584097478,0.12036748181772919,1.258923713616291,-0.9062347657754849,0.032255225633438786,-0.43759353020019714,0.2775688587672294,0
-1.9734738309672446,1.889116930489664,2.4383749932225194,-1.587184454547077,0.270087227076879,-0.7511852760361006,0.03654234817235741,-0.050486914169488646,1.393852715727841,-0.14538702168774126,0.6439518326138645,0.5811837089607427,0.7618362585496417,0.551568754423829,0
-2.370508016855718,1.4544810361601546,-0.21664798908218655,-0.011380548346507204,0.09258485509200054,-0.7202224029540819,-1.216899954303467,-0.4041124964910448,-0.7794989983275256,-0.7972472922365966,-1.036247874302156,-0.6419718761809554,0.18157105392927086,-0.41569399841167515,0
-1.4196133221189058,-1.1283114622463695,1.9634489431964632,1.5334231180425777,1.4081225991614092,-1.8191637507283316,-0.46709551350944584,0.5139709840276424,0.40162302297430885,0.37413904822640676,0.48527956326577887,0.948486070556726,0.16156853172477165,-0.00048503010277283333,1
0.9213113009993146,1.6993823206920453,0.05319541729024417,1.1265743644282757,-0.7176187284009676,1.6124966566074606,0.958697623381007,0.14200140376420436,0.11060577536771489,0.8166356135706432,0.5033450659654981,-0.34826078831630247,0.4297744860291626,0.013634612594533163,0
1.3003786809630355,0.7741905244490388,1.9103345701870837,1.2359172284623787,-0.0948029967196435,0.7759855966849172,0.5188851931480473,0.8582293864937115,-0.9160561370876337,-0.37338494130027094,0.4063105708195554,-0.03190997370189381,0.6604053213802671,-0.3150776078316027,0
-2.5812881695034884,2.1864488223013567,-1.3135019981090459,0.9005932372695061,1.1993106597812269,1.6783356232159208,0.9821846401913341,0.0715658608421189,-1.099630972451863,0.26813042551771277,0.4438637582090657,-0.39132087224672646,-0.06151323992414124,-0.19537559880369748,0
3.0065953777077534,-1.4367861757866751,1.5749249368588956,-1.9434452957436552,-0.06181312941838031,0.7136074316320857,0.9370907830077251,0.4131352838773491,-0.6685881571360367,0.27323349177623923,0.6036138289356474,0.904876027081977,0.6131973138520568,-0.7597702546378473,0
-2.602692321984366,-1.6218433591414823,-0.034507320993450975,-1.61259277021644,0.09284077797473361,-1.4761303509052046,-0.9964694707317917,-0.759565967264418,-0.5970479514164716,-0.598796525120803,0.6084253892380729,-0.39460503068770697,-0.1387926625126857,-0.9545446539926694,1
-1.7733134696992536,1.1282132228135342,-1.5271840264258891,-0.13776552028706035,0.6255773905782477,-0.5667106546022593,-1.5571951606701908,-0.45552655184483537,-0.7176176361450229,0.13739596539104407,-0.9795790214500689,-0.7962732161982238,0.08977594841461688,-0.6387707417157724,0
-1.4424810188014932,-0.21108223068110202,-0.00870987024087622,0.9292282375179262,0.4817270699569567,1.7933467103926723,1.0645124212904193,-0.6123629181209871,-0.5430421960565056,-0.7593121238387643,0.40650326808456366,0.19646595543062437,-0.1280253579828603,0.6572926559836457,0
3.6005149717871863,0.991858965075665,-0.10325618134641601,1.3767813900652863,1.3873798799412684,-0.10266848593163956,-1.5154254587110279,-0.8711885691275977,1.3782108226116856,-1.0815460071931784,0.4647995272384062,0.40606478073615004,-0.4424193363549796,0.9832760498664108,0
-1.143938083930747,-0.1431101712975507,-3.10713933240939,-1.640655308189049,-1.4101845131997695,-0.6778275176439407,0.765115617752727,-0.3564895037303522,0.1945431633170184,0.6146088154744449,0.6660070771708151,0.5888389332672095,0.6189522424505342,0.015575714730597285,1
0.9097307256190609,1.4692875441887647,-0.7407758389836995,1.3819321222520042,-1.2524212384534685,0.45741884174206415,1.471288880639729,0.9878754848210008,-0.29489608544920964,0.15586180855037982,0.5378467133722087,-0.64782027679094,1.1605614731421858,1.0611976306368478,0
3.115996568814546,-1.565540943691859,1.3543223486089095,1.3000599696531658,-0.3393892156827902,0.2693016027222563,-0.3223787887245879,0.2578422244213839,-0.5370272875730587,0.44549267435937007,0.46855810521494184,0.5800682308445482,0.33518950371135514,-0.11406940987643469,0
-3.468625513149543,0.7668752982055858,1.9828753578366338,-1.5494331313505048,1.7852394985036193,-1.9528426053111616,-0.3885943388391579,0.7099964588968536,-0.12954412481752509,-0.6052380893760666,0.5893495739401811,0.4685193791310973,-0.16839859559076226,0.8102708187329994,0
3.8919379120744977,-0.08542077008105661,0.8160612956987903,1.1538118474049546,1.044928214383082,0.8650567745126185,0.8458302142324559,-0.05912627858670847,1.8477566689838163,2.0764837046938194,0.6205419042843542,0.38156283151143655,-0.8790574318440922,-0.040070031105116526,0
-2.6991253468970253,0.4400102350494542,0.8662139888128743,-0.05047758172951983,-0.768951117102086,-0.43127062220979007,-1.5072034697511814,-0.32614108778188183,-0.3918944185997967,-0.13359810636138772,-1.1496537187207807,0.8924557002991222,-0.6854726139319249,0.1417473822716903,1
-3.013491700545654,-1.6719080849814651,0.2113235834419391,1.2553413100044255,-0.21135897366334994,0.05888345105939552,0.7974562827819812,-0.4040530284738123,-0.36607821790177175,0.2670842327603389,0.4870098000750545,-0.3555490613116331,-0.63817075523496,-0.031530735752150214,0
2.626783559743469,-1.7698427325469481,-1.996243067934977,-0.1559126159084342,-0.31650107890979867,0.09500653786307142,0.7721890674580277,-0.9314967375386147,0.34783818797474253,-1.0155778587209958,-0.8843596842164064,-1.492645670157364,-0.13528261576011402,-0.07731084696794198,0
-1.5627013530506626,1.3073414433251762,-1.706155416663329,1.2202688460267666,-0.21156093005885507,0.5117395619295187,1.648621518802468,0.24774256248363066,-0.41192626218414563,0.3323370973748776,0.47693994977943116,-0.859145119202876,-0.2839046136490576,-1.085271161199926,0
-0.2654323699555588,-0.0466185635461552,0.5800660235324647,1.1406247838054628,3.141096232436925,-0.14618883519495376,-0.40532727664696816,-0.32595384504619457,0.7197042286091604,1.3961571887631945,0.6854838941234046,-1.0296604705373624,0.1279289998787145,-0.5823345207402577,0
3.469972522557604,-0.38149443995370197,-1.3957987731980694,-0.6367216854460599,1.2839957987601207,1.9967891493791283,0.56450285158927,-0.5893848359511092,-0.2501327655145464,0.7271134265504131,-0.8930781729747369,-0.5119511602246866,0.08703120654105977,-0.6879262235116164,0
2.432366067655569,-2.399962403571828,0.08332109453369871,-1.724373875488767,-1.6751341936183999,0.09539262135643509,1.2618218538593362,-0.6725170242163168,0.6637866509431075,-0.6268985416967902,0.5679589450723964,0.7087912867367023,-0.512111728976973,-0.6303738470716213,0
0.8658116514485846,4.078271509519575,-1.703458987631318,1.499433024853253,0.2505591494781608,-0.6502067143915319,-1.6925137925736295,1.171685912140719,-1.2537855461773384,0.8394723916674852,0.5361319967438517,-1.194251267385348,1.227106713304403,-0.36974135215699877,0
2.1682427730985903,2.931476834651091,0.2921911177823726,-1.6025201761040302,-0.5047472155547316,-0.2507361729804007,-0.729238766584149,0.8648128434029032,-1.0100425134619815,-1.2896192892629015,0.5011855571040579,-0.4970162247143084,-0.6589290135040793,0.637310052450972,0
0.9016485184046417,-1.6464868718612238,-0.019026893636693926,0.3492305211531036,-0.9335467828337962,-2.1174884090814383,-0.09724946657979347,-0.591408831136582,2.524719377250778,0.6716598596440652,-0.8093281303237699,-0.24978195067376022,-0.5219485705866793,1.1822625358372223,1
-2.160861285184453,0.6319395985539852,1.8095232351585964,0.08137286683776157,0.8780237888201239,-1.4787986670040136,0.3142987485354211,0.6877615960340214,0.4076699542072545,-1.009359688840059,-1.0825616614811204,1.2931204722731018,0.4384712952534558,0.6195845338175441,0
1.727141079183071,0.5822864227835414,2.186290332141651,1.4438123700782568,0.9875283118873314,-0.3687838439145207,-0.6024710055915767,-0.5216991993016112,1.412738525263656,-1.0541794545976257,0.4621750105080335,0.084628128537766,-0.1276486913911569,0.046068009584078785,0
-3.2787927609194467,1.324370379819744,-1.2635648960081516,1.1560438226819456,0.4605447048842676,0.40732415890976775,-1.1388692006748629,-0.3661254164312528,-0.8315677622946352,-0.00990275387078002,0.37649364923866807,0.4250226451294532,-0.03539820154158431,0.4945196414958887,0
3.6496974523106664,-2.861248853024237,0.7483547191865746,0.31695445908679176,-1.2906308166276146,-2.186637129946369,-0.5519849887098034,0.7473312473137987,-0.8634477451454003,-1.4043496043529486,-1.0670802286378032,0.6923914969081614,0.5979842709921527,-0.05913406873943007,1
2.1094547338771066,2.1941697202838775,-2.1522208862549483,-0.037092772911875405,-1.4028673597891592,0.14078668069503505,-0.21371204129222232,0.054842214160093355,0.3248506495374823,0.6620586763842804,-1.0101911458312325,0.29123648779911326,0.35366094201412795,-0.574299745543785,0
-3.1499107225819123,-1.2102313642649802,-0.8759456162642213,-0.669597176054782,1.751104281513073,1.408635993963218,1.0221114184552846,-0.2663780997792326,-0.7735193732107092,1.816051341013165,-0.8424451302534367,-0.9654303437980853,-0.18669902984352504,0.04956753068255777,0
2.782444784863637,-1.7202529294728937,1.136638555815976,1.3667204575875698,-1.3203050387840383,0.6392702748510878,1.5007161801960451,-0.4279229401104818,0.7477729942564346,-0.3604747304790787,0.6088310603031327,-1.6909817122511188,0.39490942401275786,-0.12354264128683551,0
-2.546701443934197,-0.3922264758284194,1.2288978197664138,-1.6483112659049375,0.7259527394417623,-1.0435258226152373,1.454256459817772,-0.036504805254650184,1.3729549019260088,0.825034242536573,0.7639931135754358,0.14685756199746236,0.45018465328258034,0.1327245163415944,0
2.4950956606938877,1.768014495279431,-2.229576107684181,-1.6989719022722716,-0.7508883962073106,-0.014432513779703919,-1.1948545914405084,-0.6147138731961884,0.023770854119525314,-0.7224012203736813,0.5598463461351271,0.5612363444627951,0.7879718363700184,-0.34337670869815823,0
1.418250100309324,1.889335127951407,-1.7593952426783117,-1.9795125171546333,0.13212257186110501,1.14192770113804,0.4965830685109443,-0.15909794326254342,-0.2677460370488453,0.2577608091570319,0.6666453942609368,-0.6081168865373583,-0.11645300183240047,0.2226042614379132,0
-1.9625454838172705,0.7199343641007414,2.4111827001629282,1.0045768391167493,0.09156862034705367,1.8447062968437749,0.9301907265300795,0.05308094795000049,-0.437708127016517,0.5575398437725142,0.4619808778793773,-0.24642656042557312,0.2538446836235379,0.13341544706049469,0
0.019039373790885872,-0.8514803483357324,0.20706215343231527,-1.8218522596688507,0.7931544182919782,-0.34696572427166167,-1.6246198770962046,-0.7154356110183095,-0.4476008404568379,1.040474468483489,0.7615364452772444,-1.056189592145801,0.02386477471180251,-0.3178895577642439,0
4.568571581486551,-0.9814894631836631,0.3665187736675874,-1.8171466818367947,0.3274403753551562,0.07733871289380503,-0.8038563121511163,0.04367474938927524,-0.6901757017386183,-0.12267886072057349,0.653714304722271,0.004742909314948058,0.27472784136655,-0.29317786224649783,0
3.7633560963480472,-1.6249156695125095,0.3792716482179821,1.6925183410852842,1.0139591975837672,-2.1478402878416776,0.19890377325486264,1.1159481523633932,0.41217031907525814,-0.7566741459927342,0.5365727335627385,0.10182554665584578,-0.07150667889547299,0.8195248556684456,0
-3.638624671136933,0.6982808909203676,0.012495427760899548,-1.6430757733145447,-0.06062004902348668,-0.9218434144554869,-1.0400851215035283,-0.4730285396925457,-0.7961879511851776,-1.0201425705729796,0.545444944234619,-0.304461432293196,-0.1380632884924606,0.06854225527234523,0
0.25390338484417496,-0.6128719209892436,1.6296242854748202,0.09058527910381592,-1.2805958021104353,-0.6349932992974723,-1.2430333463327374,-0.5174961797008236,0.3004170490857707,0.758412635871096,-0.9033448564661644,-0.5235171631931385,0.20617502846575825,0.23799659305844625,0
-2.8136442359739706,-1.1292609514171226,0.7575800266914311,1.295475394066021,1.5096552049462542,-0.5460972948484333,1.1225845255093498,-0.26800264551018954,1.0146555635523655,0.3289027935763143,0.5222965155876651,0.32381500953541836,-0.7571933835066278,0.10886151773981495,0
2.1709565701230598,-1.628349995205193,1.6717068712081677,-0.3016848727963931,-0.55109145165608,1.0150448858051673,0.3588952100034053,-0.637362181355597,0.26519389816910355,0.47064955604327063,-0.9667598897726078,0.37424843455519324,0.2926668683832338,-0.6386460359888771,0
-0.9000668108579478,0.4283064622058644,-2.8884938667443985,1.3905923908666766,-0.49589459114259055,-0.5809367360413561,-0.9907053754356064,-0.39818310855386,-0.22668600922388837,1.3527401386461781,0.5050059093767,0.5870016746504867,0.6642893966270395,-0.6105707701816873,1
3.2297684829151203,-0.7155713664340727,-0.8221153212573583,0.9956607242717618,1.1769497547608891,1.0825415623517791,-1.6532272257877068,-0.9010671315924947,-0.544587294718503,0.781019035584845,0.43582819651372445,0.6968111853889299,-0.6001824357071028,-1.4169495572877624,1
-2.4808348955933917,-1.6994438332367405,0.08091224370857562,-1.9745967485162759,0.20988890564530932,0.5431206249518926,1.5907501749965558,-0.6191263579826918,-0.42619488421358864,-0.8954191942828547,0.6287554812349984,-0.24921810795308605,0.20412033782636704,0.07376626587669237,0
3.476695929475741,-1.5833515895356016,0.5833079924090154,-0.015491630379528944,-0.5660974755878285,-0.704741993809383,-0.938501883648964,0.2523894885573283,-0.4653561537291798,0.6542335904659579,-1.0138936583971732,0.5629306147406807,-0.5914773198159349,-0.7556262712368598,1
0.3902114504720338,0.988079259533497,-0.27803946477731495,1.5787726999014762,-1.930977849801057,-0.5065642589830041,0.06487131285845969,0.23725605555973175,0.21354698416722673,0.6971410762985042,0.3863281044099293,0.326162564376374,-0.8059899880208576,-1.110809383116601,0
-3.212545054505341,0.4362031819806785,-0.0010379447422192267,-0.21037005861011004,0.4238590604406621,-0.025797603513285628,-1.478349975982104,-0.9044138181959194,-0.7860322518385107,-1.4470295334807712,-1.0936395747677552,0.259840501961728,0.6342660161857325,0.6415635294836848,0
3.8419118092210764,-1.6928061556511036,1.969982594636899,-1.737337767246063,2.585634110277427,-1.6302972058647214,1.5757192169906689,3.660962777742216,-1.6853229220422803,1.1511052339815422,0.5838470223995221,1.9286665872666586,-1.2749520394556113,0.9652472186405889,1
-2.6839018349258783,-1.708527026747583,1.3344018482273934,-1.7870513902745917,-0.3947672074571881,-0.10667872268076325,1.1545336248147675,-0.41482770272618097,-0.34494552884261576,-0.40227457397628924,0.6216158076614817,-0.13231730311919884,0.0788264839020131,-0.3093355878259693,0
3.275144401237815,-1.0715771606203977,1.9927598702790308,-0.07174993327134205,0.90453791531563,-0.5295552627273472,-1.503636878573613,-0.8374947953408284,1.7480993859185665,0.7314717146284954,-0.9545824773000312,1.5404178321167035,0.15277333421841224,-0.3817203894405805,1
3.6152117220144913,-1.292109751931739,1.4599760694988106,1.4624722828874006,0.9675899046370471,-0.8445761218081501,1.0398737340371291,0.3832533978232841,1.0239856100172466,-0.32613741779282424,0.5309488422059128,0.4675661284334927,0.42278275863460507,-0.719511753256153,0
-1.0762019164381607,-0.7522910623677335,1.3213775967206602,-0.07810123644354233,0.2703753267456173,-0.4028115641128594,1.819427789017578,-0.17771536517338873,1.7722177257548615,0.3552496330227031,-0.9017028526763494,0.7438867758329959,0.598462075268335,0.3531520163075356,0
2.8778811722625286,-1.041172809486512,0.13711315323574297,-1.9322898294657247,0.4222825741698416,0.5472961859791086,-1.213291436394497,-0.9612382091129283,-0.1324906274128525,0.14684302574834143,0.6651637864021124,0.02124564461855323,0.3153363840975222,-0.5851999901637432,0
-2.555765478141273,1.537958975529115,0.22533636331085344,0.15993071653854818,0.776606136128333,-1.7843572315833989,-0.9267069731217101,-0.2386683489437579,1.0040770417261764,-0.15036537036108152,-1.0114461322104698,0.5906739008850986,-0.43807870414004074,0.23281098943920409,0
-0.8802213981387438,1.6566864721062278,2.4268031361298754,1.5016943023228644,0.7576140446167106,-0.656304765249333,-0.4945997092102938,-0.2151922283205471,1.1522461693523247,-0.9576449824074891,0.4168240208914156,0.5855709392416908,0.48713128110589193,-0.2115079709560328,0
0.8682787965236315,-0.28317527772788553,-0.3435979349705582,-0.1436974109034631,-0.6356408866530966,0.3704260347271561,0.19999740979418357,-0.6754084633374087,-0.04613970927471802,-1.3512048565471775,-1.0699619680229804,-0.10404138491598511,-0.7260241882752589,0.4744505212918439,0
2.4873841205411846,0.5533194580101854,1.9741585768661205,-0.3550388595912993,0.19500710550072536,1.39920293936328,-0.27658768063547584,-0.5891397268614443,-0.3409983350201315,-1.0283717028958874,-1.0911045793006655,0.2592359194414892,0.1476421134354595,-0.8989998339164995,0
2.3900037017333515,-2.1088971341491325,-1.7561200159854389,-0.26884173434643344,-0.1722329063574439,0.5186666068397806,0.7772623621983296,-1.1008360796788992,0.16200685445392435,-1.2461050100351514,-0.9899788708267889,-0.20241618019398397,-0.27165618959259014,-0.2569067984740207,0
-3.5710790125422487,-1.562101349641987,0.5257030395150016,-1.7189317168428735,-0.024475670305384892,-0.8297059596262071,-0.0027636645092797897,-0.4440073822211253,-0.5207153364261053,0.11823714150563439,0.6499031882447815,-0.5919992129263838,-0.5236592853514879,-0.30666370685558214,0
1.6226108569012052,0.2661892839806264,0.14789397921689112,1.5261186463798306,-2.0822254996924974,0.04627375883428997,0.4831853309441675,-0.041661840486274936,0.5442932038629125,-0.21396792885562563,0.40902601141170997,-0.2563379184513384,-1.161555137324293,0.0818150473757365,0
4.308308909790708,-2.7315562667722912,-0.12520259269374934,-0.2724310622851186,1.1490702790410752,-0.3189256733999923,1.3030465935920803,1.7532961552754738,-2.3650542153115905,-1.1584798647668177,-1.0872799757620395,1.0865567918946295,0.03152677282912426,0.45140968340964527,1
0.06566014892922221,-0.1055583920697487,-0.13332736818268268,1.459363242569918,-1.1992781601052331,-0.10432065926324884,-0.9724509802680269,-0.678459164195026,0.006081001545406048,-0.6585352372792176,0.37011323179281624,0.4321820385829973,-0.7702872843256107,0.6098140587842295,0
-0.8658706755299139,-0.2888181069595083,-1.8180723861568306,1.4378428152255018,-1.8897116148652109,-0.09993657713252511,1.7564513544525235,-0.03775378234442459,0.3968670611619377,0.740841916422645,0.5049636391406765,0.4676053931976804,0.8907593433924951,-0.5227999165840318,0
-0.2256900068549095,-0.3298046193175686,-0.5963667876343506,-1.851464633162659,0.04966553647267596,0.1913145048074908,0.4784870772051466,-0.5287136353626908,-0.2734435826367487,-0.18177082220287627,0.6893954930821918,-0.4705441562121001,0.662773352256464,-0.23043266249931366,0
-2.696665591099214,-1.4548949091872534,1.411981935903167,1.3177784989553492,-0.3171446745335412,-0.08085862578421942,-0.5375925692321514,-0.483360420428505,-0.37553716739120263,0.8473750596147676,0.4879616964895194,0.081412471313904,-0.2914408643043523,0.2434547543486617,0
3.8221172339965075,-0.5422234800873548,-0.1837081903774914,-0.24638912218460318,2.235247795973443,-0.0782618399133906,1.12753244370853,0.2652835304783271,0.8484949292797999,-0.1749241945197442,-0.797393239199889,-0.6002474829046459,0.9275422282200109,0.4339836416640444,0
-1.4162810097645027,0.9783536390391382,2.4810623678200754,1.222750201744529,2.624975485907742,-0.0820951152736089,-1.0225394687311202,-0.4413560565453664,0.5274932075702118,-0.20006442482023332,0.5062692589614828,-0.1954500191311678,0.11741698424743661,-0.12433945456288198,0
-2.3986974543373187,-1.8815902699551736,-0.45963743685175606,1.1522315541485277,0.19264264367423323,0.36985212405335555,-0.769863712987193,-0.97219818237535,-0.19483680237991338,0.6900242333581993,0.553415110082916,0.11973394688014564,0.9506946346038303,0.8641312722861871,0
1.1785759676379086,-0.7549554247988357,1.582959170762626,1.642426186595693,-1.206373702951259,-1.0347008258361574,-0.7223752121558217,0.5173936419954975,-0.46571058603891563,0.31914430143012684,0.5079673535142604,-0.3673781959116698,0.14752540235204267,0.3273281948674409,0
0.31154311123262113,2.1549344609874437,1.0600045678213432,1.3854856688056345,-1.6080419641253798,0.9040403285491457,0.42152978146946296,-0.01187158180066505,0.11999408428776094,-0.4724679414930753,0.4080195927894968,0.36592839683923856,1.2150845361257303,0.03462407868238118,0
3.707803380367324,-0.8217051443800669,1.1687194076547704,-0.4125231628642687,-0.17665199716834373,1.786962154200266,0.30222623267209453,-0.595246130644928,0.40209933224056527,0.904419795282109,-0.8535230321547145,-0.8220806732266566,-0.28093241576072436,0.4469975007784177,0
1.6551813833182307,-1.8969102805041242,0.3646945482378122,0.14555807629067086,-0.4256826544334912,-1.6286727349738745,-1.0548171120506438,0.19969461953262194,-0.7525215984355572,0.15057250973501254,-1.0059013890622797,-0.04412811678261759,-0.9114119820057986,-0.7308928276164961,1
-2.5762384300620735,0.6703056388736975,2.810121153984994,-0.10752914576689154,1.169112863002594,-0.2937739116392629,1.4287265357232215,0.03091680515976479,0.9306307515090674,-1.077309960559096,-1.044676529781828,0.13423832184615156,-0.6881627009846817,-0.07177021777710124,0
5.070381197207748,-1.7556313739931857,2.523317846599229,-0.19987341176599394,0.3453998473961244,0.39601725483714484,-1.0762889027910008,0.02084205075439019,-0.6937262686034529,-0.003003636910331694,-0.9889778370503385,-0.06588290097421602,-0.6796493316901538,-0.21527379080410497,0
-3.220709294811557,-0.6709435181731478,-0.800484731768293,0.0038063483683910535,0.5995609572309432,-1.3045777498559328,1.6024944441655808,-0.2234359401390623,1.4983344263920102,0.539800389019309,-0.8552793631635278,0.27438363335993754,0.6028456538471451,0.34625452226241793,0
1.1682421669104825,1.2411182655544293,-0.13439906962231896,-1.5694281628750997,0.11968092423551671,-1.2893625931526183,1.0757335800257963,1.981164470033488,-1.882135376360274,-0.5025166454394193,0.5870035046450737,-0.6007852542268182,0.4385558538539945,-1.1080647109370798,0
-2.2328641460487493,-1.34744693250344,-0.553696192453759,1.5074804561550228,1.9886691411892747,-2.152208155078414,-0.23861485055868706,0.2523082759403929,0.07757750243541227,-0.23229104193424543,0.4822442289416076,0.8290006600895523,-0.008538246575529918,0.14152190700695827,1
-0.026107119463880675,-2.432413273577374,-1.0371401727860792,1.351354944275344,-0.005060332002015193,-0.7871887357612525,-0.3934642864341766,0.07346552771126048,-0.904185017860334,0.10193387383440987,0.4123582119051315,1.0742985321731084,0.12074623745355327,-0.1252957538489739,1
-3.2037457504739986,-2.9891790767290916,0.09269113466858853,-2.165596132110652,-0.48315093085206834,2.2871723359024787,-2.206448838592158,4.184676287085552,2.5070852384886035,0.6578514225240094,0.7187392259998924,-0.3285669220032554,-0.8793157770661486,-0.6777649505319616,0
-0.7317420721009944,1.1854371793443903,-1.5294011791982587,1.3714111427096214,-1.3430829476996837,0.3878823773709317,1.6023074833868598,0.15307406964929524,0.043664516969113755,0.2844155763566227,0.4628910915143268,-0.0556508085765053,0.13884614111965404,-0.11810864253613497,0
2.3436254509845873,0.6230367192122679,-0.579086655982034,-0.08017661747683769,-0.40658867763459877,0.08171470509610447,-1.680075249656387,-0.8805803596127257,-0.08042176293318254,-1.1510472440725934,-1.063957323257757,0.1558101118683552,0.16805217307436185,0.14923853519979757,0
-1.7236627201553028,-0.42332907060210145,-1.9159263403752795,1.4363099343415617,1.7478402163764004,-1.5719062942394926,-0.3313016885602322,-0.6570430773800513,0.9901950071350551,0.05152636240729259,0.5575159239294929,0.13656253151172623,0.01269785270271371,-0.27623294925326997,0
-0.7315396830103349,1.7884265422680907,-0.3145104801009752,0.0048997469569221335,-1.5165778593988508,-0.08406885016808814,0.6086023203990982,0.18408210014029994,-0.002594998213283439,-0.009293412216051846,-1.0622552096299465,0.16572489956164543,-0.00915271949010808,-0.5530720216124925,0
-0.6853877304060443,-1.7289186642802719,-0.7608952829926046,-0.3002109389273987,0.40553031828489283,0.31136968878566085,-0.5077961854968942,-1.229382117493221,-0.4154896481615131,-1.234672785603136,-1.0452360973700918,0.6997213463345416,0.5841395300580778,0.34045113266190646,0
-0.023967508458095612,1.183608460984892,-1.6517740371785024,1.0091852388384115,0.8328055590543555,1.2428088200029683,-0.7901171386796284,-0.4949643423730286,-0.7355887671339795,0.5011535480989502,0.4255820712531759,0.3288620843301908,-0.529458275163783,0.17616912645482077,0
-0.9518404261847092,2.634171431459313,-2.4854672127756494,-0.1689381186000405,-0.37982930343734644,0.15807752279549872,-0.01923431486736492,0.003999059409084516,-0.38858768711108216,0.3416813199743774,-1.0123659403477216,0.09162799838625885,0.7152997611520365,-0.49247506716134687,1
1.8747472230662852,2.477039945789922,-1.7416424790895515,-0.17148693387154457,-0.8589138194385056,0.7195451654374664,0.5917690229069729,0.17443002027925056,-0.24829035427051938,0.28546851819758684,-1.1069597027078462,0.6872975867246284,-1.1966579056999116,-0.7315888376694764,0
-1.841700007152166,1.0838703681202924,1.8336270817694469,-1.7456497748130533,-1.3078253453617719,0.4462687696538727,1.5420161911877894,-0.07654988000701848,-0.2863289178421738,-1.9890394024737241,0.43500975664645924,0.632270861070067,0.10646307001474509,-0.27494877100332027,0
-3.9021164279491494,-3.9366440810522567,0.28199520393287736,-0.4779270361897643,-0.641115679848416,2.1600404142830145,-1.7014800697275705,3.7767582691141994,2.7046314731752203,-0.9225844018641032,-0.8864511069656534,-1.0145570905008254,-0.29841467430318724,-0.40468512330291684,0
2.528720783026476,-0.31091421926976043,-0.5104479384414827,-0.40180925938864565,1.4771313121261191,0.8522826304179906,-0.590557671552468,-0.695109951217502,-0.34778019483691913,0.41753224279043605,-0.7725204763382985,-2.2429157679719953,1.1250076158979145,-0.834150503741876,1
1.5359584112450293,2.1087020265320464,0.9327831084754089,1.3360028501347927,-0.5241797156538046,0.5933591103934014,0.1874632131371502,1.3461078435757825,-0.7492887981760655,1.5074349092921944,0.5142184472793623,-0.6779644620713172,-0.3588408106739422,0.2993495920629203,0
-3.6595992076836996,0.45323690336203454,-0.03324340990350928,-0.4847768375276438,0.8302902408289292,1.2371463607256366,1.0573777924769288,-0.28244637356322505,-0.952676796483767,-0.8122883749021416,-1.082213505025465,0.08212838729520305,-0.27565636817725847,0.6175486570059583,0
-2.104485089805809,-1.7572402334549986,1.223876660685865,1.2724030263742032,-0.023935448748687055,0.10140202181065866,-0.45522068406255844,-0.8514460237455259,-0.4508128834300798,-0.4356822793467348,0.44865939447468134,0.18407558429368825,0.3345744659526706,0.03685712809605754,0
3.603742714489405,0.5238726582442655,-2.012492410748082,-1.780773478081034,-0.6709048140227954,0.27822802252578654,1.1804583727982427,0.43280095991640166,-0.6367164235517019,-1.4358547416211058,0.4937505500614012,0.7208752539329428,-0.5271956184320128,0.23009724543770035,0
2.5535789538622686,-1.845205596357716,-0.7339048526613517,0.08404522852707325,0.6765735151308038,-1.9865697520724428,1.7691064814035125,2.2881019003520637,-2.2696832371661477,-0.8388493020426409,-0.9142529929277459,-1.3052040442245565,0.9158320606685442,-0.6949590798686905,1
-0.2549938935835152,-0.6551933549465342,0.7648332519892572,-1.731601658311428,-1.238368113971882,0.15990293458223986,1.5881146769575307,-0.1568327475052382,0.20930069949307853,0.3390693704406689,0.6939414128670085,-0.3040602377690059,0.46446444797631903,-0.26234611923546736,0
-2.6296260193411216,1.8991907870834994,-1.161080329029652,1.3145892212899482,1.3729007211666577,-0.4347880329982783,0.8318634701062945,0.07341151282687032,0.801782991329516,0.2461966598758183,0.4568006341179705,0.5226821225226681,-0.9001184513038502,0.2051782452642864,0
4.135128881270278,-0.7203001891402266,0.7163235226248361,-0.28519050525315515,1.145995225121546,0.690390706486728,1.2016086590347885,-0.5125487991651442,1.8987979995946844,0.23383272184231074,-0.8755610629450281,0.2887198179322315,-0.1511189020251089,-0.05026767004385036,1
-3.199896029659989,-2.504358899357749,0.7815762102687517,-0.005484354188717401,-0.8196959860475449,-0.8603900740599415,-0.02637905882066838,-0.7674859805729087,0.13117827023489573,0.08341674725475581,-0.8943375684416272,-0.47995640648957805,1.1996508703772317,0.08398357322139013,0
-0.4165565251720441,1.023614616879517,0.7608090456863981,1.1818008715553177,-0.36473837323037384,0.9782027977659039,0.8182454155904295,0.26831004095187655,-0.31174417098607377,0.8851569337957306,0.4367122459458351,-0.33317896967250527,-0.9120870908921292,-0.8549962891008934,0
1.5806984428656223,1.7303541484513447,0.06663183297723897,-1.8214389152459691,-0.9094481053623372,0.9259055706724616,-0.11372334574068939,-0.19290820294832142,0.21334141289667255,0.3610565332162336,0.6723924371102227,-0.358119359303872,0.49867814963918,0.7061384492362266,0
-2.0818399986108322,-1.987407535398063,0.6695058984794167,1.3923257682233188,-0.9345362263970638,-0.27531026173614626,0.47524569540873096,-0.563072300139138,-0.05351794218877412,-0.1249925222623804,0.45346986280044016,-0.15074584033788782,-0.9906651613871683,0.05754804830715552,0
-3.1822619871325237,-1.5857462145101022,0.9705780452985691,-0.22503183225633372,-0.6782493376107446,0.30502850052632363,1.0004593205985621,-0.3310352514465775,-0.057123711837185,0.2749822635851959,-0.9793109294607756,0.36779088401280996,0.9866590204303031,0.11846827536565704,0
-2.2609351354805636,1.1467657122302848,0.2792004927061263,-0.21877853671757597,1.8480467722409448,-0.21571620636541972,1.1559698637233227,-0.031084970422031174,0.973056904186609,0.18561887959335371,-0.8855453763666776,-0.5578437425098812,0.09032423963184012,0.2228100880614656,0
3.5476408892923215,-0.2995842968224124,-0.4455018541265502,-0.582741721202859,0.9520941558656977,2.1807541972399487,0.29069509321567416,-0.6739880197200269,0.07094934922965676,0.7924634293568825,-0.7841420594495778,-1.2925579591740526,0.9009616558609231,0.7972636851376549,0
-2.057322496818061,-0.7323334468075987,1.5115330533009046,-1.5884900089596505,-1.7243793342316853,-0.6001355543166605,0.4079127678105289,-0.21704963877440098,0.4020920990985039,0.5942228865852892,0.6984332657747349,-0.12383043687286122,1.3852162477624907,-0.27602345175011966,0
-1.2888146947088044,-1.050499885987722,-0.9326807965744754,-1.6425235001781828,0.20427481642039896,-1.3944689501267642,-0.0968047897762655,0.22445842641092428,-1.2105787055028319,-0.5159533918926861,0.6216930815866795,0.1126022126636961,0.8855506054871465,-0.4692420184250895,1
0.23996962430533464,3.6128947440874755,-2.028807485921251,-1.5032143663042337,-1.0953649224651725,-0.8523206895369464,-1.8936474693073346,0.018299190483190515,-0.15380711979907952,0.8622962754665909,0.6446494765872454,-0.1473403047387505,0.7394164471650158,-0.27264035623313,0
-0.42868225905847135,2.02813444183629,-0.12556888210454192,1.0885403701057648,2.566802261938512,0.5860660753615172,1.4283454803601516,0.18111233077225164,0.6218620841599387,0.36140984777875534,0.5513264150140929,-0.46614461484751124,0.05885557783483061,-0.8232608088533195,0
-3.451961135677538,-1.536768960500879,-1.6959921991508178,-0.1451221121063564,1.0497341955037742,-1.2083978344637831,0.31162327399234047,0.3930032035745524,-1.586611045007057,0.06130378799612461,-0.9681227706890003,-0.5522464511540276,-0.5194598725567255,0.0034011648797081144,1
2.8383097496335714,0.5942861648955926,-0.020075544041978245,-0.23333489579441447,1.4837362494552593,0.359637731912383,0.0040498475396831615,-0.2598390056112305,1.843945080347272,2.085907311324052,-0.6784047054453933,-0.9267589291564554,0.4572711269248538,1.2349489147499002,0
1.9096793594455062,1.5010830618108495,-1.6035933557820001,-1.8946832958375268,-0.7416811567080158,0.969802044494899,1.0510584205112468,0.015995420495755065,-0.012810215142708995,0.2630258654199065,0.5716243132882212,0.34806803058318664,-0.8158161832713883,-0.22733642469006463,0
-4.137048739703392,-0.5943923864274512,-1.2695136830100389,1.0951253202954514,0.5129762172623915,0.515739632598069,0.4807303114550774,-0.41179239356558633,-0.7762054958087793,-0.20148917197172686,0.39775015911577155,-0.030999594182974526,-1.1736506545017051,0.6583720563859925,0
4.071460121818494,-1.3183531094861625,-1.4334468546271153,-1.6448804094599714,0.13744141901569878,-0.9508713809385989,-1.0145341447886809,-0.08957096712120709,-0.633003789577876,-0.610080766537757,0.6676941483996963,-0.6260953020206836,-0.2284434131041308,-0.15996931000239786,1
0.7103254918416407,0.5065603317734186,2.0642363230518668,1.2773317822793748,-0.25762141049723786,0.6762914199725946,-1.3029316669518882,-0.621773466166908,-0.19856109974261402,-0.8576570409567049,0.4047544966989453,-0.08422889342779412,0.8042400321400839,-0.3658656484134046,0
-2.87136510288833,1.8891828338445,1.365567228060057,-0.07861373005522077,0.4458949363107303,-0.31361908652409104,1.9627873129370759,0.43403314300073814,1.370443229013224,0.19437694790687415,-0.9434459987203104,0.23029549496468352,0.9842163731197258,-0.004142301315796293,0
-0.33206843998141616,2.261744641067719,-1.2309690918707163,1.736934281601502,-2.2204501842960065,-0.9831509704137379,-1.0894731624243215,-0.13541529955475412,0.28351905179224657,-0.143605823076043,0.44332828873305136,0.017008259321082218,0.8868345159143437,0.2015504392729072,1
1.5167017923849717,-1.6974607500472214,-2.1999101410520256,-1.981848209712746,0.23630389322712414,0.411240966456312,-0.07280179869739763,-1.0473557595671943,-0.19518518310348051,-0.08686933359379172,0.5897637757401627,1.0499157020915715,-0.34020991002239215,-0.2959749311029191,0
3.056579810582485,-1.3787673584631734,1.646036763175775,1.1609290254759759,0.04044002908411415,0.9791863201874779,-1.3008341191195198,-1.0706223436079119,-0.07902560557027613,0.11215784037416437,0.4547377924517401,0.7169555110691225,0.40622528259071616,-0.7728164489870432,0
2.4451356726775804,1.2276074776648025,0.4250288839743051,1.1746285422825733,-0.8734109677235535,1.5237889380612408,-0.26958911098024707,-0.1080801154139966,0.19956453834853405,0.8800835341827669,0.44937502575852334,0.1646490802074585,-0.704999961618429,0.6123092334318604,0
-0.46324040038043385,0.14076538008602504,1.811038598086329,1.210224884085635,-0.43728893918262496,1.0054458628333418,0.625672299752762,-0.18654605426745882,-0.20206201544748784,-0.19440748388840198,0.4438103537840071,-0.5039139763721355,-0.4220059066291437,0.09863065164609155,0
0.23996962430533464,3.6128947440874755,-2.028807485921251,-1.5032143663042337,-1.0953649224651725,-0.8523206895369464,-1.8936474693073346,0.018299190483190515,-0.15380711979907952,0.8622962754665909,0.6446494765872454,-0.1473403047387505,0.7394164471650158,-0.27264035623313,0
-0.011141638148289239,0.9128294733773566,-1.0738089557668795,1.1217304815250422,1.4926319012308982,0.46264995627820626,0.8279866125571542,0.7905269599865586,-1.6570712197336581,-0.36847653894213683,0.47941271206538155,-1.4863579864390912,-0.892327764251376,-0.19591317411534187,0
2.395909677802989,-2.1908280880012003,-1.781357869215586,-1.610284654466415,-0.9965367572692747,-0.714286616713387,0.5441103561046984,-0.9937008947305195,0.38806986766306956,-1.3687846600582023,0.6483136515935195,-0.7977367901216577,-0.731577554227104,-0.3697982071321534,0
-1.7655901859544916,0.9617301007923774,-0.3174428368967359,1.4121855732652964,1.718169361280487,-0.9173509666065546,0.565507241859555,-0.1804175694428211,0.9071797558405775,-0.6823495691806254,0.5276131239350209,-0.630948373314493,0.09798412129069951,-0.2351168005797692,0
1.1366379101949198,1.2026663598197822,-0.09007985220230967,1.4813529876775697,-1.2824689316878919,0.21177080025778658,0.04604137340237787,-0.21204882242086368,0.3007636310293773,-0.5156698264580353,0.5258066781977417,-1.407842478053859,0.27712320615076197,0.3597286846253628,0
-0.9333385921414575,-0.28656256882296977,0.6348348355106729,1.139121472792998,0.5876825420278147,0.6975019037481007,-1.3146237945866563,-0.8743700540356448,-0.7229430084325003,-1.0923238371397965,0.33092722591669826,0.4980714087833381,-0.3421411660887195,-0.02145468345137466,0
-2.576816394350705,3.034199821529636,-1.1455556773547386,-1.7105783591789039,-0.6964403838338495,-0.0781334469466384,-0.6638167182254942,-0.1250994806980404,-0.7790019430861879,-1.132372911841024,0.3995436764732033,0.7584073617271627,-1.4923940130493165,0.8069814582256726,0
3.2711830698951063,-0.4589367355305026,0.9643698539193336,0.9293327110670399,0.9257162303736501,1.958685689648289,-0.5450569396642351,-0.60093949246931,-0.2182348568884956,0.9576085114670574,0.554120073579984,-0.45740442413431603,0.060076412173233056,-0.4922416379413978,0
3.3367521767305153,-1.6885833447575629,1.9221114743427212,-0.19774547786752883,-1.143629303638039,0.9447322729655643,0.384341554844828,-0.6409005929392501,0.5840071869565087,0.17883151046460635,-0.9635043556621495,0.13514188263797172,-0.046527424247196775,-0.2610020262677166,0
-4.336434049452413,-4.586484082243172,0.8446362129347972,1.050843291176092,-0.8645197768959997,1.932047359354806,-0.39792297760188955,4.840497247815277,1.978982171423459,-1.4441362954358905,0.5154705014029078,-0.3704347776986711,0.3213601752179123,-0.0638719691936621,0
-3.563273903157185,-2.421619225357666,1.333605649097175,1.063019999846261,-0.20814238801742335,1.1498692911271244,1.5425925309783053,-0.2316805494272948,-0.1321854705111498,1.2335471879198958,0.5496890569317542,-0.1444575497142152,0.07489794521333991,0.8756498535516377,0
1.6807371502046722,-1.7095356427774566,-1.7113997737621294,1.5924436559697714,0.8516747503340639,-1.9111334796477695,-0.6106440293769722,-1.010001472775629,1.4657208289179522,-0.34824719075489335,0.4785492361501071,0.8173746548047308,-1.3609458882391983,-0.7025692147055624,0
-0.11832560425591798,2.144839554758479,2.3326128977489176,1.3871875714991062,-0.2776210230033131,0.11617620478618096,0.3764924272241098,1.4266615339516107,-1.2602258415230034,0.467385061552164,0.4004158046723905,-0.3085520976882939,-0.03789401397774661,-1.0636327994827055,0
-4.119569205560836,-2.136644939640606,-0.09284051547734545,-1.9595380066065646,-1.142399991473594,1.6117402086745793,-1.2329825657184055,4.420807566941453,2.55686589570391,-0.19631781414506097,0.7386041425438894,-1.174895706221263,-0.5613591038081454,-1.0895186134755697,0
-0.2077278084481375,1.1994819530862424,-0.6557925096314479,1.0150287556824562,0.29957852517621014,1.6656271463792247,1.0091973563108885,-0.19094395343423995,-0.39592759107998576,-0.3028498436870203,0.460313512827133,-0.21901154910124712,0.8584686315745623,0.0033513584405633484,0
-3.1472208488961955,1.3292406674061266,-0.8081264575886392,0.9165195343217549,2.072295497380616,1.0842902533429268,-1.1424192806125115,-0.45790279355833996,-1.556815858858889,-0.076751298001545,0.38738902148932514,-0.19524685803772796,-0.8188174253767158,0.07548922097879038,0
0.8510946509745727,-0.08419571156540238,-0.07116908538917702,1.5511587700519125,-1.370436870691895,-0.3770470046844494,-1.2178752596959346,-0.8036134678921695,0.22309707565414094,-1.2475283123559044,0.40648299146922756,-0.230861727438432,-0.4352706135620286,0.8028142175108156,0
-2.8637160070306305,0.7882805525698058,0.3725678919086488,-0.04862748395864802,-1.0258201432678755,-0.1720431220022458,1.0227722012070732,-0.09062130883721438,-0.19185079089574988,-0.8570087694915737,-1.035054064692414,-0.6126133364667641,-0.018359941072167454,-0.16518947871854409,0
3.601317201298225,-2.5115503709136657,1.2231763625829635,0.2810363747877573,-1.8254222921731096,-1.4688259201916067,-0.046735220670325414,-0.017458753642510844,0.06695294632236545,-1.0961211745449286,-0.9879902811265948,-0.29318447329840286,-0.044373890306755315,-0.14218752634902745,0
0.24073976378832174,1.763477787447193,0.9677859199375574,-1.7149803002596966,-0.7209730977531708,0.05148993179499664,-0.9306295461523149,0.1636562938298366,-0.11855471251600087,1.502946574447481,0.6522302293560772,-0.4524648090322234,-0.6059150178675442,-0.38739476541319445,0
-0.4082252288573665,0.5307314852553879,1.2206010107037604,1.1189157103133003,-0.11577190353847609,1.1914785422995975,0.3027746218849343,-0.028615162197755322,-0.3442635645127043,0.7897355062601215,0.441266350589874,-0.36267199316319926,-1.3338326835292647,-0.11088170552139436,0
0.47966572305102306,1.8408137363917285,1.1601213017751004,0.12256455868247979,0.9118753885647711,-1.604468866795029,0.7747323930541049,1.4927180535797528,0.6489093807473939,1.0537143822861432,-0.9401933913038082,-0.2136431071765104,-0.42530892447922386,-1.1564736952729109,1
-3.38159431585776,0.24134806542024065,-0.5318568649900114,-0.6082437780608597,-1.2461857576364181,3.4276254830300603,-1.5600817580757351,4.4441891895116585,2.6413924446029293,-0.9211434819613649,-1.044932603324761,0.7380893245461461,0.8077726793176043,0.10550701764103917,0
-3.3409001411389996,-1.4248655040741742,1.4809476525067429,-0.15521037307821917,0.3304433299708699,-0.4437061017954056,-0.8155025711071637,-0.5947721156805557,-0.5835262423687121,0.4142099126471183,-0.9394321212871386,-0.5124684327553866,0.4031576492375723,-0.23757959459924916,0
-3.1540152515078645,-1.9336516765338074,-0.25387731191278706,-0.3439254069787746,0.10939180959701263,0.5215366068556887,1.684259249227793,-0.5959585185983405,-0.31794339688834633,-0.5539762224974792,-0.961708595206859,-0.34035322955925057,0.2605431036196682,0.29902672488739046,0
-1.8406892432959499,1.030694434565259,0.3515373951934525,1.025411828279526,0.32114492332957834,1.5455440302476162,0.9580028374634206,-0.32938114993145196,-0.6882460258441621,-1.0389623610469172,0.38364828272125934,-0.02566421465251467,0.1566383951876007,0.18525308557562223,0
2.453099107562561,1.6386454588020434,0.7268952007252423,-0.016079070297592646,2.3196680020895255,-1.0216735732458888,-0.49889587910986,0.6632141952442975,0.47476830867273356,-0.46766222368656424,-0.8271903781997741,-1.8548088847287723,0.15097303415701518,0.5563234046787218,0
-1.3082650152614395,1.2224130303760088,-1.7427128513970525,-1.7475655202420919,1.8509837058627678,-1.0614706643922172,-0.6506093994499884,-0.4454294128335231,0.8611237827962918,0.17263640318006676,0.6489240859761826,0.6473775841328455,-0.4781914695019865,0.5127123622346051,0
-2.659087176546331,1.2862822969420762,2.6012273954055765,1.4190445776792195,-0.29955815638562666,-0.016950618049901504,-0.9489799581650431,-0.2814173785914177,-0.840862395878853,-1.8663428802307396,0.2620108985042983,-0.3745311055745511,-1.1591835178633236,-0.16962470812722222,0
3.0753271126768356,-1.3326588798801184,-1.9792005303145372,-0.3874237878882899,0.6485330878729406,0.652777894753216,-0.6709018861578797,-1.0783130044569038,-0.2946500932294742,-0.12426418846129265,-1.047199614320873,1.0099172889866235,-0.323603323434569,-1.1060066951822816,1
2.3996075810963418,1.2372717467326464,-1.9259624523004053,-0.097015841905151,-0.06456395193872937,-0.22058890659662916,1.0603332412776234,1.6226728111286601,-1.417451990986415,-0.6701396059670794,-1.008777828559487,-0.14255794121546086,0.6577219763240092,0.9721097910887974,1
-0.5999670788162736,-0.038675555145492736,2.2130209440113076,-0.3993650822159641,0.218899049197521,1.3617824637592377,-0.2340072230324223,-0.3636836836991138,-0.5143301736795194,-0.3493625056313293,-1.1235113296991017,0.792948244286252,-0.1847387040518255,-0.13848558626588958,0
-0.11850403299628333,0.6775984577316635,2.5820182746855376,-0.4675941736983342,0.2034838227861212,1.9351606746044876,0.8587867983050781,-0.042578253005836106,-0.42883790084842766,0.4871899513090846,-1.0114455879589317,-0.19272326241524174,-0.6176457009422915,0.054155994905375454,0
-1.4453658069861115,1.2884940990072202,0.3601450994163461,1.3314912414984794,-0.7968000627994491,0.3447585239774891,0.013555199242815865,-0.07321264598593476,-0.3559952105528688,-0.19926160974745738,0.3669696537573785,0.24833987175829805,-0.36180757417543163,-0.32294931054431664,0
1.3151485252042059,0.5459624642157717,0.3520884737552711,-0.13505674592811778,-0.6247673775962035,0.46127218850951773,0.3175574814991689,-0.12914696357111666,-0.024163944123066352,-0.07294044717105588,-1.0007394389084086,-0.854183316788264,-1.3220687352488263,0.06405387331863634,0
-0.5463987965811283,-0.04841061126246493,0.014360074395786078,0.9172265358007015,0.48159270287644695,1.950163019921589,0.9700221332322065,-0.518860467456454,-0.5439462337897805,-0.7796894527871436,0.3655864387854268,0.5450407652308914,-0.27803250497772236,0.40144597992223024,0
1.5073394959843665,-0.013588904039843011,0.09265710120955352,1.6091528170999685,-0.6054399548404229,-1.1499050217250797,-1.000226199298479,0.6988641830656724,-0.7392222749215549,1.1147413174932355,0.552856708052438,-0.8731078212943788,-0.6717633437222998,0.1524939352451193,0
2.696973552760124,-1.3884917260618965,1.756716139188848,1.3065215226621452,0.8210348473763721,0.05767509989033609,1.1197540260179242,-0.5730834312105973,1.7469238021560844,-0.31622895861401845,0.5107992912087042,0.7542988992321583,0.32847488109900475,-0.9984626531821171,0
2.3007290200114743,1.2719895679033404,-1.793757825614551,-0.09045351282288894,-0.6571054319641481,0.23130953869783716,-1.8668217727046656,-0.6291907347312329,0.15131662671269794,0.023225559781388704,-0.9980555959570375,-0.04151979800535051,-0.3437479545372993,1.2290317640902515,0
-0.7695326426248554,1.1129759022431291,-0.5021880135883463,1.4732326588445532,-0.7557559458632489,-0.3533200506544131,-1.4721847980039129,-0.7266617579627559,-0.3932703879142625,-1.484083120832738,0.32449172232875917,0.6466504500156365,0.5092172223519977,-0.11099700457129674,0
1.0762915779564863,1.2410652392082246,0.4570488261482365,1.2974641787325036,-1.3852719372732727,1.0301654883403477,0.08135297854416522,0.1162325820574478,0.21354623949033968,1.2652673677175768,0.44602574142678914,0.25046171378488424,-1.0183654727973181,0.49368644116471816,0
-0.12847180537629324,0.9338933047415793,-0.34853010044280985,1.0218792039742448,1.069174212458128,1.2193069272673986,-0.5678776274476637,-0.5972489766088065,-0.810015930588914,-0.728862122883835,0.40832803167796977,0.016426027252476456,0.7612046411418032,-0.5628507169920065,0
-3.188198001416338,-1.4519518447752362,-1.8178326067969202,-0.2840143932517408,0.5791566896572062,-0.33766680206424843,0.6302377914836252,0.39487751078204186,-1.2157027189580534,0.28368482225229746,-0.9968308470174961,0.5143350297033216,0.44870376601822876,0.6452808773794996,1
3.3168071498728606,-1.059431080047409,0.049564282304687755,-2.0371477674932037,0.13831430306676,1.2844306570069057,-0.07224041372174318,-0.9112160711938784,0.15113581817428653,0.13865110639712355,0.7045710506485285,-0.12073345855727541,0.47940951560633827,0.061416584702135096,0
0.5778338821030874,1.4884098196218674,0.4940561560710963,1.266619505701549,-0.5170127045625871,0.5412239492798747,1.0500069697601941,1.444276060840139,-0.8626817186767857,1.4932984542014216,0.4427813329494498,0.05960256647149963,-0.5224641177714955,-0.44880312360590885,0
4.252446648127389,-0.7002289550506535,-0.36849478119663603,1.176362366588129,2.0508989624988674,0.2611647560656997,1.7861329829440087,0.3786530563830115,0.8213494153880562,-0.4190658384870824,0.59468495889305,-0.11188332984825126,0.7331316299548287,-0.16254980425243742,0
-3.7160360738861242,-2.6440383181225333,-0.7699439832855947,1.3348982707827959,0.7078927263586934,-0.8901608045784021,-1.044075759018035,-1.0590963098647999,-0.6513393725975826,-0.3241124554906774,0.5336976384757255,-0.8228677170793951,0.3911235030869487,-0.06727675515383183,0
-1.9354968406439346,2.1543090859873444,3.212057984087181,-1.6798822294206426,1.531197409190412,-0.8144525904093836,0.506176353666097,1.1330693025794016,-0.0016628398802411837,-1.1279260201833605,0.4886706454006422,0.5545686269202154,-0.7209264590997222,0.3964929638445507,0
-1.8148675899648345,0.6873674752317847,0.35896500258622843,-1.7864084935414717,-0.2880032958634993,0.025577148338514964,0.0016950325910967603,-0.17189504521746946,-0.40501920710336287,0.32975959986624936,0.6258703102289649,-0.45843816647995506,-0.508045147563158,0.028410568418671456,0
-0.2895857711789381,1.1723743205146893,-0.3987119708692908,-1.9242718210099963,0.4811836401591506,0.49943269639584503,1.281738769373305,0.9158070213306291,-1.1624865494974683,0.14158458835337742,0.6697596008333956,-0.7264634951229872,0.3704370477053117,0.6394008253609565,0
2.48420727730959,0.9262823833896264,0.9249777228087345,-1.8982300531247136,-0.7189680270495317,1.2996865917815348,-0.4040408329373881,-0.4732800636974792,0.20270158880242053,-0.44787686405332167,0.5895476620743548,0.07130135017417122,-0.0746940308289499,0.826336801250132,0
3.3687351853224285,-1.305383011995981,0.5094136786823124,-1.7702252196696726,-0.4783947808011991,-0.1345125955962349,0.9867226211203516,0.6260906890566117,-0.48509306541755265,0.5204242565836998,0.6347131627058445,0.0893221497808028,-0.3684227144641305,-1.1589953584212072,0
-0.840525392179362,1.9664615381974015,-1.7834557398978013,1.2601707754087206,-0.3394958162599197,0.5543444009057894,0.3978433809318555,-0.14390302915024725,-0.49346365229061334,-0.649708252114395,0.37808996166722125,0.1531531029283145,0.04303071345370983,-0.3816348243453767,0
-1.7312080596836625,1.2820595475779046,-0.13957894796197282,0.0318598067451184,-0.998133908838534,-0.5596560950789363,-0.5925437110104569,-0.23752713695102584,-0.2677948690303122,-0.5508363341029956,-1.0781943650199497,0.13869121365851433,0.1722082742866881,-0.36579234810211453,1
1.5236175880182976,0.3080876353679329,0.3011447152858979,-0.12979804654270077,-0.08177246447543247,0.243027561459078,-1.5691522136530365,-0.8556193864741267,-0.16937005793932883,-0.9568550483626936,-1.0116641831928437,-0.6537684083366297,-0.4907065332722226,0.7066824178204065,0
-2.299303457450944,2.782257332633864,-1.2211470323736882,-1.5880868120968972,1.0389262336080873,-1.3992820856916601,0.3853506467158617,0.31998329279169535,0.9888167413971303,0.5183606353460315,0.6765447592383704,-0.05410897660308907,-0.1811981408544982,-0.27123661681190764,0
2.983942851919848,-1.8618654300390067,-1.118822022360317,-1.4715602759341768,0.04210701470278055,-1.604272262241534,0.9830955401549648,-0.9362870491562335,2.135333511867343,-1.4301197163839972,0.7028706571222997,0.19165203393886218,0.13769751584293988,-0.03794745472038167,0
-1.618029894967159,0.5865204064746209,0.933891497131227,-0.19462935530794945,-0.516865845688203,0.2783560676018642,0.08388042764364462,0.14388390463645304,-0.26547290524803496,0.9757389447652183,-1.0424694636468534,0.03853232376255554,-0.8172290644118727,-0.6660172218732395,0
-4.577597083256079,-2.3479841211633956,-2.6076084447599506,-0.37376897932903075,-0.615336909920042,1.4434025098822636,-2.4934702913451905,3.928804355296815,2.4332561853472425,-0.7324357092883966,-0.927531217987614,-0.3492807598165143,0.10761736059593963,-0.41732978433167456,0
-3.5690132267286927,-1.435892879522265,-0.3425370808858015,1.0696536890214492,0.8548082057985891,0.5568810733155982,0.0739346813855629,-0.602403466533103,-0.812165570149477,0.312858874742941,0.47716600856082153,0.0564578292679849,-0.02470391130657779,0.344261042829519,0
3.303180284464311,-0.8555760678118116,1.126650769061326,-0.2990459747319735,-0.014102923559913882,0.8940781951511378,0.7649225427185872,0.8299527627273579,-0.47211010435786627,1.4176961414013527,-0.9053909073262344,-0.4581051561913552,-0.5516021722614397,0.10013293961774797,0
-2.5144333046256286,0.5703857070688908,-0.13361212647233706,1.467916472224624,-0.09320339449317729,-0.9483585561504596,-0.13389353949380534,0.7506881373329497,-1.5050620808971025,-0.84142778475261,0.3067879946125697,0.4596196510934573,-0.5052899944407033,-0.18620290762718644,0
-1.6369695177940278,2.134520632685576,0.011094669457131456,-0.22436816735981102,1.1990527751686464,0.13842198785097432,1.1628180423775945,-0.0100916936484659,1.1797473710667057,-0.26410383109375857,-0.9699881814338062,0.6170059551616727,0.956207125575568,0.3826922595071488,0
2.7718725246436686,1.494450315935533,0.8552358386480883,1.2967409962414846,0.7252331492375437,0.5648147876363154,0.7548230312779085,-0.10392205978841579,1.623704795708355,-0.13332700271008396,0.48729674002820506,0.3142867995274857,-0.5768417266311155,0.193156178146292,0
2.0169017790167567,-0.3587852695080087,-0.20406545192158607,-0.2780446635678133,2.4360476514866267,-0.1909111016570661,1.0247105789182926,0.546496556053144,0.5808176459118397,1.0678275905217842,-0.78946861954052,-0.26053883849330833,0.35416179694049416,0.607762160656715,0
-2.527480167636886,-1.5587965119844447,-1.728403173386694,1.281023806098203,0.5531045382170566,-0.7383731752032409,0.10290452993991935,0.15077215993538914,-1.2905627246391613,-0.5204718515786624,0.4282481374413169,0.3931622237955323,0.51420703489224,-0.029277990892113765,1
-0.29753701299043755,1.1257618712933823,-0.4828295422070825,1.3776530447568045,-0.8128918534740752,0.35715893870336934,0.46639551728580597,-0.2584936143236399,-0.003281916084335015,-0.8214022140024393,0.4854705788462928,-0.8540210872583703,0.9256661280963289,-0.018717896422618435,0
-2.4788985825379872,1.7898691441252348,1.9631582586623542,1.2188296721650502,-0.2254054747482046,0.8544859235308953,0.21084486401221697,0.180157949847254,-0.6011574405817656,0.4661208860865604,0.4431424473366458,-0.34227105915360423,0.32195549717206057,-0.35669695215270353,0
-1.8338189301864785,1.749602714440753,0.2544311761724669,0.04659139501512444,-1.6108148326291125,-0.3049049255580982,0.1560431976549542,0.18657913997935752,-0.057382063536433596,0.6175238267716358,-1.0392173944575362,0.1298906178876632,-0.4999396963893338,-0.12150120438866768,0
-2.329572663309689,-1.3435927128612732,0.36129599255538225,-1.6990192318821178,1.0339128527814379,-1.0453732639528746,1.9325674154520807,-0.4112666894563534,1.2896914621473559,-0.6077528681816935,0.6956318225144689,0.09281942940207925,-0.32209983799759623,0.10477765725691991,0
-1.9766340383732035,-0.08774740649690856,1.7931353595617294,0.07516270859215118,-1.2842100839465818,-0.5400344957049209,-0.96609918675916,-0.5151727088107632,0.012268154751815722,-0.6076737570462679,-1.0458938499982477,0.03801059776458189,0.3732847540520863,0.32034512841840224,0
-2.91572438303156,-1.130935090049572,0.05896085879063424,-1.656553391501612,-1.0274107510875676,-0.696274926538681,0.8771097007854713,-0.16217818872970877,-0.07868724717015801,0.7447881526308371,0.6706240219471427,-0.2620244492754981,-0.47565932439220165,-0.12550325566404902,0
-2.5894943622340616,-1.0032126409610955,1.7446143127418667,-1.6114464138451126,1.270737320679986,-1.4552384355404948,0.6335439136777019,-0.3976104685385453,1.1323406003765937,-0.15736582961023846,0.7365674332529164,-0.26941934456477973,0.251880242898405,-0.10375114267357298,0
1.4717687022036803,0.019467115034368477,0.3123889340618177,1.5290388607031027,-1.7945818317924498,0.0078798896535382,-0.1275389072237743,-0.3375059299117137,0.5402723199787991,0.6328332285442709,0.5716786747194684,-0.3963267018089569,0.8806070058173021,0.4150717032301048,0
-0.22271868962833805,0.5093857448728912,2.4151237966576136,-2.0131496633703434,0.27693177805268504,1.2946107700035272,0.6165500815863373,-0.211086167108971,-0.47200028222823204,-0.4821530679533006,0.5885741141384844,-0.4115323722548276,0.07291460492552697,-0.42532832628728295,0
4.6647386688090435,-1.586392395550667,-0.5453871363104787,-1.725956405645489,0.27700988927689213,-0.5868856267060827,1.7975532719956804,2.119342706353488,-1.8870772925400618,-0.7235932345491571,0.6795686842190489,-0.18340269515894805,0.835661702439486,1.3047959419305175,0
-3.156508835975783,-1.9508557319683861,-0.5420334752663006,1.2818227295538387,-0.2449327552585603,-0.10371109268612398,0.580459554659423,-0.591917478097906,-0.4167370195114728,-0.07154352983522785,0.4530925872051575,0.11449032645417372,-0.5937277219055157,0.3216313957308379,0
-1.220928412763196,2.4163488016157304,-0.3364684469977786,-0.310383787355625,0.6068464464191948,0.7346927365128457,-0.36940951793409477,-0.15120200646080023,-0.7343445799853926,-0.1404322659496395,-0.9837261643444378,-0.6039901641749494,1.1592070334729347,-0.4391667672168166,0
-4.394794794369032,-3.1891565397964223,1.1478027562507525,-0.2776748586863932,-0.9862205631668931,1.4591589399514016,-2.6639309036694225,3.9113788759214407,2.49090348685859,-0.9974511326360943,-0.9391489673882815,-0.6825683396853878,-0.3894885481784815,-0.33574039273664164,0
-1.6628853951133087,2.062324328872163,0.4707218038571991,1.182986764216089,1.7995436748737668,0.4444368579963871,1.0712509483814712,-0.3035226638748601,0.566178672134587,-1.8663373426868317,0.34965602483192654,1.0052582811541204,-0.04310094751753852,0.22726972185805633,0
3.181358725642536,0.1690328284450846,1.844204694134349,-0.24037141763404868,-0.24815661077963314,0.8740693262652163,0.3680594938764363,0.5131963063212976,-0.7245413457905255,-1.1123018848266,-1.117836536277964,0.5941493809936227,0.255063777382711,-0.11591660036312168,0
2.8057650548803634,-0.9710536519635659,2.1170778601749913,-2.0407503942098213,0.19951626965564334,1.3063925151231868,-1.113852258557657,-0.8452217091033424,-0.02285011643895521,0.8307310935559316,0.6559588014117197,0.7144301149579123,0.6617398739587739,-0.3808732144018594,0
-1.1278671440105,0.16881384591966378,-2.1175518360300245,-1.6167857738426652,0.16760736558395367,-1.300714364907802,1.9041138709309484,0.039291758519309945,1.7126733681230344,1.0670413150066926,0.7372171619104066,0.7073483100934217,0.04707555111538031,-0.2392777787870224,0
-3.9136855517461093,-2.098752403951134,-3.877300498335209,-0.39420068040261436,-0.9522052683591328,1.5749484206733348,-1.1640794085216195,4.08994716076217,2.553108034863478,-0.8279248227029348,-0.9420817244517238,0.08761442307370948,0.5411630251377365,-1.108242509340661,0
-2.5500983125097245,0.6140216768686694,1.2277589056913962,-1.9508703447790425,0.181136385139622,0.689377797951225,0.9771729513424716,-0.023757092054783876,-0.7469657384521234,-0.8733742013761101,0.5042156903373526,-0.1555030249489021,-0.8129739502332305,-0.4129116604661,0
-3.7693337881792504,-1.0612221388410819,1.880186541932934,-1.660428039673864,1.0975124325073637,-1.2653624703600637,1.0877235120420405,-0.0987824471234138,1.1783892160539593,0.6966605779998114,0.7489364365376524,-0.09693700227326793,-0.033611328652219094,0.22611211201591117,0
1.6763017469230785,0.8275662422076218,0.6203074670043518,1.6603951927328373,-1.5193509054082277,-0.6366979741197468,0.4049597818431228,0.8474919182309273,-0.3299912486008511,-0.5014356582085329,0.518613731500715,-1.2767689869818828,0.4146428733681279,0.7783887101140459,0
2.9597974897380315,-1.113290375913849,0.18982218240748663,1.3096268861605926,2.116195547295426,-0.8465272681133863,1.0393608436658481,1.1913231212032003,-0.07709071957187054,0.22593599151084917,0.5467285172507729,0.8373950901625072,0.3677756859485844,0.32740159792307105,1
2.607472377475913,3.5710587440098656,0.20155730070260772,1.3696139567244046,-0.5545541761429359,0.7651113029662914,-0.3863342049455354,0.9626038524047149,-0.8352829608504441,-0.94185069147821,0.39598788271801894,-0.689765096371747,0.19842421922807232,0.9604835829916567,0
3.3249120782212755,1.257813479631113,0.4742898037357978,1.511101697631591,-0.08414938813771591,-0.327087845909832,1.8141819797096408,1.2871156741797163,1.2602604825664623,0.34820797759337985,0.47540106554568334,0.44786875650664804,-1.1874044336831997,0.7437270607604437,1
1.2829323797174235,0.5578604861551486,-0.40718502909916077,1.1204909396933398,-0.22663283764940373,1.3377497405021057,1.2101961287905492,-0.30660088299126453,-0.31165971655177316,-0.9717895951001594,0.36055516682960603,0.26668150425865617,-0.11177558267140562,-0.9776255504956586,0
1.415260852335724,1.1733589433505456,-0.5530539510033509,-0.2608757699487041,0.23137915318059377,0.5626718053815972,-0.15917103817146758,-0.16671640006865257,-0.4940120939169649,-0.22831557699820032,-1.0813591488627452,0.21866513239197824,-0.026287988144292933,-1.4958273236703896,0
-0.41017474003083726,2.334448120466421,-1.1663742375760398,1.4158081360168033,0.7185105979198598,-0.4980068171413671,1.142469170291246,0.21869749933725077,1.185293936329662,-0.079516764202451,0.4440254775940247,0.4617617809155732,-0.688747747374106,-0.4792925020606072,1
0.7883902077045096,1.3603410534021796,-0.8898684887411802,1.0297083468222805,0.8088360888003776,1.2147208580162054,-0.8039834582068743,-0.23183800157936,-0.7815902835855724,0.4603475277662056,0.3558598326710119,0.6330675646886235,-0.8742419227656162,-0.9237353681580399,1
1.902013451322007,0.026318989052778147,1.1386283295745085,1.4093825092276364,-1.508358197677102,0.7681628310874522,-0.21052326794989498,-0.692392471739306,0.3656390197597337,-1.4320743219042122,0.402789975231528,0.040140754923885136,0.1419794494472325,1.0980520931617603,0
-3.163006410809014,0.01991771483177861,2.271941287107159,1.4313249163450021,0.1746684983116053,-0.682113504319145,-0.4782834032404683,0.6048347749162936,-1.591630372692074,-1.139254891250635,0.3261469448712327,-0.024797226603833263,-0.4037653397867655,0.17717907463898344,0
4.501870357903081,-1.5541157837334743,-0.39890478609549895,-1.786143210055293,-0.26909872759969594,-0.03643829836872295,1.3395733085932637,1.1770077369855168,-1.0093354277068713,-0.21845118065340757,0.6672084361143947,0.19888857981978736,0.42832323761023444,0.9387328544183161,0
-2.160861285184453,0.6319395985539852,1.8095232351585964,0.08137286683776157,0.8780237888201239,-1.4787986670040136,0.3142987485354211,0.6877615960340214,0.4076699542072545,-1.009359688840059,-1.0825616614811204,1.2931204722731018,0.4384712952534558,0.6195845338175441,0
3.1023370753358503,-1.5181718567418634,0.3334282547459434,0.014504278488144893,0.7384905785957243,-0.995488153456504,2.3315231363102455,0.43782371126541003,1.193237823087974,-0.6056398865439044,-0.8912389862499581,-0.14573203057365255,-0.3265283741268464,-0.23590713988313172,1
3.6922591232126085,-1.8916448853620669,-1.390659710591189,-1.655885558567756,-0.2346353454573418,-0.8538118479879632,1.532229518494089,1.068003468621861,-1.1140110681514688,-1.0727175623333318,0.6655802438000272,-0.20432728127197755,0.7492622844539205,0.6704399419453203,0
-3.093397305794362,1.6771004035077999,0.1510757891974834,1.2163063797819207,0.28742043096724607,0.4325170064364711,-0.398347384839821,-0.06796225341100262,-0.8474389836632443,0.21056405970859804,0.4315452364305566,-0.32223396681924327,0.07551662701965177,-0.14027940648341528,0
-1.8977928214156357,1.6847928935490302,2.3126744547417637,-0.14010737350974956,0.2693069357616676,-0.004153121569899238,-1.7082525708724288,-0.05770587002751699,-0.8380795010292573,0.3835430551869112,-1.0599252949740663,-0.1571393983986677,-0.01797297849856699,-0.8247455250663064,1
4.308308909790708,-2.7315562667722912,-0.12520259269374934,-0.2724310622851186,1.1490702790410752,-0.3189256733999923,1.3030465935920803,1.7532961552754738,-2.3650542153115905,-1.1584798647668177,-1.0872799757620395,1.0865567918946295,0.03152677282912426,0.45140968340964527,1
0.14866360579945773,3.4276865450632146,-1.9867194365148462,1.5506657965908759,0.27666184421230616,-0.9625842502776313,0.019835196530348893,0.2896976690970103,1.3872349237113504,0.6273503959877943,0.48075877453611143,0.7744363101050057,0.4427985472943854,-0.5416958667315261,1
-2.547038319651094,-0.5703756249766898,0.2554973126522663,-1.8128612124417873,-1.1377685604364223,0.16761615283788567,1.4218539162075186,0.1132039967743557,0.14245428208776298,1.416149510598179,0.6858575842207971,0.12203208152355258,0.17743580710617343,0.03702622651749991,0
-0.4725473955201778,1.3041781396972794,0.7911308350622736,1.1750849925697875,2.7144236124732672,-0.05212649017796401,-1.2147031780848394,-0.43602213375018145,0.5699285259749839,0.29976231216752347,0.5026334007541237,0.0851636065725416,-0.40067108347054176,-0.08599106797685119,0
3.6531889420636725,-0.9243033938659412,1.4323464883615065,-0.4049034611996709,0.1565960449842295,1.4825145043481534,0.3157390306474911,-0.5667494693326264,0.032933450111530455,0.3843754700597228,-0.9532271386856194,0.0831426776667214,0.5745583114096425,-1.238422505555556,0
2.07478846409313,-0.4526221053646445,1.72579167095376,1.148041568523593,0.488916763983256,0.6404219698645409,-1.2756215821108874,0.4128339171226394,-0.9002110904360544,1.8226378090865767,0.5204053641206441,0.7701818460265202,1.1045816086820746,-0.3466837115072972,0
2.5150388477171304,1.0092287229438774,0.6571409816989942,0.03537987759864919,-1.812548718243834,0.30951263687938163,-1.0206588920214503,-0.3725130596532267,0.6635356984129444,0.1469019020934518,-0.9645073190224794,-0.5162360516685341,-0.46259582110614816,1.261699105913915,0
-1.1881385756225695,-0.00488054967959189,-1.7881898920532666,0.0004134610858289576,0.02444902794456588,-1.3341455049389517,-0.5755670098458566,0.6112928617260704,-1.0365062738953785,1.134966274620036,-0.9282782504291349,-0.14353067233612113,0.4004794753242418,-0.3101544797773081,1
-0.46601657962204224,2.6816491750217297,-0.09076688078740341,1.5424348797288885,-1.729767894991186,-0.07069107323989098,-0.03325120990031196,0.36831100133962535,0.043918292501916124,0.7636068634693173,0.4550072078164145,-0.23608412970821088,0.04580780480208212,-0.3187376964189915,0
-2.364985834737851,-0.4485530699600667,-2.2980866979625496,-0.4625904375768566,0.20233308215588947,0.9937713282421721,1.348545068039617,-0.25863148436666744,-0.30753440195563053,1.0967597121869637,-0.9411027867226626,0.43499912398612317,0.5019017281782149,0.30352922714536923,0
1.515225858875607,1.4190922002303605,-0.03761212119631165,1.6416006404829966,-1.5751564487871088,-0.6696559013934374,0.33880043902000345,1.2566462131088085,-0.39189750851532573,0.7169337037590177,0.49550292088755493,-0.8858688856658895,-0.5908143484726508,0.3338929425069799,0
-2.5835011196056126,-1.6279948624357834,-0.49677283710096704,1.2028576027392155,1.5145351957596627,-0.5025692708582006,-1.135824888851462,-0.1622697348200831,-1.771958870853595,-0.6178473111486482,0.43521334998342015,0.3095898422929328,0.676064468635276,0.34690218089620384,0
-2.4844624795115355,2.659417331504834,1.3036160445469733,1.2237536064880776,-0.9586062970351217,1.206833186372923,0.6465895744536874,0.2792831795482663,-0.6378878463174296,-0.6985556680415068,0.22202674558793592,0.7635437936492702,-1.8841317929509611,0.5232182584900521,0
2.890800348002987,-2.2635607490603507,-1.3181888408082683,-0.3651881282252806,0.7337929038979791,0.5434367471792668,1.5824677150579745,0.19327543972762554,-0.786178486802707,-0.6564739119792368,-0.9726003263950291,-0.5795871454121361,-1.1092623767409575,0.21625314977884438,0
-0.4825968108974952,1.0758702784652832,-1.1888170953065476,1.4172813133608897,-0.6070478411949903,-0.11130388581638838,-0.3430201929042124,-0.49795011217243973,-0.16404553057339127,-0.8028319017875484,0.47489326367698376,-0.542935346149264,1.1796177232294607,-0.2375827366704637,0
3.4063076892837505,-1.9415127746397816,-1.5447967756910048,-1.5824204457094655,-0.4241260426912687,-1.2787786677741688,-0.8562657999626189,-0.20646690263705342,-0.5480510683709781,-0.769472564410212,0.5870962157735151,0.37896419012127164,-0.5859510471110895,-0.20186916231370847,1
2.3636586005563833,-1.0721535161529145,-2.185544728675192,-0.11000730968816774,-0.31440432953583497,-0.5301818723422758,1.4855980856627524,1.6631494451442506,-1.0351858033661445,1.309094626860921,-0.8857464685710744,-0.1484388895397798,-0.00841561507891982,1.0417641179960615,1
-2.8062397018217444,2.0498867017314577,-0.7548924163755321,1.1678677689450705,2.435980985352072,-0.06447591386951988,0.19380029124346265,-0.010081317220318914,0.4041500146721525,0.3519130591928258,0.4794623408071355,0.10577924879911117,-0.8817665335981264,0.2055661624634533,0
0.33652517323650855,-0.40596419093939634,-0.4491710121709332,-1.8342958771688027,0.017323375346022626,0.011231830719794918,-1.4265637166608667,-0.5485293257974471,-0.08819355083468061,2.1589369718176394,0.7838234601470796,-0.3125163325296689,0.20899773708853606,0.40214576837508903,0
-1.121903885534948,-2.0387809759742552,-2.8515841475845463,0.4729828092798777,0.4435069650536153,4.472155862455514,-1.437024980464592,3.9029757248234027,2.4658961632385763,0.6917715513627847,0.5831958273429809,0.4077521011611512,0.2784732559308177,0.19061884159148515,0
-2.439053491573467,-1.151351832784201,0.7006307447716199,-0.22189097037446082,0.11751227392467141,-0.01798742747175743,-0.11084320120519058,-0.3952817004412298,-0.4186081579056304,0.9000073113507001,-0.9400761952796266,-0.46474305324981313,-0.6452948401434816,-0.06356855304610247,0
0.047751229116244284,1.1223311817081474,-1.5514394760775085,1.3051068037791245,1.9804312677619884,-0.6189638479983323,1.5880480646321848,0.882219818759581,0.19959571595916492,-0.4427748864466336,0.4620775361530834,0.302863656208047,-0.5455097152179719,0.09296138307833046,1
-1.5505251842600951,0.7868088570427255,0.5148548153686111,1.0697278330685391,-0.11102543557183493,1.3829705407270185,0.9566301640116981,-0.15396279598355325,-0.5758270270109199,-0.978596023502801,0.293438022917137,0.8344444672730629,-0.16288771644129177,-0.35937124875490467,0
4.649066604273766,-1.8330854779744006,0.6416115977598559,1.4243770285093138,-0.39257651119346165,-0.5415385725134765,1.3239638824903315,2.341150134385317,-1.705877176091328,0.23648149556891349,0.4643057984450633,0.3833149268680228,-0.16977391839935507,0.817082726121868,1
1.2388540284361005,-0.8758350134077836,-2.5887581072765107,1.1401471733019124,0.13749994685652744,0.7889519950775484,0.4180906275281733,-0.6973588372613285,0.020560064453975818,0.5471744752815513,0.6007907892812704,-0.738305867995854,0.16621460642327254,0.524700829375217,0
-3.1928491959667866,-1.7839180449025802,-0.10110212065241496,0.9538006526313282,1.4846172514098164,0.7924238981759819,-1.4779715390572308,-0.9410976300659211,-0.7985911365937363,1.2797600974372547,0.5446680887353798,0.13223098948376255,0.5482434956843135,0.7635400848934396,0
-3.3547465435093136,-1.1323010254689125,-0.20092483986563167,-0.3471735853857538,0.47024523033003796,0.3628118169753307,0.9068908621014299,-0.2533647261803849,-0.5816612912447803,0.9636101819863725,-0.9299443160646912,-0.3585247415101982,-0.3350093419155072,0.06175906597137211,0
-1.669237194953544,-1.077729756098673,1.5586795209441617,1.4163713725446405,-0.5921828527837548,-0.31773637986563963,-1.1008679193085613,-0.6830364338555848,-0.1954740929942453,0.26745312330399357,0.4917428145378709,-0.0117259492372012,0.4962659660963105,-0.04730174523636259,0
-3.343706439447485,0.6768115136672392,-0.13453236486733464,-0.29137482004030435,2.2459990962311984,-0.05275536029547386,1.849575387519685,-0.2364099222991999,0.5018190278973597,-1.5921974130402596,-1.0370972426517273,0.18710183526054194,-0.29229553863565433,0.24885294123573953,0
-1.8168794102860901,1.472017468612561,2.4818919680102614,0.01210468629496697,1.2848812363145197,-0.886530996721385,-0.5018533574844314,-0.2913172221705997,0.9731834602341554,-0.8699227010011965,-0.9820611252904777,-0.10509842689413659,0.3307400823938822,0.0809193625960066,0
0.636863102136959,0.7167146416037631,2.3776042299124907,-1.8434441427105566,-0.3929733019082809,0.7582209099905817,-1.1936443778020247,-0.5419456076461845,-0.2029326868136046,-0.2921857303643633,0.562400947687648,0.3839905491939573,0.38748391401365584,0.07025729877783547,0
-2.7821496911170587,-0.832936522894726,-0.574361428515098,-1.8234085350481575,1.628076182653601,-0.7253860933614866,2.1182568469265015,-0.2044726480189905,0.966360724751158,0.2482466954073876,0.7170962029635148,0.30367830870569856,-0.33630398575607834,0.10702130448125204,0
1.5552897232448342,1.431081247868018,-0.3593662827969857,-1.5093637379770004,-1.3941466916146084,-0.6363400548231469,-0.11627925849198045,0.7523463604465385,-0.34552589988395194,0.013820073063592595,0.6625328844024503,-0.41558064872394834,0.6053860744659856,1.0588584257223619,0
4.15954162238625,-0.9844729761592678,2.4671060851610225,1.0960808468160417,0.4643219124807696,1.0568847336882832,-1.6522273385838435,0.13143749685832015,-0.8525397621239211,1.1500968110827672,0.4208848126845404,1.4942734721200481,0.4082173425701567,-0.6709913104708178,1
-3.5464480474198816,0.7054809891996531,-2.212754584145284,-0.1155120773321262,-0.2737959151509536,-0.4952014055448669,-1.3294921386568945,-0.7358084207049774,-0.5091761021305075,-0.9576580826945722,-1.1129396567864875,0.9484866878003108,0.5792434362992522,0.9018383435749864,0
5.396554948445279,-1.569223894495265,1.6401871075914678,-1.9569302782604105,1.360635722425924,0.0416315050408729,0.26412728302666766,2.2327590390547996,-2.531210534108184,0.65280574323888,0.541976655940129,1.2512192772265764,-0.9263840965019653,-0.08563493835764743,1
-3.0456184680503537,-2.671031575741174,1.3100827160491653,1.255461511479436,-0.7375199612761641,0.33913265005549487,1.3432216770519254,-0.3550259079962129,0.025369278201874762,0.704623952502099,0.5301404332680271,-0.2616127514642894,-0.12620818403796344,0.3274702545373757,0
-1.4075383839193514,1.9946356733704738,0.08723084891023346,0.09730421858052124,-1.6177146765955264,-0.6055516852843068,0.0686577824120212,0.42789624126592124,-0.060195356511622826,0.8498362480426239,-1.0449913202731704,-0.014791743527596532,-0.5096315580636447,-0.8372669798762069,0
2.835256396112806,-1.7611040923502501,-2.093807796383707,1.1196994906747029,0.27310930551236157,0.6673720313917474,1.539131388179772,0.15029192595889204,-0.7005135855000217,-0.5175313873706061,0.4686550408497326,0.15966052312869153,-0.165958132403986,0.021934750465027644,0
0.8974817111712479,1.8073419250961258,-0.4943309273651586,-1.597055715937985,-1.3552799389496746,-0.1990589573527724,0.19741478896702133,0.14285309375014327,0.15210167852651033,0.4654050350020425,0.6522120447380508,-0.5566785394996796,0.1670900979205198,-0.4934201461521227,0
-1.1899892045163434,1.9741056877724728,-0.32324348802157865,-1.4955203457744808,-2.0130953764454897,-0.6203494843348487,0.7628659405771449,0.32150723483037497,0.07431940050263178,0.14191095643448573,0.5661428521084092,0.12074227298481593,-0.20901910578545976,-0.4265552559093043,0
4.200251863140192,-1.0399447491301435,1.6728054232597347,1.5454267282448155,1.3491592531077898,-1.2718482661718302,0.35977495286757005,1.2356496077581869,0.3962344844400797,-0.10730184170593833,0.6176039825076783,-0.21287767679246286,0.7873890818731046,1.0286084337306318,0
2.1908607337635817,-1.8917696707549132,1.6720367081078273,1.9491323288125955,-0.1742890943296745,-3.366569111598953,0.34094188996903413,3.516571499555206,-2.6331928977424264,0.16332105889348839,0.6220815487400565,-2.1560820514645958,0.4945735348467409,0.9874309148220437,1
1.362462094839697,1.7195247584823876,-1.0419576241070085,-1.4076447139232273,-2.1456752565573,-0.7149049930925335,-0.5317800214080133,-0.1998967419073604,0.574537008298667,-0.003520692313545178,0.6873769921504524,-0.6568879070700447,0.6077663782757635,0.7173496067898163,0
1.5271383691918783,1.532546693146233,2.429088038048975,1.5253066799594657,0.5935100030414404,-0.4777571101513258,0.32868812248192975,0.13103891743501325,1.611366202468108,-0.03359170923983187,0.5840255567918987,-1.2764915574437234,0.006861068119485258,-0.4990732384321871,0
3.4275751960059435,-0.720467558725712,-1.8885160311271028,-0.5291429475327659,0.585686254389049,1.6971444742393618,0.3029343684860616,-0.7515847599565147,0.048319619350608835,0.849882311721834,-0.8860458159969191,-0.212181787311331,-0.20534317868274934,0.3909426034493889,0
-0.522462697433316,1.1142195294200468,-0.5142139080249853,-1.8088868578994475,-0.5929681230273739,0.3423351650602435,0.5795462727854751,-0.08902217904700527,-0.20922905888573293,0.23784501823818857,0.6161669182445807,-0.06511800735810928,0.03863695493860077,-0.1607825952983076,0
2.8974465136383896,1.8997440257697702,-0.5375561734295802,-1.763218744708319,-0.3769798963849747,0.4936925695660391,-1.7469467945359956,-0.65054412278622,-0.018999743860270174,-0.7283705205350947,0.6062451531416149,0.07600122448418836,1.4592287052593378,0.020811872643688757,0
-0.21021332616384866,-1.3809039697823924,1.0876352902536748,1.530354123851867,-2.3505892245577225,-0.03759775999060944,1.1912911617643065,-0.35396143996607,0.6353744659643747,-0.23823581034461627,0.46755454870019103,0.2012088350822474,0.3337519024051403,0.13968594440858112,0
-3.144275369210242,1.9677018997792004,0.6455390575584172,0.023425959325003687,0.9727526238488943,-1.172491774127774,0.12163449133603446,0.20993602591715696,1.0084630626741704,0.7325531769238067,-0.9423224498183426,-0.015178135548529335,-0.4434118952214777,0.13772683925815318,0
0.6072175746882404,1.0723421561202127,-0.8903648105481307,-1.8645179094743647,-0.9687389007784913,0.9432936158784692,0.8678237307735324,-0.3346954509357559,0.17617519533293965,-0.46749734122063125,0.6177664109408055,0.2258854314491473,0.9198285507243529,0.7148230982452153,0
-2.4851509128609695,0.3152108949260225,1.3980373827298842,1.222089710669778,-0.11533253105956996,0.6999625514128227,0.45429665035902056,-0.2816077450057367,-0.7450089263559418,-0.9451210763955867,0.34355652184597235,0.1544592943923453,-0.5613801971962676,0.08052771372167705,0
-2.312763450669084,0.8847052493106516,-0.03427632652825505,1.228993062260357,-0.22555275187187002,0.5698203805440822,0.3185138290673498,-0.25098679213747627,-0.6565657153009368,-0.542726864827239,0.3557969306868635,0.34285640883938634,-0.5723817765298419,0.09154684290410503,0
-2.0580670532044807,-1.9114932229061732,1.8040799771269713,-1.7176702367537402,-0.9392484326115301,-0.2988361970770672,0.9180852508507844,-0.42610475184140056,-0.04846429314046076,-0.4663220962061925,0.5898210145329723,0.18779266051042098,0.04474010504105867,-0.48234658149959597,0
4.059419820994882,-0.727507109951704,0.48152654668276584,1.3003474447939638,-0.07558596663976028,0.49420607557792084,-1.4865874124583864,-0.6908397117613931,0.16969618192611735,0.6295926257148506,0.5728123706786694,-1.0757884574481285,-0.3556123948261209,-0.38187706835770496,0
-0.05040237734691386,1.192347755301499,0.04382819247530382,-1.7804063672830872,-0.5824083334307315,0.22197888663034426,-0.754027990814812,-0.2864244107237485,-0.20122814205472608,0.5207737183311814,0.5984248692650899,0.3092509496439668,-0.06830108443009367,0.047392769657673556,0
3.5618864415510765,0.3768257461419687,2.0036975302350006,-1.4692828416443728,-1.8124101312696346,-0.43363529971878545,-0.5392794143814346,0.49400057198525815,-0.09564820902910653,-0.9864225498028303,0.5658039651240765,-0.001099934502969343,0.09286705806224213,0.8906524956970463,0
-1.2679986506534395,0.44594404033363727,-2.2467810868681517,0.059161159273224906,-0.4481478570655786,-1.5206790985947356,-0.21002938806318203,0.728677073172759,-1.0839199551571592,0.7125578817760453,-1.023073906743588,0.6576610178694111,0.0964081146350482,-0.5273740328996659,1
-3.7534132420071087,-2.467312221379798,0.3675186620501236,1.164711912416232,-1.1769376196454975,1.6694793167278879,-3.3495109157696503,3.8487718594612423,2.5311324198430953,-0.21651206072925006,0.5242175909781884,0.07383692570478104,0.14013182320811046,-0.25193543989184425,0
2.155278131674772,2.243413266166658,0.051278734036968254,1.6462322851418218,-1.7536115586129501,-0.2966081328010304,-1.2898377311030582,0.10587070440792487,0.4137770792484158,1.0096807688086697,0.5547948671262525,-1.27179834344896,-0.22902054837891192,0.18508000013751866,0
-2.541380738824776,-2.4634506894977317,0.9428349383953206,1.2141671974432673,-0.5379822345043239,0.45472270816129157,1.4094098219684765,-0.41706895151192425,-0.03657597213617367,0.6898228584326409,0.5398730295699433,-0.25614737451690783,0.08836560148498607,0.09075544970698615,0
-0.7559064838058219,-0.850234407563693,-0.1679765115037247,1.2849301242074256,1.6906213765187568,-0.5243040315758845,0.7347376008341466,-0.6279548765158597,1.0931330222360454,-0.36171063611081694,0.525952775331295,0.402018685807876,0.01135533551902488,-0.16400112129761307,0
3.2828708134838727,-0.20697342951402353,0.13024199280507767,-1.8937320046576493,2.856324220119812,-0.5745785721541548,-1.5873138058597562,-0.023332087702875256,0.2502054939824883,0.9452104656958094,0.7095395347269301,1.3336420859537197,0.5071974702786126,0.11539379092002595,1
-2.604797378550244,-1.3615090793963343,1.0655423290068298,1.2750507281601002,-0.9594025707969858,0.339490476505139,1.348487427242398,-0.051035898374316026,-0.040758055669455034,0.6193760270222832,0.46279589694417017,0.32723853641102657,0.4712914621317573,-0.5420609081551307,0
-0.9111987367305469,1.9043318701912835,-2.6059592804836638,1.372380248192927,-0.4941834774851431,-0.1019664191349856,-1.475812711693518,-0.44205204173648116,-0.5542477088465939,0.025326595440552362,0.34705106748436104,1.1258034189043127,-0.27637558720394323,0.3614245941416301,1
2.8063636023477274,0.8833854214136369,-0.3790266318686928,1.4390984549124477,0.011266155641752928,-0.5574682615170178,-1.482645018947121,1.1854216545305876,-1.7067976267089064,-0.42542876089639076,0.33809356634862625,1.3066681501852495,0.5286499901885786,0.6850422508876682,0
5.08007490923585,-0.294831767834614,0.5636831774205645,-0.48417790218071854,0.6424289756334912,2.056915603934351,-0.6650648251236412,-0.716696808115428,0.15980769014954652,0.5013185792767566,-0.8669256289991929,-0.7638131178371781,0.2927507577590111,0.4914974059092236,0
1.8215843903156839,-0.5932039155932611,-1.3475419153451476,1.5971334083160234,1.1564682527326293,-2.2884578350497997,0.025442389743884027,2.5982735661891714,-2.90937845767332,0.15998028122986252,0.4702884050755703,-0.9884570939350289,-0.9192137860231157,-0.5527065814687153,1
-0.14227699953581718,0.049187754483613136,-0.6396387829473767,1.2209561352188802,-0.4637690250349871,0.7048775427320747,-0.043017119652718025,-0.5830611704158424,-0.29523975990203205,-0.8033010083397331,0.32904364256461077,1.0145411355891438,-0.1939883082395422,0.03319556665254722,0
2.738110804581064,-2.1518096586921764,-0.026452039502714443,-1.6618028511021266,-1.1076001196860366,-0.4441951364551902,-0.5291674150309329,-1.0009963471975327,0.3792098180536139,-0.7064568911763297,0.5665624766242433,0.6923177438191692,-0.2612499452297225,-0.8124383630110832,0
-1.4117197514548767,-2.2947135269934087,1.0382285829612434,1.4514386913283606,-0.46722267088805086,-0.8024581556620985,-0.7239217370702914,-0.7189069625758345,-0.14600986548872066,0.2996493450841983,0.5039580846960737,-0.2965726524837842,0.10673806830431257,-0.8030380308064727,0
-2.237871794118505,0.6188607197466766,0.4891583559443494,-0.47493932079298895,1.84408808720997,0.9070125343691052,-1.2146737449116358,-0.6049435249592522,-1.1706140482497465,-0.1369656703071664,-0.9904681028723793,-0.7470046548774597,0.10802089972513555,0.043454704140616224,0
-1.3910070655210753,-0.5154798259961273,-2.23807709277836,-0.03093797514710306,-0.6919023477785887,-0.8684492711006981,-0.13614483446480394,-0.36013202939285804,-0.17443698071429395,0.964026032528257,-0.980953459143608,0.36718303416958326,-0.524191754811189,-0.5692337405001627,1
-0.14807068020584427,0.4216260351795461,1.673047510883216,-1.815734169438132,0.003705113181636309,0.24638045110909956,1.1790980734980436,0.9150565359834526,-1.0605486255986205,-0.1856089799371686,0.618807740192501,-0.5944080512768589,-0.12630325311750237,0.34782703862595243,0
-0.7452383615605693,0.8343146238405317,-1.8469762390016098,1.4177879288851343,0.2650221751973694,-0.7043973158146705,-1.250971922336668,-0.6279448133311245,-0.5738745280318106,-0.9967247994874217,0.4496235952832514,-1.0133830332807185,0.22246264748000683,-0.9355918604963915,0
0.8658116514485846,4.078271509519575,-1.703458987631318,1.499433024853253,0.2505591494781608,-0.6502067143915319,-1.6925137925736295,1.171685912140719,-1.2537855461773384,0.8394723916674852,0.5361319967438517,-1.194251267385348,1.227106713304403,-0.36974135215699877,1
-2.4169169907327355,-2.7488987001124,0.20560090057020083,1.455429836243187,-0.836610059635203,-0.8041583550425279,-0.6835061953086573,-0.8262596868865731,0.05126552506459812,0.48905933678817276,0.504083594850722,-0.07872796985500842,-0.7929660446966241,0.5703255411602606,0
-4.8565638958560395,-2.680103811887015,-0.21183446194299202,-0.45057550586614303,-0.27311491459903847,1.9110778478436918,-1.406472643621576,4.286891511021261,2.195019511267497,-0.5008138644763731,-0.9071416396458507,-1.1967662250363504,-0.9108238068300096,-0.910349203696124,0
-1.9814310314150403,-1.2983116740316796,0.4640413192216353,-0.055403376761748835,-0.8330575363620435,-0.5377929839345755,-1.1201220867644255,-0.5620297522347014,-0.04249748777287412,0.816577531524073,-1.007631787851527,0.6193066577824897,-0.2731130284381203,0.20621652339776428,0
-2.8727054579690905,-0.05844596094150603,1.3985009381835176,1.1162328359638836,0.4527863362905694,0.8031706260535626,-0.9617081976344766,-0.38871576959830884,-0.6837678161490744,0.44617301534786674,0.4186091053888599,-0.12575415372511603,-0.9431260990727771,0.6609483530344342,0
0.5205009400604074,-1.4581585866494315,-0.4795236266629831,1.5556494349239531,0.2694313589891448,-1.281506635300381,0.08106936877338307,-0.6902422148623836,1.8742772213208563,0.24719068017066959,0.5702876156247573,0.5260851644997697,-0.0033495423338428085,0.4006431042661491,0
0.5380000809707253,1.0334153144239369,-0.36869352728676713,-1.4023179313582423,-0.3676182784240443,-1.8716754531263675,-0.7622975436412371,0.7092353333433076,-1.0329192684539348,-0.8009775115411933,0.6107217503162912,-1.0712754024540048,0.3468091596891343,-0.9875393549495616,0
4.135128881270278,-0.7203001891402266,0.7163235226248361,-0.28519050525315515,1.145995225121546,0.690390706486728,1.2016086590347885,-0.5125487991651442,1.8987979995946844,0.23383272184231074,-0.8755610629450281,0.2887198179322315,-0.1511189020251089,-0.05026767004385036,1
3.412193973060423,0.021271301041163804,1.3577267618132685,-1.8241823306058882,1.567711516939287,0.000669107416278433,1.458291042549318,-0.03203513418127437,1.6902076589844213,0.6545303119215424,0.8613756001612647,-1.6503975151273618,0.018720646911784863,-1.2387555988304613,0
2.0352034001833,-2.631868931925987,-1.1940492727533878,-0.005954880789424024,-0.7954992036131685,-0.8433512514051407,-0.7650984288403617,-1.32891196721841,0.15852762033189036,-1.351412750665771,-1.0916909522039517,1.0648761856674207,0.06653123112010077,-1.0727946769257626,1
-3.5541369246841956,-1.8137981526989513,-1.9987285783026567,-1.8004187428764695,0.46924658601925784,-0.883335931519144,-0.5854785149784374,-0.8166313533858099,-0.7120855179714672,-0.30304843701885265,0.5908536199858632,0.26726767923199196,-0.47984868146173726,0.1501655691661528,0
0.6396595305231466,0.03705576246876991,2.38567726977878,1.304112124093181,-0.5484208597009002,0.6771275766084396,-1.0731174888410666,-0.4947864401725516,-0.28139911305391707,-0.31508288270863133,0.35312929431417156,0.3988024426068963,-0.9339715939668259,-0.07985729611852069,0
2.687961673302634,-1.8881645753971026,-2.2487247225342606,1.3851149616970706,0.20739670630643792,-0.8293748308111034,-0.9196096986369505,-0.20481923253975762,-0.8564691625578024,-0.484870666339466,0.4277855952363329,0.5061423963242223,-0.3932469191729462,-0.2766844092244722,1
2.1277606657512043,0.8755706659574388,0.4301768169369385,-0.07736878141678688,-1.1679355020295705,0.5628528829228719,-0.9084609248028883,-0.3740763813674914,0.27047015820370734,0.2791798864180611,-0.9973454963614793,-0.21462737754725428,-0.9678991079286157,1.0683182366943278,0
-2.4114513735643976,-1.0322429565381952,0.16957776283793882,1.3245503456761025,-0.0005441291884299695,-0.47649563192291644,1.0776073037428233,0.9053509368477268,-1.15773442753232,0.7774763260917739,0.4762351244681516,-0.1454306135252624,-0.0030037399976173313,-0.6084067799547723,0
2.6448562131556432,-0.38221237469934954,1.8880698370718036,-0.29793383300793397,1.3338747710238323,0.764043108618704,0.31875326215365846,-0.4260633181851162,1.818850296753076,1.5335550435761367,-0.7662546312170883,-0.1260345700231242,0.3598625566306036,1.0209099663064414,0
3.734298288132358,-1.1785432164830136,-0.8471335969870877,-0.544986322037064,0.5362259485475394,1.759093590869714,0.6950532169998331,-0.8541934294258295,-0.10203576873873478,-0.13017181674878517,-1.0133869315364716,0.9187516822021335,0.5503783935221711,-1.0398936653402377,0
-1.8263046606899285,1.200019712536768,-0.6789728321604748,-0.11698299066565743,-0.3159937170375553,-0.13588246841461848,-0.4277066388625988,-0.41580720777086944,-0.4808949483883942,-0.8154923091660772,-1.0688466128915852,0.16389885894472328,0.49338476304301726,-0.0971836573954544,0
0.08932626068898163,2.376489587855151,-1.927196858564263,-1.6786840778975824,-1.1114021818710251,-0.05294792605998169,-0.04309142835728163,-0.024182566328075982,-0.1709717518961756,-0.0643210409013144,0.5400231269990104,0.5994681835034185,-0.17840992673997666,-0.08309538697590665,0
-3.645837181930864,-2.9535250033448466,-2.153661885540034,1.1947896545127459,-0.33295391063900803,0.780016510625169,-2.6008671015773386,4.552907076088046,1.4764986236916386,-1.5977321912552402,0.45341320852268435,0.36749971528487496,0.5747325359098407,-0.5697943031216437,0
-0.596705206085754,2.171190059307324,-0.7182345868923188,0.21669650718053723,-2.114089214619279,-0.854337999712939,-0.5423908002876284,0.056243150343231796,0.20630348297806958,0.3214973439443603,-1.0216157800483487,0.08621266997091193,0.22454725718327367,-0.05802809518708845,0
2.6060558687315205,-0.362893143893168,-1.222071739502788,-1.9407372606111335,0.34877875628015037,0.5617151044082751,-0.9928965818068571,-0.5052508025076006,0.0354089555848787,1.704889715883607,0.7803654406929165,-0.8773639817533716,-0.6695846951546062,0.4229999240588938,0
-0.11941363339659423,1.2518662282088728,-0.5320142512609429,0.25827670406060577,-0.5532134113109597,-1.8714701713585127,-0.6409352190083365,0.8953931141604333,-0.9605038562772024,-0.10118930789659604,-0.9641379024746116,-1.2897046566258696,0.2432153700210472,-0.795778970028814,0
2.570593757514337,0.7642696470407027,-0.889624284477169,-0.5410487094803723,0.5602580384835364,1.9689234791013388,0.31195307349157725,-0.5426277494558481,-0.4136694142557511,-0.44434795664065607,-1.101406478855876,0.6668312931024682,-1.1299478422580937,-0.01591771939962846,1
-0.03464078042911449,0.5933786092745877,-1.3017472181372123,-0.10616767774986735,-0.6667452954545734,-0.02603004009747061,0.1359316896354128,-0.4118431052960756,-0.13603720220224666,-0.6355383670168554,-1.0527852045546466,0.26785912821477664,0.4411342841556701,-0.4390450141256345,0
-2.829149581455207,-1.1604764956099474,-0.7002680749095854,0.9528548074666536,0.9911181813867427,1.2372888389980425,1.51308145087136,-0.4152227290987921,-0.7959187712026834,0.108209798948067,0.5039833022286486,-0.31449192207060533,0.10936502730828629,0.10709345729308806,0
-1.1178871385364155,-0.2127991394339937,-1.277569310177182,-0.18994320850688906,0.21134914966700846,-0.15652472396584427,-0.8424338682723751,-0.671685850966064,-0.40303529015976997,0.43336776777038205,-0.9450096094082991,0.23934643146932724,1.090579364295801,-0.12094369529183102,0
1.1158487785445421,0.30062955582721407,2.159780298915557,1.206381015793342,0.3538029269715016,0.8259916677726052,-1.9173103649113692,-0.8093015058484544,-0.5542681768668379,-0.8796186297355911,0.35866671732549166,0.2858987485977065,0.0314119052047815,-0.38012935856283037,0
-0.29197252941726565,0.20462242831929456,1.2847656245799863,-0.15048439478957487,-1.1395206016458066,0.6805273371295099,1.4832117444502635,-0.06522937458073491,0.06587276131273653,-0.4926485441141923,-1.0363705482867032,-0.16221395296588184,-0.04485114676676208,-0.26526501653812107,0
-1.4549208351328264,1.5638254737309905,-0.3569487416666039,-2.0583428921006712,0.6174592645435487,1.2461782642379855,0.8968155523589951,-0.28465142172276364,-0.8547083071310863,-0.8596599709824841,0.5628368123147218,0.02486537272195717,0.24884075270685754,0.17447032804465681,0
-3.4268827218998066,1.9059810773224977,0.6420751748341912,-0.2902616093919217,-0.09326986109814366,0.8159371886970724,1.3754892067735158,0.30170506469262487,-0.7751380699467418,-0.31166672260803197,-1.07544975776404,-0.32614213970437195,-0.7037415776802466,0.05500870005759401,0
0.6910225250706254,2.311617513590515,-1.6121301393149843,-0.12989026376398283,1.2805672123918395,-0.41989312717778926,1.7908711056293858,1.250987837960666,0.7597645562791441,0.45445953007713685,-0.9068435458567368,0.15535655309557256,0.8758334282556683,0.30495911183734237,0
1.300101140900751,1.8860625763229726,0.019457670216811794,1.6257105610378113,-0.5379210630974447,-0.7177873002698545,1.0728213075595614,0.29679356481746316,2.0841063095397545,0.4772702745347953,0.5841036596808488,-0.5354437306407681,-0.02974139328578797,0.3054972246065875,0
-0.8522591408596343,1.9225434774127645,-1.8805508770698134,-0.1552193125017418,0.9077134616238791,-0.450418219867179,-1.6469674723691123,-0.2715408473664779,-0.8541078098674335,0.39205427505272444,-0.9735954199695034,-0.8155884283702532,0.3418681091392646,-1.227967007657471,0
-0.6107887673537041,3.599201326122984,-1.019758957657676,0.11215743722920135,-1.102986036332826,-0.4159525158663793,-0.6929829268788195,-0.22590176205141665,-0.3944778706566391,-2.5008204917381343,-1.1625309156997807,-0.1789570412793868,0.65884103936456,0.0810790429427624,0
-2.9934872958017285,-1.593810695761871,-0.403704691570962,1.4514239168710208,0.30292706096908073,-1.419710089213503,-0.7619088704383052,0.1945993591515542,-1.2887258341316614,-0.3311390129761987,0.45171168985799953,0.05513418026698255,0.8725553488430261,-0.28560497790919687,1
-0.6511501367676632,1.1206940621267685,0.20323570738145721,-1.4948272937314413,-0.12942906223792988,-1.4580748702300612,-0.6061914091312983,0.8434652042475993,-1.1710576963987491,-0.1974717501395861,0.6342517078411672,-1.0970278412475742,0.04206013285268127,-0.41159201937125683,0
0.2118578878274861,0.47520457907939656,0.3226074031463684,-1.666693074385456,-1.0356567933843093,-0.16725443668084033,-0.4436957575260622,-0.3241233563035124,-0.017351081532726326,-0.20594367755646684,0.5616971319835502,0.11437440846599006,-0.6642306202383695,0.017264132827473914,0
-0.6289374971401117,0.634055335176505,1.645387687051917,-0.31650622252634264,0.3208672040533095,0.8012286974316405,-0.038196289268876985,-0.06262539744672771,-0.5734786273142592,0.5016393408788744,-1.0207138399064093,-0.27327728838839127,-0.25410993068946663,-0.8077811271417735,0
-0.6511120792454669,2.176733161884729,0.14648839289073473,-1.9005730734644406,-0.4208771988102964,0.9171240864318647,0.3293661080933395,0.043497146700276414,-0.4302557216787318,0.09815576872045073,0.5488235487631462,0.5474066167314012,0.22761692999990293,-0.12061375837933484,0
-1.7113719187280418,1.2194187447055367,-0.3151305383135528,-2.1956562196469713,1.2582552079159974,1.568357472724298,0.754533664306804,-0.2975284156044009,-1.0966764333980539,-0.7648914607876964,0.5263847931437702,-0.05754629683714782,-0.99292790623554,0.1484061688848618,0
-2.5808888501153397,0.5895679740595325,2.623128029296819,-0.22526943068008765,-0.12462769501542358,0.6065979621398875,-0.154316535835071,-0.052593965876368144,-0.7075322565237453,-0.1017895084893438,-1.105349883270457,0.1149003792246988,-1.0180977280695456,0.022889055082292893,0
-3.057592374451923,-1.0900042722937222,-1.7748879745709067,1.154328298678074,0.9721310460317518,-0.09721499163038692,-0.6539667250776338,-0.6912134771294232,-0.8590271489336011,0.6849982391781428,0.5053815759232397,-0.2721636060789679,-0.6969046701813241,0.15597860771680822,0
5.155004127124503,-1.4589172641883437,3.165845507749161,1.1425770351526128,1.383049779586387,0.42877171404362663,-1.5298742472155626,1.1023820998277833,-1.9012575139602919,0.6680655762600772,0.40224199763341034,0.8180248827154338,-0.4023221088862815,-0.8834713617536186,0
-2.0780100272899356,-0.6601283388225427,2.16797774107223,-1.5211501795972906,1.3109370572796541,-1.838245759377472,-0.36850450251271,-0.34066788368484613,1.0265156845033907,0.3057883631071451,0.7312522398885972,-0.326208211426334,-0.2643273262930406,-0.4083897303932405,0
-3.638624671136933,0.6982808909203676,0.012495427760899548,-1.6430757733145447,-0.06062004902348668,-0.9218434144554869,-1.0400851215035283,-0.4730285396925457,-0.7961879511851776,-1.0201425705729796,0.545444944234619,-0.304461432293196,-0.1380632884924606,0.06854225527234523,0
-2.7067121102631497,0.5437794571805763,-1.6396456497882361,-1.8128702505477408,0.6553503580539052,-0.4010913886109124,-0.29325718535725376,-0.5694929182164624,-1.1110869690940042,-1.4097310179564935,0.49649327037458446,-0.10410303675021493,-1.2914162404459626,-0.014628476925675349,0
2.6058916627104662,-1.869003390930217,0.8389715987297893,-1.6654675440776616,-1.2461903224670163,-0.19058927459818498,0.3054916839425003,-0.6851780934996762,0.38504592876853877,-0.32075079163353526,0.6088305474905299,0.4091673985779554,0.049376431633430806,-0.9475283200922425,0
-0.35055073991278746,1.7632734919212536,-0.93368576659126,1.4503608602132816,-0.8255063947603024,-0.3013171492305813,-1.305696185875211,-0.41991820910413696,-0.39428917259164353,-0.8995066060038144,0.30145489674628206,1.1896453712899986,0.9765311107122971,-1.0195520814449222,0
-2.002417630628794,-0.8504404369351091,-0.7566027022816703,-1.8370860862508318,-0.2650718416389154,-0.07144629484454973,0.09408016727349999,-0.7260479869194606,-0.1469576974419268,-0.2286867964655369,0.6695203651593351,0.1500463695682672,1.5574986342384016,0.09787539126344534,0
-2.454224327356908,-0.7802392655518436,2.0556218572636706,-1.5164619949057312,1.1969101368860489,-1.9108951343832374,-0.33349254919488464,-0.3652100551085577,1.1012092225477914,0.3982054974675676,0.7431599415171722,-0.30570550319843154,-0.134456315714261,-0.22364048033239398,0
-1.9905624257423367,0.47753718998980305,-1.3536089592311633,-0.3097340491201376,0.37191979660055585,0.4269274996311872,-0.6874368506158506,-0.7849817249841541,-0.7745656318880451,-1.540258978770307,-1.1821437745740597,1.0978550681540047,-0.24018444926955082,0.2407930762732006,0
-2.843971897417581,-0.7361142527885246,1.687881304557625,1.4506413274369618,1.3501859655158064,-1.1693577048144876,-0.23897802527670423,-0.536937646739842,1.1484636314409944,0.05403524927391059,0.5840163967739088,-0.04262952068979274,1.0532536640843695,0.026792094400762315,0
1.7364470974648198,2.950964590404115,0.2496257649911288,1.395691813260959,-0.45194001386707344,0.5743008653440357,-1.9812634045463202,-0.3768435490164738,-0.36515414659924283,-1.1682647869720177,0.35834820971576226,-0.5950782984530032,-0.9079968638893343,0.9496224822476194,0
-3.2901494313800814,0.2663428441117162,1.8599595333810623,-0.27389309327395905,0.03489455629195565,0.6909050358713797,1.2408694738221138,-0.09416830428526196,-0.7104076052856617,-1.104325854187653,-1.0853319830210684,-0.3608171336741496,-0.2697312142205821,-0.12537573554405015,0
-2.074280991915673,-1.137796833178513,1.4077690169970054,-0.13854151250115498,-1.0330237347190503,0.09064028968065094,0.6048933383908162,-0.21476291732665215,0.11629276671184105,0.8731486228217903,-0.9545644969511928,0.2021347723563324,0.5021284417880739,-0.04633168205582854,0
1.3151485252042059,0.5459624642157717,0.3520884737552711,-0.13505674592811778,-0.6247673775962035,0.46127218850951773,0.3175574814991689,-0.12914696357111666,-0.024163944123066352,-0.07294044717105588,-1.0007394389084086,-0.854183316788264,-1.3220687352488263,0.06405387331863634,0
-0.33522426575894276,1.4856421085268976,-1.820858202109409,1.3561641345136286,1.4992812760290841,-0.6792741836943017,-0.9201421946838186,-0.5880948886699217,0.7920459311019206,-0.7302593632320338,0.3460245210507577,1.7269233223657967,-0.8987499881386982,0.3909619019217784,0
-0.4313109933851803,2.3396315311028735,-1.0684770943446984,1.0800947365772713,0.11468384513323161,1.414934988271422,1.037342152830357,0.13741812191284755,-0.5988648576932448,-0.04824370919807875,0.4079368890865504,-0.15886537025814768,-0.29164938939268575,-0.5392599199078427,0
0.5003205357031392,0.46008879274421227,1.8389599699621193,1.4250167143908035,-0.43492975023966435,0.1299064843578853,0.29244650121396665,-0.1073154919254327,-0.21605340321997615,-0.7854257026029976,0.4932823748760375,-1.9108793866536211,-0.5172748932184614,-0.7110279483828874,0
-1.1342488640485457,0.8445441572048397,1.6064741857504308,1.2847629778678882,-0.05023985293424103,0.2836265164537614,-1.694763571346306,-0.30356203457740544,-0.5337143439183597,0.8317246719168582,0.4279302290412888,0.2343684518405579,0.0852996522155362,-0.34377090448805325,0
-0.7193893639432194,1.3786447009377285,-1.495533145261366,-0.3107774088463069,0.07120556447388304,0.6191672213352957,-0.23186440339511427,-0.06242494749914465,-0.40035731102386213,1.0990490575710783,-1.0101211114317028,0.20820580282163245,-0.49495663722756167,-0.10320960864269614,1
0.48320373635251784,0.6242655176991863,-2.830514626567662,1.4033202956432493,-0.9511140356259289,-0.21482822373930444,-0.3682473714193096,-0.26662101228482843,0.1526498385401206,1.2462014023854129,0.5466504217487033,0.09571238986053471,0.6166107682147797,-0.1099378882351247,0
-2.3490868642558747,2.228024551160099,-1.3016838400724393,1.401350730846539,1.119117307262454,-0.714749771247759,0.37022755583747985,0.06054069921216092,0.9270592907603964,0.3791006611817019,0.47715655766457804,0.4793587944609582,-0.6730603566352422,0.3946412156949029,0
-0.1561955390496577,1.8386817004984728,0.36176220294154265,-1.852461975380936,-0.6431768959489913,0.6996637338396114,0.16947948622304373,0.18361174236439148,-0.13839237528795184,1.3433045513249617,0.6512913321821305,-0.10825160941388379,-0.007368797772140742,-0.259771209262369,0
2.4821081798128177,1.2150252532974666,-0.7148374615378795,1.0436945953432604,0.4085017576017289,1.6366345380547573,-0.9549137549458123,-0.6717438905581806,-0.3932055627310256,-0.4036852141606461,0.39759481550496995,0.6207359598427441,0.37633917774120823,0.2266838297520028,0
1.4574236261327933,1.7165671485788432,-0.9391215939447706,1.051574060937541,0.6116341995986311,1.4629767058675742,-0.9175906068291703,-0.5103610428169195,-0.3870653204522124,0.014003017753239366,0.49034290517506135,-0.5908525174332281,0.25189583610426397,0.26592533479084457,0
-1.8422440611402338,2.776634413758556,-1.1516336831243144,-0.1810708332188703,1.7758919655672372,-0.5296778667839365,-0.05673159599551288,0.23341791376769697,0.7535510509387012,0.9190580791922618,-0.9917149645706527,0.7592297695223711,-0.2329366588304263,-0.36442928463535473,1
2.040374220072088,0.45407602312050266,-1.313111189362121,1.5070536531409582,0.9684789698646856,-0.8563562709776266,-0.6390575312584734,-0.8433772628106471,1.4508128744481752,-1.3673159959684509,0.4832899508251954,-0.23378033530358025,-1.410964168601723,1.1973132691730886,0
2.734483776886485,-0.6519954783019202,-0.05535192564238853,1.5547734101136124,-0.17436781217507397,-1.446514995692525,0.19185975116956594,2.442571903991626,-2.2838568724339536,0.5060808311728058,0.39609195646236656,1.174730318505783,-0.09677676888549787,0.4076203825149224,1
-3.0201315201749415,0.3388377382276021,2.2353594920445055,1.1459992644080237,-0.2475153226556227,1.1568500422568093,1.0432264817461585,0.03698606678147274,-0.6764893235891737,-0.37467131946333815,0.34189143254207527,0.20702455205268994,-0.9006703829249454,0.12053497651268844,0
4.580654477787813,-0.8616782463946109,2.6210254312846093,1.0737275376062194,0.345151704691798,1.3029994011252144,-1.390226789792157,0.29268614408344734,-0.7395721882292374,1.3253172153220623,0.42741023996879796,1.4150841730726622,0.3293393087676846,-0.6020331623092855,1
-2.595265433831973,-0.9779886485222887,-0.28821811554915144,0.1111382353529553,-1.6266548775450562,-1.0899013090741394,0.931422584238863,-0.03481315231970708,0.14687716635789147,1.0314698349548748,-0.9402757465267029,-0.2864357138981144,-0.5488484980530941,-0.5403653148802782,0
0.9089377190713638,-0.4340033951563977,-0.7477321236417095,-0.061771755780825055,-1.664648554712163,0.2001069384480227,1.1224055482465956,-0.33022000854314226,0.5731538847814043,0.08798519662985865,-0.9454048194501664,0.07368533454225545,0.755558581640622,0.019235250171232447,0
-3.2037457504739986,-2.9891790767290916,0.09269113466858853,-2.165596132110652,-0.48315093085206834,2.2871723359024787,-2.206448838592158,4.184676287085552,2.5070852384886035,0.6578514225240094,0.7187392259998924,-0.3285669220032554,-0.8793157770661486,-0.6777649505319616,0
0.9604040740586572,-1.118513224281004,2.513878124880897,-2.0240961392290595,0.2596189340554696,1.123982447766811,-0.7042539620773682,-0.6072955411483099,-0.058632236739949675,1.0705683849080974,0.7077659604150609,-0.059932387184639335,0.65368083638687,-0.10977423005745397,0
-2.958699052148462,1.1230010799089158,1.81515487848481,1.3983676790403683,-0.9891574334460568,0.15700025074696888,-0.3891637955688275,-0.2450990369000391,-0.5480408352244386,-1.0039704953339728,0.2935607140901368,0.7547109595198519,-0.36814233974741795,0.4203905680496929,0
-3.2214481231805006,0.8151810835752279,1.9350912039458348,1.576123679890976,-1.1599923731738526,-0.7709148875539963,-1.2031799629544628,-0.24275084012584708,-0.30517746937164125,-0.31879815810862777,0.41435664429013425,-0.3742660866319953,0.1813396222401404,-0.023896045526467315,0
-3.8745285413856334,1.1735642480355701,2.524238932272526,-1.4992788381279119,1.1524106327414594,-1.731515642785712,-0.9018064404151751,-0.32841540523282375,0.6086193670949709,-1.5876349709354198,0.5148807062986198,0.5938624756148028,-0.5793916707820428,0.4693165813937322,0
2.655530936690894,-1.6293365841758116,-0.5075755349488349,-0.19095102864276503,0.16575072699798232,0.16554629820132732,-1.0951302265180893,-1.1393873345367873,0.13426561200607143,-0.8649987181091803,-0.9320289998451452,-0.6136495171248982,0.809688245326095,-0.05846497454039857,0
1.8378874486265289,1.7996093165199678,-2.3785149236341785,0.0170864094356174,-0.29932425555135334,-0.5685464064652211,-0.18680983175154206,0.7917386716078572,-0.7597618144111811,0.2698618980413901,-0.9179579564102416,-1.1273466206761846,-0.013984868336358636,0.6768717551840294,0
-2.0288263687876102,0.5384297501911434,2.541806061781498,-1.6892258303943481,1.1470288914924751,-0.6129395139317293,1.4282046173912064,0.1807447793479208,1.0362349898356156,-0.12142244533859932,0.6619524518268556,-0.4083588011381188,-0.8707823748048663,-0.19759240677417655,0
-2.3466125405283877,-1.552021323415142,-1.9888845886244622,0.7542000206214001,1.5442222195503559,1.6844942133411607,0.498833306652391,-0.6134040369854157,-0.7327084065651198,1.4064499287742733,0.5185564173566678,0.507595908783512,-0.01156141075823839,0.5978896080327962,0
-2.6031880351434498,-0.8149575299689388,-0.12481281024776435,1.2985497447635328,-0.4708846169848521,0.028779706662115993,-0.859743763340413,-0.5678639553699009,-0.210775095877709,1.0228822767278143,0.5073902574121296,0.34083720768373416,0.3883370723012783,0.620069706523513,0
-3.3123726827042317,-0.8159986034232165,0.849361015018996,1.3298329583154174,1.8623538417262402,-0.8837175631504267,0.6135033661850127,-0.1802058230848547,0.8490608173538458,0.6517753598534335,0.5625210052056933,-0.1998966245951064,-0.696558712518526,-0.0796768660652472,0
-2.8275279231949515,-0.647720782356,0.08621522728495433,1.1973695080333344,2.458679693683769,-0.4080179916724608,0.9264715636933294,-0.3335184664184259,0.6264269023278713,0.22362468113667863,0.5595783827827715,-0.10356458801177275,-0.16724828288846555,-0.23292225980212616,0
-2.433475371924047,1.0208725830165972,1.9183400357271103,-0.26436267344182873,-0.4848470317163697,0.9223983253917192,0.02741099499933887,-0.0627385942269947,-0.4446888355010574,0.31095573492955175,-1.06780504676563,0.4807395565977103,-0.172795176482374,0.6005019071724187,0
-0.49025279545085065,-2.038580377854965,-0.11609758723855829,-0.25729907761410453,-0.921508032465716,0.5972024561735954,0.67655458512358,-0.45433642192112794,0.34988992419397225,1.5212057169614843,-0.9187522533194232,0.30684180013371687,-0.8171677840672718,1.0444291448246255,0
-3.013491700545654,-1.6719080849814651,0.2113235834419391,1.2553413100044255,-0.21135897366334994,0.05888345105939552,0.7974562827819812,-0.4040530284738123,-0.36607821790177175,0.2670842327603389,0.4870098000750545,-0.3555490613116331,-0.63817075523496,-0.031530735752150214,0
-2.7199071116346416,-1.7821655634329738,1.8015805435927268,-0.21859426218035938,-0.5183491971453074,0.3290946240421555,0.17569217431607848,-0.5013730674743925,-0.14138866961170898,0.528253996730781,-0.9778508385642981,0.25182409295894037,-0.06461931587716428,0.6751748773034931,0
3.639632083773995,-2.0934290973975087,-1.1238169081815603,1.33684992220696,0.18054336396861836,-0.18108475835770865,1.495164435606717,0.9282118325302355,-1.3088460859499047,-1.592223940894717,0.4703058616394837,-0.1671867167867304,0.6839996070853188,0.8283527619582237,0
-2.8600239739646685,0.7113457381720955,-0.6518421034943118,-0.34712838402513246,0.3747989648935489,0.7745668272467303,0.797245151338024,-0.4521842568516165,-0.7680282172591278,-1.2873577568545729,-1.0765541584725067,0.08280146643072195,0.41290050971453196,0.2896700117409221,0
-0.414203357339551,2.2647909523948444,-0.5976885730193472,-0.02154173667832182,-0.2442297771903046,-0.30457093995958195,-1.145577526288809,-0.23653079137186273,-0.599195574861293,-0.5113757076049995,-1.0566112617631944,-0.10467144639992941,0.4958865121180424,-0.7700571312239854,0
-2.7959818737202853,0.43564200113068535,0.08394981520031093,1.3305699067116963,-0.45228517853409717,-0.12049859315423982,1.2975872861243032,1.0306372392921406,-1.266776539495101,-0.40315640043417145,0.31808154864096233,0.6323612196320932,-0.6168844075409488,0.1735018051413101,0
-0.4313109933851803,2.3396315311028735,-1.0684770943446984,1.0800947365772713,0.11468384513323161,1.414934988271422,1.037342152830357,0.13741812191284755,-0.5988648576932448,-0.04824370919807875,0.4079368890865504,-0.15886537025814768,-0.29164938939268575,-0.5392599199078427,0
-2.975882988379269,-2.53349608969719,0.601790918122227,-1.606989412694784,-0.679392346008078,-1.2745437783505096,-0.6896631587919478,-0.5125112559248521,-0.09295957016725914,0.7974707824365488,0.649903417148414,-0.1416015600510916,-0.8083880333570843,-0.17171930483371803,0
-0.8514783651890574,-1.89578377344111,1.9801253853530767,0.9384680513161648,0.40745146374774266,1.7787130843994086,1.2637559716473512,-0.5254719274240953,-0.1447296555139135,0.20727116551617955,0.5408744359833726,-0.41907755911216743,0.9981932779197714,-0.13194328763170568,0
-1.9178333781485406,-1.2255203127484027,0.024956580552423422,1.4826304310667378,-1.2000083872288436,-0.6252645745398949,-0.31075272128905973,-0.41405167867963594,-0.03883728842273795,0.8844992985913446,0.47228009548500877,0.23077189918861232,-0.886792238394153,0.08751923862101191,0
-1.9877569857520592,1.8504095431617074,0.03761027587079007,-1.9287727906399441,-0.1916748720841568,0.7322056104632011,-0.10466871939321666,0.037479489657158256,-0.5717907487982856,0.6425302831610586,0.5527862788468739,0.6970963127375933,-0.0335281292310824,0.29815651790558095,0
-2.6552558868412186,1.0680850567027234,0.707128021453766,0.9532356423219528,1.6214244013690724,1.2526768443943903,-1.6782603847837279,-0.6429208626554406,-1.3392677706963683,-0.33009264180041537,0.35547307721923144,0.4226215529308056,-0.262907334849162,0.4947418142298884,0
-3.123470676345544,-0.5766805415320451,-2.103841383664526,-1.8140105021005644,-0.3282240753974408,-0.32967597208465504,0.9734148401200489,-0.2487177798360516,-0.30703799775153773,0.8949548788798534,0.6913518422575827,-0.10235602836640947,-0.05431855907126647,0.08387244599841705,1
4.577575934930291,0.2768289974270584,-1.5019553415389935,-0.3557367785867357,0.7165060993379317,0.833336263805398,-1.0571061168785556,0.2400989801495981,-0.6719923279662989,1.2855045264305107,-0.8881712750542858,0.15887530305317615,0.8289880928347492,0.2740659137473319,1
4.946705742574385,-0.3782217812250431,0.013405632701929626,-2.0087820820319897,1.0381107930339835,0.7720068771720772,0.1379293994079983,1.30323906196608,-1.5557996848265572,1.1101792949159164,0.7049945004181993,0.31550252978471555,0.3783848909810275,0.8933595486578906,0
1.5696231322047052,-1.3582819404343676,-0.15560833682320124,0.8379936218377798,0.8590346531545336,2.1863281086054736,0.7415326182221951,-0.9257776782596097,-0.1121459917530067,-0.08411808724650262,0.5636292842754893,-0.36972597407420466,1.01586468597079,0.4083717799727263,0
3.180741047840281,-1.2707216019190466,-1.963930693325525,0.9523579005165228,0.5634759347167683,1.6948188285657448,1.1130588984887717,-0.8952597285554408,-0.06911091958274676,-0.5121651137096944,0.5118039642774153,-0.3015634389481599,-0.051735901197064636,-0.269506108565243,0
0.9988079344336214,1.9079172279431695,-2.2770607551500595,1.0896600446556224,0.5283403106335786,0.8791243851300047,1.1605088996448194,1.1438488224311882,-1.2238013104488388,0.731671849246545,0.42767351339674203,0.32738710403922594,0.3157951100834471,-0.6029393042586195,0
2.514715924084224,-1.5654662064222322,-0.6681955042242851,-1.6204623279292627,0.7341122198672302,-1.098716621698925,0.7018214923730332,-0.9625876372697674,1.8120581206166044,-1.0420655408767427,0.7059935900176014,0.3654215828022195,0.19697553027656392,-0.08429042775102517,0
1.5840345182353186,0.6605056086704115,1.3839460398103833,-1.545957608778287,-2.00499585419577,-0.20256690444872938,-0.35012784203668,-0.35205610696671175,0.37713051548605053,-0.7956327399570776,0.5041977119196965,0.9285870251978835,0.6031487244771004,-0.7361028721165395,0
-0.38950597246374263,-0.543423827728468,0.336121684252697,-1.6589512195577996,-1.362706002207758,-0.3912290152815497,-0.0886728529584844,-0.2841340847675254,0.20614250336021592,0.8233352435303644,0.6261957059212491,0.5279922866949407,0.03199062845902126,-0.46551421453980985,0
3.2989270672571593,-1.5394534507065172,1.2279352828463206,1.2217731985192333,-0.28556382617929327,0.9111044940912086,-0.9682950335779013,-1.0625838959465508,0.19262243494565812,-0.2584285176071446,0.5037629633340401,0.0292908205991633,0.6504746688927143,-0.12660527593751794,0
-2.1277436188895553,-0.3975217757307207,0.1257525872651192,-0.29785138511808285,2.3468836208812913,-0.2521745128868774,1.506273321987703,-0.2720895997510661,0.8572614189635361,0.37763785550411166,-0.8450865267233905,-0.44980371527362245,0.08275190587534326,-0.18726435853607065,0
0.27444034115309895,-0.5863580255381012,-1.8407056811965232,-1.700796972093951,0.9408244178615099,-1.1850676979561188,-0.09368914967129721,-0.41813091517541584,1.6074888384436343,1.7853667879838246,0.7559730331038759,0.9429062458080285,-0.4963681151123406,0.3086141377147672,0
2.6520012778322917,-1.6473704177994315,1.071685625018549,-1.670933738667659,-0.6432549588291415,-0.35294839556990987,-1.584891974530933,-1.097199194218802,0.19526670961162232,-0.22983688294438012,0.6402362091940731,0.31959075345443566,0.48445060655551586,-0.40813334075844826,0
-1.7163660554398654,1.0396822946770645,-1.8077392141220596,-0.30146050473456243,0.18238962403276165,0.5674418324338899,1.1398307543601267,-0.08285392536304427,-0.5208106686111941,0.20887482378591496,-0.97629961472882,-0.6396985157523937,-0.37655883034857185,-0.28825332284667016,1
-2.743196685148606,1.0433808644363796,0.6982670409778649,-1.606931374162086,-1.7498092418939988,-0.3108107087216523,-0.03938311196187554,-0.06084260352108092,0.020542593407882424,0.10135495512810197,0.5461547106945133,0.5191662186225473,-0.38030935250186143,0.7427223326728388,0
5.265417585333402,-2.3299236895515527,2.153564436839815,0.13936027378632065,0.12385453744820925,-1.537519220793897,-0.6421257063792003,1.9178614637169649,-1.9154022713613308,-0.35161381412645426,-0.9710833367622053,-0.39536801866512045,-0.41772169519890406,0.999276619548693,1
0.6928145904061964,-0.9825661942428561,-2.07520342646721,1.3240837369233618,0.8172165916335504,-0.3780435905556414,0.8339075483397425,-0.5910175172001948,1.8361703620133334,0.84971651890318,0.6310620647893211,0.297388777796391,-0.20724288177402328,1.1625840655991764,1
1.2596621838282158,1.7745983939208907,2.3099383356146905,0.03192912680010107,-0.4751092375979454,-0.34593498260694017,-1.5674096444418606,0.9671255821583332,-0.7909247015884348,0.9113158218052737,-0.9789726248447507,-0.3265557076034547,0.6944861003210907,-0.04444013503084999,0
1.9139984624197006,1.7849564465942047,-0.5808700748570003,-1.659106482688281,-1.344547028106141,0.11411402418201758,-1.269758694958399,-0.4150767236438615,0.2988361834256849,-0.07126243079204157,0.5904853891368197,0.6617888676628235,1.3464178503240054,0.0220650126281534,0
-1.9949959227739151,1.3140215305414293,2.8313296020574352,-1.5820713197645264,2.3322398781083025,-1.8652213882374151,-0.20785337287153965,1.8302318788982166,-0.923631281337607,-0.2575624363247322,0.6033458964154826,0.3491720960225976,-0.1421831720060203,1.0498610150080339,0
-3.6103120890860905,-1.227187921728405,0.6185834458515403,-1.6673934276743434,-1.0168091905881746,-0.5754678953673266,-0.050548791347593394,-0.4957203201825706,-0.03976216988551258,0.39978164121219384,0.6709941207361543,0.3381745852845859,1.205413828956302,0.6613607343086678,0
-2.9331677525642266,-1.6834784137970278,-0.2743386081186736,1.3949561966840092,0.11563724744592659,-0.8386700117283209,-0.7770595017422579,-0.7947737538630187,-0.580674104168424,-0.23799568282703754,0.47392511843890667,-0.36334098589171226,-0.35955352276671304,-0.18576727743107185,0
-0.23552349573437265,2.144412359605944,0.6643710041707357,1.3635157319785969,-0.4301072376849357,0.3201309650849643,-0.3956864412598876,0.33561012860232803,-0.2139712177521628,1.5102500360978222,0.5756515236205849,-1.637841920719644,-0.23267909942774187,-0.5531945305104028,0
4.540339333614619,-0.6222929443057106,0.9092291647254305,-1.9364079082061,0.42541222339161266,0.8367781909190443,-0.2826973869020883,0.23819587275284176,-0.5905110636823381,0.49112398819248054,0.727775794201248,-0.5156646358320214,0.19342949965029876,0.45594164976963636,0
-2.2930972249939523,1.1805350721639383,3.4575418756240732,1.2029268328687774,2.1323199776360875,0.23680366332614852,-0.8474773451593698,-0.37334516558696873,0.6457229193645189,-0.5748554674844535,0.44241676770712196,0.260756957772115,-0.01723906175128077,0.5193899955687208,0
1.9765345817522346,1.1810105156015986,0.3051126639732086,-1.4512165945006885,-2.2285548755011573,-0.6104302777719182,-0.7869909261944158,-0.1054600777345345,0.49140940747327017,0.355895566679299,0.5685650951524343,0.3189937258333423,-0.6972867141829351,-0.2581731577851596,0
-2.6952337938061657,0.7993757811102594,-1.0593359975013408,1.0575854019979194,-0.13933919159224767,1.303520436781603,0.864754215727426,-0.38227506086400814,-0.5398808896432757,-0.9123217068201732,0.3374844103997536,1.1259702993113296,0.7750278918073098,0.7515818202212692,0
-1.6652206634609745,-0.4121676414443385,-0.7102830307830711,1.3594890162391193,-1.1813346080731484,-0.03638974080785685,0.7744526713884039,-0.08874591165215222,0.04397770102994134,1.1988546882315643,0.4923960790384165,0.46781347832435344,0.2960142480550778,-0.5140968196379451,0
-2.494803641387961,0.043943940119546755,1.1423194872923679,-0.3445520833934367,0.5439153922562292,0.7181944422400233,0.42793279261264355,-0.2541629618763971,-0.6301603065726108,-0.23335776443095518,-1.003526918418604,-0.8904430030963586,-0.5823349660340864,-0.07524050014764268,0
2.6053300993474195,2.284038875214618,-0.8788728131904289,1.2669942318947676,1.650670436190268,-0.0322683477680737,1.9202310462781058,2.00478249271614,-0.7148486800835012,-1.384962117993972,0.16176501072670182,2.471607072612844,-2.4319395240557187,0.511767587960673,1
2.255121192123429,1.2214645805406432,-1.560945158137237,1.1542766840832914,0.5701082053667007,0.7586937291451082,-1.6910584264604493,-0.7201360351707696,-0.5382755450387366,-0.3873451298488254,0.3832072943284545,0.29922257173908656,-0.3078379075524795,-0.5464767106912456,0
-1.3196578211412884,0.9423515731409298,1.0536974138898498,-1.7843399028838989,-0.3017131702185822,0.08676068116051364,-1.3160931984429138,-0.22699446477770557,-0.3978327837220375,1.0887431500717462,0.6112661019771165,0.028900612026652728,-0.8906889582511964,0.39377318200318406,0
3.4275751960059435,-0.720467558725712,-1.8885160311271028,-0.5291429475327659,0.585686254389049,1.6971444742393618,0.3029343684860616,-0.7515847599565147,0.048319619350608835,0.849882311721834,-0.8860458159969191,-0.212181787311331,-0.20534317868274934,0.3909426034493889,0
-0.7840067795298417,0.469287177208882,0.45495813410306485,1.2318020068005964,2.7141452424810324,-0.3479752024830203,-0.2960633172891169,-0.7223247653338742,0.5124713662032586,-1.7571021997712923,0.4338016338028557,-0.048475242280186834,0.13891488344634564,-0.6947241306840316,0
-0.3725918944110666,-2.352267218086796,-0.8192537465313652,-0.24231212625996834,0.024103663124290683,0.03735077751206373,0.9280494999326383,-0.9011544781984334,-0.062468675778636955,-0.8291236980558063,-0.9580800940708991,-0.3257172258843852,0.6088195128876455,-0.7008036868189705,0
1.6351174761317249,1.5243836278374625,2.2122518555439816,1.6019934324370892,0.5162549856342967,-0.8801702897484801,1.4420737155352255,1.3368270050067528,1.1056047348151017,0.10759604847245313,0.641820598956817,-1.8091668311010358,0.1943290880349203,0.5436700370960476,0
1.2592541449679708,1.182349994076917,-0.9975174433525504,0.3189978198910145,-2.8873865425210554,-0.9010256554937957,-0.7982951964713111,-0.21036748851278214,0.8595601716643939,0.3648440806266089,-0.9669466035519602,-0.12145266109181897,-0.04985717345272552,1.1236343261145942,0
1.7875589922785278,1.77421963570127,-1.3102267033430084,-1.840158604487872,-0.4269798936510631,0.7985672014673337,0.6206394696071793,-0.061671651858149205,0.05268315141265388,0.013053855011620822,0.7042481149782933,-1.3968340105299426,-0.2977869244361066,0.43229376277594045,0
-3.5368961701473194,-1.669070853255454,-0.7547800331524985,-1.7944619245702504,0.27222420745975356,-0.6291635596974354,-0.3115244443009337,-0.779510579469362,-0.6041996644979556,-0.12021427934003077,0.6504389388036399,-0.11150282899149538,0.03966928752599065,0.44788273203717877,0
-3.385063541137501,-1.4992208857395504,-0.6445994951048506,1.2137009382592645,-0.17862582346879724,0.21759730189685567,0.13391782294675592,-0.6609470515463469,-0.34776382710496007,0.2298433622593665,0.4772883081759372,0.4132229784743955,0.39808312214356,0.6961276389261544,0
1.8738275725578537,0.44946442459535135,-1.4612707148117292,-1.7543940591169231,-0.8732432450617095,0.18289163639520467,-0.15654246507465835,-0.5807291757704528,-0.07540046496208719,-0.9018122967300147,0.4776509382714288,0.9147808235467495,-1.1767017503059436,-0.1516850020219216,0
2.0807796138793866,0.7737990532713471,-0.012881750697972896,0.034359265957925045,-2.04829671998116,0.39472024498260533,0.9749829077401853,-0.0986040043671203,0.7192363402536681,-0.45392348506159885,-0.9599268232722865,-0.973971319452991,-0.48759602066292973,0.8781781378995183,0
2.8158833676113098,-1.3887911759583453,1.1541829513058433,-1.9202804235830166,-0.436843539766828,0.8245984865967274,1.3950897814645393,-0.46604114748338465,0.11165843924832411,-0.19268609114770427,0.6232447755363467,0.22299632448724194,0.49396877462125,-1.8355939447645089,0
-0.07958614126413674,4.278812456562201,1.7894534418423003,-1.5341640933240126,0.9663308668615742,-1.0759963559172165,0.3953206160155092,1.5521950981827264,0.2668164379124725,0.26136371861788765,0.6380337720224831,0.4615805022043421,1.3687779111166707,-0.40695996539667484,0
3.064663933399203,1.4228633122749201,0.9033725540467924,1.2451567077729713,-0.6314120858500161,1.0286163323943098,0.7566964621546315,1.2825187526342674,-0.6888913975010555,1.0221747717725531,0.4030062601746422,0.2772383803560367,-1.1260575881932355,-0.12131152547098875,0
0.08567111031975065,0.07126997386469502,-1.5515354534953496,-1.7396139116864195,-0.9828664684306373,-0.08603475966222823,0.36790146287015435,-0.4441155683003296,0.09394047652491014,0.363571504691222,0.6560185462366612,0.6827451099473039,1.352420224806237,-0.3480410886472101,0
1.1567929085358053,2.6548030106393496,-0.617857387792044,1.7766776373022322,-0.9967688454468063,-1.3648267337383213,-0.6659737795497507,-0.10766236079525673,1.9811600598541588,-0.25197044612592057,0.45412055897971043,1.115235554623818,0.8441386636540529,0.35441661507889904,1
-1.0899339860397887,2.7622111555668134,1.2242461040802968,0.07820807947355929,0.6528578377062407,-1.1268134950595037,-1.0561068651137162,0.28441504897173153,1.2091587397960017,1.442857810211861,-0.9556296156788118,0.42756918198143196,-0.5487006056862819,-0.12516117261376503,0
0.5747775750145875,0.4518058253210926,-1.6518091259516396,-1.488158079789695,-1.5929908315782182,-0.9147511996606507,0.08425590314505463,-0.36776382485124975,0.39430961239917744,0.15606899388376258,0.7355737445907079,-0.4838630581314811,1.538170729835586,-0.24459283382069535,0
-2.6198557311408703,-1.2785882407246414,-1.2856228737558322,1.22866709451847,0.14163952855443296,0.11895584943201426,1.6339548709573413,-0.5878490124192971,-0.4559914572779685,-0.9212901985600697,0.5211522749733861,-0.8151115891660717,0.897455362456533,-0.5223768210567702,0
3.5178068457577365,-0.9408205953144422,1.540889305508622,1.2544274125375736,-1.4895299218341023,1.4234256079562524,0.247666304364124,-0.4223518458967848,0.9033044262704502,0.9848722550982065,0.5984663258443036,-0.4288889899612361,0.6384797905510846,0.8640029391098522,0
-2.464607204039525,-1.2716366106433057,-0.9114834162266583,-0.26201740032795984,0.8340692088572179,-0.1737291127885916,-0.21173623994034807,-0.8393708086791062,-0.7261456162667131,-0.30217114645641796,-0.9528210987124693,-0.3570078275520709,0.3244759402994539,-0.05345417868216123,0
0.6416662002963601,2.2530217595350126,-1.8533976184514784,-1.3169281574320888,0.30302017733081316,-2.3878945851883087,0.04187986438635799,1.0821814934277902,0.8874971987446011,0.7559797132059818,0.7280115536674504,-0.09689490122462904,-0.171877141663097,0.6495740313596282,1
2.4033846298102075,1.8676050733715415,-1.878142330590833,-1.7731793292287894,-0.22916727973548862,0.14755865938955876,-1.5445398135234538,-0.5002442994530684,-0.2651640710266699,-0.03570298325041679,0.5574827261879892,0.5894129122858891,-0.026746694711397585,-0.41590593234374545,0
2.595481790123771,-1.9319851715479164,-0.00836066593156783,1.6114376678413385,-1.8437076156946053,-0.6234050123637743,0.32199538015133666,-0.4964626649645992,0.8012882019624816,-0.03177981226230734,0.566652223068454,-1.4521302023103042,-1.0142813197211669,-0.036992077416755864,0
-0.2746394164616432,1.8456727435286886,0.14446520342344182,-1.4864210451637394,-2.424045882198069,-0.474645665702933,0.3900650231829125,0.19764383258238866,0.340621498555951,-0.16446434335635018,0.5145508403825699,0.7308269788623319,0.11933862592670824,-0.4812348929730226,0
-2.7199071116346416,-1.7821655634329738,1.8015805435927268,-0.21859426218035938,-0.5183491971453074,0.3290946240421555,0.17569217431607848,-0.5013730674743925,-0.14138866961170898,0.528253996730781,-0.9778508385642981,0.25182409295894037,-0.06461931587716428,0.6751748773034931,0
-0.9600778416179366,0.4001430216966893,-2.31128511158745,1.4219860622566418,-0.8749206885020719,-0.4175856738121264,0.4213422115055562,-0.12530944412206171,0.008588869717315067,1.09679740686621,0.5671358306874333,-0.5257877068301702,0.46213522074155683,-0.648281533693933,1
-0.2266451724447224,3.063446489222895,-2.9020201454007957,1.4841191056931147,-1.5141855674813651,0.03552608186463063,0.7491556143315977,0.239443746797019,0.07862886323963343,0.05932080677788442,0.4826314289681524,-0.40096825043584533,0.9403367273695025,-0.13510706151326773,0
1.7866092974541623,0.14335054898488447,-1.4145199903654873,-0.10894499384838452,2.033560536605842,-1.3073695063942472,-0.11180312061312334,0.8469765349393547,0.6077769091077425,2.145632296533396,-0.8475386018356283,0.45849063397924295,-0.13582242141228512,-0.5350877077620491,1
1.8319584116864833,-1.8689163361850503,1.6425183306220092,1.3336657177579292,-0.3528435188456934,0.005948464744608525,0.7750365775023842,0.36593235027578086,-0.5578035042126525,-0.10624876193307535,0.5019434299893516,-0.286630813390658,0.530351462213569,-0.6197832080556589,0
0.3211413927793206,2.380672323749454,-0.9601858161205685,1.5757751296486204,-1.9867829253455636,-0.07346284075511465,-0.10806129267090522,-0.020186901431964173,0.29865091488909223,-0.2765262569301898,0.4544546139474183,-0.16542093850116207,0.8693502780533929,0.35170563122222903,0
0.9174543459670002,1.2183488010856895,-2.9905758043759065,-1.6689035495949691,-1.4007850360285925,-0.40025859828976174,1.2416895901542773,1.0041586860160043,-0.5275103393066484,0.33468772768287247,0.516495517174283,1.5328649978676419,0.21319325567404238,0.0899745469720631,0
3.6424194537501537,-1.1011274980668915,-0.31083066686253147,1.3965381589373678,1.407324303953724,-0.44204218702814035,-0.7046449860462771,-1.105689849368418,1.7519160713983308,-0.9680049108710568,0.6083169388073625,-0.45869750697013656,0.5397115337607523,0.6395379958367764,0
1.3003976281035772,2.1962478939379797,-0.06963947500004475,-1.520842978514153,-0.8613773802161461,-0.6346030060851204,-1.0898820573931343,-0.03794291836333609,0.14796297326080418,0.20033022187336855,0.756962093376587,-2.0496108020247243,0.9213085851324443,-0.43219727532105745,0
2.7619002813588702,-2.3323160682936823,1.347752679649923,1.5882964443028147,-1.629158128241988,-0.5046122221770816,-0.3581666199113157,-0.9453999473074791,0.6153216273516577,-1.0322110048669784,0.48576793233929144,-0.6078695872409341,-0.07693319982818804,-0.4477426753917928,0
-2.138330730804055,1.7468349018252212,-1.488079575239825,-0.19559049050730126,-0.27836657393201786,0.16817821541520656,1.2993608598061288,0.30171818718205007,-0.5816277421909734,-0.16097815551509828,-1.0796093012463324,-0.1440344345757177,-0.385488112170332,-1.2670805321772591,0
2.2841567940893293,1.5673931691184162,-2.3217755924600345,1.134205433576019,-0.36873724813870723,1.4098619606920024,0.9405803628792151,-0.10156599182250688,-0.13568027421245807,0.13867232357703674,0.43421017020885994,0.0599566232417232,-0.656252252625633,-0.030867041077649763,0
2.9776230250317424,-2.264919066473661,0.8465877822516753,1.610901281356251,-1.4668973403387884,-0.8122745149880165,-1.1948379666334752,-1.0423446910140244,0.4948530185021851,-0.8553961067485324,0.45284781687152326,-0.08242218114382983,0.04959022515080481,-0.738789767715484,0
-2.8749817585445516,-2.245000753763361,0.14577429476539297,-1.7314727998171253,-0.1471170274082802,-0.8572445142529488,-0.9676121349234844,-0.5880996407779429,-0.29083395300982307,1.0927047047834793,0.6604225990787184,0.07611041737168783,-0.5120424563871372,0.041383197416430664,1
-0.5759967989089959,-1.1184529484504844,1.1613955961690494,-0.05872415689161392,-1.2605797149486835,-0.0892015540166113,1.050235968915915,-0.23258994008911946,0.19558216514066648,0.11516555673295184,-0.9804783786671123,-0.01909609343645434,0.42436269193743315,-0.8421753972572128,0
0.6030550409272819,2.0986682972121655,-2.3320294625882347,1.1838941777169811,-0.17803585434243108,0.9782472837848945,0.7842739033956865,0.12827712288499674,-0.244302320838025,0.6084411550284161,0.5035567846595437,-0.5993535639137811,0.13639016324370964,-0.30431959192484903,0
-2.081821803033543,-1.5777391622728132,-0.3139909889095731,1.27200852330328,0.4664592593566339,-0.24968790544278274,-1.234950482845323,-1.0998172822824244,-0.5957275553804074,-0.5335682028062531,0.46721212077107527,-0.018929655240345438,0.1354849947288167,0.328190921387022,0
-2.047567350923215,-1.0261977451671613,-0.5304479172403501,1.147036888321356,0.6065175254959126,0.33535033937606656,0.13239742802696472,-0.5749622565287607,-0.7030504702569268,0.431631230642382,0.4973671778689362,-0.18158821309486184,-0.2714672639115441,-0.24130258265226145,0
-2.780248310764,-0.8558138768762079,-2.0991357745407453,-0.24448724876329198,0.5841060675007977,-0.32159775069883584,-1.5603733465359844,-0.8528630761564882,-0.6587362778194924,0.9330384058792345,-0.9684247500965203,0.5131437787640571,-0.17242895474381278,0.7167955331473209,1
2.574322801026602,-1.4695711432473164,-0.015286924330116098,-0.017458214353590462,0.6011837089025015,-0.792156631641348,1.3819618868905106,-0.6411729815744289,1.795593954470913,-0.40896769921649023,-0.9232973322853903,0.32647971348110505,-0.6164373502815164,-0.7798674898288381,1
3.3279862875067394,-1.5270071209053928,-0.14705765006687613,-1.6444865190165603,-1.0868204034259472,-0.22211061668069765,-1.0961533899830982,-0.9509515034227747,0.5420694051767554,0.13626667107024337,0.7030852819433907,-0.3817738757520733,-0.41944508671913533,0.6162446420715081,0
-1.593857187436853,-1.5421325143830682,1.539969501313523,-0.1949282493419493,-0.8443519866505909,0.34731136067954443,1.1864180980421608,-0.22900403190831356,0.016932220076188914,0.4866027027531461,-0.9859228645282714,0.16498781054564654,-0.20081085094410567,-0.16440219046493693,0
-2.331505519324149,-0.6601497010462399,1.3188770068402749,1.5169980987237475,1.005137142246631,-1.3694895930397157,-0.4807843635094117,-0.4915966685084935,1.197074596104505,0.4902720808027709,0.5603730493676395,0.43041389723827844,0.49902303767034023,0.09051041910036364,0
0.3760824735532146,2.7962472083637047,-2.867982975212133,1.63961430911716,-1.575175651041817,-0.7956011353718947,-0.8414838746569495,-0.10236485438324133,0.049570646814645826,-0.37920912176100025,0.43406652414486163,-0.12776239157261501,0.9068848632484894,-0.44857776806747585,0
4.211736225229276,-1.1156465107878302,2.6094154760288193,-0.43527573881695436,2.1163011435493044,1.1244979261967103,-0.1482941065048313,-0.7621367384737495,1.4521902816910688,0.4959905112243832,-0.9138008804980081,0.7664784173142184,-0.3659841483759273,-0.032746359088477506,0
-1.8708960548862907,1.7191484718501366,-1.8729253478683625,-2.0574701330667713,0.3092960911157047,0.9434154504706885,0.5132260689955703,-0.14287198287631547,-0.7226205110173148,-0.05776148851168103,0.5116607552296646,1.020020759375276,0.07111076379528873,0.029502980530224446,0
2.621085822521711,-2.231312903931242,1.5847417437331046,0.4184652639380607,0.2576110762251524,-3.297440656796067,-0.1402540501258762,1.155149712033252,0.4523993205855653,-0.3493472597122081,-1.009432562448737,1.3233229615111042,0.03608923654855853,-0.5682608049127325,1
-2.5425497585306913,0.17819417413692454,0.9014948731606308,-1.9458109602671263,-0.4103927124001343,0.7793200726349678,0.15429132059884235,-0.18323784114458128,-0.22328558830957726,0.36509128170914096,0.5715252836327258,0.4387072807817349,-0.14368119892968415,0.7941382052389186,0
1.3772205662012176,1.4703811834729013,-2.9601917334213828,1.5924792091809454,-0.6156587459935913,-1.002658061752207,-0.3278697894027038,0.6936287891496973,-0.7374329680497972,-0.055326003530440544,0.5301911588766287,-1.1821898866521487,-0.12910193441925655,0.885418034704112,0
-0.5900906960339162,2.5377665708108355,0.26026966799111523,-1.6547572190844084,-0.7091923177178816,-0.31581806517422734,0.3783285842480934,1.253303158426005,-1.0046797516558792,0.5096698697182825,0.5918739370999744,0.09055661729538839,0.5239363899776687,-0.05214204719614623,0
1.2529654960402323,1.6807455864850256,0.8953659622025477,1.7806027324141194,-0.027858355641013827,-1.4714173625858604,0.3683949426456075,-0.02105816066492801,1.837460700277856,-0.8748356527365166,0.6339583706305788,-1.858319429325208,0.9045006505061538,-0.11280436443031244,0
-2.138330730804055,1.7468349018252212,-1.488079575239825,-0.19559049050730126,-0.27836657393201786,0.16817821541520656,1.2993608598061288,0.30171818718205007,-0.5816277421909734,-0.16097815551509828,-1.0796093012463324,-0.1440344345757177,-0.385488112170332,-1.2670805321772591,1
-3.8063247577859722,-1.2071061154301892,-1.8290542486232622,1.1584662796970564,0.2592423327914212,0.24977988247013208,1.724443867828483,-0.27093143687437615,-0.534481369325237,0.09277413371104859,0.5188190669787378,-0.7161299604374451,-0.17118296136669098,-0.16473325780571232,0
-1.7624344840592985,-0.2607723023386007,-3.2182540912300475,-0.05584570364284919,-1.5427361565349051,-0.3751854430294968,1.8220167376252985,-0.0845019095941892,0.3322689659847946,0.9709334989302536,-0.9128728258783053,0.18737492794474828,0.5368910369519705,-0.01353383819253281,0
-3.5976641456501492,-1.8605536040920412,-1.427874194519796,-0.3077998239143168,0.2533392040414394,0.08343699476552224,1.7359763981631655,-0.4741939873585565,-0.46713032136667476,-0.36088484814898086,-0.9706052825923077,-0.13678563206841354,0.3996227275287938,-0.09477960476680572,0
3.189778064110528,-0.8856585324521865,-0.295210267617691,-0.24198193758679243,2.240194105150496,-0.3289279521593114,-1.4917111094018558,-1.274545926232677,1.3115095008343018,-0.3094487769525537,-0.9204669584150798,0.9677430450925585,0.9010126295258823,-0.3594957023903107,1
1.0819312391019569,1.9861882400970514,-1.5610903350223544,1.5353768219730752,1.7255776196869745,-1.435900273923558,0.9656459095865226,1.1341596933558784,0.3417399738910871,-0.18868979262227079,0.5572195079131628,-1.1317408406049798,-0.38919672769769137,-0.46834860081314816,0
1.6981436282863533,0.0918354906433827,0.004883923751919285,0.19811533862794445,-1.8552529238800228,-0.8742038632002105,-1.5196441613481606,-0.35071607026197427,0.6143314294412199,1.5490816228444177,-0.8597374239853771,-0.7333145334370988,-0.5466840515161049,0.699430714771685,0
-2.5476711037176347,-1.4812400768367882,0.9992374788166632,-1.3668090752142055,-1.4959720005714279,-1.8814292265173909,-0.8629959983476314,-0.5889361701099748,0.030498153804211253,0.015056995148186775,0.658291278854142,-0.2746636489783903,0.1324217059428728,-0.13701075221573977,0
2.032184640154979,2.3714426362481356,0.4262110169253526,-1.5632790870196152,-1.7016348996898059,0.1407657105507673,-0.4380988169431757,-0.013554729539085538,0.2741193915666899,-0.05200045380482938,0.6250332551428326,-0.5759519104330456,-0.4637673387098538,0.6049218432993746,0
2.6556000810791884,-1.708114852176485,-2.2896539404087903,1.0541015643939349,-0.1719111584232938,1.3635509620114656,1.449724891986948,-0.8611848592849343,0.2282626735965927,-0.4076768812198578,0.5165653811693628,-0.20571836330205437,-0.3110743830199281,0.3035662667934594,0
-2.416292832837817,3.1916644293924423,2.0405350169006513,-0.3734911239454718,2.2166695769742466,0.9115676996214374,0.9709020941881653,0.1842660360694139,0.3570851891387019,-1.483158036254491,-1.1334323204509122,0.2531424945408667,-1.3342186026775713,0.62482449991904,0
0.744827237380748,1.5503207304161544,-1.679430866355957,-0.23911214498946787,-0.46927580412901687,0.8428290305317123,1.1748346950654684,0.08462302078335798,0.026863700538245078,0.4837252663227759,-0.9135931306433484,-1.2335949260162193,-0.5125761695102078,0.3048398264462292,0
-2.5861745707010155,-1.2892623744972551,0.7304661789387724,-1.5519153475386813,-0.6666653457438184,-1.3257701557227066,0.32542476534744724,-0.17426599671409848,-0.3178065217926932,0.4325141326801743,0.6656114894519757,-1.0231280329443255,-1.3129374266138163,-0.8644860026294375,0
-2.2789431484293816,-2.662842911988186,-0.736495564015525,1.3072152886310342,0.1735705096483498,-0.46232238007697923,-1.1264565210822448,-1.1874761840618129,-0.39824529865633906,-0.19913603894840792,0.47073372667580754,0.3178913778743575,-0.020387254356791226,0.44019831172737267,0
-1.4918385613916034,-1.2966019972029397,-1.8549125344949744,-0.4768780365753814,1.2620270269897456,0.6077054519514046,-0.16277927520744212,-0.7314721844912441,-0.6366327500390971,1.368367480596752,-0.8874255509140193,-0.2496212379524984,-0.3628136542524998,0.12006851823853112,1
1.4384028030168718,1.243705474584362,0.7810493698978275,-0.21964260893935306,-0.9227068378321616,1.0433634473359013,0.38072414124621384,0.22861294418381403,0.06562781867350895,1.2235657661633028,-1.0136249844723857,-0.03453122960947312,-1.3180263656107951,-0.09384291161199354,0
-3.179877494134587,0.20240967765260676,1.1116665863141124,1.242403493740104,-0.029239004214746733,0.4342803519201522,-0.022652679407104172,-0.27818868525556467,-0.7423842439746962,-0.8351611813083017,0.33779622793017644,-0.0527503961722386,-1.2530950267663379,0.377706931401266,0
0.3488334762486315,0.5456996844254599,0.7552161121352926,-0.6570640817788717,1.5216348783647862,2.182589931654304,-0.039514143103061984,-0.7413770941462934,-0.7940968023500615,-1.0007590169288518,-1.052069649425691,0.01412169736879422,0.5049976162761016,-0.0491100650668092,0
2.660073763366407,-1.5472638565007837,1.9138182043918246,1.2179756225253366,-0.2683148461017741,0.871282709992567,-0.7501788126909025,-0.8352238114572474,0.11811784633195223,0.0033986940903563984,0.4882047557922165,-0.01735576309581807,0.388895515275256,-0.6474265473309764,0
1.749189356106107,1.026057021582946,-0.9989777140798438,1.0018117536006639,0.9287226988635515,1.3801810111477735,-0.40659042401306383,-0.41943957930109677,-0.6987374684884324,-0.04608251434020582,0.39727015757927236,-0.09594589642506342,-1.1072468526435568,-0.7252126231375372,0
3.0065953777077534,-1.4367861757866751,1.5749249368588956,-1.9434452957436552,-0.06181312941838031,0.7136074316320857,0.9370907830077251,0.4131352838773491,-0.6685881571360367,0.27323349177623923,0.6036138289356474,0.904876027081977,0.6131973138520568,-0.7597702546378473,0
1.9595334068792714,1.5890118894948104,-2.1468269589079405,1.4552433938502383,-1.3612593717792878,0.21714659256886631,0.3257644731863974,-0.05756790334373899,0.3203501079284331,-0.1315620118039296,0.4883532191466751,-0.8249624822335951,-0.21439321267829864,0.10402194102244511,0
-3.1553364677413134,1.1191863551769192,0.00037917159289187674,1.0457339638117646,0.5789309642496113,1.2369812222674053,1.1714544734231924,-0.07200699526363094,-0.9106904362289671,-0.65205659535638,0.40438693934378417,-0.35888359200194,0.017868648347376337,0.0011654155666597638,0
-0.7713687562416316,2.6001743182253456,-1.9165478138444638,-1.764528858972403,-0.37297367538370885,-0.15273475229475342,0.9047136083337217,1.2154624154185154,-1.1416462230354765,0.384062513882571,0.5586645390401993,0.5872964697671192,0.518337769756788,-0.14998865510158835,1
-3.168390763368753,-1.6001539364831885,0.14838444391016528,-0.36755986250556427,0.2333637181211753,0.645586234696252,0.9075708261559646,-0.4351129249649956,-0.461965126742514,0.36004648442489273,-0.9880345646877189,0.18613368669621125,-0.3546665428496178,0.5013131187210799,0
-2.3300578156314997,2.070305326462608,0.8725485632652522,-0.08739118831380671,-1.4418138994013328,0.26774425446541544,-0.12597711862872576,0.1430000065785322,-0.1345663484023106,0.24608797765518695,-1.1068814684851425,0.7303128799200219,-0.2981932558211152,0.46220213890206235,0
2.063636814313948,1.1469207704126716,-0.46271341078415185,0.31163797119263437,-0.22909483102829226,-1.6362260358643566,-0.8397806277621211,-0.49780215219357943,1.9753543471911266,-0.7522865096595887,-0.9120676035656206,-0.37703091680073236,-0.23892547780616022,1.1649978525859965,0
-1.9178333781485406,-1.2255203127484027,0.024956580552423422,1.4826304310667378,-1.2000083872288436,-0.6252645745398949,-0.31075272128905973,-0.41405167867963594,-0.03883728842273795,0.8844992985913446,0.47228009548500877,0.23077189918861232,-0.886792238394153,0.08751923862101191,0
-1.407215844248352,3.1838852120512198,-1.0517055483175668,1.4602088584520265,-0.788049252856456,0.052021174599183484,0.6500233909142316,0.14581785366995478,-0.4598210255959113,-1.6017023110158755,0.3835480185911237,-1.0027356027787278,0.5193384166825109,-0.45719529112040513,0
-3.6644452175891673,-1.7789318677666304,-1.9365944116247127,1.235189091236038,0.8128443981674736,-0.4840366796241141,-0.6882372075666036,-0.9096612893974797,-0.8846105763442009,-0.3473912786140771,0.4385982450721237,0.07104049378455925,-0.6203873151611448,0.18543308616319723,0
3.1097545827524162,0.31274941404049633,1.8797397240554374,-0.3377175373280522,0.02748718260355681,1.3363233271613797,-1.8343376405403622,-0.8242364226309795,-0.27144815486042156,-0.8334357751098709,-1.172760494050651,1.4857604054723414,0.11485197645269776,-0.4083972319820965,0
-2.240291224098885,-1.1827349560111897,0.5093394645584092,1.4979741769700505,-0.7291924138626684,-0.8083038501940635,-0.14795115020422303,-0.4865210812836796,-0.3014435761066767,0.11723264824515824,0.48633009365773366,-0.17246606089891772,0.27559784903141066,-0.6408600023305949,0
0.5893618821795955,1.0694837016378282,1.1858888703596362,-0.14772191666810186,-0.4173466237701854,0.2348566456541114,-1.6885916034745037,-0.22265571272155074,-0.1698657590436123,0.9923638578580649,-1.0296737021716156,0.10106200374939511,-0.6927924431419916,-0.35282967091828693,0
1.8081082413620955,1.8448445278591534,-1.8523005521634592,-0.22267498648971495,0.4535764190040259,0.34195385615858975,1.3617481602072685,0.8711938443676952,-0.9313153941352968,-0.6039938804035098,-0.912843431157126,-1.6540762238391096,0.9935660641633101,-0.49115890069988305,0
3.2925793198129063,1.1176018916224737,1.7858049699456122,-1.675674447586355,-1.0420075379189164,0.5316687265230796,-1.7576830870084286,-0.6144598832891679,0.2693458214929881,-0.4489116069680551,0.6172021011205385,-0.18361354981298553,0.22964959327940418,0.8827314832512354,0
-0.3921338890224875,3.637267147009168,-1.150542379778445,1.3105464263322415,1.8088793867714255,-0.2321001428901468,0.20627076604522435,0.3665859905100317,0.7770464704555713,0.9976494011503293,0.5571497011355565,-0.43020884654912567,-0.18997807375477802,-0.6075190801389089,1
1.1225512261967394,5.119304301559216,0.922700802570276,1.6304248954151603,-0.4294299425756973,-0.4994276596452557,-0.6871074660399581,0.387967835407851,1.360611474953408,-0.6979957884225355,0.2949316729277793,1.5356127883325523,0.11520376398471453,-0.6916309850256742,0
4.776118750643792,0.11565650714648337,-0.7088544634598942,-0.2506352976527325,3.37968204106867,-0.5548008055938134,-0.8775116997604633,1.0915345778766803,-0.25636277656186024,0.6993532534734977,-0.8087551428441268,-0.20758299438623842,0.3502230256202997,1.3662972190881484,1
-2.5812881695034884,2.1864488223013567,-1.3135019981090459,0.9005932372695061,1.1993106597812269,1.6783356232159208,0.9821846401913341,0.0715658608421189,-1.099630972451863,0.26813042551771277,0.4438637582090657,-0.39132087224672646,-0.06151323992414124,-0.19537559880369748,0
3.601317201298225,-2.5115503709136657,1.2231763625829635,0.2810363747877573,-1.8254222921731096,-1.4688259201916067,-0.046735220670325414,-0.017458753642510844,0.06695294632236545,-1.0961211745449286,-0.9879902811265948,-0.29318447329840286,-0.044373890306755315,-0.14218752634902745,1
-2.856263912192505,-1.8772224564161675,-0.8965601524638591,1.2388769999223328,0.19012132933127124,-0.08811905619708481,0.06554334128176272,-0.8679638012536002,-0.5563422805468322,-0.4385889622765478,0.4552529311543498,0.1623539489711898,-0.04456212934814869,0.24449341668190044,0
-0.9600778416179366,0.4001430216966893,-2.31128511158745,1.4219860622566418,-0.8749206885020719,-0.4175856738121264,0.4213422115055562,-0.12530944412206171,0.008588869717315067,1.09679740686621,0.5671358306874333,-0.5257877068301702,0.46213522074155683,-0.648281533693933,1
-1.4129852306687682,1.9929093465960104,0.7121409921614567,-1.4464282419433878,0.6604109692380045,-1.8195006365420925,-0.5740239329008673,0.22348628717754204,1.3108342773860577,1.0634187816803518,0.7398858344990759,-0.5579576160904682,-0.12728929740030367,-0.38629591334151253,0
-1.5382800679549082,-1.0653826829808728,1.4215780736636705,-1.4864959138081226,-1.1909260289758647,-1.3494110383803872,-1.0359556394191176,-0.6322484383031758,-0.24701736905260127,-0.5234089795322534,0.533059113957333,0.6271933020512983,-0.4862012210661244,-0.4500871440818041,1
4.764358444519554,-0.34755051158164385,2.463715517962398,-1.8483046392466729,1.8843608412256607,-0.11586172928796393,1.3120099062174515,1.5505356824633363,0.22534935354149943,0.7492151152193157,0.754364851945207,0.6294172992887304,0.9154211125426446,0.3798178354577872,0
-1.637449316255939,-2.3934497795748,-0.6241844880140062,1.3332035599847316,-0.4812330853317989,-0.2884726219610525,1.1925384690036047,-0.47757067521985713,-0.0797431270161987,0.16050551966383872,0.5194758126452923,-0.6385353487361284,-0.45582990966621495,-0.6638300071601855,0
0.5340855169663107,0.05143264904927007,0.523471026626698,-0.08072436319759824,-1.337780788393723,0.3177822262858814,1.0113573780240954,0.03659525309447619,0.1428939497856215,0.19550597935909186,-1.0475122939336854,-0.28591194084840993,-1.9656644390099292,0.04678215351308099,0
-3.356600735381569,1.408662779565074,2.986371845738088,-1.8104829216682363,-0.05391108045981814,0.21965980060289114,-0.7387552623285245,-0.08330176118203868,-0.9044326417082501,-0.49516309029194555,0.4917655187773913,0.10948031794639884,-0.7138458733438445,0.1370093411371173,0
3.577024337981796,-0.36506097504512974,0.022361274341292037,-2.237572452454016,1.6521068410962314,1.6781226007506433,-0.5773453963669757,-0.8822794020452467,-0.5624288368237793,0.10827252679246147,0.6669855625565061,0.07064011642233656,1.0855002387365513,-1.5184992307214829,0
3.5354984964678713,-0.6326829994780451,-0.10938089316268176,-0.704660583855837,1.5118338498585173,2.4108346901904656,0.14819489038832104,-0.9373999393128142,-0.4045512923775313,0.11355111799271804,-0.9379676430224577,0.17804719616784354,0.9258459129490442,-0.674921426582771,0
-1.3973245094237337,0.34896700048096685,1.8998119291082631,-1.866877253711896,-0.4491329501095073,0.6876549255989027,0.8094796718917203,-0.11740684810949531,-0.2724592966537572,-0.49425174775511266,0.5736434214069209,-0.09949563035674558,0.4461986627064565,-0.37979187395492164,0
3.1504479439516793,-2.270770866686547,1.2832540644397215,0.21913532097541283,-1.8109963347523763,-0.9147599631406358,-0.6714170149505514,-0.8901568463486529,0.8667926935152657,-1.0308673646181712,-0.9180082044512549,-1.2730667675816392,0.1812888695432378,-0.11175628872704668,1
-2.160861285184453,0.6319395985539852,1.8095232351585964,0.08137286683776157,0.8780237888201239,-1.4787986670040136,0.3142987485354211,0.6877615960340214,0.4076699542072545,-1.009359688840059,-1.0825616614811204,1.2931204722731018,0.4384712952534558,0.6195845338175441,1
-1.035287166640705,2.2035767843194756,-1.191332731781673,-1.9411146008829954,-0.1865110153451225,0.771862542220342,-0.45840345357351775,-0.10909331936530035,-0.5077414261073362,0.6430585537263174,0.5453953501434451,0.8875029431972208,-0.28695413288059923,0.39453658512889195,1
1.0176896288023387,-1.705199890482202,1.4764794932998844,1.1242250025722313,0.28196061324174915,1.0017491573506303,-0.5448689304886415,-0.9102186494707539,-0.13413251970264303,-0.09790881454037682,0.5123085316353372,-0.1531236820999541,0.8549283432223354,-0.23609123170424545,0
-1.2571195157889528,-0.0062703831521691645,-0.7387492038801141,1.6572505475410015,-1.7627447335881883,-1.2550486301265835,-0.8785544553386915,-0.230277984354784,0.2908855372477367,1.050864939914357,0.5203493325386372,0.09383792420533704,0.9293553393554416,-0.6493407139234932,0
3.177696059204474,-2.0512004378352215,-1.5357254374679492,1.4898971727583978,-0.319345927237533,-0.7942152220365016,-0.08573322476073353,-0.24318743944151866,-0.48934067422121735,-1.3429185780785886,0.5184635949578746,-0.6791196432647914,0.4911804562420304,0.3945048700568288,0
-1.3082650152614395,1.2224130303760088,-1.7427128513970525,-1.7475655202420919,1.8509837058627678,-1.0614706643922172,-0.6506093994499884,-0.4454294128335231,0.8611237827962918,0.17263640318006676,0.6489240859761826,0.6473775841328455,-0.4781914695019865,0.5127123622346051,0
2.743931749545178,-1.07224147624382,1.1696050899933976,0.9135633312154539,0.1418145223144806,2.1536622058394985,0.4765751475138842,-0.4790503523475555,0.0005386358372610679,1.1312321276773167,0.4754284035864929,0.5908351709068238,-0.4922552479101471,-0.5779075441257313,0
-4.591521990349522,-2.9702646532834693,-2.1895236595351415,-2.007964285041981,0.12857687351826588,0.9166604792889429,-1.6855940003346859,4.847322076722757,1.3097308560889518,-1.0490993442739975,0.6591256704966679,-0.4305743874338605,-0.8781060605969772,-0.17337718281165443,0
-0.522462697433316,1.1142195294200468,-0.5142139080249853,-1.8088868578994475,-0.5929681230273739,0.3423351650602435,0.5795462727854751,-0.08902217904700527,-0.20922905888573293,0.23784501823818857,0.6161669182445807,-0.06511800735810928,0.03863695493860077,-0.1607825952983076,0
-1.4509640851365198,0.3811725437298897,2.6650626552522514,-0.13123193781894804,1.7244134345613304,-0.3359465618786717,0.5438784234348785,-0.33200475670010554,1.0199970665600424,-1.0292135263886353,-0.9469469340815989,-0.5903548541984083,0.06238998679071359,0.03593644698434206,0
-0.7488200155702819,1.8170990423898952,-1.8980747429484395,0.18545701824207445,0.9370977026320538,-1.971848796002575,-0.9399236563612263,-0.2563614402091846,1.2400719821458708,0.1651267417985052,-0.9162151539885223,-0.15770256912102246,-0.03808427151103155,-0.11970463755316968,1
-3.3626222224752285,1.7405533050123634,1.5932438179275468,-1.7362732507716918,-1.466942693149943,0.35321024107391624,1.3736503960342898,0.40716521068525,-0.012364731587542503,0.6375372301470593,0.6528910763766703,-0.39675124274568396,0.914292230597959,0.22927902630109473,0
-1.3677102685266274,-0.6591497471092836,-1.5608890325099967,0.024989283915132166,-0.5038325691499057,-1.2279096097300553,1.1851381631119964,0.7190873666153451,-0.8661753660414646,0.48801056305545654,-0.9322748405242772,-0.19494953925870773,0.7045451768103479,-0.4636121266474616,0
2.8799173071403965,-0.3977648750314604,-1.8797509808650765,1.3953869334749744,-0.17782195276878632,-0.13688549875547038,-1.6263013808142726,-0.8641862886544744,-0.06160381431978248,0.008274906510266905,0.5140461882408122,-0.6622058483428686,-1.1727602353799613,0.6154416905533883,0
-1.6550935107015858,-1.4545487266191865,2.119351294979737,1.3401541870231752,1.2630059806754843,-0.5475262507246684,0.30690230540793784,-0.7093599343389819,1.2959498412812442,-0.7409662472429273,0.50206516830287,0.5758687014317158,0.6919533005110865,0.09148238227955138,0
0.27214477368683326,1.3193697692369986,-0.407532056571153,1.269802033064206,-0.794569274438787,0.6239883499989758,0.29752481469843445,0.12253280879585486,-0.18485274204877003,0.6288064257047368,0.3765384116508768,0.7482287904063692,-0.02373252750826579,-1.1516874314271492,0
5.223428167510328,-0.6377759119038985,-1.084503218019012,1.1111446755418657,0.9353022632759238,0.9125003598219084,-1.230055920147669,-0.05592924911377333,-0.811753144474615,0.33031063801090227,0.5228190388290723,-0.1402972927358567,-0.28063109057679875,0.5515568110240275,0
3.3780825051140893,-0.6883227476213688,0.43656090715992457,-0.3257484421644855,0.6531771173929464,0.7329710949917351,0.34500428242318876,0.4742868037172255,-0.6744886213676093,0.7950318954250738,-0.8536104808686799,-1.0372537054089455,0.33756175172590047,0.02418497997738795,0
-2.2619454830326586,1.3455026820947018,0.759196974856237,-1.9747026117010638,0.6771593747880739,0.7452852690946576,-0.007747638015290069,-0.34930943214089566,-0.893076104345436,-1.0142651348445975,0.5574105334846525,-0.3126490361995125,0.30834471926547735,-0.11008100502105257,0
-2.943500030440088,0.9318699633329394,1.760905891805403,1.172241181654519,-0.5307496859566727,1.0720399287509135,0.7698292673313653,0.044838391939701995,-0.45847823312115515,0.20552089457676012,0.4061150064097145,0.1468349795678922,-0.04527703286603925,0.31178700369630075,0
-2.491873889508482,1.5190381200349592,0.9410764952284801,1.1634420310224145,2.400242371773389,0.19315668123559399,0.992939062321425,0.07938565208526131,0.354389943216599,-0.38189036307012564,0.43272762388644864,0.07033066040329536,-1.1117659118103034,-0.18182634394228375,0
1.685667256739578,1.1833263921548711,0.585355842535335,1.5968932209638327,-1.705715518026786,-0.25521069505343036,0.5119916615561665,0.07854994796644128,0.42843067763279863,-0.5880858340626846,0.5079421199487005,-1.8529500036943534,-0.020236836768547307,-1.1071875823752828,0
0.02941150153794656,-0.5550253742712025,-1.0157805792787309,0.3820336627637507,-2.26463267438801,-2.3255620475995893,0.035606177601243356,0.9377977073511484,-0.25064929526213997,1.1075187401823714,-1.01932759338766,0.826032591478003,-0.029940485317356515,-0.8715990097544725,0
-0.457264081076672,1.1856286381039818,1.2031871294169727,1.4883075133065258,-1.424674347779544,0.06378339694719193,0.4281935348328326,0.1850362249556907,0.05346995519308426,0.036949791779009304,0.4384369904109638,-0.29606652075712037,0.5891890914075186,-0.8817767829605052,0
1.727141079183071,0.5822864227835414,2.186290332141651,1.4438123700782568,0.9875283118873314,-0.3687838439145207,-0.6024710055915767,-0.5216991993016112,1.412738525263656,-1.0541794545976257,0.4621750105080335,0.084628128537766,-0.1276486913911569,0.046068009584078785,0
2.6810792565677892,-1.9633772344364693,-2.0459350523289728,-0.1607397730306913,-0.9885572395168573,0.3124339912583373,1.634921351367979,-0.7208106891766848,0.5819536104338712,-0.5662465770261996,-0.9193424413836405,-0.8290906422926866,-0.6973092458386543,0.04503630056195805,0
-3.154865600449324,-2.1189570136767424,-2.403429567693331,1.0778396492632878,0.9634095352280454,0.1827115070500553,-0.26046293509959795,-0.8791994740642665,-0.6551805061205571,0.8144792610903973,0.5352640166408582,-0.05141412950665358,-0.33372088757393426,0.6468717974229654,0
2.041891341727585,-2.1957993251226218,-0.9146928165022247,0.17218367010757624,-0.679221322932707,-1.6982216212447157,-0.32110640508430105,-0.06496631104761523,-0.4445399488291834,-0.7187226811558566,-0.9371588543869043,-0.707535262594998,-0.0047937448237425455,-0.147036457056049,1
-1.0653297680557368,-0.2678313667906244,-1.3394455380459278,-0.15057263753485695,-1.1896876677319557,0.1857505064793002,1.4289899971688664,-0.12365077284302343,0.22617004268109012,1.0922579419402219,-0.9123105229602707,0.18237527765329326,0.6914545354510525,-0.0386933934512152,0
-3.100490230340901,0.6207382768013059,-0.9804048122198916,1.2733818415356157,0.29417261322605964,-0.05238190103629171,-0.6444408605288042,-0.5020906151783314,-0.9529506839880637,-1.1099403020928262,0.3199360522952623,0.5742647622482804,0.05542247647886555,-0.1309995349545488,1
1.568389089825744,-0.8376678941250788,-1.639868060877078,1.5638367539672489,-1.5700242871323913,-0.4831809397505603,-0.7534527534536261,-0.9973027092473582,0.5435645897028321,-0.7825074650387218,0.5312270809283182,-0.2854730529808868,0.7992617618889615,1.1744256532367905,0
-3.3683752439631442,-1.641321594834161,-0.5412767920315044,-1.8043230397982828,0.43929366860411956,-0.609900392950875,-0.16727237938300862,-0.781269770896334,-0.6988203625410215,-0.4944774716039333,0.6264441402430926,-0.11240983733293683,0.08038062345481589,0.021283329488393628,0
0.2814218254057732,-1.4181331722702957,0.7960314420288315,0.18450015630737326,-1.467510553811856,-1.1758554916650212,-0.8452448005585697,-0.8710871055373082,0.311820661888239,-0.94146862054063,-0.9836562453319609,-0.21574218111800997,0.7429982526291158,-0.3367030461292272,0
0.6396595305231466,0.03705576246876991,2.38567726977878,1.304112124093181,-0.5484208597009002,0.6771275766084396,-1.0731174888410666,-0.4947864401725516,-0.28139911305391707,-0.31508288270863133,0.35312929431417156,0.3988024426068963,-0.9339715939668259,-0.07985729611852069,0
1.0351624469195657,2.6174518406831604,-2.470870365222506,1.1650378665201426,-0.3686083423646813,1.2147184955884671,0.8917719049334852,0.31976510598190605,-0.0687585480864801,1.0256020776138381,0.5300821314361993,-0.5846234936064779,0.6307842250721871,-0.26322978310509143,0
-1.2428404461053013,0.8301605133627489,0.6753476424371986,-1.7052699004595695,2.3385161572067314,-1.26742330927652,0.703924884923365,0.7616886957235978,-0.04871442833152283,-0.3794831245243849,0.6723319248928648,-0.41038349882885067,-0.5414808209953996,0.23646022221152455,0
-3.479702686968944,-0.6574303665485601,0.546273280896138,1.4380415262500665,-0.6185321428272642,-0.6803376175917347,-0.9105269687436081,-0.23934072835051676,-0.20019794575581554,1.5284141214838576,0.5662821753810523,-0.7017083493192868,0.06514213088850408,0.0023228138988955482,0
2.4598703980705223,-1.8951711281238992,-1.9541580185088698,-1.8749660870364488,-0.6265766481940067,0.31228500031197476,0.9171044918581619,-0.8051077715111468,0.23084837406036,-0.39016774652009223,0.5847487904981836,0.7067027768110893,-0.6800213583981713,-0.5488046205582406,0
-0.7059188353355278,2.9937449508849836,0.18664679255854655,0.05902599292118588,-1.9214631225240146,-0.038913793630284625,0.2542831064586378,0.6458001161243836,0.18142591845097664,1.6718306429808385,-0.971399903566352,-0.1834185025109426,-0.01274382709811175,-0.383007231725431,0
-0.493224664666801,1.6862725275660464,1.1329131346103416,-1.6909447191821898,-1.3938609772063761,0.2726410147041575,-0.31837722225489984,-0.036997291227764614,-0.02139197020852071,-0.06633707727841792,0.5222191976426256,0.6171072515401012,-0.3328533149704282,0.24788495287065432,0
-0.9438442063091315,1.7068474257705002,2.4731900343462705,1.4211695788752805,1.8042256488527175,-0.6874257049081807,-1.1187083336506576,0.04456434694298383,0.8276859539671086,0.6888216854225547,0.5346949517664774,-0.4106621174226717,-0.05453889864174747,-0.556196621986297,0
0.6430003294529723,1.9786063144318282,-2.4589555100143485,0.2036835587775871,-0.2371477062127358,-1.4396480169465289,-0.16004099692731563,-0.07351744025853836,1.8919010568555954,0.8299620362186461,-0.8913749809140789,0.3194526354419845,-0.3252688218524054,1.14615643480979,0
0.8373199841892879,-1.1444093544552947,0.4367400094505558,0.0039046187245385653,0.8043537067039231,-1.1004240415189552,-0.953638299933802,-0.6216710492937104,1.806422534773075,1.5227349823731804,-0.8224640478285271,0.16887314000208953,-0.6517002119699596,0.9340455259125428,0
-2.8502156374165266,-1.1560808268808687,1.0874097152806321,-1.4263323204744702,-1.6031773240399496,-1.6748685595842838,-0.8822391582458143,-0.36728661704190896,0.09498449720954408,0.6701277910299767,0.6412973148113345,0.29388411153760774,0.6498447900243247,-0.5453204282237497,1
-2.3289139237343557,-1.2756923825268707,-0.5685611191554462,-1.8797574808634823,0.42138964153161873,-0.12462949080438115,0.24596426330275434,-0.6927746609419745,-0.6196810353709227,-0.1399774877885373,0.6507714387808258,-0.174412574401812,0.017356525466665634,-0.0657358137897483,0
2.6830900334135976,2.0926211095926956,0.9120338548962538,-1.7617465404017472,2.2174707677912555,-0.1995510256816211,-0.5385784392558759,-0.27923763051516665,1.1042202477797627,-0.3221004105095058,0.807123231631886,-1.9784856427096564,-0.22003669635460538,0.1324014679850057,0
-0.5409678748602252,0.15520720956848444,-0.5716537557004061,-1.6981887534832127,1.0669425113639888,-0.9185092890260897,0.8870635513444599,-0.4151671176393495,1.4218995014534506,0.0968582268606624,0.753998594027829,0.3050536005594046,1.0799408668446726,-0.0525664769839692,0
-1.238111893162549,1.8222869366340577,2.5241027579592825,1.3884429257545592,1.2932381103391795,-0.3036438845868312,0.11553467544015013,0.05976446021787386,0.9349558075610219,-0.40390225781177375,0.45974065262909475,0.012701664883271367,0.05053449884942134,-0.38661759308071136,0
-3.6897030855551725,-1.3962789563743714,0.11482917623818277,-1.7768077295152263,0.23983513319411126,-0.6823581959057087,-0.010263713695715762,-0.4467864801757638,-0.6210748241199724,0.34727239496013224,0.66735659504525,-0.5698176070847055,-0.3372518687031891,-0.2266233529280875,0
0.5294392807604357,3.289435307752318,0.2597886829996227,-1.8645546774572996,1.5121464555958126,0.21367838125875827,-0.0735454712882439,-0.028402923237042865,0.8518327465757126,-0.9356248527151273,0.4835477160515659,1.3306728149898102,-0.2829983681390258,-0.02328684423872883,0
0.21000663358840607,2.8431841803210327,0.47790388533409023,1.6058981353296924,0.8917434809437152,-1.2491426379444512,-0.9672652639963035,0.31083807791441925,1.2740661401493125,1.2964176857506866,0.6019166563330357,-0.7952348205324457,0.24612325155648362,-0.8553355222334722,0
0.5473352417926511,1.2777886811532801,0.0962307293882456,-0.17238849300897097,-0.10227175158344474,0.3211291165731608,-1.284874219208598,-0.2624161021034986,-0.28689979826405104,0.790459729157546,-0.9812184105868819,-0.32368554161069846,-0.4636171701870391,0.14233411557831324,0
4.0339915739509,-0.5873786537751292,-0.009531183331221837,0.9387439044593311,1.0585329902829916,1.9134986269504004,-1.675637641099533,-1.1415974359132268,-0.09460155875142222,0.3757555164223423,0.5840790276292874,-0.4370161889507135,0.8823499720547394,0.6749897725285621,0
-2.3592544679570033,0.7487767810957031,1.5839760938054925,1.3287584064044138,-0.11380970192931182,0.18077443612291877,-1.0031922768858987,-0.5214401290732362,-0.7160954751054396,-1.0747802977853447,0.35446466791505576,0.18885399282107332,0.31830245744507946,-0.022784662953055795,0
-2.94002645565413,-1.4230069356796975,0.20857121557906438,-1.7176255702328818,0.16326095000845714,-0.8622523230702326,-1.2067367354572298,-0.7490403824347786,-0.5712504215176697,0.16047652996890513,0.6396035774254744,-0.14400915137115405,-0.39432835227705193,0.2920634890061248,0
-2.6475238686862017,0.2492131624240955,2.1991390837393707,-1.799001303875596,-0.4837558518164577,0.2766515719344182,0.1849491033154966,-0.30900620165406684,-0.516764412207606,-0.9184502302844172,0.5183609032092384,0.09376373805522772,-0.43960616868412766,0.3136791131406148,0
1.3024262710229157,3.5542628460772328,0.21192979106443055,0.20437467274492266,1.4898736008143183,-2.1160370368972212,1.5236840821877038,3.2349438468628424,-1.1031390267868197,-1.3684874193142982,-1.08111841854029,0.3433423025936733,0.9583798231112516,0.11984649161842728,1
-0.6763314917624864,2.2942176098422884,-2.710470153526148,-1.4491284506171145,-1.7525207290643938,-1.0419226018651306,0.20420452391547514,0.031000391741044856,-0.026540771324144424,-0.2160322354230617,0.5807228426888956,0.009555499448043334,-0.1056372054218616,-0.22775872079153228,0
-3.6506400730443542,-2.9441910221242904,-1.475179499770839,-2.367522117877726,0.18333751684085392,3.156448972613503,-0.6189149706008928,3.6239446093747176,2.192349769051932,-2.0610592551497873,0.6620511695128019,-0.10296658622384003,0.5474334519297841,0.04086698870275725,0
2.0322046491892385,-1.4080897177250955,0.7942491945694943,-1.5277953074294668,-1.581451727641499,-0.6400691025792916,-0.5974960782513147,-0.7779001787214086,0.32804621534888473,-0.7504668549404144,0.565129195463143,0.6334928844387753,-0.3091869531139515,0.04775659964923036,0
-2.0138203234996923,-1.5398192251835714,1.1267320308095223,-0.3450935996581438,1.3800643351995283,0.16470960372169766,-1.6837452243884037,-0.8801675562829585,-0.6732724428084141,0.7127292657239567,-0.8820090401488477,-0.9898600806511884,0.4004275137218066,-0.20166953983521574,0
0.005579467406313594,0.6696677788729064,-1.0300599261757237,1.2477591586676262,0.20522413066528422,0.43132528555550165,0.2520678228211545,-0.4314977024108048,-0.5413932800302766,-1.0265492523218753,0.4249215924609518,-0.5245229660087076,0.19159450130606426,-0.652082069049871,0
2.285178799072972,-2.1312924211072173,0.7120804950468693,0.010560869276820649,-0.9337130075483459,-0.4054374253461878,1.011092973238844,0.14721586955980573,-0.07440924190381748,-0.7099673101849195,-0.8628425285353872,-1.1703822116797271,0.9150945707528393,0.8562015033636007,0
1.7947293879282387,-1.2898893942928198,-0.19030707480914758,-0.11166785494964526,-0.3424248930831317,-0.24826475558992323,-1.0518574876460591,-0.618723356810944,0.0953377950116138,1.1368515329008433,-0.9197293244415908,-0.2976023242950068,-0.5213864574280251,-0.6068276715723291,1
-0.10549662690982702,2.12864171850411,2.104653017712556,-0.1786603365809859,1.0327101420011646,0.3032111716912017,-0.14395428883138425,-0.1416608432709858,1.197180781807077,-0.06653145557220493,-1.019285354744035,1.2228960543934682,0.6342060142076038,0.38499500108346474,0
-2.4094249774346848,-1.728265982754859,1.3377931753931047,1.2646711151293186,-1.5933578692991799,0.7232686719996559,1.2866414676988014,-0.4181634304601722,0.37090097487149976,-0.04344481464494495,0.4394670421338472,0.9841413123265926,1.171102093271685,0.5163903691740627,0
3.4453940753987093,-0.35038169922594326,-1.3818928087909708,-0.27595900789803685,0.4897980591870499,0.6475988982210797,-0.4323998880322641,-0.4603946116181719,-0.026764781247800542,1.032594970921354,-0.8397810373675452,-1.4687912508634011,-0.9098781803073219,-0.11312377896711256,1
-2.2432224921160286,1.6732496716185654,-1.5208206682038685,-0.14926431012296326,0.2159166582321111,-0.3815037904803385,-1.5969804465317525,-0.27647943978608414,-0.8389937572751045,0.4115943224147135,-1.0943189708167809,0.5798284431499656,-0.6566523037193541,-0.27725272806980134,1
-2.653292221648117,1.3352558028797166,0.9078688589078516,-0.3617185319336115,2.39728938317504,0.25294055573641316,0.2516044307335013,-0.13324114872497314,0.8172406389645337,0.6817786504241031,-0.8851554920811132,-0.22889656215959334,0.42232806644029036,0.5650300435545633,0
-2.302617791527222,-1.5040908309003456,1.374904192801975,-0.1625486636235085,-0.624045199444407,0.0799434278273321,1.1246381082860217,-0.2738766510721725,-0.13735244112766473,0.4766895382892544,-0.9487999565972125,-0.30523825844086827,-0.20257043392687646,-0.13134640270432216,0
-0.5412907961374469,1.4338520037705242,0.2251874401405939,-1.664084939005203,-0.3814020730247277,-0.5550738830755159,-1.8092246508073788,-0.2141280688702218,-0.32004269093505344,0.9291834872318989,0.6333278734968721,-0.26049465579469455,-0.01609666902185375,-0.4109400678619221,0
2.6165149378108725,0.9986583461612301,2.28607512760706,1.3630464549235668,0.4860118200514507,0.5372517749988301,0.12426866117281805,-0.279523927198277,1.8486462874116851,-0.12429325683307664,0.5568055033002669,-0.3182025935945811,-0.5012402314886785,1.6077618361202424,0
0.6333129301429632,1.2227758148754346,-0.9565592729210838,-1.5024015091198073,-1.8700869067096775,-0.7194105688228751,-0.9019126761147847,-0.27506508751537245,0.2890028285548151,0.11203714367441925,0.5579948148442168,0.857289183615374,0.4853295779920821,-0.17571514025233462,0
3.242254825626736,-2.362070471417018,0.7475996814366752,0.03684171518146717,-0.7032728444270302,-1.012544994507075,0.6838101912516253,1.0411241647082905,-1.0561692274231065,-0.5822617988186434,-1.0350573415383437,0.8956418923466098,0.741438371207392,-0.08743159031277889,1
0.4073504235835947,3.007779725375173,-0.1415579014285153,0.07208611477354682,-0.5044991929065377,-0.4508954074345709,0.45707001269125475,0.24096155536515254,1.8816791095410648,0.7491106868701229,-0.9578650073139758,1.110210209403163,0.7449089820827769,0.5554135266201908,0
-1.6751464904095388,0.5464386777075283,-0.6051263424845691,-1.7592537073927383,-1.4784566814841034,0.11977868475051198,1.1933177753064408,0.15158254295707946,0.02075000014487219,1.369898269933657,0.6127520077421921,1.0615987526526254,0.00947610179405116,-0.04959295956111698,0
1.9313631705800092,0.3817100961503043,0.7442999929714765,0.03409287729783722,-1.7873280517507355,0.2714578974919888,0.8671646451910807,-0.24520285551287077,0.5680028307108494,-0.9202642535790225,-0.970386002211662,-0.9642987167740346,0.12413544804280706,0.4721874061915315,0
-1.995408677565224,1.0313793750786808,2.01473188012259,-0.08335887556031579,-1.2097943987249251,0.2468390654706062,-0.24724369433962104,0.019258514341273597,-0.2068853322499557,0.08629750875105714,-1.120173130561567,0.8705911734460554,-0.05922293544279516,-0.09572923914323257,0
-1.4109899546419606,-2.2412240694927257,-0.3988976649286843,-0.05933982734604204,1.3415181658602298,-1.293894459206498,0.7120692455323626,-0.8783267897536124,1.419445575766166,-0.6447534109525828,-0.9094177046646297,0.3400855513473852,0.3265808476685299,-0.022183308308368836,0
-2.147667793045292,-1.695903165520745,-0.24654399511475691,-0.2179766110282192,-0.4075846675197339,0.15926394406599734,1.2229476910208774,-0.4686829397522216,-0.23477953511115215,0.03855136882449327,-0.9964361015063237,0.12256209955243018,-0.6914640534538362,0.16082066696329578,0
1.616377558364,2.42109053968669,0.29753090533785187,1.4052957255356706,0.7831436520346465,0.17273331184012392,0.4926917531452552,-0.2644945179038829,1.3041386730025204,-2.1057590470146668,0.3915126197220547,-0.23693804474168093,-1.2867426174585497,1.345961963122343,0
-1.5496126558880132,1.5275517100489169,0.027019410812929846,1.0566057672222549,1.9110686941820167,0.9296889750931108,0.7026402498688742,-0.5377732735467069,0.9135261408882668,-1.4781239897483534,0.41328345931864013,1.2421694591593708,1.3656687762967605,0.9975335101013445,0
2.027065564508453,0.4950360213672118,-1.326857857433207,1.5336090132848699,0.8542848975247295,-0.9316909028579093,0.18496399118376894,-0.3870140336888016,1.616130537850722,0.31553388432056095,0.6609266660690124,-0.7297417331530643,0.015565879777473944,0.7611973450602272,0
3.3249120782212755,1.257813479631113,0.4742898037357978,1.511101697631591,-0.08414938813771591,-0.327087845909832,1.8141819797096408,1.2871156741797163,1.2602604825664623,0.34820797759337985,0.47540106554568334,0.44786875650664804,-1.1874044336831997,0.7437270607604437,1
-0.34651155890176283,-1.4663978750965172,-0.5034654390270635,0.2398534273032757,1.1452869504234444,-2.9029975099105685,1.2021246225882876,1.5724452278336325,0.15953304365839094,0.49917834566151603,-0.851367489922883,0.0031428328351073296,0.5966041502061372,0.2705323155972306,1
3.9042322858122724,-0.4093193563905571,0.2670185288783759,-2.1559784480540864,0.9933936318844077,1.6288607709979281,-0.1461578714631548,-0.671990760839011,-0.32513818635612335,0.44418742107720693,0.6649959273939394,0.08462085061106026,0.35101986138263835,-1.2668516074678724,0
2.726992876987069,-1.8523302980214216,0.05495922993914257,1.7145896433732506,-1.3793753233288217,-1.5511578724638713,-0.3874269530164752,0.42354306137703457,-0.27694450399166687,0.44292692676944107,0.5060010982461862,-0.6430798222834132,-1.3643451246730287,-0.20409344806006946,1
3.444939808573194,-1.0328794187219268,0.3611027932164609,1.0449330776395582,0.6477068164076702,1.1029002614314776,-0.2128354363663238,0.32981388487626073,-0.8689585903885465,0.8861268756496338,0.46216942938249156,0.7492291322112611,0.09256700590282656,-0.3570833910608284,0
2.900708215313026,1.4435342429461318,-2.5489062341186,1.3384584343232753,-1.0341715052774054,0.7205326929425097,0.06630692915067114,-0.34391334953967667,0.28965972301850207,-0.4932877179774368,0.46327539679520896,-0.3537192051789429,-0.002942636376417306,0.5538211836958107,0
-1.7763955711098995,-2.766422994481733,-2.062465345225121,-1.7847463251441966,0.07479681095427965,-0.7713981135661274,-0.7141042079490231,-1.3000645330164198,-0.20678176080124763,-0.7617199214472729,0.6263784752610265,0.27816684924611323,0.009597152941958191,0.48550906204777877,0
-1.4762236697599944,-0.5471385990111826,-0.538711295793497,1.4391804552940088,-1.6298836544413837,-0.2884391457987485,-0.011132150323736802,-0.2059738736839179,0.251071819348723,1.5619511255246412,0.49215743649702476,0.753319642342243,0.05400587339607465,0.032738249430164,0
-4.360641881116196,-2.9654068148281674,-0.8341433646845535,-0.4670575060254587,-0.3252190830237524,1.9602180076273872,-2.604898587482987,3.7521273947071583,2.2901481099053544,-0.7527255451220818,-0.9387159982155101,-0.26032967638225274,-0.49914883885865047,0.13797388690747223,0
-0.5810943965171343,-0.03003359214360709,0.604684968334044,1.7455100695142358,0.6205365286314042,-2.252466534516555,-0.7233707615837082,-0.24007836072352576,1.4777898742955442,0.691786576011284,0.6451887969245401,-1.2076023454601084,-0.5155798757786821,-0.4400576257097694,0
-2.3531705749412035,-1.724972936533724,1.61941517726684,1.4335216098213228,-0.8676903536583079,-0.4647736379729791,-0.34348209291421133,-0.4985898338704758,-0.17525552638553116,0.5319193530587296,0.46835552051639134,0.06454978311346365,-0.549258496741075,-0.06103917140819731,0
3.0923917658289684,-1.784069406349262,-0.9236588753140172,-1.704839226207103,-0.2519651848625178,-0.6619182261568799,0.21064630166425227,0.07340521021646527,-0.5944897227608367,-0.6201712032367279,0.6071308764410468,0.4163125579169222,0.36371931828240506,-0.5273238947320055,0
-1.7682213545801726,1.1531132840747396,1.7475388860058474,-1.652408896517437,-1.9571256823026268,0.1611181557467657,1.0865313622477788,0.1841557198091015,0.12340353367906262,-0.22037648866811888,0.5232397077010371,0.6604627895761808,0.3157239781923005,-0.20404361284964376,0
-2.7985642444388357,2.2346429107612056,-1.0217911676219162,1.183823281206782,2.2043113816444806,-0.08210127391626408,-0.17775701552930326,-0.3595621032376517,0.6943850202530755,-0.3222127876100475,0.5101044795172873,0.163541900424681,0.7871166228677393,0.6024715600657534,0
-3.185295570131756,-1.732812762995258,1.693173656727922,1.3507327513527057,1.4422627973362563,-0.7548297122976575,0.9222495684830178,-0.7262781384595026,1.1788145247783022,-1.0687452372116624,0.5475193587724219,-0.05021014808660139,0.9445898473326034,0.3121218863574035,0
0.04533468817911585,1.299032499910259,-0.1120369487102514,0.9168466806926725,0.8941504319070945,1.9157001558380158,0.751770492069558,-0.1645073741196469,-0.6475410409132637,0.014986431303448938,0.4614459970968163,-0.3728442595693164,0.48885290275103915,-0.4603762564574571,0
-2.581942820996075,0.47460556315574104,2.265443764493705,1.113270676455953,-0.05678957494806215,1.304071914991039,1.5851090186143422,-0.005678355494336784,-0.637845835256439,-0.899341741538733,0.3817499925503705,-0.44490561634962655,-0.39897022447095154,-0.18579106673307919,0
2.6439243983750518,-1.662704926157174,-1.334106412856367,-0.12973097176223003,0.0992919674366548,-0.4788739476608105,-0.9861629643163512,-1.0493992503341216,-0.11538706885188917,-0.5299481685375008,-1.0196211551886458,-0.01663057979139128,-0.5543236318975581,-1.6781041545906017,1
0.9035858183882166,1.3077181112272263,-0.5162777406218748,-1.4290701348167199,-0.6118808452648945,-1.7371472980745999,-0.18201054382658044,1.934291482529211,-1.5645902480089162,0.33410637592057413,0.5976633192130504,0.0005457337484255232,0.3386818644689403,0.21783140245873459,1
1.6306189642481868,1.0591145903255994,0.04934698768681035,0.2659493774516128,-2.339930531153521,-0.8319029689922464,-1.5171739773451116,-0.24078143067011412,0.6859468610698496,0.5454684865070225,-0.9666151695087226,-0.47433302390646614,-0.6664401377114794,0.914255277708727,0
3.2223171986430685,-2.2470672593077716,-0.6634874368447892,-0.07415090637621219,-1.3112436437535013,0.194372347271033,1.066868480027827,-0.9001878710299508,0.7046673556348129,-1.249604785733993,-0.96393989867799,-0.4612097130329921,-0.06265298434032916,0.05002254638206563,0
0.6301317861106341,1.8226406600221126,-0.14927468573044508,-0.19829251321443186,-0.13452376719274944,0.596155184730195,-0.5794928523345683,-0.06091174702417474,-0.1606890168224614,0.913992766079587,-0.905019990705694,-1.0474279891360003,0.18059788914876834,0.20451117244270858,0
1.5767163441909808,-2.066486623586876,-0.9399582050122925,-0.08889525357066314,-1.0298423240728867,-0.18859976745893953,0.9840461839503076,-0.6348022374711942,0.33407344393423277,-0.06892268212184127,-0.9788937546380182,0.06757123734331469,-0.5063662775061116,-0.7205513611936197,0
-3.878366759673643,-1.3878278761130018,0.7811169447451239,1.4940462253164155,1.077821292523647,-1.5757711499791947,0.638410813002724,-0.22605403905191904,1.1315285148903202,0.5487480203812269,0.5542212729305837,-0.13350711975521648,-0.9132125924405607,-0.0020341016690094593,0
-3.64211051217202,-1.7603260387660584,-1.2455609747212708,-0.4329029783765619,0.5343919742991486,0.6798050161256475,1.103416841462524,-0.5322479338738358,-0.5569584943287069,0.15396795509537103,-0.998298172036612,0.2000785414708722,-0.6833169242943647,0.7342530167796197,0
-2.8153882157884396,-2.434647733400779,-2.5704722792850685,1.1116275807396503,0.5096298430834223,0.2209144150911703,0.9551776251450124,-0.8163629036060709,-0.47005934330607996,0.1488220493630356,0.5132043213629898,-0.09043271656539724,-0.42127862141679845,0.3433109185938847,0
2.763237497647572,1.1454848320774236,0.5079520813336034,-0.36047933292196543,-0.6575640771384441,1.9460114183450545,0.45506348650891465,-0.33745276402630375,0.3731118011574034,-0.05710764278640206,-0.936022474526058,-0.7114142807546101,0.03945277491187177,1.3806354691828278,0
-2.9725889644970502,0.7131420522990136,-0.7961659779526177,-2.0744997938758187,0.7619387079941918,0.9725989611086018,1.3143021274140632,-0.16149321000854047,-1.0254798422954061,-0.8790348936399972,0.5034690451673478,0.04230192508603656,-1.3170830432114629,0.1883086258502307,0
2.382776835023958,-2.464341435408529,1.461536775622116,1.3592681501169117,1.4598219198819524,-0.7393775442395097,1.5304139753798374,0.20473845813737232,0.7424585149106535,-0.9192277928816464,0.46024745542806483,0.4575031069432699,-1.4096764217784379,-0.34744061623243877,0
-2.680329305910711,1.6387038112769519,-0.11684982845167358,-0.238791839226698,3.0477778474203117,-0.6561899618617518,-1.1860349790721492,-0.40880910578518664,0.2166203092039395,-0.3787240968624082,-0.9956350618593395,-0.1508662450391646,-1.070994452114296,0.3930821640348185,0
2.8313916704533266,2.901913029136424,1.7357706899317173,-0.25283400433282777,-1.4116164014778076,1.88081982016171,0.41590448136516395,0.22227647173221146,0.06470409707351785,-0.3340978319322952,-1.1804535225200554,0.9766192757470983,-0.996215113622244,0.3136573547635195,0
0.8520750575072645,1.67034471603003,-1.9218628981877541,1.4330576592354667,-0.9064199339290346,0.06979992390645312,1.0914165453677795,0.12739250889728052,0.1044080828226275,-0.282096381017761,0.5465344719118769,-1.9288507272406585,0.11903245730713806,-0.7858449155604217,0
-2.4788985825379872,1.7898691441252348,1.9631582586623542,1.2188296721650502,-0.2254054747482046,0.8544859235308953,0.21084486401221697,0.180157949847254,-0.6011574405817656,0.4661208860865604,0.4431424473366458,-0.34227105915360423,0.32195549717206057,-0.35669695215270353,0
-3.043915603730959,-1.4201765466132223,-1.5799318200912955,-0.09020421744303514,-0.7110840207334964,-0.4845341675326731,0.3018059463226435,-0.7676725534759766,-0.07211440294584887,-0.1967686783485058,-0.9543846306743015,0.3129511798921112,0.9924060968982781,0.7188970374884217,0
0.14208023276082823,1.9046011632509539,1.3386884470744864,-1.3394323007200897,-0.6854863416002871,-1.4248999394163973,1.6961643018475743,0.40780325415212315,2.052530061288375,-0.16879026306540956,0.7785405269815614,-1.1571772945862304,1.0783242450765032,-0.42887905528922493,0
-3.7705960586859826,-1.5714085344940782,-2.9344258447656353,-1.9919979784187352,-0.5287524768175639,1.250716028597524,-3.2710991121710924,3.8345614053282824,2.3683569219017873,-0.3271408632356175,0.7082008916409243,-0.06721398988832465,0.6157738918777074,-0.6162978881233745,1
-1.6066057804639158,-0.42738260964663044,-0.865521960225488,1.6414084532728228,0.8324962261107508,-2.1135998484829077,-0.4645763499658578,-0.576050108176685,1.2799024405632005,-0.03134373575345092,0.5546050353109747,0.2528138022824244,0.6055505635130481,-0.549360808145939,0
2.596193333669259,2.066623349656509,-1.7003888305711983,-1.5983050436237634,-0.35305209244678826,-0.6440402134692207,-1.0449412869376284,0.7652662354367671,-0.6604637823509025,0.36867626706547885,0.69428557579839,-1.013175184558709,0.22534950695861314,0.7176470175123615,0
-0.004692326468217241,0.8681129420303725,-1.35134724675675,-1.8852739249607307,-0.12971903957661002,0.3899971887798403,-0.10811950473071101,-0.2483151263383298,-0.4339080258998812,0.27096089359460707,0.540472820855355,0.5243884331106371,-1.076124922013284,-0.2505318150225262,0
1.4199228596114273,-1.329759223494833,1.2847069355868035,1.4036376487082711,-1.8196433810218509,0.5751281487965406,1.035239395834672,-0.35125030119279077,0.5521672229824113,0.15644927610440226,0.49025365398337556,-0.07702588082278859,-0.755257739354018,0.7568922327072999,0
0.10746076394438922,0.18846311865891857,2.1287881390427277,1.3195627029172197,0.7188954179753184,0.17651220382477412,2.0261613062198633,-0.028088913980528738,1.4610565428077693,-1.0113868483786461,0.4508736000406685,0.08118288775672497,-0.2658335906173589,-0.4187588344282583,0
4.45458164644386,-2.699598584270394,0.8442356333461845,1.7589918455658997,-0.43865937655425496,-2.4214868525218503,0.40172828636527047,2.7338997703766728,-2.47560502565812,-1.3129465466820214,0.4221260968041843,0.5375677019786916,1.1552403042148598,0.9846493560583851,1
2.978914496497678,0.8087164299050138,0.6398455176624485,1.3712296437328335,1.6105243656990018,-0.9345264732289565,-0.2713800793319828,2.5086030002339696,-2.996866217504612,-0.7406977632566761,0.39493773666158744,-0.5822182613030189,0.20193802029441554,-0.6284866452871365,1
-1.9913730530930684,-0.27389902761923074,0.7443408531279505,-1.8649120510018904,-0.37976284312726555,0.48760356372120756,1.6118237341102604,-0.17748959003842826,-0.32516677297516905,-0.7759033403524825,0.5832445892307784,-0.6464114665231759,-0.9602251595765959,0.07412168214854035,0
4.345553752187166,-1.1536894793357841,-1.945156311349029,1.0336870317079965,0.46632557982253275,1.3427171391881516,1.0586203996003618,0.18755306967537447,-0.5899092508602153,0.00249484602498499,0.5261389674234229,-0.16613499758065,-0.11313270264241503,0.7241495786527384,0
-4.007809218742517,-3.2122094884669905,-0.0478191682344504,-0.2691072281836724,-1.5792978692651967,1.573475346313646,-1.8585972876204921,3.7479393049258807,2.784612596988587,-1.517943800135144,-0.9523442963532749,-0.04278766923484935,0.571305790119508,-0.2502613023487679,0
-1.143938083930747,-0.1431101712975507,-3.10713933240939,-1.640655308189049,-1.4101845131997695,-0.6778275176439407,0.765115617752727,-0.3564895037303522,0.1945431633170184,0.6146088154744449,0.6660070771708151,0.5888389332672095,0.6189522424505342,0.015575714730597285,0
1.6727431817398177,1.152079016747671,0.26659915072062357,-0.3233949541120683,-0.47452709434684787,1.2818760487816805,0.45299765601524605,-0.09260789279253623,-0.055454878413550505,0.5457377558331934,-1.0276207283095755,0.2162722027467093,-0.4929790848768504,-0.3583385214743923,0
-3.560081064724079,0.19270527806704812,1.1277945991987788,1.3550667216936052,-0.8948600276213025,0.17582285833030276,0.034304524622366536,-0.3200044996235699,-0.4136369014459749,-0.687293859527771,0.3539219402379437,0.5322692335764757,0.006569776514331606,0.6846530293612543,0
-1.4233141636308972,1.6933028084040476,-0.9018856723848155,-1.6700627655323965,-1.1985442213806312,-0.15959249780643617,0.7137828429815154,-0.02984049493100153,-0.22008569791449487,-0.5114486692653483,0.543396617047707,0.4404559905469801,0.46182665977098647,-0.35208909764092367,0
1.2111407343365823,1.3780589572358555,-2.1118355085764855,1.6924569283600541,0.941361084444476,-2.1380534606854678,-0.6626752345006031,0.5140571985679089,0.6804783310781229,-0.6304983082891603,0.49225932499493624,0.14485707621199875,0.20424301908784612,0.3145691707351419,1
-4.135845074773248,-1.7536502873568616,0.7872471379076462,1.1638421632305953,-0.2779875763763883,0.5305073093123379,1.212147871589987,-0.10904145598746608,-0.33953359938925703,0.9448798762736617,0.4811484014846929,-0.08980102789009052,-0.948139805270775,0.4949643946097567,0
4.325651832415359,-1.6369334488187703,0.17286912274812377,1.719267874646805,0.9533919210189535,-2.3495387336670843,1.831983815587443,2.316750286201154,-0.20505311548455377,-0.5833205368148204,0.5675055506074624,-0.18083859613492329,-0.08361586295916906,0.9861629314570388,1
3.791482366142244,-2.6347793737053715,-1.2530162092810888,0.1408763496821478,0.09862042863906972,-2.093121449862835,0.310599752085603,1.5741200197875422,-2.1027607680737788,-1.7033103430738754,-1.0798384690050638,0.9106112760705607,0.7751069426167878,0.2144263322982107,1
4.5375608607342155,-1.474137793311953,2.09936920837573,2.950755496766581e-05,1.499339564979389,-0.86382193530018,-0.36195071083611663,0.07455635284952494,1.0803956873022458,-0.12595094201475127,-0.8263884318621331,-0.6521434718734818,-0.37344446418923904,1.01240099711775,0
-1.0562858607577121,-0.11791592260905301,0.8617277499739802,0.44191788472424676,-1.156661799912514,-2.5542687313448305,-0.07164547189821927,-0.05721809112881315,2.141640349024178,1.2732465457868132,-0.8654731103354536,0.5717721512467742,0.49535424767791963,-0.1509064792303209,1
-2.5675087767399054,-1.4098609710010785,0.7350730409355676,0.05688034222130717,-1.4050421681535659,-0.902612434079654,-0.9950105303746698,-0.6376582858333764,0.18745642520223568,0.547624385177183,-0.9800011686006139,0.7207755699123767,1.0799221081563994,0.2652383960158814,1
-1.2386571971678857,2.8482484761723508,-1.5194503129475552,-1.6938415854936277,0.22329892878214724,-0.589982405863388,-1.5540162318626467,-0.11302179932545298,-0.7313981369096052,0.3734337470101697,0.6450035133058994,-0.8158532618062577,0.23931721261281122,-0.5000947559690369,1
-3.1178846302032124,-1.3358343507032726,0.5241050083120018,-0.6058692833591569,-0.4870968356439655,3.002120260487263,-1.573573787307417,4.366048828632326,2.344410460516828,-0.7331679395889875,-1.0161887987541263,-0.4175153576223289,-1.1475008765963919,-0.7963839321035967,0
2.032184640154979,2.3714426362481356,0.4262110169253526,-1.5632790870196152,-1.7016348996898059,0.1407657105507673,-0.4380988169431757,-0.013554729539085538,0.2741193915666899,-0.05200045380482938,0.6250332551428326,-0.5759519104330456,-0.4637673387098538,0.6049218432993746,0
3.398227989940305,1.4096552298447382,0.7594645904321031,1.2080766271518815,-0.9741336558907504,1.6798068679602207,-0.3787999109035998,-0.12144872734086695,0.3390690385476065,0.6394431476971912,0.47867200028135176,-0.3316481304705928,-0.8246191086273004,1.0427769154354452,0
-2.153242724913468,1.5861851390416997,2.406442216347401,-1.558261700184228,0.9011475069570711,-1.1917109689618477,0.004988197920424708,-0.015704575976496746,0.9753639204450388,-0.4274721156550486,0.6237744805037284,0.08999267510180274,-0.15626309341498762,-0.1586085313259697,0
-2.3466125405283877,-1.552021323415142,-1.9888845886244622,0.7542000206214001,1.5442222195503559,1.6844942133411607,0.498833306652391,-0.6134040369854157,-0.7327084065651198,1.4064499287742733,0.5185564173566678,0.507595908783512,-0.01156141075823839,0.5978896080327962,0
-2.181860488871781,1.0286084952337802,1.2370672617672578,-0.41643698897270154,0.8860788633079852,0.8524342246358784,1.1888768711332403,1.1537971648235268,-1.601548908417033,0.26071342867901165,-1.0746243862328058,-0.08708929486426059,-0.6902895610720385,0.020704884480976356,0
4.210144866767954,-1.4624403603570284,1.7208788897090854,-1.61880055742721,-0.8392911900645507,-0.2855567801823559,-0.5800716098248792,0.10609787836333785,-0.17017611929695073,-0.1483586619779268,0.7033543496614091,-0.4500140624671708,0.4355994822113169,0.6224138567323017,0
1.953911006629825,0.8267521977545518,0.8463265507408764,-0.2510696410268377,0.1418688103771216,0.9684677144058063,-0.8425151782598294,-0.45669523258832223,-0.2520980629444035,-0.2972693937915916,-0.9922556545641126,-0.8827960903167704,-0.8991529078961396,0.4453814841645272,0
2.656998059356244,1.7439152951732169,0.4928213444452313,-0.1563172318564251,-1.2511330439833648,0.7862756742666016,-0.6459701145383449,0.10752701263501852,0.20214620551784393,1.1683081980613015,-1.0873829916083146,1.1409311548957701,-0.39005788050140394,-0.8828206345872227,0
1.0318379031734062,1.4400751796792004,1.4662325621126442,0.026396909066505048,-1.096022036135808,0.06992887602287692,-0.6603605914343212,-0.22892125026850205,-0.1559170817573446,-0.5467883087114066,-1.0617673459171812,-0.19393565129017779,-0.5748300325575071,-0.025493487978168278,0
4.04208239166194,-1.095060581977325,-0.47669595195643716,1.107161769781561,0.7500733902148016,1.0495091395290432,0.4384083002801715,-0.004648569244910855,-0.6574414605400051,-0.5981845333087925,0.5914620550182884,-1.096830002406249,1.0228981438935998,0.5982932595075686,0
0.4600986867436424,1.2051107547633988,0.9451803736686663,1.386155385512069,-0.8149096330671725,0.22171544853456188,-0.11720341302661398,0.8691427593204193,-0.7861231093842468,0.7429192148675686,0.44227288677744064,0.5100769608864945,0.6454330124955655,0.44972287981856107,0
-2.4966119490171756,-0.5230266984369518,-0.4178471039316429,1.2879914080879393,2.7802138985904516,-1.0129311934676646,-0.39274760500515965,-0.6765233615290636,0.48455386296378367,-0.07411585088819617,0.5745140900516378,-0.2671951180296845,0.18412135785147013,-0.19602991405824738,0
-0.9047658436850781,0.793991824216974,1.924404510141431,-1.80459121044467,0.007983301142229792,0.14411842126371377,1.5566398231719036,1.1941752409430255,-1.1779285049235457,-0.06045357747266791,0.600261593669376,-0.5283632325713167,0.3194613128958077,-0.6643173777235364,0
-0.8624809438061704,-0.16395874573839544,-0.8465979771231532,-1.3716381796973385,-2.0528157237782882,-1.6786541421282768,-0.15678917940191617,-0.07004402711404495,0.3793187865155118,1.0011376065173516,0.6732397177422479,0.025779477939604514,0.32708081628254604,-0.8530688174778407,0
-0.6402446362848172,-0.3085713479016249,1.9333895698730001,-0.22077997558145135,2.4862516482589343,-0.5559947696004551,-1.2241255866450613,-0.3243994827972847,0.9397276683514234,2.161041887866528,-0.7958246541201889,-0.1539009087403699,0.32575793685420223,-0.3718737761955141,1
3.850482311139997,-0.38180556766680523,1.0917218288810513,-1.7732101338019026,-0.3703935509705825,0.3895854673152002,-2.0601630836199063,-0.5983048124123947,0.3440278076856453,1.7516461738465812,0.7888524117984317,-1.0070720544635647,-0.699204871635511,0.6017362602885584,1
0.07548567808295857,1.5265566691356367,0.9184304101439024,0.09396017672435752,0.46627908901283355,-1.0295843808501919,1.5103542166812691,0.5828432122426214,1.5296304330117865,0.7269299743686798,-0.8845787895367337,-1.1926457965237078,-1.22108318887648,-0.8345977172979503,0
-3.2199119322158145,-2.191455971396206,-1.719818702478649,-2.6240364867789223,1.8834671234670188,3.7084914906930138,-2.692400116929429,3.70264392998704,1.6975358538881558,0.2789532254388712,0.7558528390154713,-0.41293793637737086,0.03447086186043795,-0.05069981865522248,0
3.561382298229199,-0.3755397474105889,0.11820829520324051,1.0279137829883154,1.0526131406213977,1.4956567518032964,-1.6034036327341288,-0.9878854961544645,-0.10936768945688045,0.56654888757615,0.644371963508607,-1.3012526328633804,0.7106736276105986,0.6138227254445962,0
1.9124280718413569,0.9792064282603712,-0.24152100036763002,-0.14818441833725793,-1.497938954980924,1.005537081413097,1.1263464924970417,-0.047876915639288246,0.42722602888614414,-0.02336608439111019,-1.0006467841382665,-0.17235512013031848,-0.38202410021788835,0.5386856702489438,0
4.502100232822759,-0.24432081921331636,1.3802499519839875,1.3055841890435826,2.1248643569013534,-0.7548935576806054,0.5004437263599657,2.4616181480591166,-0.6840815414447186,1.4435696281884713,0.5145082657726885,1.7945244234233098,0.5835010363903244,0.41906486200234694,0
1.402148072518386,1.8702911566576115,-1.258492367528653,-1.6668634576172559,1.6553456970255662,-1.2118095479042752,0.25852758448233115,0.8079447283372873,0.35581241540594716,0.06017577632214405,0.6251703201578301,0.7323707645213605,-0.22425660703380063,-0.18492696434342,1
-0.4867178199641494,0.917475358315129,-2.0498123962802706,1.3605861895152633,-0.8145397666140287,0.03262275254433089,-0.8258274115532194,-0.5198323744147648,-0.15481681436675732,-0.03125931490479395,0.39159525938588585,0.7383598397220263,-0.02616676392713751,0.1445248025552358,0
-2.931024196089075,-1.972130145826517,1.6052881142568427,0.0033042975903898584,-0.7229151486572721,-0.7843719488341686,-1.2359482460934776,-0.7097838402684626,-0.1946945535550583,0.3717186322563324,-1.0009661420303504,0.32126857818872423,-0.3499998542099416,0.6396091144400481,0
0.3262599017431471,2.2884293533317153,0.9895539720711369,0.06183990526091171,0.9746798945781697,-1.1123729478347208,-0.16901354057009907,1.2701543484473266,0.7188127151968644,1.7785828558572365,-0.8680305074703254,-0.10883139472880757,-0.18782378780557885,0.6747441828003902,1
-2.890260759752111,1.1365758069440428,-1.8848960452348562,-0.254506579676232,0.32809506942300404,0.16204783469747894,-0.5891363435418726,-0.5539585881971033,-0.7885483045585502,-0.664436459678188,-1.0839573374077975,0.44304880335509245,-0.03692651317273159,0.5416637144086395,0
-3.7149663296886333,-0.7191400194826506,-0.15664410655286728,-0.3344528902157108,-1.7484307477730576,2.226809468648594,-2.1688708410019277,4.071645895310305,2.7644604014207,-2.194961092426224,-1.065221179051491,0.1571706256359452,0.44042236237894944,-0.0016768468797745914,0
-2.2093892505554535,1.4163179232902143,-0.5331590894212733,1.1045746460767396,0.3701583714021839,0.998392903941992,0.9361495062458283,-0.1383353751106675,-0.7976027181704828,-0.9285346110285461,0.38695630597542957,-0.10186178588052004,0.7123617952274347,-0.6285187994699781,0
-1.670463597567097,-0.4801209893676007,-0.6814591601482967,-0.07941334342264911,0.08213251234076119,-0.8322566001940728,-1.0887422143800216,-0.4515500125209111,-0.530315815308175,1.013941401598182,-0.9644581913356446,0.06354310871229973,-0.0024765393459629356,-0.9365324521001637,1
-1.9957276654126648,1.5099266245156155,2.2965792239341494,1.2380552734643107,1.4886253670548721,0.31969314054821624,0.2151339700913568,-0.24170044733016757,0.9432007139520739,-0.5476154043317595,0.46620473587715655,0.46978214224819725,0.5403050407342229,0.7244061471409656,0
1.432513979977019,-0.0766281737426119,-0.15866894143044738,1.2840732782786493,-0.8534926390340686,0.6970889160561357,0.8416465634915133,-0.14624673030129237,0.09885597975162448,0.3779294113483447,0.48251817804435476,-0.07803999907385668,0.13150070054390645,-0.8539630372040029,0
1.3160387550144206,0.9123673341735065,-0.5468895768593571,1.1538089392143083,-0.5440803905529351,1.4358891730971817,0.1425321646941276,-0.47589467381247685,-0.0435320893415361,-0.4564475140413532,0.4112855819478893,0.4858545448821042,0.2999275076170944,0.6304357045678534,0
-3.284929599966063,-1.3794361279034355,0.12120343261122883,-0.09754080016856181,-0.8240659420646207,-0.41527075636170624,0.08918713805198042,-0.41232073532809815,-0.02524853710087657,0.8871072329230468,-0.9447958437556048,0.05779580327869495,-0.11537411853041692,0.5302140597080066,0
1.2629535280090636,0.16008906117876512,-0.5760377628300312,-1.7519734230439352,-0.7714342479078246,0.2612176773700087,-0.23173754741278202,-0.8213977761877999,0.029383045275962832,-1.6952857141973892,0.5374675478498488,0.3178137167946661,0.3251797060304368,0.4502954188678929,0
2.0843944762943347,0.11579676554580404,-0.5492290414751092,1.392600640036775,-0.6555839560983895,0.16108516740828777,-0.4718902237588347,-0.5594899808439735,-0.11476289937715416,-1.1592873940969262,0.36307788120614765,-0.07114388663131639,-1.0005182039898088,-0.1684499732860587,0
-2.767284470671798,-1.6716918143134671,-0.9606877970823076,1.1733401629640858,-0.44139953107194335,0.5340842432986573,1.2111136374419225,-0.5562371460620493,-0.17819510232484226,-0.27679449990707455,0.4423094812188901,0.6625915517122356,0.56532110160056,0.42589556411985785,0
2.208502639996025,1.5950212393281278,0.2510818977303784,1.2766677907012696,-1.1822939117250804,1.32846771188884,0.14216206736389045,0.014405015987114607,0.30045466816863675,0.8899123751642667,0.5147075532347308,-0.5687492576621548,-0.6597929089168975,0.952639666172072,0
-2.887320679356529,-1.2973295761566077,1.6913872195841226,0.02466120612261674,1.5756647056573716,-1.5364593535813125,-0.034189891292663165,-0.6491462762877596,1.0674723558997206,-0.6245913184149963,-0.8908300547435333,-0.3265178783352309,0.5659656223330678,0.0634400071713222,0
2.738110804581064,-2.1518096586921764,-0.026452039502714443,-1.6618028511021266,-1.1076001196860366,-0.4441951364551902,-0.5291674150309329,-1.0009963471975327,0.3792098180536139,-0.7064568911763297,0.5665624766242433,0.6923177438191692,-0.2612499452297225,-0.8124383630110832,0
-3.338347938380759,-2.9695702087077533,0.7224508178956278,0.64242409377696,0.5191282639767836,3.7975999754406997,-1.2891310164736587,3.946655649000276,2.232702683605944,-0.2710635259380039,0.6105811454102253,-0.8697541547853141,0.7501939506963382,-0.4289340784905059,0
-1.0047682628586738,0.3272213267657929,-0.5976466854369109,1.3657462396441868,0.4709303294506276,-0.6184974224843919,-0.2934040104344209,0.5633540879151056,-1.462359847030605,-0.6597997727092161,0.37238520883113463,0.08630817126578569,0.14287540198843934,-0.5802603660566302,0
-2.4808820040565123,-0.12116056528902522,-1.835646124819573,0.01877832547567948,1.2444013378794274,-1.7307030075360423,-0.5011096817480101,-0.4850579401909218,1.1824388703581161,1.1614315080670936,-0.874689075145359,0.6087670059800323,-0.15687818907014256,0.40741145455978756,1
0.20073171594003517,-0.1779140639465854,1.1824265525696267,0.9681481785739178,2.527122294200058,0.962527289871622,1.0920553226694885,-0.047281219138302764,1.0634554403813485,2.038165347204534,0.6599291180674244,-0.3016986551567072,-0.2325240388196606,-0.44494473176374766,0
2.626783559743469,-1.7698427325469481,-1.996243067934977,-0.1559126159084342,-0.31650107890979867,0.09500653786307142,0.7721890674580277,-0.9314967375386147,0.34783818797474253,-1.0155778587209958,-0.8843596842164064,-1.492645670157364,-0.13528261576011402,-0.07731084696794198,0
4.424099581331822,-0.4545303801592141,1.0208306645387824,-1.9734304606056852,1.6801677020376042,0.6638003249428411,-0.14961559852877854,-0.7569233124032578,1.5922734823947768,0.2923138124757421,0.6913634362930294,1.0774721957986468,0.12229462161260002,-0.26143290750528186,0
-2.5982907954709185,-0.021170995873696787,2.2624134465085834,1.2160268844917064,0.35167105298732404,0.5610171984983034,-0.18294912686799622,-0.24142353577731257,-0.7218901058700142,-0.2957972528180655,0.43247694037068857,-0.7612339152954064,-0.36835479748833244,-0.19411921300977528,0
-1.2386571971678857,2.8482484761723508,-1.5194503129475552,-1.6938415854936277,0.22329892878214724,-0.589982405863388,-1.5540162318626467,-0.11302179932545298,-0.7313981369096052,0.3734337470101697,0.6450035133058994,-0.8158532618062577,0.23931721261281122,-0.5000947559690369,1
-1.8647489690841237,-0.49293843947535065,-2.3404783384230856,-0.11292212734906781,-0.9902564636645729,-0.2956185614389157,1.5020387421629264,-0.12285117146661884,0.08359255393142342,0.7963712019415276,-0.9323023753955807,-0.0890203860565106,0.11146013813003242,-0.4090609333629795,0
-1.22377064288068,-0.7857851562013791,-2.06235230712542,1.3453286109777265,1.6119046897929514,-1.035457005156133,0.9658263006807655,-0.3613036263874024,1.2971917251651952,0.9812526019824702,0.6527365906205219,-0.4149909762548481,-0.08542766074829997,-0.21172688284962193,0
-1.9136855791511769,-0.5487124452814235,0.17191422695699088,-1.6199333893562786,1.9128401694568102,-1.8825877335682217,-0.3446353640931524,-0.47720829331641745,0.8258858290844114,0.07350276332974162,0.7066091267151674,-0.05753881167233517,-0.16377859221492388,-0.8443659597011182,0
2.140258542677478,-2.361493970379187,-0.5476961731714077,1.444143612344276,-0.7199114948425211,-0.19805329972575214,-1.4661188700711647,-1.4555420938390564,0.4135786394931894,-1.283663391952165,0.5268854378718902,-0.6562246455805623,0.263905401120856,1.268993798007805,0
-4.031287181573257,-2.5654532833374857,-2.7584157365630713,-0.7038966086394937,0.2504536431370685,2.886177978894385,-1.567284522652406,3.6068953399114743,2.20035577115996,-1.3923341606423811,-0.9411280992546385,-0.03807002490144619,0.39276166219707,0.15060807913113236,0
-1.822067714778192,1.3597468182384225,1.9841789009097457,0.13839164216385097,-0.041635140306192905,-1.1106650371578797,1.4212693431313195,0.21655251238494752,1.5086703985674115,-0.709290477901938,-0.987817354526472,-0.03954972550837257,0.2432447725424353,-0.42886914393041387,0
2.1933975496372855,-0.8541593697750992,-1.9995026806562266,1.0334011393232245,0.4062149793624603,1.3265451131423247,1.3153091480417662,-0.40468164409422486,-0.052938583083559115,0.6642193093348655,0.5885057730230215,-1.0305259224737202,-0.633237513139412,-0.05187040994903812,0
1.839606509791909,1.5541455746384125,-0.8394076865406215,-1.9146667657384644,-0.11632939065329906,1.1201255563016361,0.813743393149466,-0.1280274028123715,-0.22271418860483974,-0.06818470111947603,0.6606119962562171,-0.7106218630328341,-0.2202554385490388,0.3417776933816688,0
-1.3698994247890441,1.7795641960466408,0.22359021769391604,-1.3547853515895896,-2.103766555636299,-1.4529903122626315,-1.1782649533334206,0.13082297006986007,0.09136457793135969,0.6248663042481448,0.5581669777086411,0.2511959294082254,-0.5266960602579791,-0.31987995260366114,1
-1.580386323490588,2.169648653828177,-1.8050053690416763,-0.10132679009049306,0.3243353687434961,-0.48275637106319313,-0.8823973115383225,-0.18069782065118017,-0.8156137241026449,-0.19925606487177283,-1.0290614133583276,-0.5504304572528262,-0.00867917619632341,-0.945085040273084,0
-0.13852326516867813,1.2922520576101755,-1.9139400895904382,1.454137362961281,-0.5357782506392508,-0.48472637113344175,-1.3563625055133994,-0.39971069454173896,-0.25160985149343396,-0.15487244148953405,0.4193923896259382,-0.029794810740432855,0.11587435040556986,-0.4763072504956429,0
-1.8124212188511644,-1.5208476080538276,-1.1043906542574942,-1.8248577445344192,0.1278728243460622,-0.2807636442687481,0.3759215892674636,-0.9147457858203009,-0.45933104648833223,-0.7863035791854225,0.6361097091738911,0.013457549750419615,0.1934073939795862,0.2332523319422172,0
0.7912168646354031,2.7237001112772954,-2.8517936003138074,-1.3734488527154107,-3.0040998092168643,-0.6153951682557809,0.6084286844185005,0.17779703374961414,0.7241634583615882,0.09456644729928207,0.6227539317448186,0.1655965008933715,0.15971916984182669,1.146397561836865,0
2.4372324553584215,0.1213586461441697,-0.77353727555852,-1.6672004605913306,-0.5507340423848129,-0.11335417663684377,-0.09051588499695899,-0.7597662221660493,-0.04922349538129901,-2.1330557240403443,0.5672773089884378,-0.7664859759556341,-0.30829649017130617,-0.03059806736100806,0
-1.6691457698126162,1.640927914503167,0.30532807236064,-1.9004834929521917,0.1595197427747445,0.44639267606975036,-1.7062021892417885,-0.49857041899121346,-0.672303601119894,-0.08255599516181485,0.5220489485339022,0.9600141291664871,0.5396877613441728,0.4477275824072059,0
-1.8168794102860901,1.472017468612561,2.4818919680102614,0.01210468629496697,1.2848812363145197,-0.886530996721385,-0.5018533574844314,-0.2913172221705997,0.9731834602341554,-0.8699227010011965,-0.9820611252904777,-0.10509842689413659,0.3307400823938822,0.0809193625960066,0
4.78030935101113,-1.0487420347569048,-0.08582054670539492,-1.9162199867622165,-0.06756481500130074,0.9002539121717684,0.8898685239582151,0.24870948967403944,-0.30266749390997927,-0.23843376150692783,0.718542317639025,-0.5141559333391311,0.5000554711969473,0.8035730719631231,0
-1.593857187436853,-1.5421325143830682,1.539969501313523,-0.1949282493419493,-0.8443519866505909,0.34731136067954443,1.1864180980421608,-0.22900403190831356,0.016932220076188914,0.4866027027531461,-0.9859228645282714,0.16498781054564654,-0.20081085094410567,-0.16440219046493693,0
-0.7061852059163566,2.1506014339888324,-0.08164165651955678,-1.820374462263835,-0.4807023904921963,0.1653877188803301,0.39019410200353144,1.0741599397066666,-1.023513744790992,0.4906459075197049,0.5355265610819325,1.102042761174722,0.9449543492954179,0.04554965710875915,0
-2.8111288928377727,0.7505967439283614,0.7894716733183481,1.0378618919305262,0.7762342079938291,1.0459873397650852,0.05553044489969421,-0.20129399557342925,-0.9727815135257011,-0.39799947165152366,0.3614933082067158,-0.03870018772631592,-0.5043955111447564,-0.26581531119424645,0
0.9314556024930856,0.9601876749890903,0.44966370140767775,-0.3175430342055737,1.3726230883468027,0.6141828719209156,-1.4740707822744734,-0.7278600447051605,-0.7745906356780584,-0.9510900940126097,-0.9629518481709709,-1.5277769431700674,0.28700555946107176,-0.5079607281047788,0
-2.1794177359535607,-1.1258696276739237,1.1454412885962502,-0.1536643162854915,-0.7930064792544309,0.1344269194962676,1.1852284233791202,-0.27768144935590994,-0.027245685382848574,0.4023330037320947,-0.9347371166346817,-0.2323440994545003,0.5937247525117323,-0.2723477415537209,0
0.8532293019337707,2.3384634894513034,1.6020881851871833,-1.7735946989711335,-0.7023731881573548,0.5421042938060837,1.4067794650369836,1.0936908694898804,-1.1058559919463968,-1.6465159738269208,0.4011158213843232,0.7149727945781719,-0.14734806333080133,-0.3338458551466758,0
2.0322046491892385,-1.4080897177250955,0.7942491945694943,-1.5277953074294668,-1.581451727641499,-0.6400691025792916,-0.5974960782513147,-0.7779001787214086,0.32804621534888473,-0.7504668549404144,0.565129195463143,0.6334928844387753,-0.3091869531139515,0.04775659964923036,0
2.8063249559103,0.30439391003181715,0.6471713280158599,-1.680871805774473,-1.9798357989172126,0.7018306482128975,1.3918786547103612,-0.2544794503636889,0.5619049634380381,-1.2802824018317522,0.5438507082875387,0.2868310772322054,0.05016881550799865,0.2293034674792014,0
3.257774115462814,0.5090280285449664,-2.017167636211739,-1.7164995200993134,-0.5846025027196251,0.01963424013009982,1.1342630040777837,0.5903398919615361,-0.6204013348330547,-0.8476509774555976,0.5967405292327967,-0.5277478995825527,-1.414744675575528,1.132517724465849,0
-0.7683963189108711,2.1421670252539973,1.4382332496213681,-2.012652214988324,0.47232787987575076,1.2487516369600726,0.6784124445877061,0.23710887357288846,-0.7487758692560352,-0.0078928150716242,0.5830319868276852,-0.6255137058378295,-0.37491985465704075,-0.7097301655842607,0
-0.9224425923887716,2.484742673839528,-0.22142470108860254,0.19670029143462586,-2.0849162725771855,-0.7647180103792769,-0.6104603629444885,0.1629648945272774,0.3268455011430236,0.7417607145741723,-0.9523478873690099,-0.5207341435279043,0.6417103675143747,0.0751274466451961,1
-2.092614190581452,1.4883440175699938,2.6931510497908233,1.1297631869495346,0.3328181766153474,0.9966511386745006,0.8552031128082129,1.3667879333323596,-1.4734863931709472,0.6281759350726005,0.38434803916235444,0.1197482007701595,-0.003202124967862902,-0.13790095210452136,0
1.3003976281035772,2.1962478939379797,-0.06963947500004475,-1.520842978514153,-0.8613773802161461,-0.6346030060851204,-1.0898820573931343,-0.03794291836333609,0.14796297326080418,0.20033022187336855,0.756962093376587,-2.0496108020247243,0.9213085851324443,-0.43219727532105745,0
-3.192240005144277,1.1572483630667323,0.16015209071282702,-0.3408430323899312,-0.6924250168430078,1.2354095947867296,1.1746490734501025,-0.08601279041249832,-0.16648599851420612,-0.16606219210373524,-1.0353888256861856,0.40907411441441216,0.6840916755820458,1.2580388673179372,0
4.205108079079951,-1.147115791065066,1.8763118880056855,1.1653199849288896,0.024881080530169075,1.0942043910437216,-2.032068025267137,-1.0243631694990474,-0.03848846263847097,0.3842528998865065,0.42965894468080773,0.9939732265236124,0.2444310107349859,-0.8843039136309705,1
3.036704585350308,-1.2496712736184656,-1.8232346780643574,-0.15899279168132385,1.6076220497389144,-0.7594254222245551,1.3106683506879817,0.15654909764277622,0.9529151956101466,-0.18126701460457045,-0.8942843047292418,0.5266534235320169,-0.061863398956213116,0.35894059123202005,0
-2.9247282417348637,1.4902251659812353,-1.1603181329695822,-1.8959653727012853,0.7469532351749079,0.06316257062604089,-0.08664247093768154,-0.1979570670328901,-1.0483783022601905,-0.41007582425879924,0.5692934160535202,-0.4835748556160695,-0.6815274773606093,-0.15956226270522583,0
0.01697299178313575,2.716957261055731,-2.213966361871634,-0.00402453065016062,1.1137140948879791,-0.9945880432402902,1.0679137303687884,0.39446247558243835,1.335858451832769,0.870287512499453,-0.839629915924549,-0.8714925262535717,0.4551171659459491,-0.9194592349649814,0
2.820206890751724,-1.6382913943289834,1.4360305602344783,1.182539862829293,0.19346251692424588,0.705201953771365,0.7555509858360572,0.19372249050657112,-0.7391688723404811,-0.4463511783714466,0.4774736944054007,0.07352976294656513,0.8576806006036086,-0.6451824496244272,0
1.3982557637182447,-2.291479253277171,-0.19252829365007754,-1.4241031952094583,-1.8898054966924032,-1.5783138357938509,1.1945085142789533,0.6560394571203707,-0.17323375568228036,0.6113008072618941,0.6164371048498992,0.27415451124926793,-1.495309465759759,-0.29736577148092547,0
2.9291758889746595,1.2991671238973197,1.0014772227567885,-0.10556288264363689,-0.9632745823950718,0.564548274287549,-2.0180420118390643,-0.521109846880982,0.19304302033039009,0.2953709395802617,-1.0556431976786023,0.5790178348480167,-0.2536217808351337,0.07292454128122353,0
-3.4847095852364265,-1.0018994258632925,-0.14031135767041913,-1.6604170626804764,1.2732363164183254,-1.4555142913970296,1.8009818935007533,-0.12505117008434027,1.1087715630076826,0.31122274131736655,0.7583285726837439,-0.4327512873422335,-0.48672899743539266,0.0716291045161568,0
1.156651222188838,1.3398380943134408e-07,-0.8665860860306972,-1.434525549746771,-1.0898959652645641,-1.4117018134861747,-0.8323313002429529,0.16643818727424847,-0.654937875881671,-1.3062962858759672,0.544731258832921,0.25277364334100855,-0.2002797862869582,1.011969701794405,0
3.181153083096878,-0.3186359933596273,-0.26735966395425026,-0.41635256258562026,0.34278859193151845,1.3920381264397688,0.038633063226599915,-0.24813424012998392,-0.009407762668703057,1.8359787234679013,-0.8715367194610427,-0.4183326457487449,-0.4495606102085433,-0.23043253214600679,1
0.40156215117005756,3.0446219842058007,-0.04168548283834814,1.1248357983487849,-0.47392549403964684,1.7643575533374551,0.8322781343280735,0.0875930398638017,-0.34329990500359764,-0.9160453863358298,0.35289402258055197,-0.15202679616424852,-0.22625249163538314,0.4127309825672051,0
-3.455450765630696,0.9966435346725087,2.1774480637749716,-1.672829564071834,1.8241219751952127,-1.1508505801941882,-0.886298473087864,-0.32968514185604386,0.5581516755358165,-0.631134511648855,0.5983511685865294,0.3377061020197074,-0.18297232600148647,0.4571011620373355,0
1.8691490387046,0.8276456240176853,1.2735503055058857,-1.7680492680165252,-1.3350899076441383,0.5538611109331232,1.360111315281658,0.9301341845299236,-0.4733356775273157,0.07883894165192068,0.5357051447513798,1.1193159734272085,0.4894854544956134,-0.028463749823132826,0
-2.6186209523796617,1.1817412263667983,-0.1751434282809343,-0.15234140165746224,0.5575967589260257,-0.23207269658027596,-0.6621201780292382,-0.4050655928770563,-0.9624718304614359,-0.9657474795194587,-1.0564061149126938,-0.5291460496317109,-0.014005308879647963,-0.4043114536900784,0
-1.8263046606899285,1.200019712536768,-0.6789728321604748,-0.11698299066565743,-0.3159937170375553,-0.13588246841461848,-0.4277066388625988,-0.41580720777086944,-0.4808949483883942,-0.8154923091660772,-1.0688466128915852,0.16389885894472328,0.49338476304301726,-0.0971836573954544,0
2.291630783145421,0.8424509009711215,-0.4411860540679307,1.3044509028970972,-1.0083004443464365,0.9943056395009732,-0.07646246510961727,-0.5801944431558808,0.3077355100292438,-1.0379990544945754,0.45812939244635803,-0.3696967651520292,0.5196284207129491,0.8308143952824405,0
1.4960472016509676,-1.0587923526687737,-2.5089938703466523,-1.766240030966958,-0.9609818450201136,-0.011567215377372068,1.0679243752439311,-0.36549819685918633,0.38887372416260374,0.8034006477724952,0.7173742219990868,-0.2868814075672065,-0.47935739443332825,0.12448289778842657,0
-2.896152162887888,-0.9981309864694311,-0.3615043827989249,1.0917177273326684,0.9957523047875529,0.351076213950342,0.1912948107522739,-0.4037311189274504,-0.8338328355616139,0.5085603272578165,0.5042084771589056,-0.4426868346767503,0.14124689008773644,-0.6338567101238508,0
0.34714419103562744,1.1631147307990526,0.05893167948904807,-0.21314066806814236,1.17494375100433,0.2135461171558352,1.723764764747783,-0.03267373158452218,1.3791171788658703,-0.29100096005247456,-0.9432487278761433,0.05478445112829891,-0.03575728515745251,0.05618696487923941,0
2.6040864499791447,-2.3214746500165684,0.29207929226442914,-1.5300866406547269,-1.6053515710049426,-0.9663454203357091,-0.9199316920922105,-0.9480030053284919,0.44444275748986367,-0.38871124362570686,0.5340202179697922,0.9793917733331777,-0.9656950243888888,-0.9735362029898348,1
-2.3640656113130953,-0.8021589994791551,-0.6451078309457775,-1.634812681069333,-1.226131817366673,-0.858587303877208,-0.510258335586966,-0.3195893135878032,-0.02353709653006128,1.3719813772408256,0.6192893174841555,1.0648257086231334,-0.05906025110627455,0.08701823891386744,1
-2.6511034318880125,-1.2768751111183265,-1.4028775400323963,-0.02714498272505067,-0.4683724088448627,-0.9257551872780201,-0.22839498827968177,-0.666383213026118,-0.3111381433504406,0.21812980835661938,-0.9711898202151715,0.22743727670634403,0.053770242400940846,0.12816929508070238,0
-1.0888248825699334,1.3328500475470024,0.7409917304309395,-1.652075722479385,-0.3985577029930128,-0.5398705586551191,-1.3921901523199316,-0.0718529612622844,-0.3910619901804372,0.8100161414134331,0.6201788863925525,-0.4181563335627549,-0.36296585062595965,-0.5644527543318053,0
1.6435376312895482,2.495387615888275,0.03641671578634763,1.6464842968925115,-0.9371179728554964,-0.5123265888826928,0.8528042671717467,0.4195594401236471,2.3528143346699824,1.073850748177224,0.6338803490266999,-0.5699933028737655,0.41696338656474885,0.8988006173132842,0
-0.8801985415142032,-0.4868250855155051,0.9969291447687058,-1.540237245000184,-1.4836450534952519,-0.831707294652431,-0.17873953053256525,-0.22232569801917743,0.13412080738017526,0.8287331180171278,0.6581531237850666,0.20676581348018985,0.4223671544960805,-0.5517832589948909,0
-0.7695326426248554,1.1129759022431291,-0.5021880135883463,1.4732326588445532,-0.7557559458632489,-0.3533200506544131,-1.4721847980039129,-0.7266617579627559,-0.3932703879142625,-1.484083120832738,0.32449172232875917,0.6466504500156365,0.5092172223519977,-0.11099700457129674,1
-1.7918008095114473,1.0903841780684302,-1.8157855882226694,-1.706497561925581,-0.02010516207921297,-0.6781207398003605,-0.9621976229178449,-0.6734868858845862,-0.7271704544307621,-1.5503208813900253,0.4840755733786505,0.4589877230816504,0.03670492670980666,-0.3683426242194836,0
4.081622613857883,-1.1972742078230811,-0.2678906758354487,1.4124716173264071,1.1024493602055343,-0.4154890496314396,-0.9961696053327206,-1.1613943520359178,1.8710541015206026,-0.750453042404448,0.5826442276373353,0.02794307790248948,0.31889307580621024,0.7971489897785534,0
-0.4002753210263928,1.3586548513112986,0.8770370509585687,1.3047722066793839,0.12189014813157213,0.1462574042762243,0.17138294045408103,1.0611295867731072,-1.0979987865423737,0.7215984921978955,0.5017072281659254,-0.9687118686907407,0.10614164634086032,-0.2337215195054521,0
0.7883902077045096,1.3603410534021796,-0.8898684887411802,1.0297083468222805,0.8088360888003776,1.2147208580162054,-0.8039834582068743,-0.23183800157936,-0.7815902835855724,0.4603475277662056,0.3558598326710119,0.6330675646886235,-0.8742419227656162,-0.9237353681580399,0
2.1534862693665557,3.1202803197444577,-2.0367878789512828,-0.0007014494334296475,0.061152599606958805,-0.3516740276273585,0.058938917380197055,0.11724638067880463,1.9445341026712866,1.2289813745931508,-0.886429668870047,0.7085071703903194,0.9306134723793925,0.2913504027911592,1
-2.2787218791841015,-0.20853881260340645,0.12467626100060313,-1.38485360521551,-0.20327880021862751,-2.1613214656061612,1.177784672526451,0.10701926417400563,1.6840815559911508,1.2393642500557764,0.7745240495846698,-0.12786472942655017,-0.5069391682065871,-0.19121090682722142,0
4.36578715993178,-1.195471204603008,0.844385310571479,-0.39614234531530046,1.3821020470718555,0.375755050119003,0.6235030670755319,2.3223369578546516,-2.4519053827217916,0.7710557605419865,-1.0485805366923833,1.390591384616544,0.618857248311658,-0.20781883281873215,1
-2.869319637075496,-0.8936112302046002,1.4405248523422065,-0.287282364154436,-0.2558731047568922,0.5971345313736951,1.3556228079208879,-0.15491059691007258,-0.17023642779127413,0.744429990359452,-0.888443351460722,-0.6709835990375825,0.9772798362399634,-0.20008101410615,0
2.7516425480693454,-0.9213640487693181,0.12093394297344416,-2.1198615594703925,0.4355900094386358,1.4926531400151932,0.6731127748249215,-0.6426665184522856,-0.07409156396166544,0.3718830068455138,0.6795936705750485,0.04414372060489952,0.35769462475904323,-0.7249272235405975,0
0.08615984530806355,2.4580864615184783,-1.0657068027277077,-1.669381283268716,-0.39218626868196427,-0.23759789973288994,-0.54772574300607,-0.1693013346169989,-0.5133504590894294,-0.6335352604033068,0.5719816043876548,-0.08051784293994485,0.7505355979645933,-0.7447786105880669,0
2.7056541015084337,-1.0568695624276876,-0.8280735103289775,1.5971420369615712,3.0710466142345703,-2.9666315810934196,-0.18256254537054165,2.284405728995916,-1.3143077741168985,-0.2077649019711284,0.5160998492160552,-0.1386654238356724,-0.033238287377017055,-0.8196133674682331,1
-2.6327904094617507,-2.7838963390045177,-0.5645855973706106,1.336183867504367,-0.1469212626875552,-0.49938165286081626,-0.6114897202427656,-0.9744011209896477,-0.3060216266761777,0.09187684369396722,0.4779954381498743,0.14786543152366816,-0.3630470303884146,0.3157945663278586,0
0.022142206630664237,1.3122985242449494,2.0359191624292965,1.66157283438452,0.1501533778049204,-1.2524200425924188,-0.6995032454669097,-0.04945782573861795,1.5227449867096605,0.36423624207163985,0.5112502070399875,0.05978308218930825,-0.1996289527332213,-0.18242412753660486,0
-3.585765797040078,-1.7533923571416952,1.0891271941475256,-0.02051916171136009,-1.4177669705240996,-0.3894031922670727,1.085630638714222,-0.18974771716882322,0.12077075954393005,0.5523868106032528,-0.9592204273035912,0.020014861279795366,0.07915256511927549,0.412499540350243,0
3.1621080710617973,-2.1144587908811365,-2.4347248877158503,0.2102666376991139,-0.6299184176324539,-1.9831622508723759,1.0155374613343984,1.2710138807320825,-1.060178870004983,-0.6501021416624803,-0.9511342055883917,-0.88941650322077,-0.742190887398914,0.3696989070402819,1
-3.6859537278465786,-1.4787410728897428,0.23230768459529916,-1.9401943676475755,0.003583903273933885,0.30222910907533257,1.191883691872475,-0.24195053589159982,-0.4432048717149445,0.6561337110960493,0.6527848520434798,-0.05645767890487269,-0.4941720557150932,0.4063649875904243,0
3.0316065332539224,-1.2717238462066485,-1.641815822919799,1.299990134518572,1.3183073680012216,-0.27582441709958716,0.8530393759530388,-0.8753978414181711,1.7054926844705725,-0.6747821862260872,0.5758240424537789,-0.15912277847185866,-0.2679672805612474,-0.09657536592697596,0
2.3728578578877753,-1.1255388993050537,1.1024304804202472,-1.7330931796736577,-0.3302293839496899,-0.3937368226082891,-1.68399791913423,-0.6663650033628478,-0.005001187692704161,1.0817631411769324,0.6348873900559654,0.22518334793997646,-0.6524668118582622,-1.5454350817482816,1
2.5078510541462204,-1.4909175921820852,-0.6652408211162237,0.0911106814720517,0.8236910853018832,-1.485284339890352,0.0045952124510823325,-0.8843596375500321,1.6744356604835404,-0.618820127518698,-0.9281679268194674,0.3573882033706217,-0.33597810901415054,-0.5647420315653411,1
1.9103931755810002,1.543353297244101,-0.4200894442284521,0.12198713631509461,-0.1827661090079239,-1.1563159391011328,1.0391841515210152,2.118144957540922,-1.5056685589073264,-0.4473097980690459,-0.9522796007447707,-1.4916695301966314,0.8966732439274496,-0.447899680322314,0
-1.2956565480145812,2.321557646338723,-0.545363017415133,-0.6394423769037229,1.6766545474366579,2.0283928576922556,0.5481376762324344,-0.2172119998727297,-1.3445750167725141,-0.7970800975096295,-1.1052683118837427,-0.03590757303461055,-1.044161435063134,0.2748414373356424,0
-2.2232243330677677,-1.9248899653283107,-0.4007074020520462,-1.9195730275635223,-0.05393734736433854,0.21392611539486417,1.3458583326581413,-0.45864642417391666,-0.13770780046026254,0.7659046105973364,0.7422482814070239,-0.6186416200110643,-0.08098352497763826,0.3131898608858154,0
3.779499641246756,-1.265393920854715,0.8157504589130393,1.4218794807437594,0.00329240100004577,-0.08819390303437523,1.065956945308951,-0.49188170381272867,2.3529016722267575,0.1725192895464278,0.604546833957094,-0.19908690403825038,-0.5637083709536138,0.40862834184093116,0
-0.3035582995763532,-0.6411121486913453,-2.0810766425354785,-1.5968511225049118,-0.6106912137384272,-1.0751370233477238,0.10743845734111779,-0.5487045055713473,-0.13458567298185029,-0.1222983707884152,0.6788362866127742,-0.7464004240749026,-0.574869263134786,-0.4503064663991215,0
1.8562969845722181,0.7346756496679636,-1.0618439123035965,1.2296757063367616,2.0886972400369266,-0.11740361204040038,-0.893131160609359,-0.8728634105931325,0.8755020766688516,-1.1558721691167597,0.374586843497737,1.196198190357901,-0.9655209659673204,-0.1107627197181919,0
-3.999057951405079,-2.525046217363002,-0.6915934143901544,-0.39168036120324945,1.2857574082651357,0.13685218076555825,-1.0584129552501582,-1.1688616673778103,-0.6935117240713309,-0.030209135626728233,-0.9345037455982365,0.023854065882544063,0.9791545043870509,1.0412252796530153,0
0.8682787965236315,-0.28317527772788553,-0.3435979349705582,-0.1436974109034631,-0.6356408866530966,0.3704260347271561,0.19999740979418357,-0.6754084633374087,-0.04613970927471802,-1.3512048565471775,-1.0699619680229804,-0.10404138491598511,-0.7260241882752589,0.4744505212918439,0
1.9806981094935092,-1.0629356308892768,-0.47012126015775424,1.0444492279916602,0.18736862226487006,1.2579102442861683,0.3612541180104991,-0.8998172341650722,-0.3009592939386153,-0.8245218071156946,0.3686789676990891,1.1579162502636797,0.15973447420538447,-0.8019596245828955,0
2.687961673302634,-1.8881645753971026,-2.2487247225342606,1.3851149616970706,0.20739670630643792,-0.8293748308111034,-0.9196096986369505,-0.20481923253975762,-0.8564691625578024,-0.484870666339466,0.4277855952363329,0.5061423963242223,-0.3932469191729462,-0.2766844092244722,1
0.30641748484468395,2.632479217010946,-2.3663330771610074,0.21791534235922028,-1.1538631100489802,-1.439484673513116,-0.9784859717481802,0.8423668158747012,-0.7895837904101762,-0.16387590817811862,-1.0557708197800715,0.39392572252127706,0.8896222915061376,-0.04984357051233033,1
-2.1412199565412644,1.1842315503436787,-0.24060616785775463,-1.8900792242413746,-0.3616325841172476,0.566750846808489,0.783615749855287,-0.2078668116876838,-0.46168781521009417,-0.8862919172057303,0.5263832877828852,0.47183985353199315,0.5538443354152081,0.028353838305548176,0
-2.952128332217223,-1.9788211924449084,1.2085294296352127,-0.13087076448717916,-0.3807231017369886,-0.2071729085722523,0.36701495545901125,-0.6174003282371295,-0.26311214477359085,-0.3185466495927318,-0.9792093917568037,-0.18474760408434102,0.2200629901581198,0.18521673487582568,0
-1.9202839176474364,0.30259555388275305,-2.431544444641563,-1.6576054777816045,-0.31311961704942853,-1.0588893588839008,-0.5983289238993159,-0.3449696877893682,-0.35209752486272344,1.4238273501951098,0.7241559943443028,-0.2081459798171635,0.035427870601938624,-0.23376842432543718,0
4.2077835230119005,-2.231696427414969,1.4582536110812494,-1.4123362548056968,-0.7728440226990214,-2.0454566043190976,-0.0321173379399882,2.079366960885528,-1.7956407771698215,-0.30617818055075535,0.5369049216515075,1.334117924967211,0.4561732369157331,-0.01186263194209236,1
-2.5707766995826176,-0.6136689555659821,1.7748808176615976,-0.1043573021112183,0.8185184538509008,-0.5781767869738266,1.16138715320566,-0.16896436674431795,1.4923421600704458,0.9064048660777814,-0.8489651287358332,0.20985419918572598,0.7007088786282022,0.3845041074368456,0
2.6390910399557765,0.8824176648410218,-0.14155985944122534,-0.2607386190412083,-1.056856154202535,1.4616282500690174,1.0386098553721144,-0.144052979627825,0.3616608885746415,-0.2520574609610463,-1.0088293528084045,-0.17398105135914438,-0.3957927502096584,0.7087492329449256,0
-2.6861495496887184,0.8751309516686488,1.7826751203988032,-0.17397953626714768,-0.47603025953096717,0.4771992537755073,1.1616103962621107,0.050782062086520835,-0.4764785114388823,-0.7146134322101959,-1.0492707427686374,-0.5132208944359145,0.053601046600379766,-0.3181137040329664,0
1.1629652701198312,3.027304103688101,1.213467606047103,0.20497339685200916,0.5534697873223771,-1.294684412204174,-1.4127702982791928,0.2518428505302768,1.681611393431491,1.4752273550203554,-0.7720869018503067,-1.582330475744373,0.34830114515115634,-0.07297462750401817,0
-1.3042716519722153,0.21982582658201794,2.7966786347184307,-0.5412593000724281,0.8622162611736306,1.9410994874924385,0.14602950603263717,-0.4515934536913892,-0.6316685688909012,-0.48018961433981505,-1.030405658089975,-0.18188987544904262,0.38519676389522456,0.3416208698754293,0
-3.3563169048180774,-2.8344738252611994,1.4590937560193133,0.04229748767807073,-0.6365561776142774,-1.1291585700682019,-1.0743279533132,-0.7565151861148073,-0.07519559195656522,0.5030949458537688,-0.9327720587585554,-0.375681444177283,-0.06849412388448366,0.3733760004669302,0
0.11513863161605248,-0.45472764769116003,-2.2181064841998834,-0.1647775127389416,-0.34346764534791807,-0.13820156385097043,-1.410466003574519,-0.5865951085245894,0.13261562351711628,2.4158710300039306,-0.8293182899057204,-0.13631837408848466,-0.1325311226617412,0.9212389040983743,1
3.9883645962902734,-1.4426213140607842,2.1053954459011113,1.2303660006065769,-0.5391097284143943,0.882434590771307,-0.21048208099831572,0.29503635259222893,-0.2840149395594763,0.6485950902607528,0.4934480061430038,0.44324340065803136,0.3382664397526331,0.30873099556077804,0
3.0455912986150873,1.8352204469854734,1.2457694656903566,-1.5552269721584733,0.508451252763766,-0.7676204492424866,-1.4421536166542663,-0.18799712781853456,1.6727181878644337,0.5144643040869988,0.667542249871121,0.2463357138708837,-0.8082070001453641,0.33212763916796717,0
2.196402758372785,0.20974077411887215,-1.3346185108842452,0.02587762604609667,-1.6684422631122389,0.018296630190933843,1.2552595709577423,0.009544939667177623,0.621200934920626,0.7902195100836067,-0.8501743862738838,-1.0972691737424998,-0.07589890175239118,0.31143618495944747,0
1.800130255388651,-1.201940159489086,-2.022186543946805,1.3534165899319408,1.3797086902283267,-0.9058255000276944,1.2673127580814638,-0.4404447128462347,1.3446018357602088,-0.013780195182460294,0.4952295436143828,0.5839855058998563,-0.9575584775086107,-1.5358566579802404,1
-2.5270201585849836,-0.6260731258181284,1.7247882806675618,1.521381036240873,1.511371623779251,-1.7877938344509947,-0.05410962375257376,0.7223604724072528,0.35650689293579396,0.7028646034626788,0.5525680492610819,0.3926806042996039,0.8953105507147147,-0.03743840561902761,1
-1.6500022210714398,1.029278504270196,1.8800794074513534,0.024438959604613786,1.059923698683044,-0.9265190130591948,0.708672879139484,0.060828684394275356,1.1622813027444907,0.05575080041306718,-0.9070252967498628,-0.6192242173050171,-0.06911569748626364,-0.30408034458406563,0
2.66553596020885,0.07266096686443496,0.41369754300775435,-0.13771685360565555,-0.6018208131759333,0.4036773588219878,0.7301701649834654,0.510563492905997,-0.4730332813699024,-1.0320529588067606,-1.030295645678764,-0.46042956239271665,-0.4114117317388689,0.8606763658056188,0
-1.7878415327880304,-2.515239218749708,1.454506781151265,-0.042364251751477455,0.8799666497110439,-1.0545923817106717,0.6882432676741991,-0.7933042665362023,1.635814035863274,-0.4773790769270942,-0.9048407478390232,0.43730366813484634,0.7774209516633358,0.2605270687243609,0
-0.04767656844140326,-0.8291822164493634,-2.601631849128866,-0.14459050408617768,-0.5495151286027231,-0.10445983059326432,0.7320239916388634,-0.6191810446787032,-0.02712196834025368,-0.0491872983476988,-0.9597649864020813,-0.04238812329233223,-0.42224620097124765,0.2619593170542122,0
-1.8399474729712866,1.1065693143543944,3.2300550248423305,1.3165421577285796,1.6191004829677405,-0.2402247537251035,-0.5045232827124668,-0.1605652492305287,0.7673731115665078,-0.48593628181439025,0.40320592801773397,0.48673190384990017,-0.4115093684084604,-0.3064376815149526,0
3.5715563957409437,-1.191692749472724,-0.37290713365618544,-0.19854391963621576,1.9089573826980248,-0.5031289514624312,1.0139921500776963,0.10704550919245795,0.692992591000385,-0.5547218012211612,-0.9616272390600845,1.1136037098949565,0.482751923277326,-0.6028067692549873,1
1.4898577538171007,1.6301910459347984,-0.8592671128274529,-1.5605040252629654,-1.5203197223930351,-0.3232120135790519,-0.44879370564558435,-0.33602654529546694,-0.012846467262653009,-1.2137186262562616,0.4705616622764579,0.9274105448952973,0.014343722885077669,-0.30183355527005806,0
-0.004986734684581012,-1.293514234796919,-0.08176434083223644,1.4046234330674388,-1.4081151219831438,-0.2728661997449394,1.5586088404617602,0.8138825982025862,-0.43498724680722184,0.6784954621305015,0.41591261106222616,0.9853643216102218,-0.4439692916436399,-0.07023611665802161,0
2.633779443125782,-1.7820433076779607,-1.81964439882214,1.322721855533549,0.5236972921053611,-0.4033539131166549,1.9743662919507958,-0.5992556438293724,1.844740898003219,-0.4485826084667687,0.4533778732775576,1.2839068405829854,-0.9086297227681538,-0.9226746383185271,0
4.028406135285007,-2.6395221205733,0.9328074624103344,-1.4369651985012817,-1.115015759195068,-1.7050009040108713,1.9878082207771826,2.13012972568993,-1.5680569517606737,-1.3289333647811656,0.5657125269837583,0.6731636035940546,0.7283736614468164,0.2934689965178461,0
-2.604986408654256,-1.3893387721229977,0.1727498354984416,1.4025138141189548,-1.321452125244656,-0.21622972040081145,0.7033532674503444,-0.20466731277967676,0.03186226540784112,0.9732774721099046,0.4655622131971296,0.3662519731732288,-0.91744771031541,0.2171877707981447,0
0.3952274072288103,1.9006629340854004,0.5862249211699103,0.3327412429573727,-0.8196527409947834,-2.0991204927489435,-0.37508832386944796,2.1772937808383,-1.5015176130728831,0.5010127184921926,-0.9651462280163041,-0.6197101436327387,1.7799259623693664,-0.8150493312183821,0
2.227091636713735,-2.074296929044512,1.1714271483061724,-0.34180200933999805,-0.8321283419359318,1.320292442715636,1.4289275699398347,-0.7245831591469355,0.4081372660612712,-0.3069215800299117,-1.0044411757464213,0.7384949304489965,0.4759837741910953,-0.3723390855006639,0
0.12794407486959553,1.2420259991227185,-0.1991190609725896,-0.38119661565937424,0.7007300056488727,1.0668143250747526,-1.2423967277254604,-0.5301520980078454,-0.5735143278178492,0.37858664267436437,-0.9922860743652204,0.02497443502297327,0.23252918983998272,0.5138713252371809,0
-2.979459012929421,-2.9984685066498975,-2.090137459414937,-2.209065549398566,0.2058287257616664,1.9891289948617625,-1.7904930206695666,4.603656795588571,1.4419208538084087,-1.3159302317268218,0.5863339127206149,0.7598891037536006,-0.45415773243098345,0.1870649358072157,0
4.289082893587872,-0.6034915574080815,2.506348524871117,-0.31106524576849814,1.662143945879489,0.5028483338202921,1.3402157069692309,0.6433060546307763,0.8691290618603332,0.6863824634895019,-0.9430651514915322,1.2448121964075718,0.42275180004896795,-0.8909577422935534,0
1.9342345434630177,1.7166046908180073,0.8325688670867444,-1.8535119187081126,1.2124667015868449,0.3757777958093121,0.4959350936824238,-0.1069714568263295,1.468258328735353,0.002988454264068925,0.6751029681210026,0.24901864349273847,0.05645490483588296,0.30777906161458696,0
-2.0531239373493193,1.5324821838629945,1.339906157529553,1.4717655540821424,1.059938950617978,-0.9086744936569321,-0.7739621001511503,-0.1113646674191664,0.8885125935716636,0.16563109867945727,0.424698869761265,0.6173610382377179,-1.1549215866208424,0.19624269515319565,0
-3.014781847968913,-2.33184587017269,1.1957868576683572,0.001806728541353607,-0.18688448777589395,-1.1162845259518255,-0.5854804344094932,-0.6469165109229434,-0.21882724362087672,0.5089811431253773,-0.8770855499115192,-1.1126597744863167,0.3092244462543941,-0.41605474489750643,0
1.4085104386320697,-2.3094566360846724,1.2845902435557313,1.317115286082585,-1.1544834459357587,0.5387097071879635,1.7098561725561825,-0.49697888352937164,0.3858221545114725,-0.7420200443761156,0.4632467252652676,-0.24335648678469732,0.1046582657097657,-0.9511664292090749,0
-2.579483814559739,-0.6209503144278773,-0.7514815806354309,-0.337994959125541,0.1724181912476908,0.5537942469111667,0.8854950775459547,-0.4766989375437146,-0.3389637786467021,0.3437944803026559,-0.9147443443136346,-0.1646796856669402,1.2660403369314295,-0.004970844001084444,0
-0.40930027281668385,0.43807069045434593,2.266959216913656,1.5601498992895926,-0.503283834346204,-0.7851429690345896,-0.6606991915750918,0.6983050331620405,-0.8448154653514304,-0.38888589459786926,0.49499966649053634,-1.3648999024502462,0.3399250411515252,0.16375996033133458,0
2.8511194246666065,-1.172745707015347,0.6316414027544779,0.9605683523902845,0.316572137966346,1.7547706454132508,-0.5015273469646676,-0.8520953481623879,-0.002877817290743414,0.6883033064696097,0.4837536930164203,0.6245881864720885,0.1273364430482458,-0.25581273693280054,0
-2.6056877093682695,-1.662385065591965,1.447026457889425,-1.619905219312553,-1.0850706430811445,-0.7361811673329511,1.1385396625986202,-0.24128879953305568,-0.07203864211785271,0.11212558547762438,0.6580909170213722,-0.48613514823698134,-0.4161523848091389,-0.35554384403218675,0
-1.7280733345278738,-1.494891445337714,0.9262420984409204,1.0527372176423468,0.7220249843213283,0.8358219396695419,-0.6702762718946803,-0.5661453252397831,-0.4675665164586937,1.5403878838814238,0.55013687288644,-0.2606141782289682,-0.36002690192956693,0.1935527281056251,0
-2.495022006639027,-1.4913146180776884,-0.4191192463898035,1.130815077254266,0.8135426043978573,0.13104960506068156,1.908331866817519,0.6567886419129562,-1.4022119560383453,-0.15349070277764906,0.4695180412924069,-0.25214488388994394,0.29681015383278586,-0.40436042920377513,0
4.834994597261717,-1.6961098929520617,2.155990293250394,-1.8706080266359228,-0.04777225788892698,0.9698588193331154,-1.0833684485365047,-1.1083763982740125,0.24566285755564998,-0.5748791446907154,0.6959130414436074,-0.7805185843233158,-0.4288683054979656,0.6030037468480395,0
2.2640257919768465,0.6220025822146006,-1.9509483456614447,-0.1523404485892874,0.05796717951844276,-0.20988112888732702,-0.5859731665654762,0.3735847963470582,-1.0494455302437042,-0.5859406486819887,-1.1509235750265592,1.235178843190613,-0.5155129029023843,-0.2283621504798596,0
3.854146713766831,-1.020307394366114,-1.6903159957601233,-1.920544324081258,-0.07537162434658717,0.8453972132594979,0.8499236018537313,-0.7688713882720949,0.29442918118162814,-0.4899418625112104,0.7418226700294156,-1.2128302381476943,-0.250765804124317,0.22134023005882916,0
2.42024384388666,1.2807876389668114,-1.7145184970615956,1.2846509815992566,-0.07433242799047529,0.09510755632701823,1.4451113302871317,2.0702311767881607,-1.7655361664124356,0.5789621851924565,0.3415086141458931,1.0486993011063888,-0.857707861199799,-0.30806573778939556,1
0.48806002751848415,2.5686882649591976,0.5104497356934998,0.35604846805163076,-0.21496067418797765,-1.9794867446521787,-0.339720305802656,0.5476909174674272,1.8849960457659611,1.3103774322218522,-0.808828083588252,-1.4547034330112287,0.004203362285339837,-0.5333500410757221,0
0.4339189611848,1.9207359744494976,-1.7149205573330772,0.1334378512741639,-0.17196705476947058,-1.5274484653807883,0.14820585729375435,2.117318507304568,-1.6124225279625586,0.608158154672941,-0.9453009522177597,-0.9786617154373182,0.7495358440322186,-0.1862975809384665,1
-2.4169169907327355,-2.7488987001124,0.20560090057020083,1.455429836243187,-0.836610059635203,-0.8041583550425279,-0.6835061953086573,-0.8262596868865731,0.05126552506459812,0.48905933678817276,0.504083594850722,-0.07872796985500842,-0.7929660446966241,0.5703255411602606,0
-2.597869969391535,-0.704287383475604,0.3567511639304871,-0.059395926291882006,1.0342500991414072,-0.9915164068911634,1.8008589965219275,-0.1574840852529156,1.349576310125221,0.1909502991924905,-0.8621570740275838,-0.3315536783521718,0.1469794899822627,-0.242729891710886,0
-1.870839650297662,-2.2039086373949397,0.2747148013342345,-0.10775411445939698,-0.5737516168381857,-0.4924341155412141,-0.554139234914993,-0.5501710598026957,0.07396015343790704,1.3451087641486956,-0.9183933289341613,-0.17242920341404513,-0.6458409634973539,0.30327076609395365,0
-3.1500976351867984,1.31204628261902,-0.8779113381486112,-1.9760736146537463,2.7498330034681446,-0.1870111963077389,1.0183101232856717,-0.25526962511820334,0.3036456751232696,-0.9614635765231586,0.5994421247313445,0.16167095828106817,-0.7720038586393526,0.3208234842176204,0
-2.115628632213284,-0.8686625901540375,1.5591420919785495,-0.09784407349282509,-0.2320160943418757,-0.19075758656171526,-1.247329863663009,-0.9883061153652335,-0.35462167441391257,-1.4588885196212311,-1.0698386733350123,0.04747201271149244,0.2533054221042657,0.7534360227820674,0
1.7372080704375894,0.330939214570135,1.7803402656521854,1.4689723337379268,-1.755254793839358,0.6246209988284966,0.07603413735521321,-0.3210973228613854,0.4837761678336171,-0.7102362632328989,0.46226551392413734,-0.741170977911366,-0.30405006132910345,0.8924000552490114,0
4.809852639748552,-1.4752588378107578,-0.5653121485831745,-0.4586868890084961,2.790869088445589,-0.014711538432475291,1.1793818571159809,3.212511323548811,-3.6671250439874803,0.3677995028243721,-1.0406733663743082,0.7099884519106463,-0.5941300461436562,0.5681611277138058,1
4.738399156975459,-0.17208375708500984,-0.06989238669176949,-0.4553418377294701,1.221794131107441,1.4241753413866252,-0.6247893776416044,0.17642411072863937,-0.7612394725397695,0.9280022993093473,-0.8250431382942206,-0.7869114696718454,0.7108168886210866,1.0680657439392647,0
2.8268118123631187,2.1336952875538584,0.7607535194966218,-0.02211129844107762,-1.6500878767561291,0.6345422872924893,-0.5126094154240076,0.06218878059230243,0.30926295477710186,0.29960745383546483,-1.0480639509567438,0.00704247497669873,-1.0340720908118821,0.34558491191673024,0
-3.3615768310499146,-1.6972562521654884,-0.05403571038916276,1.2190195570604043,0.936679768200531,-0.26219150285455134,-1.2457372666943798,-1.0516712493193368,-0.8026980717408504,-0.5655225527253727,0.4885350834774847,-0.47074565481381414,0.520977005413838,0.06342590814931684,0
0.7133134643474611,1.8241252826075682,-1.7159174706328786,1.5709672589871693,1.9774236987544376,-1.8449632126999802,1.2877412499437197,1.9856407528178535,-0.31249135788371796,-0.15640844836147677,0.6136759593769773,-1.4020500145266799,0.12405605640269261,0.8399315347818781,0
2.54378143971564,-1.5389073160870008,0.07372923462269483,1.1852123470586964,-0.11606626108718458,0.7423879327834678,-0.24658680299891797,-0.897863281733058,0.05098321607820542,-0.013061523427004987,0.4951983852975425,-0.07891703494929238,-0.07587491815009619,-0.678093788982126,0
2.404561040825456,-0.7233983888528933,-1.7030238807201672,-0.4739551778480764,1.0447483148709418,1.0459640506326016,-0.6962935041207039,-0.8337661020029326,-0.366134036782512,0.9754652309006072,-0.9325062939857921,0.1393590115916717,-0.37514137510932455,-0.3926774831574024,1
0.6224065553482419,2.2234116909217385,-0.41757266247442243,1.4694834895113644,-1.2393309162028026,0.059733611126008834,-0.8095703912574103,-0.03031533679566689,-0.13030010169576287,0.13238828667823468,0.3857427124138137,0.38546001566655214,-0.07137815008696553,-0.3334475607790458,0
-1.2405011033066708,0.9660648745002889,0.08047581986367768,1.1857898686168793,2.0106789814202806,0.2678728443211816,1.5088813196061244,-0.40879053795569015,0.6244494564313378,-1.819501358376843,0.4052986651833889,0.2976417868360927,-0.5126315874951474,0.06924038374704936,0
1.7077147955431429,1.8571591789840238,0.6088272833645249,0.9723547725183473,2.2079070728850168,1.5922468617618435,1.0845932208539377,-0.18212409518565498,1.0556073907283168,-0.1277013748910498,0.5223537306012656,0.15643139657311841,0.40083763820841933,0.09363843474418432,0
-3.1138421259106606,-1.333831274216064,1.3706955400648972,1.4833164294164745,-1.4379549065691137,-0.5065048548684378,0.05946315662351436,-0.36083084190277664,0.12165583227583045,0.6071655488477706,0.504703171946382,0.061257234662676116,0.6696924393511009,0.0018276369692889621,0
-2.628560798345439,-0.29514431012430153,1.2803945809029502,1.2842771150958134,-0.5257877739213263,0.19889353946095165,0.04698765161197176,-0.21098890698183048,-0.401015999000983,0.4984509118676004,0.433525720837932,0.5411061797128788,0.47597125878141133,-0.3761110423658868,0
3.1005225772050133,1.3097738682608047,0.7806224193406469,1.1112724324732428,-0.3320374040862043,1.779444902400013,-0.7197451934364474,-0.30010280119879035,-0.040180383473018916,0.23079091418670364,0.40282419954398224,0.3829291269294307,-0.48618272605586843,0.20405635765226907,0
-2.9652111147966167,0.8158944743658983,-1.2185927850146083,-1.8103184851777103,0.08034562801969375,-0.1792136111702228,-0.27837575498040495,-0.42948474965429,-0.7958189808339915,-0.8309560266623499,0.513959934974216,0.19281297564239758,-0.8358361453453408,0.3177058494904577,0
1.3469053548340142,1.871761340757355,0.6558866966632627,0.12945795113433511,0.05220687135488007,-0.928568720813787,-1.4585657958446046,-0.3056866837187283,1.873915283035073,0.6674024528336184,-0.9112529490451693,0.4087350469734105,0.3247229446805396,0.8135975240059626,1
0.768525962751429,2.4615277933093545,-1.5135626631713246,-0.26818176341173205,1.9620219992329497,0.22852883662628004,0.2196437367319019,0.02263484557197115,1.1019660312144866,0.9806700380475604,-0.8746593101860175,-0.1372027154830152,-0.27814539563398866,0.6444074317950069,1
-2.718405178416072,-0.0067001309687398725,2.487842607923064,1.1541691596243564,0.6214020638278592,0.7246715150673546,-0.9420559996810639,-0.4303732740867178,-0.7657578886523585,-0.14349079529711747,0.4393117201409678,-0.5929076001879784,-0.016511337767055958,0.11320326019826399,0
-2.699670362866519,-1.806968027923598,0.06136496883994361,1.0442244413728616,0.5130453708188072,0.9314025249875565,-0.10991545096315349,-0.9647279577229706,-0.47943411032517974,-0.3972802070607309,0.4648778236146724,0.3028675651955031,0.3721279768848603,1.1220594645918416,0
-2.400361639309227,0.5994944554355446,1.4273903496286215,-2.0016783417544404,0.17848092215128525,0.9001339391055861,0.16081210377516245,0.08428665080137675,-0.5543854632345449,1.4091660005917113,0.6289402269357125,-0.3224159403209825,-1.3272488667096498,0.44487470328578016,0
-2.8577759068989503,-1.348939852739587,-1.3117420793123435,-0.3473460298009602,0.5252391097718898,0.26144521069053944,0.5834474994169673,-0.5626330262197287,-0.5258899079918447,0.3688626901842764,-0.9574093292698848,-0.22623357693879895,-0.693341251958381,0.4049152628013419,0
2.9220841609585624,-2.3055509767595144,0.8796619866296794,1.4153488750397987,-1.6358424138862757,0.45578579089760984,0.6608371323295262,-0.8526847575944808,0.8069367786619477,-0.9244097941139812,0.5149359247532681,-0.4706082065334035,0.3070631182040287,0.49927441361434266,0
-1.5399524636100281,-0.6355543360710182,-1.8604498938978218,1.084813011893086,0.20251555655264458,0.687323509125151,1.5584285231687391,-0.19152263124112806,-0.4071390982412416,0.5045284014566648,0.484517742942643,-0.07313408410716328,-0.1462954789594252,-0.8063119285614829,0
3.4768475592507144,-0.31887001200802967,0.7086362619993363,-0.37401769595549894,-0.5798397274608319,1.6604490745590745,0.35649426279154744,-0.2874399231224163,0.5182330537378658,1.730494462216385,-0.8528409637747937,-0.3865422137717343,0.034968543724605686,0.15583515997756994,0
2.33435784720186,-1.7847630503735195,-2.3595543154821756,1.3285409979908867,-0.4147252499519864,-0.17352856802859926,-1.4096394152877683,-1.299695206964584,0.13653656812122028,-0.6693141239507789,0.42054098342550833,0.8662585648815424,0.2997224775091282,-0.34604125847184225,1
3.0992470446195464,-0.23237812767301458,1.2378836182038575,1.393099219743061,-0.9905503163975363,0.5691370247689541,-0.9433421599490365,-0.8850115990536266,0.12875926590571984,-1.9114110063312977,0.3374860366114701,0.25271063274459293,-0.13541702133080172,0.10875908412192964,0
-2.4914447325607543,1.1680079195757433,0.38300040825916565,-0.11712981061590833,-1.0037560209237715,0.18229391057436467,0.06803975687245847,0.007814317344574636,-0.29643311161515123,0.477404852847244,-1.0735619000841754,0.4964672694867882,-0.7348171415676569,0.3457539091704749,0
-1.3196578211412884,0.9423515731409298,1.0536974138898498,-1.7843399028838989,-0.3017131702185822,0.08676068116051364,-1.3160931984429138,-0.22699446477770557,-0.3978327837220375,1.0887431500717462,0.6112661019771165,0.028900612026652728,-0.8906889582511964,0.39377318200318406,0
-0.11974615181189956,0.16230479986287663,1.2053277858805038,-0.6165933187641325,3.4094217422376856,1.2290232268645545,1.2697571879998613,-0.058383198726301586,0.8511001312570089,1.691611734186229,-0.7498490796725833,-0.90794169406405,0.5394046751653185,-0.41083285057790453,0
1.3567073990315066,0.13397716329162562,-0.6832545899116825,1.4082479494767688,-0.8571148115851128,0.16510212757487724,-1.0340013274178337,-0.8893436333423401,0.06950421126321278,-1.3998265633803533,0.40158516803958383,0.020049159082498425,0.06215687350747603,0.7768664018472724,0
4.126612733214577,-0.7783743354346211,1.7343780824068449,-0.40352688554197347,0.06722259185261803,1.7243296384719018,-0.33652686722291897,-0.7456104996802573,0.25180310753465845,0.5536989502769364,-0.8821705108364208,-0.3949043220721251,0.6928822972432905,0.00705807237086358,0
2.188944055790149,-0.634916866752791,-1.686716450072506,-1.4439224273569093,1.0842082126337995,-2.2736628449120033,-0.9082439910172,-0.5692289453861732,1.4476786255590794,0.7749153977330492,0.754646541349377,-0.27360565980127277,-1.4886458815367358,-0.6354167461072503,1
1.6233770607103961,-0.734263000880756,-0.31989470946127746,-0.11759955500270569,2.1773323938998064,-0.8181699233780106,-0.8826211830042967,-0.9515279029500774,1.310664716714752,0.0037461778016204556,-0.7962473629543331,-0.7031523841502428,0.5411276295031798,0.2641312179657391,0
4.100210765242167,-0.5713339044188771,2.1263157891143445,-0.2791396461908552,1.5753732936801534,0.5005952617782555,-0.5652564940985407,-0.7608072383632405,1.6901726376923174,0.41107581046612285,-0.8912752449237854,0.7764675511421645,0.8530578811942376,-0.39965159416597973,0
-2.863744066245998,-1.6284788299777375,1.9968351918133003,-1.7364387314623175,-0.737701082268455,-0.24028734253113132,0.47676069984991387,-0.3449417024475316,-0.13750567792765928,0.37460872754270186,0.6557079969855666,-0.21602069424927103,-0.18925830619696019,0.21681238229151725,0
0.5100034550931273,1.6582638532304474,-1.904903100379131,-0.25077762267897397,0.0342245555735467,0.32664331907416766,-0.1415861464123671,0.8119146026777644,-0.9812570341418574,0.9093648579852965,-1.030818524578998,0.824451212440698,0.43412298845379704,0.3743646366885816,0
-0.10549662690982702,2.12864171850411,2.104653017712556,-0.1786603365809859,1.0327101420011646,0.3032111716912017,-0.14395428883138425,-0.1416608432709858,1.197180781807077,-0.06653145557220493,-1.019285354744035,1.2228960543934682,0.6342060142076038,0.38499500108346474,0
2.0773466536548204,1.1999799695297826,-0.39099759865853634,1.3553215386490696,-0.8620093012457113,0.630163870887177,-0.6962180021088054,-0.3278790761614562,0.06874928562607083,-0.2088271903669794,0.43182707507273627,-0.06553908950388895,-0.10990605735317018,0.29603578031857314,0
2.2634239196368275,-0.5252875608766641,0.6666187174644687,0.15358895130655786,3.0289558035441653,-2.990378892265362,-0.33337301718322176,2.4374226746349414,-1.215905481836445,0.7978576192642576,-0.8334330894665045,-0.6168593445428785,0.41486070411121606,-0.34433810235658924,1
-2.0384382246421775,0.4668950208273332,1.3167226230168116,1.4324130390440102,-0.9104941174007972,-0.010949928963877645,-0.8358890225622223,-0.7089404763852403,-0.3371493440924912,-1.7034547596743956,0.3335488000426196,0.5344078640264085,0.7886116048822386,0.32604136699371794,0
-1.5408407229690804,1.9850108735171959,0.24837492474491266,-0.2124753385871314,-0.23947321621053885,0.4181512470366946,-0.9160041152719408,0.06739267610420666,-0.5715740115513477,1.1400274950013918,-1.059295022903218,0.563683981945909,-0.4949308444802357,-0.054424993865369774,1
-1.561694791385642,0.21222071954903854,2.303277318354199,-0.07317802844780152,-0.27096273204004584,-0.13092427152866598,-0.714653851575089,-0.18859314989278977,-0.44168285773630184,0.28164209259858414,-1.0045879875033596,-0.7653118933922167,-0.939929279764625,-0.18884233622988206,0
4.4362322820970075,-0.3377527999633609,-0.02708997681992751,-2.048158906815056,0.27602954180779676,1.5314738262525358,-0.5517151194575804,-0.6948761868210674,0.17282800964456888,0.9509560232296506,0.7566351536684796,-0.46329922626788445,0.1897015779928199,0.4418771032656058,0
1.4669933489584712,0.6844325040489754,-0.8623669596892833,-1.713208899055148,-0.8223097957111486,0.21200464106679506,0.11401095450408573,-0.5253251099579014,0.029342891977931634,-0.9566620071107726,0.60967117737792,-0.38061998523263235,-0.15196807253731345,0.582077487869568,0
3.3669022103328228,0.8824886528488812,1.6701072350104131,-1.5445645244021373,-1.7838287465064313,0.08437329189881207,-1.0300486994747964,-0.3346065439854172,0.5161681237360521,-0.4197451007398663,0.5950685028507241,-0.21812603488419888,-0.2394332097998707,0.43911285676825884,0
4.171951313747286,-0.8350174597111228,1.1492013939716177,-0.38740419754191535,0.2252681937248533,1.115108180695066,-0.1636108271226118,0.5043798757362644,-0.5368907065848977,1.4378220985562766,-0.9609290238688132,0.5381076260129457,-0.13550101474032117,-0.2496410729752323,1
3.8788075145740812,-1.8874931498152774,1.9685014562761118,-1.3915625753177943,-1.0286033873826095,-1.6109355459066328,0.2128333718565044,1.2504842928061828,-0.8611034348925826,-0.5996421457567273,0.680152269866173,-0.8056631902787406,0.3776603634793244,0.11385154163859533,0
1.4067606825707746,0.45976473707850435,0.7579101680424759,-0.0032784583266008984,-0.815614842949317,-0.502759155039458,-0.6661733169376088,0.613127744138601,-0.6987587688904605,0.1366101079147469,-1.0883268085997329,0.6096300478355058,-0.5934516816564916,-0.14379393295522255,0
-2.2504466838406607,-1.9066176124920917,1.9499575528990196,0.02353806900289568,-0.04182949240019859,-1.2224789580798108,-0.061485095096223456,0.26837411944851275,-1.0467139525971563,-0.6007487591821968,-0.9742945128645616,-0.5784919860742292,0.5081517409807003,-0.11211846878197143,0
-1.3698994247890441,1.7795641960466408,0.22359021769391604,-1.3547853515895896,-2.103766555636299,-1.4529903122626315,-1.1782649533334206,0.13082297006986007,0.09136457793135969,0.6248663042481448,0.5581669777086411,0.2511959294082254,-0.5266960602579791,-0.31987995260366114,1
-0.6525625491382679,0.41939692645523124,0.0035856415507428594,1.4916623891512026,-0.8162864164461157,-0.5986607765624586,-0.77971953567305,-0.20094877029957114,-0.22055615848607799,0.06049768474191233,0.4106837546638861,-0.3151691810371254,-0.7560211772512383,-0.7730875859654172,0
-0.5369915891178755,1.233823691331559,-0.4884791215915627,1.1413106255924426,-0.08897306264957143,1.166435879024848,0.7350244407279692,-0.4773266401844821,-0.49412310965434597,-1.6698804462190306,0.35454506400980407,0.30578330719045904,0.7605018794285328,-0.14959604115967562,0
0.8058785309243466,-1.2087345801119498,-1.8607785434820172,1.139346678042764,-0.18690514930506863,0.6945594233836365,-0.8741661994026949,-0.8155167128560699,0.16557861953744668,1.2341897878889754,0.5421783913062833,0.36061876282890865,0.0857858836933945,0.8349866142614281,0
-2.3056042158086254,1.9336893020865125,-0.17568515382523167,0.10987989547495958,1.0871207028313292,-1.5791509872887382,-1.0225875886593796,-0.3573879225440619,0.9714137616551209,-0.4209480691495638,-0.9763028601241232,0.3686557715588495,0.43515506459783776,0.33372290457709786,0
-2.561287899155378,-1.358242979606524,1.266487425557302,1.432743343933877,-0.09747423634573522,-0.8142473404146772,-0.6056759857059684,-0.3809966273088835,-0.5520668290502343,0.3309117321590138,0.47583721428672415,-0.47284979267773575,-0.12811308682189637,-1.111378124722501,1
-3.2728947824024655,-1.5832042323318463,-1.8487076522575348,-0.27289860876691874,1.3642155974098138,-0.6410332815909611,0.7013238059866145,0.29212107828762496,-1.6575008365200752,-0.29176859001750355,-0.9774968109904605,-0.4125378004739955,-0.12369771102682788,0.09484006204419532,1
-2.5774060247973662,-0.9511094928849788,-0.3845533417893617,1.3792321347569345,-1.6525262626221813,0.041964899017922885,1.8127845683129038,0.07116385994771392,0.2326341949918842,1.3862538511445979,0.5262917050316736,0.024694466198329063,-0.4688338655757749,0.12372602460431903,0
-2.4808820040565123,-0.12116056528902522,-1.835646124819573,0.01877832547567948,1.2444013378794274,-1.7307030075360423,-0.5011096817480101,-0.4850579401909218,1.1824388703581161,1.1614315080670936,-0.874689075145359,0.6087670059800323,-0.15687818907014256,0.40741145455978756,1
5.51395742045377,-1.5303536681759897,2.7799740221795934,1.1462592910878775,1.0254401735501053,0.7454107107222946,-0.7534241504861948,1.0806532005707852,-1.6166734529184033,0.4003458472439277,0.46273669952793944,0.24832789257056806,-0.3662097776043215,0.1628896283404994,0
-0.14820079833132488,0.2832379834274559,0.8427028023821376,1.1798837545780139,0.7107711028641237,0.5689914883335547,-1.700580957166558,-0.7252644843771283,-0.7823317511932746,-0.5670708075881242,0.36978969884497265,0.027999050595292663,-0.6510419962730688,-0.3788495007718242,0
-0.41206127769461587,2.0546982341143836,-0.1772267475547974,0.18475910343999363,-2.437590916960173,-0.6262356035965777,0.07729785865989613,0.3103485530455956,0.33960890618982686,0.4237751573017534,-1.079609511878579,0.6090033454752843,0.0075978495308078355,-0.5991055332415886,0
-2.6650993080538137,0.17929761612750295,-1.0320784862245267,-2.0609207910488316,1.6318345665729435,0.3720395670615458,-1.7797193360063104,-0.9954108310484147,-1.1035142237397786,-0.5650240301623661,0.5811179556598087,-0.062004298350790854,-0.1600158893946005,0.7672322956494451,0
-1.5145193015269156,1.9457849257905862,0.32992070111020116,1.6122065244622612,-1.5383930884928534,-0.6542537586100311,0.15395957468131455,0.29973832313500526,-0.1494075742788169,-0.11360558624192625,0.4153635099358208,-0.6379102563505747,-0.16644383466442947,-1.0963620544167352,0
0.327640290874832,-2.651602686416574,-0.5594514504112906,1.3620913403121608,-0.8212496178735097,-0.313579690565838,-0.010777615524339264,-0.8614920290981931,0.08440120219934129,-0.4194177271589862,0.38596160028574183,0.9037789343898783,-0.3915016538631318,-0.8668419882195838,0
-2.681263267674351,-0.9338392377853065,-1.4488796374706945,1.420973345573057,-0.5282293962501676,-0.6982031743568645,0.10866165482560174,-0.5927682754397747,-0.2611438257370843,0.15665113150471033,0.5282505436952439,-0.25774346536807,0.7125683068556088,-0.19136249736617464,0
1.3306247267106133,0.9011883873154103,1.9390990684011684,1.2451513020856042,-0.2997642362312956,0.9863882495030303,-0.6917858743838129,-0.40958303143422864,-0.1106750320427765,-0.45142674722446624,0.4626799585154388,-0.6367522416325576,0.6819580568838648,-0.3354849049861839,0
3.7237837724600342,-0.8911987408903758,-0.6308459596209421,-0.07850443293113457,2.0465424410432824,-1.1290637384327906,-0.9905454633489796,-0.17849161332333438,0.704137043005882,-0.09012708103709798,-0.8997798360543107,0.8219424365312868,0.6247034451233048,0.3483286873546782,1
-1.2903404850931048,0.34302779017648194,0.3001587677680604,1.2136100315281857,-0.814228943945527,0.8927772238038718,1.1857032957571176,0.0767546703425921,-0.15012354516869664,0.4282034637622813,0.4097199372001387,0.12765889560937063,-0.899569429502314,-0.018138882592226607,0
5.366783690659801,-0.8098399060562178,0.3011329315636207,-0.5196143435124758,1.8737778760205819,1.4280602251816903,-0.7040775170963555,0.04716266390892518,-1.14741198099887,0.4135431588111807,-0.9056782791294179,-0.6107136481933337,-0.35572102155090124,0.20483652068766953,1
3.725883548967184,0.664385607342765,1.9008596062362138,-0.19040589488649506,0.08220861653522138,0.42866950860704894,0.6460462201554157,1.8181477248233757,-1.7397835108289168,0.03986876908507204,-1.1401645286111695,1.1271753481815765,-0.6054862854968948,-0.23565835142078895,0
-3.746642427913088,1.0286124986594791,0.54927252375507,-1.9263301936977097,-0.4372577040660336,0.6771273209637216,0.9582478029127657,0.12429176564075892,-0.4675269574943424,0.5033676914234686,0.5861490130342129,0.05178401908329508,-0.5046888813601228,0.7773162392340071,0
3.7860797849661934,-2.8996624131042776,1.7552101068420738,1.5646986443260775,0.6382443825262483,-1.6803061022364338,-0.7717899431258952,1.7013456931453637,-2.386849822420441,-1.2784477507371979,0.3820194180330179,0.3076207311142731,-0.17639902774364352,0.43843836296468086,1
2.4670401486508826,-1.6511865861367372,-1.3771193888143143,1.1074021797502807,0.4268130904882508,0.5938513055196273,0.7767144425600737,0.29144146804067456,-0.9506495026306706,0.14352036630046702,0.388477122455335,1.0842491259597253,-0.8014933011184446,-0.507397425841971,1
1.0639028996238677,1.0844544318610287,-1.984905102067955,-1.6172662147877197,0.7369510869442972,-0.9811225997553428,0.2120834212066472,-0.5815445977304007,1.4997940104835354,-1.15989974271791,0.6276578729714313,0.5704475557174173,0.014309092338293737,0.5147171933541227,0
-1.0507976013287337,0.2813792169724464,0.37204133569364684,1.7532380951174324,0.22184859371023222,-2.423875308055692,0.6085010753818605,1.110764429766115,0.9834646869795198,1.6088282730137173,0.6499328218735069,-0.48571960679550474,0.23217460575159812,-0.25890016185441306,0
0.39856494143086274,-0.5890186159692096,2.0296963716555325,-0.07921536363721982,-1.40316236046372,0.47815691432605656,0.8009409482035418,-0.3859211027149444,0.18272092403581983,-1.1005253193691784,-1.0924891467494888,0.04848367271968375,-0.8545102060643321,0.1317476048019175,0
-2.8906062508300447,-1.4073501964215098,0.7508959441258171,-0.32096855607528463,0.0595419923724037,0.4793315951081907,0.5517079734010403,-0.3947167106568551,-0.3073021169948833,0.7499820942835931,-0.9415126835728401,-0.2946646626474595,-0.3714473745942564,0.4017110822261017,0
-2.959914863480203,-0.9252879544252081,-0.2229318485239842,-0.31511870470163605,2.7141373308168095,-0.4633856824716145,-0.029785638269807752,-0.8215196167858256,0.6871450579000506,-0.15018020046372021,-0.9007986467939548,0.41427825230947296,0.6817572608685465,0.575372897309643,0
-2.2059076464805263,-0.5559326527394143,-2.024618335542639,1.1887830839126787,0.05000866355527242,0.0847080549876627,-0.661212849192697,-0.48173035553696675,-0.4307674087963005,1.1288640332018798,0.44964297144412363,0.9611516547652863,0.128940409626653,-0.0901245409157907,1
-2.293943045414959,-1.9513803285979474,1.837834907209069,-0.3293200669012861,0.9515841771356153,0.3277006769382859,-0.6582319477588394,-0.8842504568578307,-0.4663423522839959,0.03265473751954575,-0.8792754817661304,-0.9714225305604212,1.290736888063041,-0.11859618557713081,0
-2.370508016855718,1.4544810361601546,-0.21664798908218655,-0.011380548346507204,0.09258485509200054,-0.7202224029540819,-1.216899954303467,-0.4041124964910448,-0.7794989983275256,-0.7972472922365966,-1.036247874302156,-0.6419718761809554,0.18157105392927086,-0.41569399841167515,0
-2.8240744563379594,0.20320101809528918,-0.972686339960986,1.1107305849947566,0.21932656202561643,0.8789453341479069,1.5956919400240088,-0.1968877360884051,-0.6360131108049751,-0.46248335624614995,0.4409396039486892,-0.3198974962074519,0.06676669368098614,-0.021269544098099582,0
2.026660457821736,0.973703021799741,-2.331306299845694,1.2136336081604584,-0.6413331962322373,0.9388218907427842,0.0815873424971799,-0.5084131392966134,-0.03676305322438636,-0.4296230320933743,0.3815901125393962,0.6894642141978294,-0.3880647029484528,0.16762946761746497,0
-0.4816809614603629,1.2516651314536806,0.3235004352559567,-0.030154596039797144,-0.8750629527075506,-0.45715661224813786,0.6947745999386903,1.4236310084087835,-0.7620805636007387,1.2828882183889099,-1.0328477892923253,0.20935863533408114,-0.11369722595911831,-0.766084491792894,0
1.3306867200355923,0.8740289521384562,0.7102108353543047,-0.35480398659077284,2.0561973458018836,0.7843259483079544,0.6987441513232705,-0.5670168034989811,1.109500096946291,-1.0747818730279561,-0.9693830493937773,0.12230608177904705,-0.13438593154976217,0.5695778104794108,0
1.3739411994352264,1.5623534760947206,1.5970257421644694,-1.511041385053975,-0.3175200725993853,-0.5713122331949023,1.5263791081827167,0.21568477659458862,1.9631883754245536,-0.07377612710589404,0.7354009308590249,-0.5470132206244129,0.129679204207784,0.35173613737891185,0
3.327578502974729,-1.0542499697898897,0.2532912363088626,-0.4609694145191612,-0.09219323823721264,1.5781015772077758,0.5269385576422558,-0.5102989007969576,0.13606301767733217,1.067302984879085,-0.9831582752900959,0.7592434821841326,-0.31269262212905835,-0.8559162768530942,0
-1.9947825913294654,-0.9225732541409126,-0.10330207467876026,0.22786979014368647,-1.5192103243299588,-1.6708095047280034,-1.0850434041855912,-0.4409288871196822,0.10005986856828694,0.8879780980599514,-0.9562473336571584,-0.055578590859947374,-0.5068554629082359,-0.1484427260151209,0
4.568714866685914,-1.7240247656182963,-0.1464482908650009,-1.6230311404845457,0.19231983090481847,-1.1968935445758562,1.414105825186712,2.16579922802437,-2.0367345359928626,-0.8236955148947337,0.6145044485529012,0.09542462469061566,0.45404161446252433,0.15995135320116505,1
-0.6913974530488762,-1.8779408237431248,-1.7403416649559087,1.2506776802244968,-3.123480462772683,2.1749407853561675,-0.5795143622234377,4.635853776871951,3.734404725856007,1.1206395884944578,0.6313308556851874,-0.24716417549222122,-0.11970492038677417,-0.32468948238642625,0
3.6032362673518104,-0.4523712578024695,-1.4471524150105806,-0.24868038557989958,0.34824480311131756,0.4836847137060748,-0.9853838102991419,-0.6221258153521069,0.12802984945712773,1.0373782065724415,-0.826456466560138,-1.428862479902848,-0.5724116593300018,0.15974969424416802,1
-3.179877494134587,0.20240967765260676,1.1116665863141124,1.242403493740104,-0.029239004214746733,0.4342803519201522,-0.022652679407104172,-0.27818868525556467,-0.7423842439746962,-0.8351611813083017,0.33779622793017644,-0.0527503961722386,-1.2530950267663379,0.377706931401266,0
-2.4192948366080964,-2.3739073994156956,0.04984481419995623,1.3657173006893246,-0.31247061232976964,-0.5649135997066256,-0.8728439538496622,-0.5266137373331016,-0.31049020601244015,1.1472849705939263,0.4579413903069213,0.34661264310103956,-1.0969733337645726,-0.1357632524610478,1
-3.092433714450052,1.246283547280538,0.3041593646062954,-1.8196678111015003,-0.9375909982332752,0.43209548489535304,1.1345778172684635,0.1893167723201148,-0.32567097620198554,0.3300838170302961,0.5652399524049114,0.254898160986361,-0.46419417884077474,0.4192412020441799,0
-3.41714709353406,1.2541792643531144,2.3235039168428546,-0.24651160785222737,0.15843461553120006,0.48912995287281436,-0.8198600626798691,-0.13261007876214834,-0.6473132685455781,0.2723260017631489,-1.0061992150661245,-0.41153307305817804,0.45318596746526807,0.4196208177207668,0
-3.9102936045713825,2.3232674772933772,-0.7018762818952318,-1.9261157039050436,0.4530906859307694,0.5085647311439893,0.7750731110399248,0.009156078894367,-1.2387275394433304,-1.866380920763517,0.4069674724889879,-0.21976928149045696,-1.9137227384551494,0.4960196307334814,0
-2.3435096331389613,-1.0438480289844898,1.2423705176958417,-1.5561836854569748,-1.6372680424070452,-0.774234577168787,-0.045458480282391085,-0.3878025282049304,0.23702817119172973,0.6031655117540621,0.6735385319024523,0.19352577687360212,0.6301461645148606,0.3652039234044506,0
-2.1227552443383177,-1.6184586584443845,0.3625641331506698,1.2629047184931599,-0.18018169118152466,0.0977065242651084,0.38970806329412166,-0.5485579912760451,-0.3948283703981861,0.014508894736872908,0.4551667747920127,-0.10716147743143815,-0.7179398154993246,-0.22691861222565626,0
-0.22756389494681156,2.07761578871835,1.5373939971463961,1.3798275877799822,-1.8737752758398643,0.8118430887461242,-0.272903933196292,0.1883724197539641,0.16732674801342273,0.8601590770971215,0.3779304489198561,1.154925009268675,0.49271970505081547,0.15502902039176766,0
2.445156685628341,1.2982503031276358,2.147947398745837,1.2704382824759068,-0.4932014355876931,1.0064075234252834,-1.3543322705245464,-0.2661944105121984,-0.19657204527275182,0.43044372132456005,0.393240197920077,0.42285454864168404,-0.31244195687045767,-0.6830379707802428,0
2.895632480517304,1.2876490085203998,0.726565675256332,1.522408226134334,-0.10938307501035917,-0.17765440797592422,0.3643234199308549,-0.08725798952539493,2.013462126216149,-0.05334053969710364,0.5357113454600071,-0.30732354899856756,-0.965242351179795,0.9726280937214614,0
-2.292819498938697,-1.4596175151789033,1.5022265173373337,1.374120597196037,-1.046718646346058,0.020978379438451548,0.20526841146456892,-0.501883911286669,0.03272772192623394,0.21767990693412698,0.4919467142601303,0.049360393054720036,0.4414855320178308,0.2666112498454034,0
-3.360652458459796,0.6018039167465515,1.4228174546506163,-1.7472458697599405,0.25271859702685867,-0.43284239139379377,-1.3878147172476696,-0.38842078025642884,-0.8598115193547811,-0.5152521720557237,0.5416497993439373,-0.425722154765175,-0.9769928955757669,0.26777593460104876,0
-1.9620314211279566,-1.4877685736933608,0.09331311062608512,-0.5482621032999104,1.6581950510988939,0.9671581729065162,-0.9938432890658635,-1.0321465373316199,-0.6563323859901632,0.7275062708756315,-0.8727796438771738,-0.3879383749672804,1.096013676260583,0.48707728331751293,0
1.4520451494253872,2.0767043940753687,-1.6624438676849544,-1.6976732797685727,0.07439913306619422,-0.6355491397208249,-1.770072806033351,0.7527237506432646,-1.0709427804496405,1.2645163439112335,0.6134204766793744,0.36752381350274377,-0.05921609664015576,0.17991209370086367,1
-3.3583166245592717,-0.8328556737955294,-2.4112166753130246,-1.7902309459299526,-1.1622609288085233,-0.20956932400913475,1.731263127299068,-0.06372153719029462,0.08753591774787775,1.023234663409401,0.6642074552416383,0.5109528810361599,0.16877124278969452,0.3863158707794369,0
1.861156861447386,2.190548035775985,1.4215153814843593,-0.1941567337203337,1.957442542587325,-0.2314292021051662,1.1411078724245942,1.4979715310296788,0.3488886115673935,1.1400240841533356,-0.9486632475849877,-0.06764773659193021,-0.3512939629934513,-1.4234099889315994,1
2.1240401597259737,1.5896184607242279,-0.7449759622567611,1.2836878468123327,0.0492552864619909,0.6818074897386313,-1.9657612609366515,-0.7281744614515048,-0.2689918991142206,-0.19111129062968224,0.48960104608911165,-0.4120708511552389,0.5038830832970668,0.6226093235025595,0
-3.391850104124166,-0.6138896403644825,-1.2464034330232772,1.1936359963323235,0.22397414967090187,0.15680197092854908,0.9013108722549126,-0.3783794551268569,-0.49453499775671067,0.44431942988015466,0.5626220094987638,-0.5596788806711698,1.188816533734065,-0.3183842108614991,0
1.3220038034450527,0.9471167605389244,-0.6465366750743661,-1.4260467610397007,-2.3158944284781056,-0.8606888602039364,-0.5760926017586017,-0.0986186510416341,0.4852727141060494,0.32904735871741897,0.5636201962339812,0.5025826220954348,-0.5447663058808196,-0.06303497016512546,0
-0.7554243446922251,-1.5820001125057999,-1.1198016223212792,1.277926203573821,-0.17984995630269435,-0.23701754552317922,1.5007679880357503,0.5400429682957656,-1.033479826266002,0.08268585829044102,0.4113365725692458,0.8063455811641541,-0.3627763635999988,-0.13598185200803783,0
1.7564634275699635,1.2137345986989814,-0.1571299204695113,-2.018841470712987,0.7132316151554715,1.150286883394538,-1.3962564675203948,-0.8440940076082439,-0.5006254099277452,-0.836228031635045,0.5766420166966747,0.30818031517964284,0.8734497694210559,0.21448381797944724,0
1.7637715683647996,1.8508626241197763,-2.3812546096494414,1.3541451625412202,-1.398812809573781,0.8389241278279889,1.2741421741887156,-0.11238834603552147,0.1605463714853913,-0.9567868558191442,0.41180794224015677,-0.21934223760061108,-0.5999685060033534,0.7010687504369317,0
2.282183833813669,1.6454994616912437,0.15336440265425824,-0.17384912454934742,-0.6909562176771373,0.8272646732246618,-1.4737768288328503,-0.4554200250679479,0.1893380166287346,0.3079677406493251,-0.9758828247088079,-0.040321772261819,0.6608718469904501,0.5613142565294267,0
-2.2091341556093242,-1.7700469833057084,0.1773678472970727,1.1904197139130308,-0.7094659494757967,0.6571480834875371,1.7285697020662394,-0.2888306871799088,-0.14860285030021914,0.4032968765003036,0.4488818259440907,0.28150900556342545,-1.0523217912389686,0.17124482730748433,0
2.2583860391382644,-1.906539428272042,-0.1176206648132493,-1.391211885070661,-1.5805959980380393,-1.6498786685679825,-0.43145577148269515,0.32660961597157534,-0.13120799678246137,0.6442570033723735,0.6800222355304933,-0.18135411523352277,-1.134406711024661,0.7290376343294395,0
1.0331418550344635,-2.411254957678055,-0.6394077151072957,-0.0840205283335072,-1.443312279246251,-0.0010795112384084544,1.681380690649289,-0.5559199557184024,0.6282643354987716,-0.23744998216067276,-0.9416393284449593,-0.38722345461492974,-0.408357581391604,-0.03572820446428839,0
1.5309856937689832,4.717094086874463,-2.10240460260026,-0.0005558177933306387,-1.9180530482835216,0.6300877036572429,1.2912133976615199,0.6000174751504997,0.006603016889749869,-1.0707084720649946,-1.167526735676654,0.21048198491054856,-0.37263343465462484,-0.5569711554386703,0
-2.7278642991710833,-1.4303484473122225,-0.9994264877679921,1.2593463497071866,0.19559467866604058,-0.1446448507452641,-0.7666571288525201,-1.0011569880582907,-0.529189898509271,-0.4028042312184183,0.45870322367061483,0.4479063121150218,0.7512438274478516,0.36946855306459353,0
-2.051734563576341,-1.3653187103940196,-0.6708688959479673,1.024371996299215,0.9571321710010401,0.9120899950805343,1.114915227432538,-0.7624297520014328,-0.7518624990186922,-0.9131331529377688,0.4708974735131904,-0.24165975990029773,0.45387357122642213,-0.17244941173192813,0
-0.35568579508708265,0.5270079880336505,-2.6521483481957127,1.2767688737786775,-1.2060555463836382,0.46667799508084284,0.8697281295334289,-0.08857473823271401,0.2837002166052749,1.3061189061087553,0.5271909015528083,0.5902787830879198,1.0387087183107633,-0.025691731755821717,0
-1.001960923052572,-0.2998615686934196,-1.0895438379540652,-0.30728745237852817,0.03794812162270944,0.533974279360845,0.9347460197054012,-0.418002072557288,-0.25236492419916895,0.30514362214290586,-0.9258689647849851,-0.11203848430144518,1.199417768704141,-0.5373727835566835,0
-0.6345622662833259,0.49576679720496486,1.9627231991853447,1.1064413208948192,0.7873198385756861,1.0578661887225522,-0.15567477846440209,-0.35434106942073773,-0.7519282111476925,-0.6195576282432984,0.4383869234980477,-0.8001432661818492,0.24639414739627136,-0.8266460633507927,0
3.5025697238622744,-1.686935055769336,-0.8667441714125043,1.3744236743617055,-0.024189405151631982,-0.3835473146830297,0.5639341742706165,1.1373269806268946,-1.1599050660301022,-0.10217667273464899,0.5319545531944877,-0.24992514655556988,0.4357321034236224,1.165044247119627,0
2.227036319159868,-0.1817594300044412,-1.7709508776726393,-0.20642388212795282,-0.41717407783288807,0.2661948411912242,-0.3318917903659074,-0.4944969645408405,-0.09893628403228057,0.6556512475715518,-1.0469963547157528,1.0118444214557958,-0.8658106958514217,-0.7918964547589303,1
4.35429960767625,-0.44587257526114193,-0.1848207326992206,0.9673878238175673,1.5070292979643576,1.5592488154573068,-2.32275414498203,-1.2851495572320457,-0.4041340675843277,0.049987002453735586,0.5434646052383044,-0.22689331098684448,0.9496436523362054,-0.17800170126810902,0
-2.3339720882358486,1.000518761168115,1.7559270883307778,1.048349683229662,0.8951585590708633,1.089442037643782,-0.9731479706565362,-0.40217743434597375,-0.9524915488776168,-0.19241221518931834,0.39533612602922,-0.31661738991440475,-0.5771587061981674,0.07046434912241689,0
-0.33600477706687276,1.9051055196767548,-0.9351516785064641,0.15743878151035184,-0.9674121912774777,-1.1724809225852646,-0.1609404206844739,0.864030419620622,-0.9063656356733957,-0.5575279802417383,-1.0590285249307498,0.1219957598637209,0.8014065829263022,-0.14349835436630526,0
2.240741724903888,0.7818381699116413,1.5452816090493757,-0.28134731148218695,-0.38792166187837085,1.1809759518528544,-0.4500213563521985,-0.5155887137372446,-0.16662496435725904,-0.5849776956646077,-1.1111924175843204,0.9726262784257872,0.4110812064419753,-0.7728481166271715,0
-2.577237562491177,1.5868445051842692,1.5266110802829203,-0.23126494969518474,0.25249259376894606,0.43285314255007246,-0.26927518773568193,-0.01526948487715593,-0.7765930436302514,0.26937923346751247,-1.0043313318304317,-0.5119019497487441,0.2372127099613522,-0.24402175610864985,0
-1.5372236511893265,1.0385569617951746,2.223124463864489,-2.1310712676814743,0.5011194883522054,1.7989045299378585,1.0261127955828164,-0.19981452998749702,-0.7644040874805214,-0.7462691493565152,0.541711232034389,0.13648844650336758,0.08233226286943782,0.24828750880513278,0
-2.068413368794836,-1.6945467662861096,0.3312175729936477,-0.2923860352693973,0.023534602142110502,0.25491091410914585,-0.020956475486706136,-0.40984997249887206,-0.1693049955617955,1.9371721821484127,-0.8828811020621573,-0.2506000469505054,-0.6267055348676515,0.31910685164445907,0
2.489001468856457,0.4495474194842713,-2.566146135736822,-0.09182301882037858,-0.7906238037809712,0.09624550080795521,0.948575065673001,-0.10019859171491032,0.30352248579159335,0.5035005453839576,-0.8734237312248411,-1.152889972818414,-0.042332807945430526,-0.396750546578991,0
2.063636814313948,1.1469207704126716,-0.46271341078415185,0.31163797119263437,-0.22909483102829226,-1.6362260358643566,-0.8397806277621211,-0.49780215219357943,1.9753543471911266,-0.7522865096595887,-0.9120676035656206,-0.37703091680073236,-0.23892547780616022,1.1649978525859965,0
1.1768938742553983,1.954659202785809,1.143962879844732,1.3775710611093075,-0.15535280623968958,0.3579755923241909,-0.9843215946103269,0.16950398568872313,-0.1833786643152384,1.1847508870831114,0.6079452566498099,-2.4456473877126825,-0.8536759647383413,-0.16634814581919388,0
0.7741809108441885,1.8515660644290601,-0.22312424033952788,-1.6147087454050841,-2.109651170463947,-0.01151004299315203,-0.09885234959135074,-0.050046391351750076,0.311786909732577,-0.5238614808904792,0.4456548400500109,1.7619714991949549,0.7780795133317143,-0.5844848684757518,0
-1.2497056090563536,-0.3384134763910814,-1.3819897898305022,-1.9177736994153367,-0.1457293450080886,0.3477713904185276,0.6713336380573871,-0.4662020974205338,-0.2961581073863852,0.4295275514062025,0.6484435571322719,0.6790861016968371,1.0417423816492468,-0.1652634080738685,0
-2.1742750843353678,-0.5799382907105219,0.4769039467238866,-0.0608055731344766,1.1487425990619726,-0.9274291004278354,1.7704842107816994,-0.13175464252653532,1.267461376393466,0.06502065334446529,-0.8773161041259423,-0.3561232261628727,-0.00829273158243565,-0.4574957879350443,0
2.514715924084224,-1.5654662064222322,-0.6681955042242851,-1.6204623279292627,0.7341122198672302,-1.098716621698925,0.7018214923730332,-0.9625876372697674,1.8120581206166044,-1.0420655408767427,0.7059935900176014,0.3654215828022195,0.19697553027656392,-0.08429042775102517,0
-2.542657923042136,0.6549520479768804,1.3650274096644517,-1.756326329730763,-0.9422290954443843,0.20970605226282846,1.544843421975625,0.05370788281617167,-0.29624837713118624,-0.9766770287161602,0.5344823237518113,-0.4269104691855924,-0.7390905178414915,-0.35803844678529634,0
1.9595334068792714,1.5890118894948104,-2.1468269589079405,1.4552433938502383,-1.3612593717792878,0.21714659256886631,0.3257644731863974,-0.05756790334373899,0.3203501079284331,-0.1315620118039296,0.4883532191466751,-0.8249624822335951,-0.21439321267829864,0.10402194102244511,0
2.0860775455397325,1.2152730123368003,1.534076874303024,-0.4439138211326059,-0.3313780213157812,1.9111303500184544,0.7515308933863561,0.06280494953905533,-0.05138602056615534,0.49993209687599305,-1.07342855627983,0.49559395752700264,-0.46918962757805416,-0.9712971047436699,0
-0.3135637689471903,-1.1053249515711643,0.27048848882653465,0.8126786052791434,1.6479202689988595,1.755156051374038,-0.8707801059144312,-0.8575110614971336,-0.6930842324097332,1.0275786153961655,0.5252643805844833,0.2835978555554576,0.6733425935901866,0.04956206352701779,0
2.428319906031519,2.2679136210735957,-1.1638242099062706,1.0869296976168838,2.207329009501207,0.7040394840164215,0.5354775594526213,0.09664567084796526,0.8076227691290054,0.6667709599588321,0.434582516286329,0.939963631161252,-1.0018076157203062,-1.262664029532137,0
-2.1606546369360475,-1.6268605738566846,0.9269781733055539,1.2743429816858423,-1.2464870617488497,0.6018478798759103,1.7075661874876558,-0.4045995762218548,0.162560445774815,-0.07176751889763336,0.48277419088653734,0.2855511796099064,0.5632438702875806,0.41352278614531524,0
-2.6104717491607876,-1.3154706089792667,-0.599803354488567,-1.920545076078478,0.3658410999724113,0.12152791532894916,1.1812898224876338,-0.524730792019454,-0.5697617386682758,-0.26143535069175333,0.6612013303030346,-0.3815486461134553,0.04472691533615476,-0.07625485451828007,0
1.0977567222313116,1.814070094112357,0.005113933222852094,-1.9271416465383504,-0.04478287459832365,1.024150886642865,-0.17451255946570723,-0.16816484807857499,-0.21176881619952348,0.41518378366727826,0.6672859901429072,-0.49312944981965623,0.45542449885258895,0.12633535231866297,0
2.546787130227967,0.726761439893195,-0.43570285129798597,0.8969303800077836,0.6469630536536267,2.4399997351499003,0.43413801449237444,-0.6721450803389761,-0.37241628577967334,-0.9869100309575044,0.4238867356271762,-0.006483160801932228,-0.009338441018847215,0.8161929262834725,0
-2.896152162887888,-0.9981309864694311,-0.3615043827989249,1.0917177273326684,0.9957523047875529,0.351076213950342,0.1912948107522739,-0.4037311189274504,-0.8338328355616139,0.5085603272578165,0.5042084771589056,-0.4426868346767503,0.14124689008773644,-0.6338567101238508,0
0.9016485184046417,-1.6464868718612238,-0.019026893636693926,0.3492305211531036,-0.9335467828337962,-2.1174884090814383,-0.09724946657979347,-0.591408831136582,2.524719377250778,0.6716598596440652,-0.8093281303237699,-0.24978195067376022,-0.5219485705866793,1.1822625358372223,1
2.0166779039339957,-1.8976395597281228,-0.8728064380433772,1.2111706775289592,-0.8201030498662576,0.6969474549855122,1.5958618241256082,-0.4692432663290009,0.20205459410456705,0.07327833499017752,0.43338249418217395,0.5795976549926473,-0.6086256872400039,-1.0268639351611595,0
1.3685300219536736,-0.5984346825813666,1.50717115859558,0.07502170864097057,-1.2060385644343738,-0.5898759746694766,-1.1383721224534415,-0.47907899381177843,0.2579472491348571,0.3177500911086647,-0.9669673008622097,-0.17383147190687542,0.3836224573539228,-0.8027523088073034,1
-2.9400217883221065,-1.4111492969136332,0.10929494028398103,1.1811634348007327,0.6646822831629132,0.054833039159478625,0.04374372903636583,-0.5297031943184732,-0.698316814575124,-0.11506990123513684,0.4729854441019348,-0.4248467855815401,0.09332647742606777,-0.6204592430333569,0
-2.2232864650286617,-3.236360215664407,0.8646343123360449,-0.7320334635319826,-0.5243914762361711,3.566197881898134,-1.4582385259620692,3.9296412445554503,2.784684454020738,0.14489990366342395,-0.8900479012660845,0.10321539366433707,0.4394377276646377,-0.11483073860501619,0
-2.120623610973025,1.8055705210318835,0.4488698752848126,1.3364626573197862,-0.7791570556085878,0.37952578632871586,1.1184844497368613,0.4696277414676664,-0.4507965543967898,0.2174775665788526,0.3969728545063875,-0.3317635171702438,-0.44412653407686015,-1.0301835531753991,0
-0.7541531691174367,1.4266836262689229,0.7060979306963219,-1.9944804298752716,0.5365194727571144,0.9569584598205912,0.7079244837183418,0.1168904815775239,-0.627095100715022,0.3830123220439959,0.6461067099645104,-0.915595467535058,-0.09752911984554005,-0.8245905533560832,0
-2.2144398002906067,-0.9861629066198082,-1.7824821001930053,1.1731829039774377,-0.05152398312609542,0.33062823790920576,-0.3416858736543578,-0.6591414842190185,-0.3697498736153846,0.9641695630650509,0.4796355662933535,0.6072031873592021,-0.5472897302809739,0.8151247304103416,0
-0.3108960206214861,1.550122011436026,-0.5106284197618552,-0.43555843023853313,0.319475065606446,1.5167176657379482,0.9611068959116422,0.005351788823454358,-0.4305870160315168,0.5095717175181382,-0.9740660027199677,-0.19068153280862388,0.41037349203397977,0.002287000679172144,0
-0.33298046278419646,1.7430035519139881,-1.9572840553854833,1.1905532212848227,0.4174571993011623,0.54235620335218,-0.8750254813554437,-0.20922593297769493,-0.6382947037135526,0.5514697155462507,0.4390623908746332,0.053918276746038565,-0.06673905861528726,-0.31005159581622294,0
2.595481790123771,-1.9319851715479164,-0.00836066593156783,1.6114376678413385,-1.8437076156946053,-0.6234050123637743,0.32199538015133666,-0.4964626649645992,0.8012882019624816,-0.03177981226230734,0.566652223068454,-1.4521302023103042,-1.0142813197211669,-0.036992077416755864,0
3.8010494715137972,-0.8352412175755399,-0.20846266308072178,-0.55819966563887,0.8834983664524649,1.7397619959329924,0.152467929914219,0.0188839981322306,-0.5397052409390773,0.7306772848260459,-0.8533462323386224,-0.10341322397647781,1.2764087140910014,1.3013477446010662,1
1.3683136132217706,0.9842292398447793,-0.01579038277180359,1.5278286043758194,-1.6500943124679657,-0.23818518507415043,-0.8739363059651079,0.01502608996629218,0.2165600835554956,0.6958072443174368,0.38585978670492477,0.4172870987707253,-0.9201990379074013,-0.5256220538165751,0
2.534329072946507,-2.245110051754894,-2.391862459871405,1.2384084279336958,-0.1742407261391587,0.27403523563909993,0.6537264386216354,-1.1266499581135896,-0.0034285198672709205,-1.58345436846612,0.40563673211507384,0.19177091710913202,-0.34353363861039543,-0.9145207469113783,0
3.6670421155248123,0.339006591134485,2.073183493791774,1.3732412403672607,-0.3610258505900061,0.23207539848265968,-1.5902111316536887,0.3203575048944942,-0.8534280811842718,-0.611637759771561,0.31035722941222915,0.9696855188194711,-0.32580973401868674,-0.24035795714097438,0
-1.89415373180481,-1.346240005400439,-0.5029198239748576,-0.14779635042517392,0.1783147041571302,-0.459701316383226,-0.8012012372747681,-1.0217654827713891,-0.3249403185451941,-0.9157387743337013,-0.970958483533091,-0.20571576831841118,1.2776239224255272,-0.16275504432359458,0
-2.5320253727262236,-0.3879972931808837,-0.02845219092583708,1.038551037085446,1.1389311775303739,0.9161044273324463,-0.4025119235965297,-0.8870774693413473,-0.9376232522837677,-1.4193879359294137,0.3899694717323177,-0.1314829202609043,0.2372765683297518,0.36335526130593404,0
-0.42676130752969227,2.0954741513928425,-0.9832814239390464,0.23183815618247222,-1.5723183716890932,-1.1254051342497096,-1.3995328313274862,-0.29204691629675295,0.018676982374102508,-0.3379223142718242,-1.0113420127064636,-0.23197549028695702,0.6233194478359443,0.04090678780719935,1
-3.781828229498284,-3.263836333790658,-1.1673123416683358,-2.3456003439499624,0.538214018086133,2.8027620512713307,-2.2375039719239607,3.5889503832935064,2.1213004655318466,-0.6350051650576958,0.7095669100317883,-0.06258922609828498,0.27560227856279357,0.07957846245254772,0
0.9975094670489719,-0.3146814760908142,1.6474792808140204,-1.6449119694787906,-0.8887231313451875,-0.08920390325667077,-0.6028907817396921,-0.8095437479158188,-0.07176341009307735,-1.7270715892563988,0.5301955794738925,-0.066083942629891,-0.27113419102550557,0.07367582591025433,0
3.1460219543657213,-2.6647287133226105,-2.259159340345417,-0.06601504095569805,0.03656555684403884,-1.012660909914644,0.8701742040505034,0.7162737786644106,-1.2904324125566462,-1.7636514025542094,-1.0899618491738443,0.918278216871715,0.24816674748140996,0.2786297972426624,1
1.4520451494253872,2.0767043940753687,-1.6624438676849544,-1.6976732797685727,0.07439913306619422,-0.6355491397208249,-1.770072806033351,0.7527237506432646,-1.0709427804496405,1.2645163439112335,0.6134204766793744,0.36752381350274377,-0.05921609664015576,0.17991209370086367,1
-1.5841666618353965,1.6144905670463363,1.6168687418335341,0.9672047859326479,2.3579386348634315,1.304801145587935,1.2107398027085414,-0.017212314638982627,0.6029338748107104,-0.11007913926603287,0.4436856572698587,0.4704370308243526,-0.7881138339995281,0.4729347416183208,0
3.3765032448186227,-1.792418692866317,-0.5124616812750921,-1.836049786852536,-0.4995392945585842,0.4058004383945412,-0.25655202116579534,-1.0957111168214548,0.2494902332350032,-0.8559578672338042,0.6011539961114472,0.5500356089973018,0.1952426734452085,-0.22539963275122918,0
-0.5700055929974298,2.364921288886029,0.3905267473848984,-0.10464902765452044,-0.5647104627543049,0.23886979835863498,-1.1096426169694176,-0.05566096776530031,-0.33753777615913305,0.3994152434950346,-1.0377293598190105,0.16325137109108034,0.281681745498442,-0.14899365525416852,0
2.874921880539087,-0.3154562933042411,-1.909299274570932,1.4484800552026953,-0.01048054378210278,-0.7985069230516412,0.6920252716425833,1.466976511969772,-1.521041339295532,0.00010488044726814595,0.4770470880784298,-0.11969718230196254,-0.347500912260012,0.42040206119429524,1
1.7418818688405846,0.18195115087183722,-1.6165131988544597,1.2401636629232826,0.9206984549249042,-0.21008115702443242,0.8558919669427477,1.4627181441683972,-2.2173062094602383,-0.9454060177914352,0.29285238748626846,0.8081745083047229,-1.0863881421315171,-0.23619350468508915,0
-2.080887247516027,0.1299792275184483,2.26739572525038,1.3162077628876754,-0.2940837351201527,0.36280354548279325,-0.15385214300534072,-0.4502927199537797,-0.646015059689695,-1.5169884844294004,0.31896970528908236,0.03364134462123382,-0.5697416234216489,-0.1415055300455786,0
3.297040189419179,2.0062121066782534,1.582761430933184,-1.6754321448762446,0.18372462890977664,0.17277375278587292,0.1781534802336241,-0.0813192190283224,1.9435493998937676,0.1463313218472171,0.7071430293823138,0.31195750015527857,0.7275506805427489,0.6071235181412482,0
-3.560475947853062,-1.2280090098617233,-2.0383368416125913,1.3755909607931378,0.09620614153265696,-0.9231887368766377,-1.192817657259647,-0.7499800098844469,-0.573353939970175,0.5390143763549462,0.48518446028422485,0.08814473738860801,-0.4341796384879501,0.37541341757204216,1
2.442109619747597,0.521825076862323,2.0345539476752412,1.599346348557067,0.3277597195688527,-1.1930416306346598,2.0561197449015336,1.938827623428013,0.2620054007626952,-0.7969164483654995,0.405093112672857,0.929512481575113,0.04851087120093814,-0.01783400395841199,0
-3.3689920578255563,-3.5067707104652914,-0.12468846924276451,0.8862868013261009,-0.49881574858134986,2.7126223961083222,-2.344910160143728,3.757785114003267,2.6189777772633462,-0.007708261467375835,0.5756143304647191,-0.4504583672618646,-0.5195013409054259,0.20435088854302388,0
-4.232476595467572,-2.5156635975373263,-2.5618115238487467,1.0299246976869294,0.11454379314103792,1.6031767707528963,-3.091712997229367,3.5389090990724132,2.036790406088004,-1.424544924524767,0.5098782176511706,-0.49835603134092255,-0.09728261806334837,-0.5447584589851097,0
-0.14820079833132488,0.2832379834274559,0.8427028023821376,1.1798837545780139,0.7107711028641237,0.5689914883335547,-1.700580957166558,-0.7252644843771283,-0.7823317511932746,-0.5670708075881242,0.36978969884497265,0.027999050595292663,-0.6510419962730688,-0.3788495007718242,0
0.9739836748062404,0.9892514418554322,-1.4722597515913396,-0.05210531745393293,1.1212607250390265,-0.9353981987255152,-1.3648498735572119,0.2640695959440708,-1.4906167047580676,-1.1180100849726462,-0.9980024868119582,-1.3194099275682607,0.017310266336131152,-0.5058799071795098,1
-0.5741053894025672,1.68422681711098,0.3902045511811011,1.1649304043669215,0.4768935470019917,0.7639296914849817,-1.2318706221696167,-0.13213119243253213,-0.6634523689991689,1.0405936430854628,0.46678028980602443,-0.21877052270023925,0.05541131725376177,-0.5447856059988574,0
4.2625019360552034,-0.8011893146692769,-1.1697238285599814,-0.40717921768558485,0.7207909362359809,1.13236350401903,0.9304856426529651,0.2153382822819543,-0.6151413213763444,0.21564439429373056,-0.8599970963725423,-1.0057501275362246,-0.0871692385976927,0.5422544688754848,1
0.7169879918796594,2.5793566167683997,-0.35007237191337537,-0.10870375136322363,-1.2484149569962883,0.6016526252670316,-0.5180044711380061,0.04662955597464061,0.01826506631647226,0.7970111972407441,-1.0337517829488576,0.6346815565830682,0.25126652398206945,0.21115444394669883,0
1.522166056164092,-1.1479614798565272,-2.3034616051850754,-1.441473643618851,1.4082015386455853,-2.4742208875297615,0.2421257415639304,0.14060036583101557,0.9579771586392204,-0.2746848898177687,0.859117008510604,-1.3251243271476847,-0.0918899804023727,1.2584762369807034,0
-2.4322112862262695,1.1176934012809219,2.1381317636414567,-1.9939269891373577,0.011658589501049196,1.1759167344525414,0.17397335426691515,-0.25637977374287735,-0.5770014631799021,-0.460918708886882,0.5593496134118638,0.2524037593285081,0.6806901283432039,0.5139587828848988,0
-1.2996990710599354,-0.2200586425068769,-0.39851321885675905,-1.9084792959200358,0.45322591957875713,0.20033348336181767,-0.12330336992610748,-0.648937276253628,-0.7285334852426822,-1.29736758617599,0.49461822461249516,0.4733841800878114,-0.1381086636781461,-0.4454820128623019,0
0.04766972546209203,1.799164336544528,-0.5072955152822499,1.1207126451809333,-0.6486388599760008,1.5033627685956552,0.8706563169606595,0.11095626767107597,-0.06298410364253318,1.1395746668116251,0.4925545789697689,0.1310576642954881,0.5055521531730586,0.06662979911031738,0
2.2358439036877047,0.949900774015193,-1.0790385625202976,-1.8185771140197402,-0.465515519409513,0.6262098284283745,0.7388830792818819,-0.3695183549934006,-0.01091940494781504,-1.245525630766557,0.6032577981727999,-0.51051331760228,0.3954177992623043,-0.12680704667634632,0
-3.3542110853420866,-1.6753169843601983,-0.5575579384626969,1.2730830968751083,-0.15143760731071682,-0.054360353027883564,-0.9693564235034187,-0.8814995969689294,-0.4236746840162385,0.06269228699590165,0.4354328563307652,0.8401891915151726,0.2518319047123516,1.034915407692384,0
3.123519940387185,1.7050227480625018,2.5896124002475753,-1.5901094192047331,0.22682458478937412,-0.2681729512385799,-0.05087272820654165,-0.010674816308926683,1.906680316593533,-0.05565740888258383,0.7084617062255436,-0.37530196914226205,0.13202518347180647,0.14696126083668282,0
3.541129108287834,-1.0635844622124173,0.4217682906773309,-0.3856394976926609,-0.328661650330891,1.4209428156436006,1.0328468634943293,-0.37553959779895757,0.36096886095796665,0.6453320100134723,-0.9304421524061476,-0.24979084033358104,-0.1378558378848222,-0.7735906333692606,0
-2.8147112333473974,-1.1900189426136192,-1.431532655653423,-0.4315394621512004,1.1333029009108093,0.3967550894575241,0.07473918684202113,-0.5913170690165545,-0.7766410156327981,0.3430535115998848,-0.9789835822585707,-0.07573835102988113,-0.24980399393292094,-0.0857606984168887,0
-1.6936890837702037,-0.7532782670249667,-1.7242866157473267,-1.7516700940148031,-0.038473327429709055,-0.666163553239255,-0.708395630815523,-0.746611245450488,-0.41682358573161143,0.36390130775372037,0.6531310344030157,0.07717030057721988,-0.3785695492596604,0.12816549650556092,0
-3.9626734547968785,0.25033805883590443,0.20788915485687656,-1.9146075596267191,0.2798306488290217,0.3129660282067332,1.0512150611278368,-0.21869193156212274,-0.8695391579837148,-1.1260896424883287,0.5276223947007862,-0.23519377774106395,-0.5842806509280601,0.18015660415075024,0
-2.1940075323628037,0.6175132188506942,-1.5591004936049597,1.388778934790772,-0.12807638064162744,-0.41525597335088493,-0.5664821444123685,-0.35094365263557253,-0.5863386552925035,-0.15840895560384782,0.42389453682400785,-0.3742218419644435,-0.8088603384011743,-0.130616578889926,0
1.5077737293288391,1.6059406381693189,-1.5982112616134918,1.0990843186102772,-0.6508969753005832,1.8183748875094958,0.4782604046404353,-0.21177942784992695,0.20623985003423184,0.49603171726711437,0.5139008533186893,-0.2868613748008213,-0.07009930312064117,1.583949630964402,0
-1.541835541728823,1.435188583954171,2.025332667986708,-1.838116333032515,0.423611173572391,0.23710775460704914,0.49650734667740276,0.8470049249018551,-1.463226019954348,-0.6561293215148474,0.580981716593144,-0.3714964045020859,0.6824446524741844,0.20249217477652923,0
4.6647386688090435,-1.586392395550667,-0.5453871363104787,-1.725956405645489,0.27700988927689213,-0.5868856267060827,1.7975532719956804,2.119342706353488,-1.8870772925400618,-0.7235932345491571,0.6795686842190489,-0.18340269515894805,0.835661702439486,1.3047959419305175,0
0.7920075679289826,0.8187723381662376,-0.21172176658392916,1.2852313469053764,-0.16532838038421555,0.5576663524126383,-0.6935113248843792,-0.5444862559544578,-0.30501085755380597,-0.4700512036775728,0.4462715679157047,-0.41680079354515637,-0.23613957071941685,0.17181914055314337,0
3.1019231784327905,-1.7375636619875081,0.43305440633987596,1.633129442992743,0.2745420089918213,-1.5131467451278815,1.2231705433238578,0.3005883977320006,1.3433316464691651,-0.6052079233825128,0.5587294497888112,-0.13455089156866554,-0.5840233873633884,0.27740656106432793,1
1.4595861614314518,0.719794777653415,-1.468210663542714,-1.4970740159984985,1.554304444795526,-2.106972426617493,-0.9977741528173514,-0.324203051582587,1.3558223095650088,1.0541849251719386,0.8475846128503758,-1.0500794384991057,0.5951715124520709,-1.5648539738234273,1
-4.082041849405395,1.0133140241849978,-0.020296169745445167,-1.9282911780049337,0.6703446439058395,0.3282885938984425,0.5740138773887471,-0.32961704492985383,-1.2237384322273543,-1.8930564896118138,0.46508278757206656,0.07272060846267983,-0.4304442555786016,0.2574899139432187,0
-2.504451844393981,-1.4365800028779134,0.2760638620991282,-0.28873837387921897,-0.2253945148840571,0.4409610487373276,1.179213188612032,-0.3093515683165781,-0.24170584573684908,0.6581655449644608,-0.9571381952428303,-0.13658898711031459,-0.6401616233852936,0.25525122601053957,0
3.199269113817116,-1.715777472284007,0.21588230852132814,-0.0504076448111106,-0.8069121512954776,-0.3697916210410355,0.6984074797626444,0.41438281305685704,-0.2710565394670899,0.29493817189513366,-0.9577740285469907,-0.1738203500783565,-0.4221524944905069,-0.443863215893786,1
-4.2398267045026605,-2.24231197758743,-2.581009684191131,0.845522850268759,-0.5142206461680177,2.7964896086447575,-1.359605288542507,4.105860114298232,2.3787281586012874,-0.4634778288702531,0.4824965190203771,0.4609926118849354,-0.060473710258601036,-0.20972300204064376,0
2.8331516031701436,-0.7669479660622625,1.6712396528593567,-0.1959961946809743,-1.3285016915403787,0.8890124173148639,-0.505687410668428,-0.47918462568250897,0.6422508690164297,1.3958405526809403,-0.946225436226443,0.8758712111162608,0.9380566509285825,-0.4159376394014888,0
-0.08984443830248671,0.4532864507018551,1.616344856447779,1.348226545217707,-0.07722599168062652,0.09516460447159836,-0.9168845340940395,-0.2290832357125758,-0.5683529807500384,0.021183823672864945,0.39637108483946265,-0.2574770503568592,-0.750019980998296,-0.9842354852443225,0
-0.738672453602997,1.6232842765316702,-0.8589185371231399,-0.002550131835657278,-0.45850504849238133,-0.8005094411379471,-0.41651919959126626,0.7320755789190204,-1.102164856702007,-0.5323246483720733,-1.115557106134822,0.9213480188765517,1.1325830613726158,-0.45596834686031024,0
-3.133238207307416,-1.6221017654411314,1.26059070720277,-0.24061861272331242,-0.0016797420225941391,0.08140230565129962,-0.25653786780888543,-0.49246526049278116,-0.3717386584326427,0.5689595741393874,-0.9784392303549581,0.23450713824755673,0.42133142074974983,0.21644408676028462,0
0.8051841315630768,0.524531515912591,2.586948544445156,-0.42225464309336547,0.248414234979478,1.6779496181071565,0.38654233052131665,-0.25398969667748866,-0.32593782194898313,-0.3894206241369124,-1.0324445452252935,-0.3516432575516297,0.07562106815793114,-0.4696794936460552,0
-2.2162365594232916,1.798952209178582,-1.64003383250756,-0.07477252012600916,-0.2912007218916508,-0.6072234466591613,-1.2007727294188446,-0.08741534812749371,-0.6185571012785013,0.5457072051583126,-1.0879321568051663,0.5462246936257696,-0.4381903121246525,-0.6077799800275606,1
-3.5500180370774004,-1.7081241831026206,1.7665783337050305,-0.07374960712148954,-0.5740776439144177,-0.5024163867753318,-0.5388182029441709,-0.4070824296466794,-0.20594039021774602,0.9992665296466775,-0.9424902026973789,-0.2213955168034967,-0.2801321749161343,0.49479433856303706,0
-2.7181552880604816,0.603664853924911,2.1107869680682163,1.4026490475476914,-0.9329272186015771,0.08107242381078611,-0.39829209269894084,-0.18074639308963722,-0.39636240249610216,-0.341000471610603,0.3620083824291164,0.213772227280226,-0.39561114334439224,0.12738549183202458,0
-1.8277733594779582,1.495875375156944,0.6080442581161131,-0.11073863740775458,-1.4433689941863657,0.44065947253963195,0.6030032731530971,0.13156016531266237,0.05109286024738933,0.10454795701244493,-1.0657881110609337,0.4175137655268462,0.1746884998076572,0.16623152307442474,0
-2.1617389236312126,-1.9167586930505955,1.920195212980351,1.1539684421307355,0.15546620546539436,0.5847504807699409,-1.4216803833446816,-0.7504738241029322,-0.22239668882512612,1.587525762002993,0.5584836277926307,0.046954220356472454,0.2699444142418363,0.9740385220573511,0
0.9468254083113288,1.5108829326573878,1.4253384260344542,0.3617740126387393,-1.6287600294299114,-1.8005734334151002,0.8004444451898309,2.3526523004573083,-1.0472660158861582,0.3203794483168599,-0.951919920831993,-1.0299261277512215,1.258532760079584,-0.5666583713287536,0
2.7799730141734726,-0.8522592663516222,-0.23389898295760517,-0.33673591249748236,1.5204117303060862,0.17222961264740436,-1.4161864213812845,-0.02477823942328164,-1.3494067743347604,0.4360844925630358,-0.9842517123725533,0.5115333603656669,0.4713918641027454,-0.7472516047833548,1
-3.156531166471364,-0.7094445894014495,1.8444173002757576,-1.5252997510706414,1.1946062692055655,-1.9720577718380423,-0.12514189510868717,-0.17629050583828448,1.0412525117886275,0.9300728561612677,0.7494320045171458,-0.20187714908611346,-0.32733716547318403,-0.22588471944482053,0
-2.310719211153952,3.3035934632202038,2.2138968534433436,-1.6221837862673745,-1.1062810116921655,-0.045396622462942265,-0.6752847363398954,0.16693761015773767,-0.5725302535826804,-1.3121392593216774,0.42199125272515625,0.30140216438307915,0.18483715892271577,-0.37667594169886487,0
0.12232919116960873,1.9335560003505678,-0.01513322960347425,-1.421399438433751,0.01532542827611338,-1.4700535777669663,-0.20429101123012855,-0.27936914694488135,1.465536794657274,-0.9702943529237646,0.6007708328952689,0.6254932188610607,-0.013809410109267803,0.3245635379172397,0
-0.9884902392418546,0.9210349535812911,0.20180349948099668,1.276941707127263,2.1115706719471032,-0.3756496451344161,-0.8384621009648383,-0.6431104766929615,0.8276367762160405,-0.7573783969581689,0.472629344030904,0.38719431825045253,0.5295930781261348,0.12215325557080697,0
-2.147960784369925,1.6742736403785163,-0.1892400973436753,1.092712133529565,1.385240507235905,0.7414153030541178,-0.9856353453688699,-0.45826811722903343,-1.2990464765422682,-0.6696604670755291,0.401770913690535,-0.3166983783694463,0.2807031331957771,-0.4092322932877572,0
2.70146661765002,-1.2660868322813417,-1.8559082926550938,1.342505462169074,0.04375353553976172,-0.4842536698661001,-1.3877689843354524,-0.12813322980637443,-0.7957481467146146,0.4258004182053157,0.4424163341920077,1.0057196625015161,-0.13379559076992026,-0.10157882957841699,0
-2.9506000082049155,-0.8803254371352465,0.9468787532875794,1.3812653915895603,-1.8037449321268977,0.1663450220778268,1.1169425524129029,0.09951486345518964,0.32677971564614217,1.4972208740313544,0.5063087241915499,0.5793728247508942,0.7208220838214543,0.22173638341526422,0
-0.738672453602997,1.6232842765316702,-0.8589185371231399,-0.002550131835657278,-0.45850504849238133,-0.8005094411379471,-0.41651919959126626,0.7320755789190204,-1.102164856702007,-0.5323246483720733,-1.115557106134822,0.9213480188765517,1.1325830613726158,-0.45596834686031024,0
-2.94002645565413,-1.4230069356796975,0.20857121557906438,-1.7176255702328818,0.16326095000845714,-0.8622523230702326,-1.2067367354572298,-0.7490403824347786,-0.5712504215176697,0.16047652996890513,0.6396035774254744,-0.14400915137115405,-0.39432835227705193,0.2920634890061248,0
-2.3902973501244236,-1.4166491268568415,0.8610414026769765,1.4918684374603708,-0.7996235359567542,-0.7512566825451571,-0.6637697945968195,-0.7030482824950699,-0.15771337791808387,-0.07983093642462384,0.4967840760183479,-0.15607617886757202,0.618489695594025,-0.043549504736759004,0
-1.2993971961454027,1.6809795994166306,1.1486664150084156,-0.05165739153686222,-1.4691689247753084,0.25832513221430364,0.11309556436073276,0.04503821611880037,0.0005283218231943114,0.14404017682051587,-1.0547993103651674,0.5466641184036574,0.8104453377244201,-0.08745969847712635,0
-2.3136633758140643,-0.7811677064766773,2.548526653523366,-1.646598706275824,-0.681091657474344,-0.5049269346247736,-1.1943582227616154,-0.7135821084260981,-0.28829359756926454,-1.0040500053391253,0.5336140673207852,0.03689872788945717,-0.3370085312679627,0.35007040507823567,0
1.80566721877984,1.4247939576498405,1.8001737517503993,1.478540771602094,0.7081596606012661,-0.5061148190743181,0.5391956127851133,1.0669822228597161,0.8810114570126751,0.5894032213460247,0.5296511087875784,0.17144237950617217,-0.009254694415608871,0.7175102921249868,0
0.5226725840882149,0.0025734419320474966,2.2016093610360223,-0.23812939313747294,-0.9039995607211468,1.1287685190827093,0.6303222168040442,-0.2313134282381456,0.052131688345102435,-0.1391525340502887,-1.0494403516582862,0.06085259732587636,-0.762933664902571,0.30918285339403523,0
1.9311502870734107,1.6838754226961639,-1.8451686272698804,1.201472820060839,1.0142093862861263,0.3743062832927819,1.4319455317641783,0.061156126285102544,1.3372189967110493,0.23555665881943416,0.4056433544048765,1.5169654647144601,-0.5068169211686273,-0.9184289756235555,1
-0.25836361289204307,-1.1062671666836246,1.4096691614294383,-1.655448543309728,-0.9253661833267782,-0.41176141017173046,1.081783580081058,-0.1552361965379122,-0.07296348593623292,-0.08402932434573716,0.6235548137413048,-0.36256945614108854,-0.4002351596647535,-1.1759596924916194,0
0.3938496210582296,1.7857539911696787,-0.6448651757514597,-1.6278160621859388,-1.0489383654543665,-0.22678246961269458,-1.6810020917706023,-0.4267149853117202,0.06194056302959465,0.5674557149616587,0.6518836824668239,0.1665038983225581,0.8328696276561371,0.6708764592964586,0
4.296103999072346,-0.6176469865379817,0.37671182948779575,-0.3848175676426079,0.4976296838554315,1.191082982053296,-0.13290602868968288,0.3357033268410723,-0.5571327864169312,1.155486861232876,-0.8723509228947851,-0.33448823263580424,0.1708405034591531,0.7072057967001735,0
-4.5916488039215695,-3.018638155721947,-1.7582910409672403,-0.3308628462912715,-0.5532819223488039,1.3289839358878979,-2.7734264899966723,3.5015396503402307,2.343602929202721,-1.7404666158289293,-0.9500632381188578,-0.2133741231043323,0.5088348313629066,-0.082729708241617,0
-1.9634726958406834,-0.37048559385171376,-0.1920715260689527,-0.13468401371256555,0.8966767619434404,-0.5976032682661822,2.1241295929023933,0.07578905673930213,1.4388494615509162,0.972575155432966,-0.872234860226306,0.2738727834762022,-0.028860056244368906,-0.11606577451307282,0
2.9291758889746595,1.2991671238973197,1.0014772227567885,-0.10556288264363689,-0.9632745823950718,0.564548274287549,-2.0180420118390643,-0.521109846880982,0.19304302033039009,0.2953709395802617,-1.0556431976786023,0.5790178348480167,-0.2536217808351337,0.07292454128122353,0
2.670538364711192,-3.0629308290925508,0.9961744851102295,0.09014360733892068,0.7448811483577136,-2.130250151604471,2.629499338405872,3.3116334154398435,-3.0361803340440088,-1.064549115384823,-0.9999285827197912,-1.0553381514981874,-0.6644734721827917,-0.21847152348949928,1
3.5713454541681613,-2.3889755205493777,-0.8323492857482977,1.260157890142876,0.7426546980145595,-0.42786527975146516,1.9123258796994183,1.913254665454844,-2.3299726467075423,-1.6129248919624357,0.34679098612352127,1.2794691027390233,1.029661667985831,-0.04118397312883555,0
-2.628567715883486,0.14238324602540015,-0.0993648119853773,-0.2934238580812355,0.6243800837609728,0.41174771848334574,0.7586466741338992,-0.6393550870222034,-0.8833346888360959,-2.254498644327077,-1.099559574917778,-0.46793586927458597,-0.0017923530033332434,-0.20009887955525038,0
0.8530881149386951,0.3786385541637599,1.988918349883532,0.0342591322028194,-0.13742173984218417,-0.6205373197089572,-1.0849894143482182,0.5873680690813305,-1.0573740245968346,-0.17241485815909202,-1.0292201660466627,-0.48099914874426497,-0.677779174967072,0.32621717921409643,0
2.615326029501377,-1.280851132580428,-0.21795774041487745,0.03679797203288848,0.3302004681494499,-1.3117984907960523,1.3332096671178966,2.6030213958808917,-2.0011821740657028,0.8789033511835054,-0.8318980794075594,-1.351105780856783,0.04839092577377094,1.347977357556853,1
1.7791346442512597,0.12067155106862625,1.383052382809016,-1.4515052051273953,-2.487320010464106,-0.3360520772958737,-0.37472071670670754,-0.3491270359551242,0.7099081439576321,-0.5289812674211359,0.5792392620906387,0.04311356891364182,-0.519497746122285,0.9710733912222702,0
2.29800119656475,1.5669196563204646,0.34424539749871974,1.1356880156536109,0.12406172127816358,1.247181078508201,-1.5019046742042093,-0.5228709615742456,-0.39682602813472745,0.117041649367876,0.37685522943382005,0.8168246952768764,0.23474331937338402,-0.708453941495225,0
1.3715729988042475,1.2841348262727594,2.1045670582491396,1.4933845361698979,0.40451834337890824,-0.7672441723803997,-0.6353837571543388,1.9253328382567934,-1.8855240543102167,0.3512926267480036,0.48892393793569106,-1.1164338385460875,0.41388918824919246,-0.21125306402096486,0
3.8552776982664865,-1.6890760282980262,1.0295846889187696,1.6941890077099573,0.693145301208132,-2.2533986812561455,-0.6858827169637527,1.0855201788845845,0.4183706412249051,0.1855586842141491,0.46305885775051053,1.399234643700177,-0.6305039656917045,0.3476318837383004,1
3.6069848172811723,-1.131554654740301,-1.8641887230842626,-0.3973052471754982,0.5471534381363029,1.104100552346962,-0.3407081274338252,-1.1927397135906272,-0.02077739523807479,-0.308387043537543,-0.9219342130154048,-0.25901254515569505,-0.1559063894178916,0.3310175423158498,0
-0.7488200155702819,1.8170990423898952,-1.8980747429484395,0.18545701824207445,0.9370977026320538,-1.971848796002575,-0.9399236563612263,-0.2563614402091846,1.2400719821458708,0.1651267417985052,-0.9162151539885223,-0.15770256912102246,-0.03808427151103155,-0.11970463755316968,0
0.03152859449304966,0.3166705515675215,0.6730313657575463,1.4627209368613001,-0.8223108183911689,-0.5291142415156027,-0.38800218120288676,0.9087306572439475,-0.9317174419814903,0.5536862112638832,0.3272482060193485,0.9122484544925605,-1.1804545761692016,-0.3065371540294619,0
-0.3087103666337076,1.0282446627241588,-0.31129934396642317,-2.031639712867988,0.25960097761361794,1.1771200848883017,0.6705717973213345,-0.3133490039658648,-0.37836487895775794,-0.09275162253353607,0.6455808079639198,-0.3722878549835847,0.48776700346495594,0.21318605686663558,0
-3.1033758518697225,-0.4465084351343967,-1.1053548215152373,1.2313448930784967,0.41488215422267505,-0.054923829573666365,0.20803611793897525,-0.4498136600093033,-0.60894004027614,0.429474302177559,0.5554987689898404,-0.5910502489368636,1.1147404509125278,-0.4567049155358032,0
-0.7208825711833501,1.5898463388987882,0.3557864774512843,1.6614493380538016,0.47741942775099167,-1.673163475571279,1.3995874032454647,1.4303062494870256,0.8020988618168325,0.5930966637509708,0.5711466510085004,-0.7676661281100522,-0.07725878667898413,-0.06547271622426386,0
-0.8514783651890574,-1.89578377344111,1.9801253853530767,0.9384680513161648,0.40745146374774266,1.7787130843994086,1.2637559716473512,-0.5254719274240953,-0.1447296555139135,0.20727116551617955,0.5408744359833726,-0.41907755911216743,0.9981932779197714,-0.13194328763170568,0
-3.165823643340572,-2.3658518403860747,-0.757517955690735,-0.38540678788329463,-1.0305925580731945,1.9189720309669476,-2.7465903102673197,3.796935354808679,2.6656904222734323,-0.9363740152930229,-0.9588257223897588,0.16198595426540574,0.6079046434446725,-0.5033155063584455,0
-1.27391335453858,0.20891633818223826,2.628325832302175,1.1394384575126337,0.6195125076608801,0.9551348709292714,-1.3129104079676588,-0.5531582887765742,-0.7687710957509991,-0.2617152848768418,0.39964488344176546,-0.102909683881362,-0.23172285437116805,-0.04318962029152878,0
2.693097593109155,1.4754798806690406,0.568908251668441,1.62076318549389,-1.4354366087248842,-0.4721410391363129,-1.523336895092471,0.7613294839827053,-0.29664539429039455,0.6612811267640025,0.4923410241440009,-0.5047649369884979,-0.2616202421051044,1.1272909965038862,0
2.71308809873583,-0.16134312084725475,1.80273734205882,1.5536840019197216,-1.1807541065910685,-0.2595274878713178,-0.8634783739414414,0.31271010794733095,-0.491520432535943,-0.9903777361385725,0.3839020537946804,-0.0018126375789826517,-0.6864812335771207,1.0573920233369312,0
4.2734557199234455,-0.7080124344807185,1.8433132072634817,1.239135953789353,1.6315049217403796,0.11147534309594959,0.4950368633042257,0.47057869634782334,0.8323557457302514,0.5225462426016003,0.5190970113652612,1.1192239348822888,0.5789632886738595,-0.6598253754077558,0
2.841664609294357,-0.7044194636608712,1.7054842575049938,-1.7760142880685346,-1.484246504722285,0.6175689122357615,-0.5245513840424926,-0.46813081019524944,0.631826027389459,1.2886962761920717,0.6624174273938319,0.9518787319896503,0.8775867535029924,-0.43060485577845564,0
-2.742970491114814,-2.6735419413289065,0.9176236476007743,0.9688593860357331,-0.9923010850918162,2.692044246682911,-2.411512492244842,3.7396720376795782,2.6737477341613607,-1.210481010257728,0.48577687190054436,0.2582951314224914,0.9534607462812207,-0.5438315174550222,0
3.6902858020249485,-1.8751621092321142,0.244297125235279,0.08427762810263467,-1.5903313017604388,-0.37565252870290317,-0.30413799029656524,-0.8137820655098494,0.752875929783936,-0.35636192197629274,-0.9376290658884564,-0.7552706453854072,-0.8847120507248271,0.0541669791388185,1
-2.671063050310586,0.6236338171304172,1.2201210332603756,-0.20811962174820375,-0.0565504664561097,0.2470069237095937,0.5389829904156618,0.1110220346529766,-0.6883481025000879,-0.27225260051482547,-1.0995321334950094,-0.35386665793179267,-1.3647561975407447,-0.6055082929752802,0
-2.3355301390744447,-1.0569377517935359,-0.4455375510949066,0.8692053371462302,2.2076495401132767,1.0284397277444965,-1.9928655003323779,-0.8832211772757143,-1.0015098570486451,1.5891825309949779,0.5746068126039686,-0.4579206256256785,-0.02822993616438302,0.550098294076996,0
4.740728324037569,-0.9111553789553019,-1.4895626011574936,1.1028447592597697,1.3406868504992215,0.47905792833528427,-0.6218258090817814,0.9198653964560513,-1.7036229348617007,0.3644461494521884,0.4892299240067402,0.4229483083034167,0.09437261135841843,0.7221355288361053,1
2.5712682736635735,1.3766504248785647,-1.1558586741488601,1.130780300749325,0.4689816508448076,0.8716944815036695,0.039597677399341606,0.786564931424752,-1.2089982377941655,0.4305499410112888,0.36964056052927124,0.6209959235968063,-0.922634771832274,-0.3522010088513654,1
-3.6128466507173145,1.6215656483161043,0.46301649723477367,-0.23080181093424967,-0.712621659550675,0.5011341646208655,-0.19912519207818988,0.09296975997015253,-0.27680992156610107,1.3160524507059173,-1.0004725508732366,0.30365058405705636,0.140802968799438,0.8562845868892728,0
-1.1998957144809235,-1.9034895154651859,1.169221651631599,-0.08141015790124406,-0.316003698436931,-0.44617590244281824,-0.626042101999715,-0.6567988873803045,-0.11580413702965998,0.9158272885941191,-0.8995817446455681,-0.46164659504938466,-0.0702820874290808,-0.11097482001710515,0
0.6124540831842612,0.4566289091569611,-0.423815506677524,-1.6987093580384414,-0.3841179051440073,-0.5673862302039971,0.6192917467759991,0.8046529877699158,-1.036484701396586,-0.4814882708775336,0.49512491414620086,0.7082505174567987,-0.1365027694435458,-0.9005272421507438,0
0.1301600990043516,2.5302191950566866,0.005053857899261609,1.4296253056904789,-0.5027858742365406,-0.2925652151661201,-1.4135372073558745,0.9239089494871544,-1.0904727734356556,0.5360337558470628,0.3573314332233322,1.1000499629310905,0.9571508567093808,-0.2995255415583197,1
-2.920347122352669,1.2384917696567594,0.7285648334425671,1.4060685136582514,-1.057983367259715,0.1149283491918181,0.6553099183048875,0.043587451518084776,-0.3781960270179572,-0.31170374415778046,0.3987433726419401,0.1273864786384396,0.49621862530102584,-0.18877145820864938,0
-3.5043169544755832,-2.8292721995872134,-1.897152615031337,-0.42351140755707883,-1.2237825629956818,1.9999341658677205,-0.985493330511991,4.060561330851309,2.664649483341478,-1.007902232642643,-0.9845122735012918,0.3865936813162603,0.06907054987011434,-0.781011225289946,0
1.375318511140276,1.201567769992221,-2.3502222812596054,-0.04549296966873334,-0.5546578638260568,-0.4097459302379088,-1.7210928939656753,-0.553100366182663,-0.15805424702788354,-0.1123491809718981,-1.085032076749078,0.7486658227343997,-0.0007918674413635482,-0.5397662251964532,0
-0.7488200155702819,1.8170990423898952,-1.8980747429484395,0.18545701824207445,0.9370977026320538,-1.971848796002575,-0.9399236563612263,-0.2563614402091846,1.2400719821458708,0.1651267417985052,-0.9162151539885223,-0.15770256912102246,-0.03808427151103155,-0.11970463755316968,1
2.3314802858274573,0.19539157176833133,0.6151502161773168,1.3907953255594088,-1.908343427249867,0.892238396306222,1.1383301852632484,-0.18952387430937379,0.5920958799600153,-0.9204341674950037,0.40376408127375435,-0.33561813766113807,-0.8859275634558487,0.3762733551121965,0
-2.4169169907327355,-2.7488987001124,0.20560090057020083,1.455429836243187,-0.836610059635203,-0.8041583550425279,-0.6835061953086573,-0.8262596868865731,0.05126552506459812,0.48905933678817276,0.504083594850722,-0.07872796985500842,-0.7929660446966241,0.5703255411602606,0
-2.0832518835723257,2.3946697469970992,-1.9569603263883206,-0.17186975505331015,-0.2974625305499112,0.1701136645718682,0.9779377548073551,0.2336007682594509,-0.43026433546944837,0.11319537555062942,-0.9780767982045785,-0.7626326034862554,0.44454529344375215,-0.5175496158787564,0
0.7519243743917124,0.6888294513590411,-2.2315725036343856,1.473413756523779,-1.3088663518631893,-0.4055523161815504,-0.972278692455482,-0.47012905368385055,-0.07969542852678088,-0.01995131461017136,0.30832167678162997,1.4303467776304064,-0.9083024705442252,-0.5647350064086298,0
-2.238217644771454,1.8897148460230813,1.8665401722361101,-1.734957530177677,-0.5295963203164513,-0.08985471483741708,0.78565560354067,1.3459233388144913,-1.0940231363696815,0.5718972180629553,0.5960704790908379,0.007094898853032481,0.9369041256199366,-0.015408427492441503,0
-3.792091286675913,-1.3059662615245473,-2.1179516552557884,-2.4257445104182227,0.8119683235387604,3.2359882838965737,-2.303537906950769,3.6563612535518026,1.8265634517068354,-1.7187595854522637,0.5993336826136041,-0.024223489311121046,-0.4886789333265841,0.5732155020018928,0
-2.0576745895865916,1.1835937819006077,0.802432025349789,-0.27344645679600055,0.6465494457542824,0.37844122509729333,-0.7760051887312232,-0.3749592024027861,-0.8784179417327584,-0.9552656246693629,-1.0973698373160217,-0.09312319049193438,0.22835774093456299,-0.6409878514956264,0
-0.06298210471151904,1.8912787491686849,0.07182106479780269,0.0076755204938003235,-1.536915985817507,-0.04123037671282056,-0.9418568522062972,0.11771025005702841,0.27040677482582054,1.87051762742158,-0.9386782260857625,-0.0523151603692877,-0.03167587478321464,0.34930491994790624,0
3.0169367166240697,-1.9288251900866706,1.4550905431375638,-1.5361232965607414,-1.6557709519637063,-0.46603945722334067,-0.11838006211810952,-0.830723952701117,0.5862737636180875,-0.4724848513278557,0.6567238641268955,-0.30163788413194986,-0.3431838605926944,-0.3588393625047628,0
-2.2735090338450665,1.5044544642296274,1.8611788335292057,-0.25284533752958127,0.24018328259210175,0.5720121257683737,-1.1475318045289673,-0.21905007809170665,-0.7440780411039963,0.3759371939349323,-1.0327105128816545,0.03452759029576659,0.2281659080761848,0.19499776784640005,0
2.633901684815734,-2.301159880201883,-2.2351081047192976,-0.030467802037044744,-0.7224511537513113,-0.6241094286513357,0.1939015661258875,-1.1331348879180947,0.2814602697504881,-1.4279517709503453,-1.016519001761383,-0.1801810921043316,-0.5411787106018543,-0.7915924773082843,0
-4.711683500566693,-0.8866189941343428,-0.21807052458318008,1.2527546382112578,0.9085627535167258,-0.5587588669746665,-0.8581096643126006,-0.33109126996372407,-1.2383574248367835,0.574343461900836,0.3880981528873631,-0.20855649017415587,-2.246787925291817,-0.04586804421686042,0
-2.9896421903048718,1.220499682834962,-0.7346874194350262,-2.3025865747526857,1.9053073414235382,1.7086668285255036,0.7622597516923332,-0.3155894101311426,-1.3650308515118503,-0.7074293914962254,0.5481625676063346,-0.19198449985424185,-0.42405536186040776,0.23970982504640842,0
-2.91572438303156,-1.130935090049572,0.05896085879063424,-1.656553391501612,-1.0274107510875676,-0.696274926538681,0.8771097007854713,-0.16217818872970877,-0.07868724717015801,0.7447881526308371,0.6706240219471427,-0.2620244492754981,-0.47565932439220165,-0.12550325566404902,0
4.211736225229276,-1.1156465107878302,2.6094154760288193,-0.43527573881695436,2.1163011435493044,1.1244979261967103,-0.1482941065048313,-0.7621367384737495,1.4521902816910688,0.4959905112243832,-0.9138008804980081,0.7664784173142184,-0.3659841483759273,-0.032746359088477506,0
-3.6897030855551725,-1.3962789563743714,0.11482917623818277,-1.7768077295152263,0.23983513319411126,-0.6823581959057087,-0.010263713695715762,-0.4467864801757638,-0.6210748241199724,0.34727239496013224,0.66735659504525,-0.5698176070847055,-0.3372518687031891,-0.2266233529280875,0
-0.7112722829490125,-0.3829340207191523,-2.6778842214910745,-1.6551796582028824,-1.2106997226140934,-0.6145336204783987,0.9799168977539892,-0.3977089885921358,0.16237448897164672,0.24122316499496946,0.6745734646105207,0.07118496648907183,0.20417636731678176,-0.061749486523623616,0
0.6547948740758073,0.6091716701098365,-1.1552536700597336,1.3170171805256938,-0.7493855654509594,0.6460976295275112,1.0288289447025718,-0.4484638464274233,0.04858344606290319,-1.4192517239093398,0.47114937920182526,-0.841806837735534,0.6534054546465704,0.2793624634387057,0
3.7650473843205745,-2.197770296955551,-0.2748269661840468,0.1507095383329825,-0.3898403399204602,-1.616542282747558,-0.6757951741724353,0.7121285957699032,-1.040134220048386,-1.000863625913965,-0.9656635536962557,-0.27270382155157225,0.4720058466993189,0.6617690631139085,1
-3.454761467358736,-0.9680496338711976,-0.4190272606144228,-1.5613861770221127,-1.096732589767694,-1.365657261970916,-1.0708966654747667,-0.43178809245684585,-0.02527546961915625,0.7812529009509707,0.6389950018147695,0.5310214612754064,0.9343749324352267,-0.1503621382092975,0
-2.8952679973328803,2.7766658825446187,1.8570567288227742,1.320261439021625,-0.43040174510495716,0.6156107027670046,-0.6164459663903147,-0.22760556594494769,-0.7799354271234088,-2.0061215642771906,0.27710330861011495,0.03558871008641973,0.45774225227578,0.30564287264949963,0
1.1732297529745628,0.9456481511909514,2.030274485433039,0.30605423594610004,-0.043848124131833296,-2.0086805936580636,-0.12961490764948588,0.932194177655957,1.092710502412961,-0.15542646670488788,-0.9945131600941992,0.5039009000185007,0.3573349052386737,-0.2166568404604804,0
0.08932626068898163,2.376489587855151,-1.927196858564263,-1.6786840778975824,-1.1114021818710251,-0.05294792605998169,-0.04309142835728163,-0.024182566328075982,-0.1709717518961756,-0.0643210409013144,0.5400231269990104,0.5994681835034185,-0.17840992673997666,-0.08309538697590665,0
-0.4649027467093199,2.1667001949419076,-0.4662679248289014,1.5742432150787944,-2.3860609909872124,-0.04445673065218798,1.330011869306122,0.4601793459138548,0.24496152903076374,0.2645964914806411,0.40139180238286426,0.18980594166847198,-0.24657508329871283,-0.5367285004945489,0
0.6344875686071609,1.6525105787701446,0.3958400580198754,-0.008246991377891201,-1.113218001409322,0.023182315778593126,-0.5400726562588365,-0.010860543964196903,0.169441508824665,0.5621374191359692,-0.9465185117755144,-0.8288744158953686,0.3176668818702854,-0.36414875149767945,0
0.6633442561732148,-3.0603995299376643,-0.47617258014213737,-2.04625626685572,1.1566195798113068,0.057209226760092796,0.3612210727902209,-0.5175178385911139,-1.2772187348380806,-1.0171539701185652,0.5543386618306173,0.7115117075030979,-0.7408346839823441,-0.49024957479921044,0
-3.0511626238251015,-0.799213229183948,1.0036121031966556,1.3573029155269374,-0.6872451016738274,-0.18038412124856773,-1.1813441391215451,-0.5817941934442729,-0.38435244486159936,0.2187694350806638,0.3815493639564786,1.314408620171551,0.5016407732046201,0.44350519748086215,0
-2.8449874590260458,-1.1843313585874615,-0.46062425559160064,0.007589648239510525,-1.2724024228454038,-1.0002885909591817,1.5737991690501516,1.0182074991338015,-0.5537545302988525,1.385351861166952,-0.9631850908469309,0.48927955265920087,0.11462251812411232,0.13889950067980397,0
1.2207497238790204,-0.5012246081691395,-2.2228511603639,-0.1289792832482608,-0.45091534803289496,-0.035608724066539414,0.6545995431421209,-0.19652993675745845,0.34659327366327086,1.442866344720832,-0.7662603532233376,-1.867124453832322,-0.32297421046187824,0.2891240767945674,0
-2.644546141165134,-2.5345482066498386,-1.1289125395971011,-0.3212399567821015,0.6207313611215411,0.050141720780539446,0.25093497449021923,-0.9588002487296932,-0.36720906509958917,-0.2974231819265361,-0.9398422856703335,-0.5162712778736188,-0.14232273740931584,0.24174584740524588,0
-2.9529663589120316,-1.4857562137449298,-0.0003769031592979014,1.0171699005994255,0.4863146821205663,1.052118937048679,1.0040927511660647,-0.4578239063731686,-0.616396149610014,0.3057568095330334,0.45983687855000305,0.2482861770806846,-0.2762768700294382,0.2840085549885951,0
1.0963243231101754,0.6909020143360092,-0.04014357834711377,1.255168331854085,-0.5127641249302407,0.637897120699721,-0.2612139394512855,-0.33485895152331735,-0.26525751464115227,-0.12742423786550597,0.3498994264296505,0.7223780470572375,-0.590781984882598,-0.8121508727739423,0
-0.07958614126413674,4.278812456562201,1.7894534418423003,-1.5341640933240126,0.9663308668615742,-1.0759963559172165,0.3953206160155092,1.5521950981827264,0.2668164379124725,0.26136371861788765,0.6380337720224831,0.4615805022043421,1.3687779111166707,-0.40695996539667484,0
2.0432643806824875,-1.8120625882571664,0.9897240143154409,0.1363653744588204,-1.7419588418227885,-0.687772538939245,1.7010808032307791,0.7823778349237144,0.1764731033343194,0.6852347309265545,-0.8153000338950357,-1.5860987374009665,-0.28842898834736663,0.9165115048776801,0
2.7265464248707527,1.0032981236866265,2.1143825719153577,-1.591339925065385,-1.3895479918403675,0.0701166655635331,-1.78644335862233,-0.4055420850615589,0.3024893408541027,0.027625601324912725,0.5939198984948415,-0.01654084255054676,-0.20416737696995022,0.31227038098675486,0
-0.7739390631406284,2.601165964310903,-0.9561562173237139,1.2010564294716994,2.1821528557359806,0.02673323450277793,-0.2215649254366461,-0.09979890582962334,0.5992479057331278,0.1301317178316922,0.45741335277708645,0.5057963959070109,-0.3549704342505897,-0.2285022138480045,1
