Year_Birth,Income,Teenhome,Recency,MntWines,MntMeatProducts,MntFishProducts,NumDealsPurchases,NumCatalogPurchases,NumStorePurchases,NumWebVisitsMonth,TotalChildren,TotalAcceptedCmp,Enrol_Year,Enrol_Month,Age_x_Income,Education_Basic,Education_PhD,Marital_Status_Married,Marital_Status_Together,Response
-1.0217383420008834,0.3227268628253127,-0.9373322538565467,0.30746521213726924,0.9884059378630018,1.415792393286533,1.5775061211294403,0.6640885054221695,1.8569517264925168,-0.5692112779606683,0.7367246712363097,-1.2774216252220538,-0.4390358821128122,-1.4987482463864636,0.7254613580111255,0.7871313331218327,-0.15873978742581374,-0.5237957129987955,-0.7951375258359844,-0.5911925232177752,1
-1.2786051617029028,-0.25915862261423206,0.8997051785456238,-0.38361982655072535,-1.223630986433815,-1.410684147335121,-0.8686305850779471,0.03485374204043518,-0.40088795727531673,-1.1887590499099316,-0.1415086997382818,1.3865511423269279,-0.4390358821128122,1.4242432292558669,-0.9920371371940933,0.3399551479784294,-0.15873978742581374,-0.5237957129987955,-0.7951375258359844,-0.5911925232177752,0
-0.33676015612883164,0.9875485447227068,-0.9373322538565467,-0.7982708497635221,0.7664303967156374,0.4739108929194504,1.3152011742773415,-0.8520028465040377,0.13612699269759143,1.289432037887122,-0.5806253852255776,-1.2774216252220538,-0.4390358821128122,-0.03725250856529844,0.4392116088102558,0.9508064412947709,-0.15873978742581374,-0.5237957129987955,-0.7951375258359844,1.6914963581696623,0
1.2900630353172915,-1.2310070448787862,-0.9373322538565467,-0.7982708497635221,-1.223630986433815,-0.6982430958463327,-0.08478960543199393,0.03485374204043518,-1.3189210778785396,-0.5692112779606683,0.2976079857490139,0.0545647585524371,-0.4390358821128122,1.4242432292558669,-1.278286886394963,-1.3215772765042835,-0.15873978742581374,-0.5237957129987955,-0.7951375258359844,1.6914963581696623,0
1.033196215615272,0.33037416232023636,-0.9373322538565467,1.5514182817756594,0.2662633796199039,0.4266314504892762,0.7913358438282032,1.550945093966642,0.517145163327906,0.050336493988595146,-0.1415086997382818,0.0545647585524371,-0.4390358821128122,1.4242432292558669,-1.5645366355958328,-0.3787214029746888,-0.15873978742581374,1.9091412456869414,1.2576440772916977,-0.5911925232177752,0
-0.16551560966081866,0.5385780582465446,0.8997051785456238,-1.1438133691075194,0.877283757466046,0.30730659837135,-1.5314094739873088,0.03485374204043518,0.8126858168872018,1.289432037887122,0.2976079857490139,0.0545647585524371,-0.4390358821128122,-0.03725250856529844,0.7254613580111255,0.47201412681801497,-0.15873978742581374,-0.5237957129987955,-0.7951375258359844,1.6914963581696623,0
0.17697348327520726,0.19923531033631994,0.8997051785456238,-0.5218368342883243,0.43606874889541036,0.6385728223860738,0.8406111661619536,1.1521609060229787,0.517145163327906,0.36011037996322687,0.2976079857490139,0.0545647585524371,-0.4390358821128122,-1.4987482463864636,1.2979608564128653,0.014288050241890893,-0.15873978742581374,-0.5237957129987955,-0.7951375258359844,-0.5911925232177752,0
1.375685308551298,-0.8951179160953014,-0.9373322538565467,-0.5909453381571238,-0.18795078662189685,-0.05070534571913307,-0.6950756318834131,0.03485374204043518,-1.3189210778785396,-0.5692112779606683,1.1758413567236055,0.0545647585524371,-0.4390358821128122,-0.03725250856529844,-0.4195376387923536,-1.1783520175035949,-0.15873978742581374,1.9091412456869414,1.2576440772916977,-0.5911925232177752,0
0.4338403029772267,-1.048211918242063,-0.9373322538565467,-1.0401506133043203,-1.0993071871582751,-0.5851763554236039,-0.6950756318834131,-0.8520028465040377,-1.3189210778785396,-1.1887590499099316,1.6149580422109011,0.0545647585524371,-0.4390358821128122,-0.03725250856529844,-0.1332878895914838,-0.9738333988022143,-0.15873978742581374,1.9091412456869414,-0.7951375258359844,1.6914963581696623,1
1.204440762083285,-0.011040757066032067,-0.9373322538565467,-1.316584628779518,-1.6098159800704808,-1.410684147335121,-1.5314094739873088,-0.8520028465040377,-1.3189210778785396,-1.1887590499099316,0.7367246712363097,0.0545647585524371,-0.4390358821128122,-0.03725250856529844,1.2979608564128653,-0.6563948809335499,-0.15873978742581374,-0.5237957129987955,1.2576440772916977,-0.5911925232177752,0
0.6050848494452397,-2.175621213458193,-0.9373322538565467,0.34201946407166894,-1.523931364251822,-1.0611493408418176,-0.03229674297405158,-0.8520028465040377,-1.3189210778785396,-0.8789851639353,1.1758413567236055,-1.2774216252220538,-0.4390358821128122,-1.4987482463864636,1.2979608564128653,-1.7529487514774915,6.299617860250349,-0.5237957129987955,1.2576440772916977,-0.5911925232177752,0
-0.8504937955328705,0.564233514616611,-0.9373322538565467,1.1367672585628628,0.32974710184490785,1.3324083250121233,1.7387306848010664,-0.8520028465040377,0.8126858168872018,0.6698842659378585,-1.4588587562001691,-1.2774216252220538,-0.4390358821128122,-0.03725250856529844,1.2979608564128653,0.9153980536896564,-0.15873978742581374,-0.5237957129987955,-0.7951375258359844,-0.5911925232177752,0
-1.4498497081709159,0.3827211607983911,0.8997051785456238,0.13469395246527058,0.4313270421880558,-0.08576749491425192,-0.6950756318834131,0.6640885054221695,-0.40088795727531673,-0.25943739198603655,0.2976079857490139,1.3865511423269279,-0.4390358821128122,-0.03725250856529844,1.2979608564128653,1.0941365283104907,-0.15873978742581374,-0.5237957129987955,-0.7951375258359844,-0.5911925232177752,0
1.546929855019311,-1.6909797751444193,-0.9373322538565467,-0.38361982655072535,-1.8357197196891686,-0.7982085464030406,-0.35746650993044954,-0.8520028465040377,-1.3189210778785396,-0.8789851639353,1.1758413567236055,-1.2774216252220538,-0.4390358821128122,-1.4987482463864636,1.0117111072119953,-1.5997145136016417,-0.15873978742581374,-0.5237957129987955,1.2576440772916977,-0.5911925232177752,0
-1.9635833475749547,1.5394862185918086,-0.9373322538565467,-0.9019336055667213,1.2444330770825454,0.4100733137233073,0.9386567793690114,-0.8520028465040377,1.2583237218588201,1.9089798098363855,-1.0197420707128733,-1.2774216252220538,2.5288466809697985,-1.4987482463864636,1.2979608564128653,2.729832620896601,-0.15873978742581374,1.9091412456869414,-0.7951375258359844,-0.5911925232177752,1
0.9475739423812656,-0.4808809705509214,0.8997051785456238,0.06558544859647111,-0.38563851355977363,-0.7298831168270937,-0.8686305850779471,0.6640885054221695,-1.3189210778785396,-0.8789851639353,1.1758413567236055,1.3865511423269279,-0.4390358821128122,-1.4987482463864636,1.584210605613735,-0.7986783650472,-0.15873978742581374,-0.5237957129987955,1.2576440772916977,-0.5911925232177752,0
-1.9635833475749547,-0.682671002384713,-0.9373322538565467,-1.0055963613699206,-0.13287910907525843,-0.29680125043934796,1.4954519491840863,0.03485374204043518,-0.40088795727531673,0.050336493988595146,0.7367246712363097,-1.2774216252220538,-0.4390358821128122,-1.4987482463864636,0.4392116088102558,0.1613617553303981,-0.15873978742581374,-0.5237957129987955,-0.7951375258359844,1.6914963581696623,0
-1.7067165278729353,1.2530825181528942,0.8997051785456238,1.4477555259724604,1.2477428720154256,1.3562331518809896,-1.5314094739873088,0.03485374204043518,0.8126858168872018,0.9796581519124903,-0.1415086997382818,0.0545647585524371,1.0449053994284931,-0.03725250856529844,-0.9920371371940933,2.20508454325437,-0.15873978742581374,-0.5237957129987955,1.2576440772916977,-0.5911925232177752,0
1.375685308551298,-0.8774551211328326,-0.9373322538565467,1.2749842663004616,-1.7113959204136286,-0.7298831168270937,0.5402715434140909,0.03485374204043518,-0.40088795727531673,-0.8789851639353,0.2976079857490139,0.0545647585524371,-0.4390358821128122,-1.4987482463864636,1.2979608564128653,-1.1696454218871792,-0.15873978742581374,-0.5237957129987955,-0.7951375258359844,-0.5911925232177752,0
1.1188184888492785,-0.7181939419740357,-0.9373322538565467,-0.2799570707475262,-0.11992161401676193,0.11855997755964244,1.0316539334645618,-0.8520028465040377,0.13612699269759143,-0.25943739198603655,1.1758413567236055,-1.2774216252220538,-0.4390358821128122,-1.4987482463864636,0.4392116088102558,-0.9979522285005491,-0.15873978742581374,-0.5237957129987955,1.2576440772916977,-0.5911925232177752,0
-1.7067165278729353,0.34586611097446873,0.8997051785456238,0.4802364718092679,1.161674893623058,0.2235138511120732,-1.5314094739873088,0.6640885054221695,0.517145163327906,0.9796581519124903,1.1758413567236055,0.0545647585524371,1.0449053994284931,-1.4987482463864636,1.584210605613735,1.2027442222514588,-0.15873978742581374,1.9091412456869414,1.2576440772916977,-0.5911925232177752,0
-1.2786051617029028,0.677265534893192,0.8997051785456238,-1.6966814000579151,0.7087429999269748,0.33299279930326425,0.33337731561995393,0.6640885054221695,0.13612699269759143,0.9796581519124903,-0.5806253852255776,0.0545647585524371,-0.4390358821128122,1.4242432292558669,-1.5645366355958328,1.294980296116944,-0.15873978742581374,1.9091412456869414,1.2576440772916977,-0.5911925232177752,0
-1.5354719814049222,-0.5381617106387043,0.8997051785456238,0.6875619834156662,0.5131149691433291,-0.5116836332350986,0.6940448115115979,2.180179857348376,-0.40088795727531673,-0.25943739198603655,1.1758413567236055,0.0545647585524371,-0.4390358821128122,-0.03725250856529844,-0.9920371371940933,0.15777831446457805,-0.15873978742581374,-0.5237957129987955,-0.7951375258359844,1.6914963581696623,0
0.005728936807194294,-1.628518606366527,-0.9373322538565467,1.3786470221036609,-1.523931364251822,-0.559742044878125,0.14125821022048246,0.03485374204043518,-0.40088795727531673,-0.8789851639353,0.7367246712363097,-1.2774216252220538,-0.4390358821128122,-0.03725250856529844,-1.5645366355958328,-1.2904433560400734,-0.15873978742581374,-0.5237957129987955,-0.7951375258359844,-0.5911925232177752,0
0.6050848494452397,0.08694335130118312,0.8997051785456238,-1.558464392320316,0.2662633796199039,-0.44567839143551063,-0.6950756318834131,1.1521609060229787,-0.40088795727531673,-0.5692112779606683,0.7367246712363097,1.3865511423269279,-0.4390358821128122,-0.03725250856529844,-0.4195376387923536,-0.2915271373201351,-0.15873978742581374,-0.5237957129987955,1.2576440772916977,-0.5911925232177752,0
1.718174401487324,-0.6530685527269441,-0.9373322538565467,-0.7982708497635221,-0.5962769921065771,-0.23348350437061907,0.305312378978912,0.03485374204043518,-0.40088795727531673,-0.5692112779606683,-1.0197420707128733,0.0545647585524371,-0.4390358821128122,-0.03725250856529844,-0.4195376387923536,-1.187716094430285,-0.15873978742581374,-0.5237957129987955,1.2576440772916977,-0.5911925232177752,0
-0.33676015612883164,1.6291816410548485,-0.9373322538565467,1.620526785644459,1.0297575543773319,1.663944136140156,0.33337731561995393,-0.8520028465040377,1.7307189374904248,1.289432037887122,-1.4588587562001691,-1.2774216252220538,1.0449053994284931,-0.03725250856529844,1.2979608564128653,1.4852154688022592,-0.15873978742581374,1.9091412456869414,1.2576440772916977,-0.5911925232177752,0
1.718174401487324,-2.0039763428592297,-0.9373322538565467,-0.5218368342883243,-1.383912240451793,-1.1175755046062268,-0.8686305850779471,0.03485374204043518,-1.3189210778785396,-0.8789851639353,-0.1415086997382818,-1.2774216252220538,-0.4390358821128122,1.4242432292558669,-0.4195376387923536,-1.7617752703431024,-0.15873978742581374,-0.5237957129987955,-0.7951375258359844,-0.5911925232177752,0
-0.5080047025968446,-0.6402408245419109,-0.9373322538565467,0.23835670826846977,0.025761062238730974,-0.20400152794953944,0.6134870124126136,-0.8520028465040377,1.054160113300814,-0.8789851639353,-1.0197420707128733,-1.2774216252220538,-0.4390358821128122,-0.03725250856529844,-0.4195376387923536,-0.34018578602516925,-0.15873978742581374,-0.5237957129987955,-0.7951375258359844,1.6914963581696623,0
0.09135121004120077,-0.54511828630828,0.8997051785456238,-0.6254995900915234,0.015811741148776304,-1.510649597891829,-0.8686305850779471,0.03485374204043518,-0.40088795727531673,-0.5692112779606683,-0.1415086997382818,0.0545647585524371,1.0449053994284931,-1.4987482463864636,1.0117111072119953,-0.49575726932415026,-0.15873978742581374,-0.5237957129987955,-0.7951375258359844,1.6914963581696623,0
-1.4498497081709159,-0.24603486993262116,2.736742610947794,-1.4202473845827173,-0.05930240799991558,0.29407161264015597,0.5959991983045402,1.88811232068876,-0.40088795727531673,0.050336493988595146,0.2976079857490139,1.3865511423269279,-0.4390358821128122,-1.4987482463864636,1.0117111072119953,0.4315161294271149,-0.15873978742581374,1.9091412456869414,-0.7951375258359844,-0.5911925232177752,1
-1.9635833475749547,0.8417071427420985,-0.9373322538565467,-1.558464392320316,0.8350891142184722,1.3201594275410151,1.3568237004209593,-0.8520028465040377,1.054160113300814,0.9796581519124903,0.7367246712363097,-1.2774216252220538,-0.4390358821128122,-0.03725250856529844,-1.278286886394963,1.9233076774751352,-0.15873978742581374,-0.5237957129987955,1.2576440772916977,-0.5911925232177752,0
-1.5354719814049222,-0.10892619060105468,0.8997051785456238,0.20380245633407004,-0.5390835201509595,-0.7298831168270937,-0.8686305850779471,-0.8520028465040377,-1.3189210778785396,-0.8789851639353,0.7367246712363097,1.3865511423269279,-0.4390358821128122,-0.03725250856529844,0.4392116088102558,0.6174281947725513,-0.15873978742581374,-0.5237957129987955,-0.7951375258359844,-0.5911925232177752,0
0.09135121004120077,0.7773711521525473,0.8997051785456238,-0.4181740784851251,1.0442088676416514,0.5853543739421124,-1.5314094739873088,1.550945093966642,1.2583237218588201,1.9089798098363855,-1.4588587562001691,0.0545647585524371,-0.4390358821128122,-0.03725250856529844,1.584210605613735,0.49333279057884144,-0.15873978742581374,1.9091412456869414,1.2576440772916977,-0.5911925232177752,0
0.6050848494452397,-1.3754669992086987,-0.9373322538565467,0.9294417469564643,-1.523931364251822,-0.9164425794383279,0.14125821022048246,0.6640885054221695,-0.40088795727531673,-1.1887590499099316,0.7367246712363097,0.0545647585524371,-0.4390358821128122,-0.03725250856529844,0.7254613580111255,-1.2361181241545232,-0.15873978742581374,-0.5237957129987955,1.2576440772916977,-0.5911925232177752,0
0.3482180297432202,-0.45231460663117434,0.8997051785456238,1.7241895414476582,-0.3653763833418245,-1.410684147335121,-0.8686305850779471,0.03485374204043518,-0.40088795727531673,-0.8789851639353,-0.1415086997382818,0.0545647585524371,-0.4390358821128122,1.4242432292558669,-1.278286886394963,-0.5330953310299555,-0.15873978742581374,-0.5237957129987955,-0.7951375258359844,-0.5911925232177752,0
-2.220450167276974,-0.13068399109951487,-0.9373322538565467,0.13469395246527058,0.7806013778126762,0.7856334585762274,1.534137465421638,0.03485374204043518,1.8569517264925168,-0.25943739198603655,0.2976079857490139,-1.2774216252220538,1.0449053994284931,-0.03725250856529844,-1.278286886394963,0.9225204883429233,-0.15873978742581374,1.9091412456869414,-0.7951375258359844,-0.5911925232177752,1
0.9475739423812656,1.4018841650992793,0.8997051785456238,-1.5930186442547158,0.7598679277331152,1.4038272606533735,1.1344211366037953,0.03485374204043518,1.2583237218588201,-0.25943739198603655,-0.5806253852255776,0.0545647585524371,-0.4390358821128122,-0.03725250856529844,-0.7057873879932234,0.2894146267475586,-0.15873978742581374,-0.5237957129987955,1.2576440772916977,-0.5911925232177752,0
1.375685308551298,-1.531323896656852,-0.9373322538565467,1.344092770169261,-1.1377463706151563,-0.4669423223883164,-0.6950756318834131,0.03485374204043518,-1.3189210778785396,-0.8789851639353,1.1758413567236055,0.0545647585524371,-0.4390358821128122,-0.03725250856529844,-0.9920371371940933,-1.491959700390966,-0.15873978742581374,-0.5237957129987955,1.2576440772916977,-0.5911925232177752,0
-1.0217383420008834,-1.4605247045586882,0.8997051785456238,-1.558464392320316,-1.3252109267769627,-1.410684147335121,-0.6950756318834131,-0.8520028465040377,-1.3189210778785396,-0.8789851639353,-0.1415086997382818,0.0545647585524371,-0.4390358821128122,-1.4987482463864636,1.584210605613735,-0.9406087884062257,-0.15873978742581374,-0.5237957129987955,-0.7951375258359844,1.6914963581696623,0
-0.8504937955328705,-0.011040757066032067,-0.9373322538565467,1.0676587546940632,-0.1528985265142937,-0.1228342571174431,-0.6950756318834131,-0.8520028465040377,0.517145163327906,-0.5692112779606683,-1.4588587562001691,-1.2774216252220538,-0.4390358821128122,-0.03725250856529844,1.2979608564128653,0.37758840537456206,-0.15873978742581374,1.9091412456869414,-0.7951375258359844,-0.5911925232177752,0
0.5194625762112332,-2.175621213458193,-0.9373322538565467,-1.0401506133043203,-1.8357197196891686,-1.1175755046062268,-0.6950756318834131,0.6640885054221695,-1.3189210778785396,-0.8789851639353,-0.1415086997382818,0.0545647585524371,-0.4390358821128122,-0.03725250856529844,1.0117111072119953,-1.7466590705756309,-0.15873978742581374,-0.5237957129987955,1.2576440772916977,-0.5911925232177752,0
0.6050848494452397,1.3984305459725397,-0.9373322538565467,0.7912247392188655,0.07751655091237991,0.9506939868649074,1.7440460261745092,-0.8520028465040377,0.8126858168872018,0.9796581519124903,-1.8979754416874648,-1.2774216252220538,-0.4390358821128122,1.4242432292558669,-0.1332878895914838,0.5555805045283755,-0.15873978742581374,-0.5237957129987955,-0.7951375258359844,-0.5911925232177752,0
2.3175303141253694,-2.175621213458193,-0.9373322538565467,-0.8673793536323215,-1.8357197196891686,-0.9164425794383279,0.14125821022048246,0.6640885054221695,-0.40088795727531673,-0.8789851639353,1.6149580422109011,-1.2774216252220538,-0.4390358821128122,-1.4987482463864636,1.2979608564128653,-1.8787423695147036,-0.15873978742581374,-0.5237957129987955,1.2576440772916977,-0.5911925232177752,1
-0.07989333642681218,-0.48690013531466775,-0.9373322538565467,1.4823097779068601,-1.1377463706151563,-0.8745898782305835,-0.6950756318834131,-0.8520028465040377,-1.3189210778785396,-1.1887590499099316,2.0540747276981968,0.0545647585524371,-0.4390358821128122,-0.03725250856529844,-0.4195376387923536,-0.382227690421446,-0.15873978742581374,-0.5237957129987955,-0.7951375258359844,1.6914963581696623,0
-1.5354719814049222,-0.011040757066032067,0.8997051785456238,1.620526785644459,-0.4397730215411439,-0.1487773882396137,-0.35746650993044954,0.6640885054221695,-0.40088795727531673,-0.5692112779606683,0.2976079857490139,2.718537526101419,-0.4390358821128122,1.4242432292558669,-1.5645366355958328,0.7222495008105994,-0.15873978742581374,-0.5237957129987955,-0.7951375258359844,-0.5911925232177752,0
-1.2786051617029028,1.0337777036049225,0.8997051785456238,-0.34906557461632565,1.134716202316855,1.0640521187963468,0.8406111661619536,2.6682522579491867,0.13612699269759143,1.9089798098363855,1.1758413567236055,1.3865511423269279,-0.4390358821128122,-1.4987482463864636,1.2979608564128653,1.658574169691702,-0.15873978742581374,1.9091412456869414,1.2576440772916977,-0.5911925232177752,0
-1.0217383420008834,0.6852581963007897,0.8997051785456238,-0.694608093960323,0.45919020674105954,0.4636982126924671,0.6631002162131998,-0.8520028465040377,0.13612699269759143,1.289432037887122,-1.4588587562001691,0.0545647585524371,-0.4390358821128122,1.4242432292558669,-0.4195376387923536,1.1383773051500579,-0.15873978742581374,-0.5237957129987955,-0.7951375258359844,-0.5911925232177752,0
-0.4223824293628381,1.359059287927707,-0.9373322538565467,-1.6275728961891156,1.0013936396050798,1.6467374064036946,0.47886733217344607,-0.8520028465040377,1.7307189374904248,2.2187536958110172,-1.0197420707128733,-1.2774216252220538,-0.4390358821128122,-1.4987482463864636,0.4392116088102558,1.3266048116914992,-0.15873978742581374,-0.5237957129987955,1.2576440772916977,-0.5911925232177752,0
0.6907071226792462,-0.7798657120943877,-0.9373322538565467,0.1692482043996703,-1.1790354179593172,-0.6982430958463327,0.5402715434140909,0.03485374204043518,-1.3189210778785396,-0.8789851639353,0.7367246712363097,0.0545647585524371,-0.4390358821128122,-0.03725250856529844,-1.5645366355958328,-0.8814254069920783,-0.15873978742581374,-0.5237957129987955,-0.7951375258359844,-0.5911925232177752,0
0.6907071226792462,1.5287306618828191,-0.9373322538565467,0.1692482043996703,0.8664859936313349,1.4205173088459921,1.5189596248183563,-0.8520028465040377,1.7307189374904248,0.36011037996322687,-1.8979754416874648,-1.2774216252220538,2.5288466809697985,1.4242432292558669,-0.1332878895914838,0.5704878868899054,-0.15873978742581374,-0.5237957129987955,-0.7951375258359844,-0.5911925232177752,1
0.7763293959132526,0.7290204843781913,0.8997051785456238,0.2729109602028695,0.621167496087601,0.4585309200799089,0.015992009486089375,2.180179857348376,0.13612699269759143,1.289432037887122,-1.0197420707128733,1.3865511423269279,-0.4390358821128122,-0.03725250856529844,-0.1332878895914838,0.011875328647937163,-0.15873978742581374,-0.5237957129987955,1.2576440772916977,-0.5911925232177752,0
-1.1929828884688964,1.5189618534957554,-0.9373322538565467,0.20380245633407004,1.2321261129814687,1.2642326798904104,1.6047779889783895,-0.8520028465040377,1.8569517264925168,2.2187536958110172,-1.8979754416874648,-1.2774216252220538,1.0449053994284931,-1.4987482463864636,1.2979608564128653,2.0843067360803618,-0.15873978742581374,-0.5237957129987955,-0.7951375258359844,1.6914963581696623,1
-0.25113788289482514,0.9221271309790374,-0.9373322538565467,-0.6600538420259232,0.5622779888034201,1.3350991661829463,1.3667956190811377,-0.8520028465040377,1.054160113300814,1.289432037887122,-1.0197420707128733,-1.2774216252220538,-0.4390358821128122,-0.03725250856529844,-0.7057873879932234,0.8373733041658952,-0.15873978742581374,-0.5237957129987955,-0.7951375258359844,-0.5911925232177752,1
1.6325521282533173,-1.1672631032823906,-0.9373322538565467,-0.6254995900915234,-1.1377463706151563,-1.2477088034530517,-0.8686305850779471,-0.8520028465040377,-1.3189210778785396,-0.5692112779606683,-1.0197420707128733,0.0545647585524371,-0.4390358821128122,1.4242432292558669,-0.7057873879932234,-1.3827901282894315,-0.15873978742581374,-0.5237957129987955,-0.7951375258359844,-0.5911925232177752,0
1.1188184888492785,-0.011040757066032067,-0.9373322538565467,0.2729109602028695,-1.223630986433815,-0.6392486444013494,-0.8686305850779471,0.03485374204043518,-1.3189210778785396,-0.8789851639353,0.2976079857490139,0.0545647585524371,-0.4390358821128122,-0.03725250856529844,-0.1332878895914838,-0.6133122440040453,-0.15873978742581374,-0.5237957129987955,-0.7951375258359844,-0.5911925232177752,0
-0.07989333642681218,0.21497394607103376,0.8997051785456238,0.4802364718092679,0.7931785975681724,-0.48892720037671517,-1.5314094739873088,0.6640885054221695,0.13612699269759143,0.050336493988595146,0.7367246712363097,0.0545647585524371,-0.4390358821128122,1.4242432292558669,-0.9920371371940933,0.1665645793724172,-0.15873978742581374,1.9091412456869414,1.2576440772916977,-0.5911925232177752,0
1.1188184888492785,1.1929895453476231,-0.9373322538565467,-1.2820303768451184,1.0520783088539891,1.4062380135847885,1.0316539334645618,-0.8520028465040377,1.2583237218588201,1.5992059238617538,-1.8979754416874648,-1.2774216252220538,2.5288466809697985,-0.03725250856529844,0.152961859609386,0.04159281297304816,-0.15873978742581374,-0.5237957129987955,-0.7951375258359844,-0.5911925232177752,1
0.5194625762112332,0.7428349608851502,0.8997051785456238,-1.0747048652387199,0.7993623144887204,0.33299279930326425,0.1778322772525923,1.1521609060229787,0.13612699269759143,1.9089798098363855,-1.0197420707128733,1.3865511423269279,-0.4390358821128122,-1.4987482463864636,0.7254613580111255,0.18801910024072385,-0.15873978742581374,-0.5237957129987955,-0.7951375258359844,1.6914963581696623,0
-1.4498497081709159,0.5045352411401103,0.8997051785456238,-0.7982708497635221,0.8804826974035501,0.5084395235392493,0.6631002162131998,1.1521609060229787,0.13612699269759143,1.289432037887122,0.7367246712363097,0.0545647585524371,-0.4390358821128122,-0.03725250856529844,-1.278286886394963,1.2225114313898264,-0.15873978742581374,-0.5237957129987955,-0.7951375258359844,-0.5911925232177752,0
-1.5354719814049222,0.7935044872160314,0.8997051785456238,-1.4202473845827173,0.904416134407592,-0.1487773882396137,-1.5314094739873088,-0.8520028465040377,0.517145163327906,0.6698842659378585,-0.1415086997382818,0.0545647585524371,-0.4390358821128122,-0.03725250856529844,-0.1332878895914838,1.5838024431303832,-0.15873978742581374,1.9091412456869414,-0.7951375258359844,-0.5911925232177752,0
-1.7923388011069417,0.9408260116795282,-0.9373322538565467,-0.694608093960323,0.7286432287517602,1.1587523837986962,1.3568237004209593,-0.8520028465040377,0.8126858168872018,-0.5692112779606683,-0.5806253852255776,-1.2774216252220538,-0.4390358821128122,-0.03725250856529844,1.584210605613735,1.9193493716275642,-0.15873978742581374,-0.5237957129987955,-0.7951375258359844,1.6914963581696623,0
0.17697348327520726,-1.2766441547678467,-0.9373322538565467,0.8948874950220647,-2.2219047133258343,-1.410684147335121,-0.6950756318834131,-0.8520028465040377,-0.40088795727531673,-1.1887590499099316,0.7367246712363097,0.0545647585524371,-0.4390358821128122,-0.03725250856529844,-0.4195376387923536,-1.0644358328814563,-0.15873978742581374,-0.5237957129987955,1.2576440772916977,-0.5911925232177752,1
-0.16551560966081866,-0.9434685838696574,0.8997051785456238,-1.6966814000579151,-1.272109129332575,-2.2230906493806173,-1.5314094739873088,-0.8520028465040377,-1.3189210778785396,-1.1887590499099316,0.7367246712363097,1.3865511423269279,-0.4390358821128122,1.4242432292558669,-0.4195376387923536,-0.7119830807441939,-0.15873978742581374,-0.5237957129987955,-0.7951375258359844,1.6914963581696623,0
0.8619516691472591,1.8056122410151514,0.8997051785456238,-1.0401506133043203,1.0330015063374995,1.0475291411180134,1.6710012425196814,-0.8520028465040377,1.8569517264925168,1.289432037887122,-0.1415086997382818,0.0545647585524371,2.5288466809697985,1.4242432292558669,-0.9920371371940933,0.5966999223923795,-0.15873978742581374,-0.5237957129987955,-0.7951375258359844,-0.5911925232177752,1
-0.9361160687668769,0.863366268408366,0.8997051785456238,-1.558464392320316,0.4637015445490457,0.6186176543229401,-0.2769087108314654,-0.8520028465040377,0.13612699269759143,1.289432037887122,-0.5806253852255776,0.0545647585524371,-0.4390358821128122,-0.03725250856529844,0.7254613580111255,1.2529954181608443,-0.15873978742581374,-0.5237957129987955,-0.7951375258359844,1.6914963581696623,0
0.09135121004120077,1.1474511102907554,2.736742610947794,1.4132012740380606,1.1545691521739068,1.3417778224500228,0.928517257611974,2.180179857348376,1.054160113300814,-0.25943739198603655,-0.1415086997382818,2.718537526101419,-0.4390358821128122,-0.03725250856529844,-0.7057873879932234,0.7701156497219991,-0.15873978742581374,-0.5237957129987955,-0.7951375258359844,1.6914963581696623,0
-1.2786051617029028,0.7595110075256933,-0.9373322538565467,-1.6621271481235154,0.8510086879611973,1.3048673798309858,1.634053738556263,0.6640885054221695,1.5911750632737223,0.050336493988595146,-1.0197420707128733,-1.2774216252220538,-0.4390358821128122,-1.4987482463864636,0.7254613580111255,1.3788594806241572,-0.15873978742581374,-0.5237957129987955,1.2576440772916977,-0.5911925232177752,0
0.3482180297432202,-0.011040757066032067,-0.9373322538565467,-0.8328251016979219,-0.7928504243226514,-0.2185749905062043,0.21231522488336196,0.6640885054221695,-1.3189210778785396,-0.8789851639353,1.1758413567236055,0.0545647585524371,-0.4390358821128122,-1.4987482463864636,0.7254613580111255,-0.22556851163850325,-0.15873978742581374,-0.5237957129987955,1.2576440772916977,-0.5911925232177752,0
-0.8504937955328705,0.6628096719769815,0.8997051785456238,-0.694608093960323,0.4878813506041008,1.0087373379804345,1.1487857995956556,1.1521609060229787,0.517145163327906,2.2187536958110172,0.7367246712363097,0.0545647585524371,-0.4390358821128122,-0.03725250856529844,-0.9920371371940933,1.0075544582637181,-0.15873978742581374,-0.5237957129987955,1.2576440772916977,-0.5911925232177752,0
0.5194625762112332,0.44572504115334266,0.8997051785456238,1.344092770169261,0.9234400783550135,0.044365803932572695,-1.5314094739873088,1.550945093966642,0.13612699269759143,0.6698842659378585,0.7367246712363097,1.3865511423269279,1.0449053994284931,-0.03725250856529844,-0.7057873879932234,-0.00893848339249996,-0.15873978742581374,1.9091412456869414,1.2576440772916977,-0.5911925232177752,0
-1.4498497081709159,-1.1478241613404556,-0.9373322538565467,0.30746521213726924,-1.0993071871582751,-0.96118389028511,-0.5604559516442456,-0.8520028465040377,-0.40088795727531673,-0.5692112779606683,-1.4588587562001691,-1.2774216252220538,-0.4390358821128122,1.4242432292558669,-0.7057873879932234,-0.5188429141063394,-0.15873978742581374,-0.5237957129987955,1.2576440772916977,-0.5911925232177752,0
0.6907071226792462,-0.560018185969357,-0.9373322538565467,0.6530077314812666,-1.9960009737071465,-1.410684147335121,-0.8686305850779471,-0.8520028465040377,-1.3189210778785396,-1.1887590499099316,0.2976079857490139,0.0545647585524371,-0.4390358821128122,-1.4987482463864636,1.584210605613735,-0.7431597710385366,-0.15873978742581374,-0.5237957129987955,-0.7951375258359844,-0.5911925232177752,0
0.26259575650921374,1.167038064480979,-0.9373322538565467,-0.5218368342883243,1.0590670061706224,1.757174965038877,1.2346433751783576,-0.8520028465040377,1.2583237218588201,-0.25943739198603655,-0.1415086997382818,-1.2774216252220538,-0.4390358821128122,-1.4987482463864636,0.4392116088102558,0.6585501285089159,-0.15873978742581374,-0.5237957129987955,1.2576440772916977,-0.5911925232177752,1
0.6050848494452397,1.1953577413202447,-0.9373322538565467,-0.3145113226819259,1.2586356368654263,1.6459065391641874,1.4411403113260883,-2.368094198430245,1.5911750632737223,0.9796581519124903,-0.5806253852255776,-1.2774216252220538,1.0449053994284931,-1.4987482463864636,1.0117111072119953,0.42441298312861364,-0.15873978742581374,-0.5237957129987955,-0.7951375258359844,-0.5911925232177752,1
0.6050848494452397,-1.2467950180295964,-0.9373322538565467,-1.2820303768451184,-2.2219047133258343,-1.510649597891829,-1.5314094739873088,-0.8520028465040377,-1.3189210778785396,-0.8789851639353,-1.0197420707128733,-1.2774216252220538,-0.4390358821128122,-0.03725250856529844,0.7254613580111255,-1.1530071193414573,-0.15873978742581374,-0.5237957129987955,-0.7951375258359844,1.6914963581696623,0
-0.33676015612883164,0.21951298835189167,-0.9373322538565467,-1.3856931326483175,0.935128909350906,0.034464973575375916,-1.5314094739873088,0.03485374204043518,-0.40088795727531673,0.6698842659378585,1.1758413567236055,-1.2774216252220538,1.0449053994284931,-0.03725250856529844,-1.5645366355958328,0.3111182189795789,-0.15873978742581374,-0.5237957129987955,-0.7951375258359844,1.6914963581696623,1
1.375685308551298,-1.0773703311549654,-0.9373322538565467,1.3095385182348613,-0.2823416314104459,0.07319240708743925,-0.2769087108314654,1.1521609060229787,-0.40088795727531673,-0.5692112779606683,1.1758413567236055,0.0545647585524371,-0.4390358821128122,-1.4987482463864636,0.4392116088102558,-1.2681904650092908,-0.15873978742581374,-0.5237957129987955,-0.7951375258359844,-0.5911925232177752,0
0.005728936807194294,-1.2478804411837146,-0.9373322538565467,-1.5239101403859165,-1.7113959204136286,-1.510649597891829,-0.8686305850779471,-0.8520028465040377,-1.3189210778785396,-1.1887590499099316,0.7367246712363097,0.0545647585524371,-0.4390358821128122,-0.03725250856529844,-0.1332878895914838,-0.999294027092946,-0.15873978742581374,-0.5237957129987955,1.2576440772916977,-0.5911925232177752,0
0.3482180297432202,-1.3833116483680075,-0.9373322538565467,1.3095385182348613,-0.7928504243226514,-0.7298831168270937,-0.2769087108314654,0.6640885054221695,-1.3189210778785396,-0.8789851639353,0.7367246712363097,0.0545647585524371,-0.4390358821128122,-0.03725250856529844,0.152961859609386,-1.1819136541422883,-0.15873978742581374,-0.5237957129987955,1.2576440772916977,-0.5911925232177752,0
-0.5080047025968446,-0.6402408245419109,-0.9373322538565467,0.23835670826846977,0.025761062238730974,-0.20400152794953944,0.6134870124126136,-0.8520028465040377,1.054160113300814,-0.8789851639353,-1.0197420707128733,-1.2774216252220538,-0.4390358821128122,-0.03725250856529844,-0.4195376387923536,-0.34018578602516925,-0.15873978742581374,-0.5237957129987955,-0.7951375258359844,1.6914963581696623,0
1.546929855019311,1.4684896768292595,-0.9373322538565467,-1.0747048652387199,0.2332864671223721,1.2521392424007936,0.47886733217344607,-0.8520028465040377,1.8569517264925168,2.2187536958110172,-1.8979754416874648,-1.2774216252220538,-0.4390358821128122,1.4242432292558669,-1.278286886394963,-0.14971160546558332,-0.15873978742581374,-0.5237957129987955,-0.7951375258359844,-0.5911925232177752,0
-0.764871522298864,-1.0931583043057755,0.8997051785456238,1.5859725337100592,-0.9977272468151274,-0.9164425794383279,-0.08478960543199393,0.03485374204043518,-1.3189210778785396,-0.5692112779606683,0.7367246712363097,1.3865511423269279,-0.4390358821128122,-0.03725250856529844,0.4392116088102558,-0.6587455443426052,-0.15873978742581374,-0.5237957129987955,1.2576440772916977,-0.5911925232177752,0
0.09135121004120077,-0.7626962912928816,0.8997051785456238,-0.03807730720672808,0.1081127101302185,-0.8352753086062314,-1.5314094739873088,1.550945093966642,-0.40088795727531673,-0.5692112779606683,0.7367246712363097,1.3865511423269279,1.0449053994284931,-0.03725250856529844,0.152961859609386,-0.6584838936170879,-0.15873978742581374,-0.5237957129987955,1.2576440772916977,-0.5911925232177752,0
-1.0217383420008834,-0.05963811192086941,0.8997051785456238,-1.5930186442547158,0.556602416716579,-0.31364614015791037,-1.5314094739873088,1.1521609060229787,-0.40088795727531673,0.050336493988595146,0.7367246712363097,0.0545647585524371,2.5288466809697985,1.4242432292558669,-0.4195376387923536,0.4166691280022429,-0.15873978742581374,-0.5237957129987955,-0.7951375258359844,-0.5911925232177752,1
0.3482180297432202,1.3812611251710336,-0.9373322538565467,0.722116235350066,0.6572307818067432,1.4413634827811022,1.3097904891908174,-0.8520028465040377,1.2583237218588201,0.36011037996322687,-1.4588587562001691,-1.2774216252220538,1.0449053994284931,1.4242432292558669,-0.4195376387923536,0.7447363679709315,-0.15873978742581374,-0.5237957129987955,1.2576440772916977,-0.5911925232177752,0
-0.16551560966081866,0.1273506950840377,0.8997051785456238,1.0331045027596635,0.12898208528586744,-0.2803828597770823,-0.5604559516442456,-0.8520028465040377,0.13612699269759143,-0.25943739198603655,-1.4588587562001691,0.0545647585524371,-0.4390358821128122,1.4242432292558669,-1.5645366355958328,0.1434873208314305,-0.15873978742581374,-0.5237957129987955,-0.7951375258359844,1.6914963581696623,0
-1.0217383420008834,-0.011040757066032067,0.8997051785456238,-1.558464392320316,0.4241379466334564,0.7402204834625409,0.8286644917507655,3.242110456567717,0.13612699269759143,0.6698842659378585,1.6149580422109011,2.718537526101419,-0.4390358821128122,-1.4987482463864636,1.2979608564128653,0.4637536792335714,-0.15873978742581374,1.9091412456869414,1.2576440772916977,-0.5911925232177752,0
-1.0217383420008834,-0.011040757066032067,0.8997051785456238,-0.14174006300992725,-1.4495347260525029,-1.2477088034530517,-0.8686305850779471,-0.8520028465040377,-1.3189210778785396,-1.1887590499099316,0.7367246712363097,1.3865511423269279,-0.4390358821128122,1.4242432292558669,-0.4195376387923536,0.4637536792335714,-0.15873978742581374,-0.5237957129987955,-0.7951375258359844,-0.5911925232177752,0
0.3482180297432202,-0.011040757066032067,-0.9373322538565467,1.3095385182348613,0.7906857648851552,1.1444992432004948,1.2407681723867288,-0.8520028465040377,0.8126858168872018,0.6698842659378585,-1.8979754416874648,-1.2774216252220538,-0.4390358821128122,-0.03725250856529844,1.2979608564128653,-0.22556851163850325,-0.15873978742581374,-0.5237957129987955,-0.7951375258359844,1.6914963581696623,0
0.26259575650921374,-0.45404141619454425,-0.9373322538565467,0.6875619834156662,-1.0633497324158372,-1.1175755046062268,-1.5314094739873088,-0.8520028465040377,-1.3189210778785396,-0.8789851639353,0.7367246712363097,0.0545647585524371,-0.4390358821128122,1.4242432292558669,-0.9920371371940933,-0.4987461256887144,-0.15873978742581374,-0.5237957129987955,-0.7951375258359844,-0.5911925232177752,0
0.09135121004120077,-1.3800060414895565,-0.9373322538565467,1.2058757624316623,-0.7515613769784906,-0.9164425794383279,-1.5314094739873088,0.6640885054221695,-0.40088795727531673,-0.8789851639353,-0.1415086997382818,0.0545647585524371,-0.4390358821128122,1.4242432292558669,-0.4195376387923536,-1.1201699532890235,-0.15873978742581374,1.9091412456869414,1.2576440772916977,-0.5911925232177752,0
1.204440762083285,-1.0607929593466148,-0.9373322538565467,-0.6600538420259232,-1.6098159800704808,-1.0611493408418176,0.015992009486089375,-0.8520028465040377,-1.3189210778785396,-0.8789851639353,0.2976079857490139,0.0545647585524371,-0.4390358821128122,1.4242432292558669,-0.4195376387923536,-1.209540448535621,-0.15873978742581374,-0.5237957129987955,1.2576440772916977,-0.5911925232177752,0
-0.764871522298864,-0.18160020451087744,0.8997051785456238,0.7912247392188655,0.8610076095190315,-0.5352677519642633,-1.5314094739873088,1.550945093966642,0.8126858168872018,0.050336493988595146,0.2976079857490139,0.0545647585524371,1.0449053994284931,-1.4987482463864636,1.2979608564128653,0.17795309492538613,-0.15873978742581374,-0.5237957129987955,-0.7951375258359844,-0.5911925232177752,0
0.26259575650921374,0.01066770601633182,0.8997051785456238,-0.4181740784851251,-0.4066654306859856,-1.324090135280595,-1.5314094739873088,0.03485374204043518,-1.3189210778785396,-0.8789851639353,0.7367246712363097,1.3865511423269279,-0.4390358821128122,-0.03725250856529844,-0.7057873879932234,-0.16698810096681405,-0.15873978742581374,-0.5237957129987955,-0.7951375258359844,-0.5911925232177752,0
-1.5354719814049222,1.327187317129509,-0.9373322538565467,-0.17629431494432699,0.3657045565873458,1.2863173949649467,1.0812671372651477,-0.8520028465040377,1.4351782839311287,1.9089798098363855,-1.4588587562001691,-1.2774216252220538,1.0449053994284931,-0.03725250856529844,1.584210605613735,2.155300460979963,-0.15873978742581374,-0.5237957129987955,1.2576440772916977,-0.5911925232177752,0
1.204440762083285,-0.07138041695178442,-0.9373322538565467,-0.5909453381571238,0.12898208528586744,0.26676266005327803,0.996156204529315,0.03485374204043518,0.13612699269759143,0.36011037996322687,-0.1415086997382818,-1.2774216252220538,-0.4390358821128122,-0.03725250856529844,-0.1332878895914838,-0.6881896372045154,-0.15873978742581374,1.9091412456869414,1.2576440772916977,-0.5911925232177752,0
-0.764871522298864,-0.1861885842078316,0.8997051785456238,-1.6966814000579151,-0.38563851355977363,-1.510649597891829,-0.8686305850779471,0.03485374204043518,-1.3189210778785396,-0.8789851639353,1.1758413567236055,0.0545647585524371,-0.4390358821128122,-0.03725250856529844,0.152961859609386,0.17374152459350026,-0.15873978742581374,-0.5237957129987955,-0.7951375258359844,-0.5911925232177752,0
-0.8504937955328705,-0.8408467583893917,0.8997051785456238,-0.21084856687872672,-0.5256576373598026,-1.410684147335121,-0.8686305850779471,0.03485374204043518,-1.3189210778785396,-0.8789851639353,0.2976079857490139,0.0545647585524371,-0.4390358821128122,1.4242432292558669,-0.9920371371940933,-0.39817664394032404,-0.15873978742581374,1.9091412456869414,-0.7951375258359844,-0.5911925232177752,0
0.8619516691472591,1.682219363358351,0.8997051785456238,0.34201946407166894,0.7116297793137004,0.7092521267486848,1.6212173533754004,0.03485374204043518,1.054160113300814,1.5992059238617538,-0.1415086997382818,0.0545647585524371,-0.4390358821128122,-0.03725250856529844,-0.7057873879932234,0.5232909600264637,-0.15873978742581374,-0.5237957129987955,-0.7951375258359844,1.6914963581696623,0
-2.0492056208089613,0.703019666095451,-0.9373322538565467,0.6530077314812666,0.920479147514475,0.9745382828459971,1.1197060816501374,-0.8520028465040377,0.517145163327906,0.050336493988595146,-0.5806253852255776,-1.2774216252220538,-0.4390358821128122,-0.03725250856529844,-0.4195376387923536,1.8182263979598103,-0.15873978742581374,1.9091412456869414,1.2576440772916977,-0.5911925232177752,0
0.8619516691472591,-1.332247422708356,-0.9373322538565467,1.5514182817756594,-2.2219047133258343,-1.410684147335121,-0.08478960543199393,-0.8520028465040377,-1.3189210778785396,-0.8789851639353,-0.1415086997382818,0.0545647585524371,-0.4390358821128122,-0.03725250856529844,1.584210605613735,-1.2700773692798488,6.299617860250349,-0.5237957129987955,-0.7951375258359844,1.6914963581696623,0
-0.4223824293628381,-0.12338205351726518,0.8997051785456238,-1.1783676210419192,0.16468343927675588,-0.4051344531174384,-0.8686305850779471,1.1521609060229787,-0.40088795727531673,-0.5692112779606683,0.7367246712363097,1.3865511423269279,-0.4390358821128122,-0.03725250856529844,0.7254613580111255,0.06669786463679471,-0.15873978742581374,-0.5237957129987955,1.2576440772916977,-0.5911925232177752,0
0.005728936807194294,0.040270155674100756,2.736742610947794,0.23835670826846977,0.5622779888034201,0.962725719593814,1.0812671372651477,1.1521609060229787,0.8126858168872018,1.9089798098363855,0.2976079857490139,1.3865511423269279,-0.4390358821128122,-0.03725250856529844,-1.278286886394963,-0.013990355092874399,-0.15873978742581374,-0.5237957129987955,1.2576440772916977,-0.5911925232177752,0
0.7763293959132526,-0.6433490817559766,-0.9373322538565467,-1.1092591171731196,-0.18795078662189685,-0.4250896211805721,-0.5604559516442456,0.03485374204043518,-0.40088795727531673,-0.8789851639353,0.7367246712363097,0.0545647585524371,-0.4390358821128122,-1.4987482463864636,1.584210605613735,-0.8279027383896052,-0.15873978742581374,-0.5237957129987955,-0.7951375258359844,-0.5911925232177752,0
-0.764871522298864,1.8482397685223386,-0.9373322538565467,-1.0747048652387199,0.8018167113002324,0.3577002368508518,0.5594251312724303,-0.8520028465040377,0.8126858168872018,-0.5692112779606683,-1.4588587562001691,-1.2774216252220538,-0.4390358821128122,-1.4987482463864636,1.584210605613735,2.0410974669087,-0.15873978742581374,-0.5237957129987955,1.2576440772916977,-0.5911925232177752,0
0.8619516691472591,1.2680317552300675,0.8997051785456238,-0.10718581107552753,0.7651240721425386,1.0109544060945141,0.38587017807789625,-0.8520028465040377,1.2583237218588201,1.5992059238617538,-1.0197420707128733,0.0545647585524371,-0.4390358821128122,-0.03725250856529844,1.2979608564128653,0.27688222789457123,-0.15873978742581374,-0.5237957129987955,-0.7951375258359844,1.6914963581696623,0
1.8894189479553367,0.815508974794973,-0.9373322538565467,-0.3145113226819259,1.400688583404542,1.0516995207106863,0.38587017807789625,-0.8520028465040377,0.8126858168872018,-0.25943739198603655,1.6149580422109011,-1.2774216252220538,1.0449053994284931,-1.4987482463864636,1.2979608564128653,-0.6779181689797169,-0.15873978742581374,1.9091412456869414,-0.7951375258359844,-0.5911925232177752,1
-0.5080047025968446,0.2807900591434734,0.8997051785456238,-0.7637165978291224,0.8847195784694414,-0.6680752475562154,-1.5314094739873088,0.6640885054221695,-0.40088795727531673,0.6698842659378585,0.2976079857490139,0.0545647585524371,1.0449053994284931,1.4242432292558669,-0.1332878895914838,0.45824140289118076,-0.15873978742581374,-0.5237957129987955,-0.7951375258359844,1.6914963581696623,0
1.8894189479553367,1.699191434495472,-0.9373322538565467,1.5859725337100592,0.844241635032089,0.4636982126924671,0.5204898583170638,-0.8520028465040377,1.4351782839311287,1.5992059238617538,-1.0197420707128733,-1.2774216252220538,2.5288466809697985,-0.03725250856529844,-1.5645366355958328,-0.3324444467711592,-0.15873978742581374,-0.5237957129987955,-0.7951375258359844,-0.5911925232177752,1
0.9475739423812656,-0.37608829876241934,-0.9373322538565467,-1.0401506133043203,0.699991817259938,0.326665999932568,-1.5314094739873088,1.550945093966642,0.8126858168872018,0.050336493988595146,0.7367246712363097,0.0545647585524371,-0.4390358821128122,-1.4987482463864636,1.584210605613735,-0.7381162855793647,-0.15873978742581374,1.9091412456869414,1.2576440772916977,-0.5911925232177752,0
-0.5936269758308511,-0.040051157730645624,0.8997051785456238,-0.7637165978291224,-0.2823416314104459,-0.6680752475562154,-1.5314094739873088,0.03485374204043518,-0.40088795727531673,-0.8789851639353,0.2976079857490139,1.3865511423269279,-0.4390358821128122,-0.03725250856529844,0.7254613580111255,0.22269872348534275,-0.15873978742581374,-0.5237957129987955,-0.7951375258359844,-0.5911925232177752,0
0.09135121004120077,1.9324587377986913,-0.9373322538565467,-0.8328251016979219,0.905433755101792,1.6727782166632272,1.4994340583170955,-2.368094198430245,1.2583237218588201,-0.25943739198603655,-1.8979754416874648,-1.2774216252220538,2.5288466809697985,1.4242432292558669,-1.5645366355958328,1.3572229783217566,-0.15873978742581374,-0.5237957129987955,1.2576440772916977,-0.5911925232177752,0
0.7763293959132526,-0.7423692758612137,-0.9373322538565467,0.8603332430876649,-0.4512609991604834,0.2805608782955908,1.3766053855179865,1.550945093966642,-0.40088795727531673,-0.25943739198603655,1.6149580422109011,0.0545647585524371,-0.4390358821128122,-0.03725250856529844,-1.278286886394963,-0.8884950083257696,-0.15873978742581374,-0.5237957129987955,1.2576440772916977,-0.5911925232177752,0
-0.16551560966081866,-1.0283782769713579,0.8997051785456238,1.240430014366062,-1.1790354179593172,-0.559742044878125,-1.5314094739873088,0.03485374204043518,-0.40088795727531673,-0.8789851639353,-0.1415086997382818,1.3865511423269279,-0.4390358821128122,-0.03725250856529844,0.152961859609386,-0.7798168699587005,-0.15873978742581374,-0.5237957129987955,-0.7951375258359844,1.6914963581696623,0
0.005728936807194294,-1.4642743481820055,-0.9373322538565467,-0.4181740784851251,-2.2219047133258343,-1.324090135280595,-0.03229674297405158,0.03485374204043518,-1.3189210778785396,-0.8789851639353,0.2976079857490139,0.0545647585524371,-0.4390358821128122,-0.03725250856529844,1.2979608564128653,-1.1648132697063098,-0.15873978742581374,-0.5237957129987955,-0.7951375258359844,1.6914963581696623,0
-1.3642274349369095,0.22360799388788305,0.8997051785456238,0.5493449756780673,0.6074524115379726,0.5036180010184462,0.6940448115115979,1.1521609060229787,0.13612699269759143,1.289432037887122,-0.5806253852255776,0.0545647585524371,-0.4390358821128122,-0.03725250856529844,-0.1332878895914838,0.8793825022214823,-0.15873978742581374,-0.5237957129987955,-0.7951375258359844,1.6914963581696623,0
-0.16551560966081866,-0.939373578333666,-0.9373322538565467,-1.2474761249107187,-0.6272375777029506,-0.4669423223883164,-1.5314094739873088,0.6640885054221695,-0.40088795727531673,-0.8789851639353,-0.1415086997382818,0.0545647585524371,-0.4390358821128122,1.4242432292558669,-1.278286886394963,-0.7087116080511062,-0.15873978742581374,-0.5237957129987955,-0.7951375258359844,-0.5911925232177752,1
1.375685308551298,-1.5830788461418515,-0.9373322538565467,0.4802364718092679,-1.3252109267769627,-1.324090135280595,-0.6950756318834131,0.03485374204043518,-1.3189210778785396,-0.8789851639353,0.7367246712363097,1.3865511423269279,-0.4390358821128122,-0.03725250856529844,0.7254613580111255,-1.5174714847530328,-0.15873978742581374,-0.5237957129987955,1.2576440772916977,-0.5911925232177752,0
0.6050848494452397,-1.0165866345243466,-0.9373322538565467,1.1713215104972625,-0.9977272468151274,-0.9164425794383279,-0.2769087108314654,-0.8520028465040377,-1.3189210778785396,-0.8789851639353,0.7367246712363097,0.0545647585524371,-0.4390358821128122,-0.03725250856529844,-0.7057873879932234,-1.0043123538285106,-0.15873978742581374,-0.5237957129987955,-0.7951375258359844,-0.5911925232177752,0
1.204440762083285,2.485284485157526,-0.9373322538565467,0.6875619834156662,1.0598381442524616,0.33299279930326425,0.7651018261744774,-2.368094198430245,1.5911750632737223,2.2187536958110172,-1.4588587562001691,-1.2774216252220538,4.012787962511103,-0.03725250856529844,-0.9920371371940933,0.6589929220444068,-0.15873978742581374,-0.5237957129987955,-0.7951375258359844,-0.5911925232177752,1
-0.33676015612883164,0.9813813677106715,-0.9373322538565467,1.3095385182348613,0.22987882851681507,0.4585309200799089,0.7089415521595263,0.03485374204043518,0.8126858168872018,0.36011037996322687,-1.8979754416874648,-1.2774216252220538,-0.4390358821128122,-0.03725250856529844,-1.278286886394963,0.9456698685582514,-0.15873978742581374,-0.5237957129987955,-0.7951375258359844,1.6914963581696623,0
1.2900630353172915,1.3819518489963816,-0.9373322538565467,-0.4181740784851251,0.7968970574789656,1.7751322216393097,1.580983291235375,-0.8520028465040377,1.2583237218588201,0.050336493988595146,-1.8979754416874648,-1.2774216252220538,-0.4390358821128122,-0.03725250856529844,-0.7057873879932234,0.010853884469475,-0.15873978742581374,-0.5237957129987955,-0.7951375258359844,-0.5911925232177752,1
-1.3642274349369095,0.13573805582040557,0.8997051785456238,0.06558544859647111,-0.23314965474948088,-0.8352753086062314,-1.5314094739873088,0.03485374204043518,-1.3189210778785396,-0.5692112779606683,0.2976079857490139,1.3865511423269279,-0.4390358821128122,1.4242432292558669,-0.1332878895914838,0.7882735391736105,-0.15873978742581374,-0.5237957129987955,1.2576440772916977,-0.5911925232177752,0
-0.6792492490648575,-0.011040757066032067,0.8997051785456238,-0.9019336055667213,0.6603963992729961,-0.5116836332350986,-0.08478960543199393,0.6640885054221695,-0.40088795727531673,0.36011037996322687,0.2976079857490139,0.0545647585524371,-0.4390358821128122,-0.03725250856529844,0.152961859609386,0.2914231315155527,-0.15873978742581374,1.9091412456869414,1.2576440772916977,-0.5911925232177752,0
-1.1073606152348898,1.2718800736855773,0.8997051785456238,0.7912247392188655,0.8465064640662544,0.38150077199841914,0.1778322772525923,1.1521609060229787,0.517145163327906,1.289432037887122,-0.5806253852255776,1.3865511423269279,-0.4390358821128122,1.4242432292558669,-0.4195376387923536,1.7716274100941054,-0.15873978742581374,1.9091412456869414,-0.7951375258359844,1.6914963581696623,0
-1.4498497081709159,0.5625067050532411,0.8997051785456238,-1.3511388807139177,0.06387144829734996,0.11855997755964244,0.996156204529315,1.550945093966642,0.8126858168872018,-0.25943739198603655,-0.1415086997382818,0.0545647585524371,-0.4390358821128122,-0.03725250856529844,0.7254613580111255,1.283605198549899,-0.15873978742581374,-0.5237957129987955,1.2576440772916977,-0.5911925232177752,0
-0.9361160687668769,0.48026123242073976,0.8997051785456238,-0.24540281881312645,0.8920574648314904,-0.16214882674179482,-1.5314094739873088,1.550945093966642,-0.40088795727531673,0.050336493988595146,1.1758413567236055,1.3865511423269279,-0.4390358821128122,-0.03725250856529844,-0.9920371371940933,0.8883281057121686,-0.15873978742581374,-0.5237957129987955,-0.7951375258359844,-0.5911925232177752,0
0.005728936807194294,1.0780827032593834,-0.9373322538565467,-1.3511388807139177,0.43842455441456424,0.7300611353456022,0.38587017807789625,-0.8520028465040377,0.13612699269759143,0.9796581519124903,-0.5806253852255776,-1.2774216252220538,-0.4390358821128122,1.4242432292558669,-1.278286886394963,0.7798302715309529,-0.15873978742581374,-0.5237957129987955,1.2576440772916977,-0.5911925232177752,0
-0.5080047025968446,-0.011040757066032067,0.8997051785456238,1.620526785644459,0.42654463363788175,0.7535233456635189,0.6787708983954508,-0.8520028465040377,1.054160113300814,0.36011037996322687,-0.5806253852255776,0.0545647585524371,-0.4390358821128122,-0.03725250856529844,0.4392116088102558,0.2052578576565434,-0.15873978742581374,-0.5237957129987955,1.2576440772916977,-0.5911925232177752,0
-0.4223824293628381,-0.4956328579637096,0.8997051785456238,0.06558544859647111,0.3994813933790527,-0.3857750515562201,-0.6950756318834131,1.550945093966642,-0.40088795727531673,-0.25943739198603655,1.1758413567236055,1.3865511423269279,-0.4390358821128122,-0.03725250856529844,0.4392116088102558,-0.24967308472679384,-0.15873978742581374,1.9091412456869414,1.2576440772916977,-0.5911925232177752,0
-0.16551560966081866,0.5616679689796044,-0.9373322538565467,-0.9710421094355208,1.114129605149321,1.4659643971523075,0.6787708983954508,-0.8520028465040377,1.054160113300814,2.2187536958110172,-1.0197420707128733,-1.2774216252220538,1.0449053994284931,-0.03725250856529844,-0.9920371371940933,0.4904605029669918,-0.15873978742581374,1.9091412456869414,-0.7951375258359844,1.6914963581696623,0
0.6050848494452397,-2.0745781852930083,-0.9373322538565467,-0.6254995900915234,-2.6080897069625,-1.773590392330606,-0.08478960543199393,0.03485374204043518,-1.3189210778785396,-0.8789851639353,1.1758413567236055,0.0545647585524371,-0.4390358821128122,-1.4987482463864636,0.4392116088102558,-1.6876836679433047,6.299617860250349,-0.5237957129987955,-0.7951375258359844,-0.5911925232177752,0
-0.8504937955328705,-0.8799219919376466,0.8997051785456238,0.4111279679404684,-0.38563851355977363,-0.3669768718316088,-0.8686305850779471,0.6640885054221695,0.13612699269759143,-1.1887590499099316,1.1758413567236055,2.718537526101419,-0.4390358821128122,-0.03725250856529844,0.152961859609386,-0.43470711061833045,-0.15873978742581374,1.9091412456869414,1.2576440772916977,-0.5911925232177752,0
0.3482180297432202,-0.7764120929676479,0.8997051785456238,-0.4181740784851251,-1.0633497324158372,-1.2477088034530517,-0.5604559516442456,0.03485374204043518,-0.40088795727531673,-1.1887590499099316,-0.1415086997382818,1.3865511423269279,1.0449053994284931,1.4242432292558669,-0.4195376387923536,-0.7589611267122509,-0.15873978742581374,1.9091412456869414,-0.7951375258359844,-0.5911925232177752,1
-0.33676015612883164,-0.7240650944894932,0.8997051785456238,0.8603332430876649,-0.9977272468151274,-1.0092423019281362,-0.6950756318834131,0.03485374204043518,-1.3189210778785396,-0.8789851639353,0.7367246712363097,1.3865511423269279,-0.4390358821128122,-0.03725250856529844,0.152961859609386,-0.474777409707904,-0.15873978742581374,1.9091412456869414,-0.7951375258359844,-0.5911925232177752,0
1.9750412211893433,2.0357712871043048,-0.9373322538565467,-0.10718581107552753,1.2195411447933264,1.7543676368809973,0.8638173865278577,-0.8520028465040377,0.8126858168872018,1.9089798098363855,-1.4588587562001691,-1.2774216252220538,-0.4390358821128122,-1.4987482463864636,1.0117111072119953,-0.27873308774163036,-0.15873978742581374,-0.5237957129987955,-0.7951375258359844,-0.5911925232177752,0
0.6050848494452397,0.66641130335201,0.8997051785456238,-1.558464392320316,1.0720333709514793,0.8623627870806075,0.060700411121498196,0.03485374204043518,1.054160113300814,0.36011037996322687,0.7367246712363097,0.0545647585524371,-0.4390358821128122,-0.03725250856529844,1.2979608564128653,0.08275919378778596,-0.15873978742581374,-0.5237957129987955,-0.7951375258359844,1.6914963581696623,1
-0.5936269758308511,1.702842403286597,-0.9373322538565467,0.8257789911532651,0.7300378406819057,1.6264967477826922,0.6470116002814561,-0.8520028465040377,1.4351782839311287,1.289432037887122,-1.4588587562001691,-1.2774216252220538,-0.4390358821128122,-0.03725250856529844,-0.7057873879932234,1.7632109784232957,-0.15873978742581374,-0.5237957129987955,1.2576440772916977,-0.5911925232177752,0
0.4338403029772267,0.8266592308327326,0.8997051785456238,-0.0726315591411278,0.9696989996532653,0.49876036188758593,0.7515442366719015,0.6640885054221695,1.054160113300814,0.9796581519124903,0.2976079857490139,0.0545647585524371,-0.4390358821128122,-0.03725250856529844,0.4392116088102558,0.30090880893967875,-0.15873978742581374,1.9091412456869414,-0.7951375258359844,-0.5911925232177752,0
1.6325521282533173,-0.4792528358197441,-0.9373322538565467,-1.2474761249107187,-0.6600203960772216,-0.2487428387963213,1.0651785213334042,0.6640885054221695,0.13612699269759143,-0.8789851639353,0.7367246712363097,0.0545647585524371,-0.4390358821128122,-0.03725250856529844,-0.9920371371940933,-1.0787301810110848,-0.15873978742581374,-0.5237957129987955,-0.7951375258359844,1.6914963581696623,0
0.6050848494452397,0.4051696851221992,2.736742610947794,-0.4527283304195248,0.9550122269988924,0.541222261629304,0.5779892834773674,0.6640885054221695,0.517145163327906,0.050336493988595146,1.1758413567236055,1.3865511423269279,-0.4390358821128122,-1.4987482463864636,1.0117111072119953,-0.08598036544733041,-0.15873978742581374,-0.5237957129987955,1.2576440772916977,-0.5911925232177752,0
0.5194625762112332,-1.3636753567616875,-0.9373322538565467,-0.0726315591411278,-1.9960009737071465,-0.7631463972079218,0.305312378978912,-0.8520028465040377,-1.3189210778785396,-0.8789851639353,0.2976079857490139,0.0545647585524371,-0.4390358821128122,-1.4987482463864636,1.0117111072119953,-1.2084108218456469,-0.15873978742581374,-0.5237957129987955,1.2576440772916977,-0.5911925232177752,1
1.033196215615272,-0.6438424559169393,-0.9373322538565467,-0.003523055272328344,-1.523931364251822,-1.1175755046062268,-1.5314094739873088,-0.8520028465040377,-1.3189210778785396,-1.1887590499099316,1.1758413567236055,0.0545647585524371,-0.4390358821128122,-0.03725250856529844,0.4392116088102558,-0.9251839749625028,-0.15873978742581374,-0.5237957129987955,-0.7951375258359844,1.6914963581696623,0
0.3482180297432202,-0.7848981285362083,0.8997051785456238,1.5514182817756594,-0.2100919984699111,0.252664457167371,0.015992009486089375,2.180179857348376,-0.40088795727531673,-0.5692112779606683,1.1758413567236055,2.718537526101419,-0.4390358821128122,-1.4987482463864636,0.4392116088102558,-0.7648751040082404,-0.15873978742581374,-0.5237957129987955,1.2576440772916977,-0.5911925232177752,0
-0.25113788289482514,-0.09826930872425788,-0.9373322538565467,0.5493449756780673,-0.5125476871970067,-0.4669423223883164,0.015992009486089375,-0.8520028465040377,-0.40088795727531673,-0.5692112779606683,-1.0197420707128733,-1.2774216252220538,-0.4390358821128122,1.4242432292558669,-0.1332878895914838,0.004840949527296259,-0.15873978742581374,-0.5237957129987955,1.2576440772916977,-0.5911925232177752,0
-1.3642274349369095,0.3827211607983911,2.736742610947794,0.34201946407166894,0.5622779888034201,0.16096016026189175,0.6940448115115979,-0.8520028465040377,0.8126858168872018,0.36011037996322687,-1.0197420707128733,1.3865511423269279,-0.4390358821128122,1.4242432292558669,-0.7057873879932234,1.0443608322772862,-0.15873978742581374,-0.5237957129987955,1.2576440772916977,-0.5911925232177752,0
0.005728936807194294,0.6981352619019191,0.8997051785456238,1.620526785644459,0.6508450709265825,-0.1487773882396137,0.38587017807789625,1.1521609060229787,-0.40088795727531673,0.050336493988595146,0.2976079857490139,0.0545647585524371,1.0449053994284931,1.4242432292558669,-0.9920371371940933,0.4892092757795816,-0.15873978742581374,-0.5237957129987955,1.2576440772916977,-0.5911925232177752,0
0.26259575650921374,-0.25915862261423206,0.8997051785456238,-0.7291623458947226,0.4313270421880558,-0.03942694332670407,-0.20585169616858562,1.1521609060229787,-0.40088795727531673,-0.25943739198603655,0.7367246712363097,0.0545647585524371,-0.4390358821128122,-1.4987482463864636,1.584210605613735,-0.35961838413955777,-0.15873978742581374,-0.5237957129987955,-0.7951375258359844,1.6914963581696623,0
1.6325521282533173,-0.8594963016737861,-0.9373322538565467,-1.2820303768451184,-1.6098159800704808,-0.5851763554236039,0.27587789045965005,1.1521609060229787,-1.3189210778785396,-0.5692112779606683,0.2976079857490139,0.0545647585524371,-0.4390358821128122,1.4242432292558669,-0.4195376387923536,-1.2467753594746358,-0.15873978742581374,-0.5237957129987955,-0.7951375258359844,-0.5911925232177752,0
-1.4498497081709159,0.46442392185383335,0.8997051785456238,0.2729109602028695,1.1749937870379503,-0.03942694332670407,-1.5314094739873088,0.03485374204043518,1.054160113300814,1.5992059238617538,-0.1415086997382818,0.0545647585524371,-0.4390358821128122,-1.4987482463864636,1.0117111072119953,1.1802397439846017,-0.15873978742581374,1.9091412456869414,-0.7951375258359844,1.6914963581696623,0
-1.7067165278729353,0.8769833952509398,-0.9373322538565467,-1.3511388807139177,1.2394312234614326,0.9579397805892607,0.6134870124126136,-0.8520028465040377,0.8126858168872018,0.050336493988595146,-0.5806253852255776,-1.2774216252220538,2.5288466809697985,-0.03725250856529844,-1.278286886394963,1.7895504847920474,-0.15873978742581374,-0.5237957129987955,-0.7951375258359844,1.6914963581696623,1
-0.9361160687668769,-0.08040916409740395,0.8997051785456238,-1.558464392320316,0.3789390785058729,0.08252338521840286,-0.5604559516442456,0.6640885054221695,-0.40088795727531673,-0.25943739198603655,0.7367246712363097,0.0545647585524371,-0.4390358821128122,-0.03725250856529844,0.152961859609386,0.35464113357221383,-0.15873978742581374,-0.5237957129987955,-0.7951375258359844,-0.5911925232177752,0
0.7763293959132526,0.424411277399749,2.736742610947794,-0.003523055272328344,-1.383912240451793,-1.324090135280595,-0.8686305850779471,-0.8520028465040377,-1.3189210778785396,-0.8789851639353,-0.5806253852255776,2.718537526101419,-0.4390358821128122,-0.03725250856529844,0.7254613580111255,-0.17452062281488231,-0.15873978742581374,-0.5237957129987955,-0.7951375258359844,-0.5911925232177752,0
0.6907071226792462,0.18640758215128675,0.8997051785456238,-1.5930186442547158,-0.5125476871970067,-0.03942694332670407,-0.08478960543199393,-0.8520028465040377,-0.40088795727531673,0.050336493988595146,-1.4588587562001691,0.0545647585524371,-0.4390358821128122,-0.03725250856529844,1.0117111072119953,-0.27372063137490754,-0.15873978742581374,-0.5237957129987955,-0.7951375258359844,1.6914963581696623,0
-1.1929828884688964,1.4169814144247415,-0.9373322538565467,0.5147907237436676,0.8941363746136293,1.1930721267401787,1.4914433806601268,-0.8520028465040377,0.8126858168872018,1.289432037887122,-1.8979754416874648,-1.2774216252220538,-0.4390358821128122,-0.03725250856529844,0.4392116088102558,1.9820340087437476,-0.15873978742581374,-0.5237957129987955,-0.7951375258359844,-0.5911925232177752,0
-0.9361160687668769,-1.0397258826735027,0.8997051785456238,-1.6966814000579151,-1.6098159800704808,-1.773590392330606,-1.5314094739873088,-0.8520028465040377,-1.3189210778785396,-1.1887590499099316,0.7367246712363097,2.718537526101419,-0.4390358821128122,-0.03725250856529844,0.152961859609386,-0.5585064804975927,-0.15873978742581374,-0.5237957129987955,-0.7951375258359844,-0.5911925232177752,0
-2.0492056208089613,0.9255314126896809,-0.9373322538565467,-1.0055963613699206,1.4077490595379696,0.9080311771299198,0.7515442366719015,0.03485374204043518,1.2583237218588201,0.9796581519124903,0.2976079857490139,-1.2774216252220538,-0.4390358821128122,-1.4987482463864636,1.2979608564128653,2.0791978379398106,-0.15873978742581374,1.9091412456869414,1.2576440772916977,-0.5911925232177752,0
1.2900630353172915,-1.3996423330958767,-0.9373322538565467,1.4477555259724604,-0.38563851355977363,-0.13567609837359254,-0.2769087108314654,1.1521609060229787,-1.3189210778785396,-0.5692112779606683,1.1758413567236055,0.0545647585524371,-0.4390358821128122,1.4242432292558669,-1.5645366355958328,-1.4075697937945217,-0.15873978742581374,-0.5237957129987955,1.2576440772916977,-0.5911925232177752,0
0.5194625762112332,1.1134576306004174,-0.9373322538565467,-1.3856931326483175,1.2416598151336327,0.8842548842130323,0.1778322772525923,-0.8520028465040377,0.8126858168872018,1.289432037887122,-1.4588587562001691,-1.2774216252220538,-0.4390358821128122,-0.03725250856529844,-0.4195376387923536,0.43370913150156365,-0.15873978742581374,1.9091412456869414,-0.7951375258359844,-0.5911925232177752,0
-0.25113788289482514,-0.40036230748178986,0.8997051785456238,1.1713215104972625,-0.9676038472142717,-0.4051344531174384,-0.35746650993044954,0.6640885054221695,-1.3189210778785396,-0.5692112779606683,0.2976079857490139,2.718537526101419,-0.4390358821128122,-0.03725250856529844,1.2979608564128653,-0.24163403391009575,-0.15873978742581374,-0.5237957129987955,-0.7951375258359844,1.6914963581696623,0
-1.3642274349369095,0.5404528800582032,-0.9373322538565467,-0.7637165978291224,0.08643109589555087,0.30730659837135,1.427880715083839,-0.8520028465040377,1.4351782839311287,-0.5692112779606683,-1.0197420707128733,-1.2774216252220538,1.0449053994284931,-0.03725250856529844,1.2979608564128653,1.207906792335706,-0.15873978742581374,-0.5237957129987955,-0.7951375258359844,-0.5911925232177752,0
-0.8504937955328705,0.03627382497030195,-0.9373322538565467,0.4802364718092679,0.3789390785058729,-0.3857750515562201,-0.2769087108314654,-0.8520028465040377,0.13612699269759143,0.050336493988595146,-0.5806253852255776,-1.2774216252220538,1.0449053994284931,-0.03725250856529844,0.4392116088102558,0.4218216345970471,-0.15873978742581374,-0.5237957129987955,-0.7951375258359844,-0.5911925232177752,0
1.6325521282533173,0.7575375108818421,-0.9373322538565467,-0.10718581107552753,0.5273234995436917,1.0391070514213567,1.580983291235375,-0.8520028465040377,0.8126858168872018,0.36011037996322687,-1.8979754416874648,-1.2774216252220538,-0.4390358821128122,-0.03725250856529844,1.2979608564128653,-0.5321418154052335,-0.15873978742581374,-0.5237957129987955,-0.7951375258359844,-0.5911925232177752,0
-1.0217383420008834,-1.2583893108122226,0.8997051785456238,1.2058757624316623,-1.0633497324158372,-0.7298831168270937,-0.20585169616858562,0.6640885054221695,-0.40088795727531673,-0.8789851639353,-0.1415086997382818,1.3865511423269279,-0.4390358821128122,1.4242432292558669,-1.278286886394963,-0.7447657362288117,-0.15873978742581374,-0.5237957129987955,-0.7951375258359844,1.6914963581696623,0
-0.33676015612883164,-0.8950192412631088,0.8997051785456238,0.30746521213726924,-1.4495347260525029,-1.1175755046062268,-0.20585169616858562,0.03485374204043518,-1.3189210778785396,-0.8789851639353,0.7367246712363097,1.3865511423269279,-0.4390358821128122,1.4242432292558669,-0.7057873879932234,-0.6171632059642245,-0.15873978742581374,-0.5237957129987955,-0.7951375258359844,1.6914963581696623,0
1.1188184888492785,-1.1287799187272909,-0.9373322538565467,0.9985502508252638,-1.1790354179593172,-1.410684147335121,-0.03229674297405158,0.03485374204043518,-1.3189210778785396,-0.8789851639353,1.1758413567236055,0.0545647585524371,-0.4390358821128122,-0.03725250856529844,0.152961859609386,-1.221281186219094,-0.15873978742581374,-0.5237957129987955,1.2576440772916977,-0.5911925232177752,0
0.09135121004120077,-0.05672720437118879,-0.9373322538565467,-1.558464392320316,-0.1263626935603412,-0.5851763554236039,-0.8686305850779471,-0.8520028465040377,-0.40088795727531673,-0.8789851639353,0.2976079857490139,1.3865511423269279,-0.4390358821128122,1.4242432292558669,-0.7057873879932234,-0.13048950200537707,-0.15873978742581374,-0.5237957129987955,1.2576440772916977,-0.5911925232177752,0
-0.8504937955328705,0.09572541136632123,0.8997051785456238,-1.1092591171731196,-0.1528985265142937,-1.410684147335121,-1.5314094739873088,0.03485374204043518,-0.40088795727531673,-0.8789851639353,-0.1415086997382818,1.3865511423269279,-0.4390358821128122,1.4242432292558669,-1.5645366355958328,0.47740144816648866,-0.15873978742581374,1.9091412456869414,-0.7951375258359844,1.6914963581696623,0
-0.16551560966081866,0.02354477161746131,0.8997051785456238,0.9639959988908641,-0.32693719988494374,-1.0092423019281362,-1.5314094739873088,-0.8520028465040377,0.13612699269759143,-1.1887590499099316,-0.5806253852255776,0.0545647585524371,1.0449053994284931,1.4242432292558669,-0.7057873879932234,0.06055745882833827,-0.15873978742581374,-0.5237957129987955,-0.7951375258359844,-0.5911925232177752,0
0.5194625762112332,1.4224085301953324,0.8997051785456238,0.23835670826846977,1.3184146049868497,1.2892060046039846,1.0316539334645618,-0.8520028465040377,1.5911750632737223,0.6698842659378585,-0.1415086997382818,0.0545647585524371,-0.4390358821128122,-1.4987482463864636,0.7254613580111255,0.6385162369003095,-0.15873978742581374,1.9091412456869414,1.2576440772916977,-0.5911925232177752,0
-1.7923388011069417,1.5906491190836527,-0.9373322538565467,1.0331045027596635,1.1486871918809796,0.43205819171170606,1.162816370183427,-0.8520028465040377,1.8569517264925168,-0.25943739198603655,-0.5806253852255776,-1.2774216252220538,2.5288466809697985,-1.4987482463864636,1.584210605613735,2.6483535786215375,-0.15873978742581374,1.9091412456869414,1.2576440772916977,-0.5911925232177752,1
0.09135121004120077,-0.6287452065914773,0.8997051785456238,1.4132012740380606,-0.7131221935216093,-0.9164425794383279,-1.5314094739873088,0.03485374204043518,-1.3189210778785396,-0.8789851639353,0.7367246712363097,1.3865511423269279,-0.4390358821128122,1.4242432292558669,-0.4195376387923536,-0.5583018562122521,-0.15873978742581374,1.9091412456869414,1.2576440772916977,-0.5911925232177752,0
-0.8504937955328705,-0.6567688589341651,0.8997051785456238,1.620526785644459,-1.9960009737071465,-1.510649597891829,-0.8686305850779471,-0.8520028465040377,-1.3189210778785396,-0.8789851639353,-1.4588587562001691,2.718537526101419,-0.4390358821128122,1.4242432292558669,-0.1332878895914838,-0.22608678134481658,-0.15873978742581374,-0.5237957129987955,-0.7951375258359844,1.6914963581696623,0
-1.5354719814049222,1.327187317129509,-0.9373322538565467,-0.17629431494432699,0.3657045565873458,1.2863173949649467,1.0812671372651477,-0.8520028465040377,1.4351782839311287,1.9089798098363855,-1.4588587562001691,-1.2774216252220538,1.0449053994284931,-0.03725250856529844,1.584210605613735,2.155300460979963,-0.15873978742581374,-0.5237957129987955,1.2576440772916977,-0.5911925232177752,0
0.6050848494452397,0.002625707192637926,0.8997051785456238,1.102213006628463,0.19460457088657696,-0.6392486444013494,-0.8686305850779471,-0.8520028465040377,-0.40088795727531673,-0.5692112779606683,-0.1415086997382818,0.0545647585524371,-0.4390358821128122,1.4242432292558669,-0.4195376387923536,-0.34598906493728593,-0.15873978742581374,1.9091412456869414,1.2576440772916977,-0.5911925232177752,0
1.6325521282533173,-1.744017497447922,-0.9373322538565467,0.9639959988908641,-1.1790354179593172,-1.1175755046062268,-0.6950756318834131,0.6640885054221695,-0.40088795727531673,-0.8789851639353,0.2976079857490139,0.0545647585524371,-0.4390358821128122,1.4242432292558669,-0.4195376387923536,-1.6376815433976333,-0.15873978742581374,-0.5237957129987955,1.2576440772916977,-0.5911925232177752,0
-1.9635833475749547,0.7518143706146735,-0.9373322538565467,-0.9710421094355208,0.9751082380185014,0.7502231258604087,0.6134870124126136,-0.8520028465040377,0.8126858168872018,2.2187536958110172,-1.4588587562001691,-1.2774216252220538,-0.4390358821128122,-0.03725250856529844,0.7254613580111255,1.819405503472879,-0.15873978742581374,-0.5237957129987955,1.2576440772916977,-0.5911925232177752,0
1.2900630353172915,-1.0419954038139316,-0.9373322538565467,-1.1438133691075194,-0.4512609991604834,-1.410684147335121,-1.5314094739873088,-0.8520028465040377,-0.40088795727531673,-0.8789851639353,0.2976079857490139,0.0545647585524371,-0.4390358821128122,1.4242432292558669,-1.5645366355958328,-1.2251942063641716,-0.15873978742581374,-0.5237957129987955,1.2576440772916977,-0.5911925232177752,0
-0.6792492490648575,-1.151919166876447,-0.9373322538565467,1.0676587546940632,-2.2219047133258343,-1.324090135280595,-0.8686305850779471,-0.8520028465040377,-1.3189210778785396,-0.8789851639353,0.2976079857490139,-1.2774216252220538,-0.4390358821128122,1.4242432292558669,-0.1332878895914838,-0.7363711087851283,6.299617860250349,-0.5237957129987955,1.2576440772916977,-0.5911925232177752,0
1.204440762083285,-1.2988459920111735,-0.9373322538565467,-0.14174006300992725,-1.272109129332575,-0.7631463972079218,-0.08478960543199393,-0.8520028465040377,-0.40088795727531673,-1.1887590499099316,1.6149580422109011,0.0545647585524371,-0.4390358821128122,-1.4987482463864636,1.584210605613735,-1.3349776513217275,-0.15873978742581374,-0.5237957129987955,1.2576440772916977,-0.5911925232177752,0
0.09135121004120077,-0.9519052820221214,0.8997051785456238,0.4802364718092679,-0.6115422531784616,-1.9601498549418401,-1.5314094739873088,0.03485374204043518,-1.3189210778785396,-0.5692112779606683,-0.1415086997382818,0.0545647585524371,-0.4390358821128122,1.4242432292558669,-0.9920371371940933,-0.7999933276677491,-0.15873978742581374,1.9091412456869414,-0.7951375258359844,-0.5911925232177752,0
-0.25113788289482514,0.47804104869640707,0.8997051785456238,-0.5218368342883243,0.6666741803419015,0.36373276213575945,0.27587789045965005,0.03485374204043518,-0.40088795727531673,0.6698842659378585,-0.1415086997382818,0.0545647585524371,-0.4390358821128122,-0.03725250856529844,0.4392116088102558,0.4750474302609523,-0.15873978742581374,-0.5237957129987955,1.2576440772916977,-0.5911925232177752,0
0.6050848494452397,1.108671901239078,-0.9373322538565467,-1.212921872976319,1.104966953005519,1.405033757358077,1.4541147327375648,-0.8520028465040377,1.8569517264925168,0.9796581519124903,-1.4588587562001691,-1.2774216252220538,-0.4390358821128122,-0.03725250856529844,-0.9920371371940933,0.3684214051161303,-0.15873978742581374,-0.5237957129987955,1.2576440772916977,-0.5911925232177752,0
-0.4223824293628381,-0.2880210110305568,0.8997051785456238,-1.2474761249107187,-0.5125476871970067,-0.7631463972079218,-0.6950756318834131,0.03485374204043518,-1.3189210778785396,-0.8789851639353,0.7367246712363097,1.3865511423269279,-0.4390358821128122,-0.03725250856529844,-1.278286886394963,-0.0732265698265976,-0.15873978742581374,1.9091412456869414,1.2576440772916977,-0.5911925232177752,0
0.7763293959132526,-1.318038246872627,-0.9373322538565467,0.10013970053087085,-2.2219047133258343,-1.1175755046062268,0.5204898583170638,-0.8520028465040377,-0.40088795727531673,-1.1887590499099316,0.2976079857490139,0.0545647585524371,1.0449053994284931,-1.4987482463864636,0.7254613580111255,-1.2407573927877356,6.299617860250349,-0.5237957129987955,-0.7951375258359844,1.6914963581696623,0
1.718174401487324,0.7586229340359603,-0.9373322538565467,1.6896352895132585,0.8163202767068174,1.2642326798904104,1.4833454423853514,-0.8520028465040377,1.4351782839311287,1.9089798098363855,-1.0197420707128733,-1.2774216252220538,-0.4390358821128122,-0.03725250856529844,-0.4195376387923536,-0.5878272956138263,-0.15873978742581374,1.9091412456869414,-0.7951375258359844,1.6914963581696623,0
1.6325521282533173,-0.6278077956856479,-0.9373322538565467,1.5168640298412597,-0.8374459927971493,-0.6680752475562154,-0.6950756318834131,0.03485374204043518,-1.3189210778785396,-0.8789851639353,1.1758413567236055,0.0545647585524371,-0.4390358821128122,-0.03725250856529844,-0.4195376387923536,-1.144382708888826,-0.15873978742581374,-0.5237957129987955,1.2576440772916977,-0.5911925232177752,0
0.3482180297432202,-0.022141675687695418,0.8997051785456238,-0.38361982655072535,0.43606874889541036,-0.18974838735133803,-0.20585169616858562,1.1521609060229787,-0.40088795727531673,0.050336493988595146,0.2976079857490139,1.3865511423269279,-0.4390358821128122,-0.03725250856529844,-1.278286886394963,-0.2333048191477918,-0.15873978742581374,-0.5237957129987955,1.2576440772916977,-0.5911925232177752,0
0.6907071226792462,-0.9987758273135889,0.8997051785456238,-0.8673793536323215,-1.272109129332575,-1.1175755046062268,-0.6950756318834131,0.03485374204043518,-0.40088795727531673,-1.1887590499099316,1.1758413567236055,1.3865511423269279,-0.4390358821128122,-0.03725250856529844,1.584210605613735,-1.0191014901890854,-0.15873978742581374,-0.5237957129987955,1.2576440772916977,-0.5911925232177752,0
0.9475739423812656,0.8912419085027652,-0.9373322538565467,1.0676587546940632,1.0065051174313637,0.3577002368508518,0.5779892834773674,-0.8520028465040377,0.517145163327906,1.9089798098363855,-1.0197420707128733,-1.2774216252220538,-0.4390358821128122,1.4242432292558669,-0.4195376387923536,-0.005697201167741126,-0.15873978742581374,-0.5237957129987955,1.2576440772916977,-0.5911925232177752,0
-1.2786051617029028,1.404647060400671,-0.9373322538565467,1.1367672585628628,0.8762133494995515,1.6735753793840438,0.47886733217344607,-0.8520028465040377,1.2583237218588201,0.050336493988595146,-1.4588587562001691,-1.2774216252220538,1.0449053994284931,-0.03725250856529844,0.7254613580111255,2.0368104204059914,-0.15873978742581374,-0.5237957129987955,1.2576440772916977,-0.5911925232177752,0
-1.2786051617029028,1.7327902148570398,-0.9373322538565467,-1.0055963613699206,0.647624558056666,1.3350991661829463,0.8406111661619536,-0.8520028465040377,1.2583237218588201,-0.25943739198603655,-1.4588587562001691,-1.2774216252220538,-0.4390358821128122,-0.03725250856529844,-1.5645366355958328,2.3714717618321908,-0.15873978742581374,-0.5237957129987955,1.2576440772916977,-0.5911925232177752,0
0.3482180297432202,-0.23399654040512846,0.8997051785456238,1.102213006628463,-0.05930240799991558,0.16911739727292877,-0.2769087108314654,1.88811232068876,-0.40088795727531673,-0.8789851639353,1.1758413567236055,1.3865511423269279,1.0449053994284931,1.4242432292558669,-0.9920371371940933,-0.38094795001394743,-0.15873978742581374,1.9091412456869414,-0.7951375258359844,-0.5911925232177752,1
-1.4498497081709159,0.865635789548795,0.8997051785456238,0.031031196662071384,0.7944208437353977,-0.3669768718316088,-0.35746650993044954,0.6640885054221695,-0.40088795727531673,0.36011037996322687,-0.1415086997382818,0.0545647585524371,1.0449053994284931,1.4242432292558669,-0.1332878895914838,1.60306060742776,-0.15873978742581374,-0.5237957129987955,-0.7951375258359844,-0.5911925232177752,0
-0.07989333642681218,1.2001434706815841,-0.9373322538565467,0.3765737160060687,0.5027394891330723,1.4240385398960085,1.7360553485175407,-0.8520028465040377,0.8126858168872018,0.9796581519124903,-1.8979754416874648,-1.2774216252220538,-0.4390358821128122,-0.03725250856529844,1.584210605613735,0.9368643152956465,-0.15873978742581374,-0.5237957129987955,-0.7951375258359844,-0.5911925232177752,0
0.7763293959132526,0.5967962092401567,0.8997051785456238,0.4802364718092679,0.9446856989875412,1.1036065596243674,0.7376749512991704,0.6640885054221695,1.2583237218588201,0.9796581519124903,0.2976079857490139,0.0545647585524371,-0.4390358821128122,-0.03725250856529844,1.0117111072119953,-0.06903512647359769,-0.15873978742581374,-0.5237957129987955,-0.7951375258359844,-0.5911925232177752,0
0.6907071226792462,2.4946585942158195,-0.9373322538565467,0.1692482043996703,1.090569584048105,0.5273749356824711,1.0891533586248654,-2.368094198430245,1.7307189374904248,1.289432037887122,-0.5806253852255776,-1.2774216252220538,4.012787962511103,-1.4987482463864636,1.2979608564128653,1.1779754588599318,-0.15873978742581374,1.9091412456869414,-0.7951375258359844,1.6914963581696623,1
-0.33676015612883164,-0.5407272562757109,0.8997051785456238,0.7912247392188655,-0.8611579617475593,-0.96118389028511,-1.5314094739873088,0.03485374204043518,-1.3189210778785396,-0.8789851639353,0.7367246712363097,1.3865511423269279,-0.4390358821128122,-0.03725250856529844,0.152961859609386,-0.32207737539665243,-0.15873978742581374,1.9091412456869414,-0.7951375258359844,-0.5911925232177752,0
1.2900630353172915,-1.613668044121546,-0.9373322538565467,-1.5239101403859165,-1.523931364251822,-2.2230906493806173,-0.2769087108314654,-0.8520028465040377,-0.40088795727531673,-1.1887590499099316,0.2976079857490139,-1.2774216252220538,1.0449053994284931,-1.4987482463864636,1.2979608564128653,-1.516708336803607,-0.15873978742581374,-0.5237957129987955,-0.7951375258359844,-0.5911925232177752,1
1.6325521282533173,-1.0850669680659855,-0.9373322538565467,1.344092770169261,-1.4495347260525029,-0.96118389028511,-0.2769087108314654,-0.8520028465040377,-1.3189210778785396,-0.8789851639353,1.6149580422109011,0.0545647585524371,1.0449053994284931,-0.03725250856529844,1.584210605613735,-1.3464642858967657,-0.15873978742581374,-0.5237957129987955,-0.7951375258359844,1.6914963581696623,0
-0.5080047025968446,-0.14188358455337077,0.8997051785456238,0.031031196662071384,-0.1528985265142937,0.3987949113308783,0.8040370991298441,1.88811232068876,0.13612699269759143,-0.25943739198603655,0.2976079857490139,1.3865511423269279,-0.4390358821128122,-0.03725250856529844,-0.4195376387923536,0.09183226814474996,-0.15873978742581374,-0.5237957129987955,-0.7951375258359844,-0.5911925232177752,0
-0.25113788289482514,-0.3356316175634685,0.8997051785456238,1.7241895414476582,-0.37541534278370353,-1.324090135280595,-1.5314094739873088,-0.8520028465040377,-1.3189210778785396,-0.8789851639353,0.2976079857490139,0.0545647585524371,-0.4390358821128122,1.4242432292558669,-0.1332878895914838,-0.18882084131335258,-0.15873978742581374,-0.5237957129987955,1.2576440772916977,-0.5911925232177752,0
-1.2786051617029028,0.6364634917815671,0.8997051785456238,-1.1092591171731196,1.3284968195178526,1.0701412883396404,0.7376749512991704,1.550945093966642,0.8126858168872018,0.9796581519124903,1.1758413567236055,0.0545647585524371,1.0449053994284931,-1.4987482463864636,0.7254613580111255,1.2533677672702344,-0.15873978742581374,-0.5237957129987955,-0.7951375258359844,-0.5911925232177752,1
-1.1073606152348898,-0.2713449643900136,0.8997051785456238,-1.316584628779518,-0.21767234907934332,0.07319240708743925,0.996156204529315,1.550945093966642,-0.40088795727531673,0.050336493988595146,-0.5806253852255776,0.0545647585524371,-0.4390358821128122,-0.03725250856529844,-0.9920371371940933,0.2502106263742013,-0.15873978742581374,-0.5237957129987955,-0.7951375258359844,1.6914963581696623,0
-1.2786051617029028,1.3012851736789612,-0.9373322538565467,-1.0747048652387199,0.9687923319589772,1.0681179113729515,0.5959991983045402,-0.8520028465040377,1.2583237218588201,0.9796581519124903,-1.8979754416874648,-1.2774216252220538,-0.4390358821128122,1.4242432292558669,-0.9920371371940933,1.9313953684908078,-0.15873978742581374,-0.5237957129987955,-0.7951375258359844,1.6914963581696623,0
-0.07989333642681218,-0.3562053200756179,0.8997051785456238,0.722116235350066,0.40947533264594993,-0.44567839143551063,-1.5314094739873088,2.437801682511115,-0.40088795727531673,-0.25943739198603655,1.1758413567236055,1.3865511423269279,-0.4390358821128122,-1.4987482463864636,1.0117111072119953,-0.28003798687273634,-0.15873978742581374,1.9091412456869414,1.2576440772916977,-0.5911925232177752,0
0.4338403029772267,-0.27543996992600495,0.8997051785456238,-0.9710421094355208,0.7451525010838136,-0.017442065338305328,0.27587789045965005,2.8767201611658426,-0.40088795727531673,0.6698842659378585,0.7367246712363097,1.3865511423269279,-0.4390358821128122,-0.03725250856529844,-1.5645366355958328,-0.44841861498438657,-0.15873978742581374,-0.5237957129987955,-0.7951375258359844,1.6914963581696623,0
1.375685308551298,0.9548871752669684,-0.9373322538565467,0.583899227612467,0.4454327873883879,1.4252080475019318,1.8115646885050167,-0.8520028465040377,0.8126858168872018,0.9796581519124903,-1.8979754416874648,-1.2774216252220538,-0.4390358821128122,-0.03725250856529844,-0.4195376387923536,-0.26642124703226827,-0.15873978742581374,-0.5237957129987955,1.2576440772916977,-0.5911925232177752,0
0.6907071226792462,-0.5009612989021079,-0.9373322538565467,1.0331045027596635,0.2598223000763246,0.6655170097294034,0.4341589305380372,1.88811232068876,-0.40088795727531673,-0.25943739198603655,1.1758413567236055,0.0545647585524371,-0.4390358821128122,1.4242432292558669,-0.7057873879932234,-0.7060179473768694,-0.15873978742581374,-0.5237957129987955,1.2576440772916977,-0.5911925232177752,0
0.7763293959132526,0.02951459896511138,0.8997051785456238,-1.6275728961891156,-1.1790354179593172,-1.6288836309271162,-1.5314094739873088,-0.8520028465040377,-1.3189210778785396,-1.1887590499099316,1.1758413567236055,2.718537526101419,-0.4390358821128122,1.4242432292558669,-0.4195376387923536,-0.4161651313196454,-0.15873978742581374,-0.5237957129987955,-0.7951375258359844,-0.5911925232177752,0
-1.7923388011069417,1.5883302605271274,-0.9373322538565467,1.102213006628463,1.2818754757438455,1.2413692616664915,0.7376749512991704,-0.8520028465040377,1.8569517264925168,0.050336493988595146,-1.0197420707128733,-1.2774216252220538,2.5288466809697985,-0.03725250856529844,1.2979608564128653,2.6457521666005284,-0.15873978742581374,-0.5237957129987955,1.2576440772916977,-0.5911925232177752,0
-1.2786051617029028,-0.3476206096748649,0.8997051785456238,-0.8673793536323215,0.29436078726031295,-0.3857750515562201,-1.5314094739873088,0.03485374204043518,-0.40088795727531673,-0.25943739198603655,0.7367246712363097,0.0545647585524371,-0.4390358821128122,-0.03725250856529844,0.4392116088102558,0.24973596512214088,-0.15873978742581374,-0.5237957129987955,-0.7951375258359844,-0.5911925232177752,0
0.9475739423812656,0.8836932838400341,-0.9373322538565467,-0.03807730720672808,1.1333671770205214,0.6306642878868959,0.7376749512991704,0.03485374204043518,0.8126858168872018,1.5992059238617538,0.2976079857490139,0.0545647585524371,-0.4390358821128122,-1.4987482463864636,1.2979608564128653,-0.010059723841271644,-0.15873978742581374,-0.5237957129987955,-0.7951375258359844,1.6914963581696623,0
1.6325521282533173,-0.315403276963993,-0.9373322538565467,1.5168640298412597,-0.6948534363609518,-0.559742044878125,0.5204898583170638,-0.8520028465040377,-0.40088795727531673,-0.5692112779606683,-1.0197420707128733,0.0545647585524371,-0.4390358821128122,1.4242432292558669,-0.7057873879932234,-1.006318342724144,-0.15873978742581374,-0.5237957129987955,-0.7951375258359844,1.6914963581696623,0
0.005728936807194294,1.0293373361562572,-0.9373322538565467,0.23835670826846977,0.6985198291509046,1.408639837781191,1.1197060816501374,-0.8520028465040377,1.054160113300814,0.36011037996322687,-1.8979754416874648,-1.2774216252220538,-0.4390358821128122,-0.03725250856529844,1.2979608564128653,0.7425450431447232,-0.15873978742581374,-0.5237957129987955,1.2576440772916977,-0.5911925232177752,0
0.09135121004120077,1.2840170780452627,2.736742610947794,-1.5930186442547158,0.877283757466046,0.5980288840680019,0.27587789045965005,0.03485374204043518,0.517145163327906,1.5992059238617538,-1.0197420707128733,1.3865511423269279,-0.4390358821128122,1.4242432292558669,-0.7057873879932234,0.8722533585752534,-0.15873978742581374,1.9091412456869414,-0.7951375258359844,1.6914963581696623,0
0.9475739423812656,-1.02941436270938,-0.9373322538565467,-0.17629431494432699,0.2054233025693679,-0.559742044878125,-1.5314094739873088,1.1521609060229787,-0.40088795727531673,-0.5692112779606683,1.1758413567236055,0.0545647585524371,-0.4390358821128122,-0.03725250856529844,-1.5645366355958328,-1.1156883459904177,-0.15873978742581374,1.9091412456869414,1.2576440772916977,-0.5911925232177752,0
-0.5936269758308511,0.6063676679628354,0.8997051785456238,-0.38361982655072535,1.1806058373720636,0.7887587262719089,0.14125821022048246,1.550945093966642,1.2583237218588201,1.9089798098363855,0.2976079857490139,0.0545647585524371,-0.4390358821128122,-1.4987482463864636,0.7254613580111255,0.7940566911068413,-0.15873978742581374,-0.5237957129987955,-0.7951375258359844,-0.5911925232177752,0
0.7763293959132526,-0.47293764655942006,-0.9373322538565467,-0.10718581107552753,0.11234959119610977,-0.8352753086062314,-0.8686305850779471,1.1521609060229787,-0.40088795727531673,-0.5692112779606683,1.1758413567236055,0.0545647585524371,-0.4390358821128122,-0.03725250856529844,-0.9920371371940933,-0.7236248607814778,-0.15873978742581374,-0.5237957129987955,-0.7951375258359844,1.6914963581696623,0
0.6050848494452397,-0.011238106730417193,0.8997051785456238,1.2058757624316623,0.5660298358108634,0.16911739727292877,-1.5314094739873088,0.03485374204043518,0.13612699269759143,-0.5692112779606683,1.1758413567236055,0.0545647585524371,-0.4390358821128122,-1.4987482463864636,1.0117111072119953,-0.35494389329329495,-0.15873978742581374,-0.5237957129987955,-0.7951375258359844,1.6914963581696623,0
-1.4498497081709159,-0.0029494208262418904,0.8997051785456238,-0.7637165978291224,1.1078023137059287,0.779337372307516,-1.5314094739873088,0.6640885054221695,0.13612699269759143,1.5992059238617538,1.1758413567236055,0.0545647585524371,-0.4390358821128122,-1.4987482463864636,1.584210605613735,0.6876939939357772,-0.15873978742581374,-0.5237957129987955,-0.7951375258359844,-0.5911925232177752,0
0.26259575650921374,1.3978878343954806,-0.9373322538565467,0.7912247392188655,1.111326343008142,1.612643258783359,1.014166119356488,-0.8520028465040377,1.054160113300814,0.6698842659378585,-1.4588587562001691,-1.2774216252220538,-0.4390358821128122,-1.4987482463864636,0.4392116088102558,0.8233548633718283,-0.15873978742581374,1.9091412456869414,1.2576440772916977,-0.5911925232177752,0
1.4613075817853045,-0.8523917137559216,-0.9373322538565467,0.583899227612467,-1.7113959204136286,-1.179383373877105,-0.6950756318834131,-0.8520028465040377,-1.3189210778785396,-1.1887590499099316,1.1758413567236055,0.0545647585524371,-0.4390358821128122,1.4242432292558669,-1.278286886394963,-1.1860723911545985,-0.15873978742581374,1.9091412456869414,-0.7951375258359844,1.6914963581696623,0
-0.25113788289482514,-0.7167138194911472,0.8997051785456238,-0.6600538420259232,0.42654463363788175,0.5226926641374506,-0.5604559516442456,2.6682522579491867,-0.40088795727531673,0.6698842659378585,0.7367246712363097,1.3865511423269279,-0.4390358821128122,-0.03725250856529844,-0.9920371371940933,-0.4997424111435691,-0.15873978742581374,-0.5237957129987955,-0.7951375258359844,-0.5911925232177752,1
-0.5936269758308511,1.4987828503123763,0.8997051785456238,-1.6275728961891156,1.2315601940143912,0.7127669960131431,1.6047779889783895,-0.8520028465040377,0.517145163327906,-0.5692112779606683,0.7367246712363097,0.0545647585524371,1.0449053994284931,-0.03725250856529844,-1.5645366355958328,1.5828464116333003,-0.15873978742581374,-0.5237957129987955,-0.7951375258359844,-0.5911925232177752,0
0.17697348327520726,-0.6417209470247993,-0.9373322538565467,0.5493449756780673,-1.8357197196891686,-1.2477088034530517,-0.5604559516442456,-0.8520028465040377,-1.3189210778785396,-1.1887590499099316,1.1758413567236055,0.0545647585524371,-0.4390358821128122,-0.03725250856529844,-0.4195376387923536,-0.6003689193321363,-0.15873978742581374,-0.5237957129987955,-0.7951375258359844,1.6914963581696623,0
-1.5354719814049222,-1.803962458004904,-0.9373322538565467,-0.4181740784851251,-2.6080897069625,-1.510649597891829,-0.35746650993044954,-0.8520028465040377,-1.3189210778785396,-0.8789851639353,-1.0197420707128733,-1.2774216252220538,-0.4390358821128122,1.4242432292558669,-0.7057873879932234,-1.1977133325677622,-0.15873978742581374,-0.5237957129987955,-0.7951375258359844,-0.5911925232177752,0
-0.33676015612883164,0.5500243387808819,0.8997051785456238,1.3786470221036609,0.920479147514475,1.31046993555679,0.5000374812740657,0.6640885054221695,1.5911750632737223,1.5992059238617538,-0.1415086997382818,0.0545647585524371,-0.4390358821128122,-0.03725250856529844,-0.9920371371940933,0.5863974250751317,-0.15873978742581374,1.9091412456869414,1.2576440772916977,-0.5911925232177752,0
0.5194625762112332,-1.4497691478496988,-0.9373322538565467,-0.003523055272328344,-1.6098159800704808,-0.6982430958463327,-0.35746650993044954,0.03485374204043518,-1.3189210778785396,-0.5692112779606683,0.2976079857490139,0.0545647585524371,-0.4390358821128122,-0.03725250856529844,1.584210605613735,-1.26548338634913,-0.15873978742581374,-0.5237957129987955,1.2576440772916977,-0.5911925232177752,0
1.1188184888492785,-1.3782792319261867,-0.9373322538565467,-0.10718581107552753,-0.9676038472142717,-1.6288836309271162,-1.5314094739873088,-0.8520028465040377,-1.3189210778785396,-0.8789851639353,0.7367246712363097,0.0545647585524371,-0.4390358821128122,-0.03725250856529844,1.584210605613735,-1.3569906958541196,-0.15873978742581374,-0.5237957129987955,-0.7951375258359844,1.6914963581696623,0
-0.9361160687668769,1.389549811075209,0.8997051785456238,-0.5909453381571238,0.7518895502240116,0.4585309200799089,0.14125821022048246,-0.8520028465040377,0.13612699269759143,1.5992059238617538,-1.0197420707128733,0.0545647585524371,-0.4390358821128122,-0.03725250856529844,1.0117111072119953,1.753855287737808,-0.15873978742581374,1.9091412456869414,-0.7951375258359844,-0.5911925232177752,0
0.3482180297432202,-2.175621213458193,-0.9373322538565467,0.1692482043996703,-1.6098159800704808,-1.1175755046062268,0.015992009486089375,1.1521609060229787,-0.40088795727531673,-0.8789851639353,0.7367246712363097,0.0545647585524371,-0.4390358821128122,-0.03725250856529844,1.584210605613735,-1.7340797087719095,-0.15873978742581374,-0.5237957129987955,-0.7951375258359844,-0.5911925232177752,0
-0.07989333642681218,1.0784280651720575,-0.9373322538565467,1.6896352895132585,1.1830820511156313,1.6273528426815758,1.624452145807907,-0.8520028465040377,1.054160113300814,1.289432037887122,-1.0197420707128733,-1.2774216252220538,1.0449053994284931,-0.03725250856529844,1.0117111072119953,0.8416955728816539,-0.15873978742581374,-0.5237957129987955,-0.7951375258359844,-0.5911925232177752,0
-0.9361160687668769,0.6593560528502418,0.8997051785456238,1.6550810375788587,0.7058411851631418,0.9745382828459971,1.0812671372651477,0.03485374204043518,0.8126858168872018,-0.5692112779606683,-1.0197420707128733,0.0545647585524371,-0.4390358821128122,-1.4987482463864636,1.584210605613735,1.0588036168761985,-0.15873978742581374,-0.5237957129987955,-0.7951375258359844,1.6914963581696623,0
0.17697348327520726,-1.4205613975207,-0.9373322538565467,0.8948874950220647,-1.0993071871582751,-1.324090135280595,-0.8686305850779471,-0.8520028465040377,-1.3189210778785396,-1.1887590499099316,1.6149580422109011,0.0545647585524371,-0.4390358821128122,-0.03725250856529844,0.152961859609386,-1.1696252949082933,-0.15873978742581374,-0.5237957129987955,-0.7951375258359844,-0.5911925232177752,0
1.8037966747213303,1.0898743457063946,-0.9373322538565467,-1.4202473845827173,0.9175023968437124,1.36269872679249,1.7197492925606406,-0.8520028465040377,1.7307189374904248,0.9796581519124903,-1.4588587562001691,-1.2774216252220538,1.0449053994284931,-0.03725250856529844,1.2979608564128653,-0.5088599325789063,-0.15873978742581374,-0.5237957129987955,1.2576440772916977,-0.5911925232177752,1
-0.9361160687668769,0.4675815164839954,0.8997051785456238,-0.4181740784851251,1.109214601344748,0.5036180010184462,-1.5314094739873088,2.180179857348376,1.054160113300814,0.6698842659378585,0.7367246712363097,0.0545647585524371,-0.4390358821128122,-1.4987482463864636,0.4392116088102558,0.8762586273735582,-0.15873978742581374,-0.5237957129987955,1.2576440772916977,-0.5911925232177752,0
-0.4223824293628381,-0.9823464677535272,0.8997051785456238,-0.6254995900915234,-1.223630986433815,-1.510649597891829,-1.5314094739873088,0.03485374204043518,-1.3189210778785396,-0.8789851639353,0.2976079857490139,1.3865511423269279,-0.4390358821128122,1.4242432292558669,-0.1332878895914838,-0.6633244320391598,-0.15873978742581374,1.9091412456869414,1.2576440772916977,-0.5911925232177752,0
0.26259575650921374,1.407952667279122,-0.9373322538565467,-0.3145113226819259,1.3508789625492572,0.9651055086561597,1.276265901321975,0.03485374204043518,0.517145163327906,0.050336493988595146,0.2976079857490139,0.0545647585524371,4.012787962511103,-0.03725250856529844,-0.4195376387923536,0.8305401948341138,-0.15873978742581374,-0.5237957129987955,1.2576440772916977,-0.5911925232177752,1
-1.3642274349369095,1.155986483275412,0.8997051785456238,0.8603332430876649,1.197712576917033,0.6949989861504834,1.4233952866648683,0.03485374204043518,0.8126858168872018,0.050336493988595146,-0.1415086997382818,0.0545647585524371,-0.4390358821128122,-0.03725250856529844,-1.5645366355958328,1.8461299383128247,-0.15873978742581374,-0.5237957129987955,1.2576440772916977,-0.5911925232177752,0
1.6325521282533173,0.7868932734591296,-0.9373322538565467,1.4132012740380606,1.1597459343672354,1.6366960425554886,1.4954519491840863,-0.8520028465040377,1.8569517264925168,-0.25943739198603655,-1.0197420707128733,-1.2774216252220538,-0.4390358821128122,-1.4987482463864636,0.4392116088102558,-0.5191683002649957,-0.15873978742581374,1.9091412456869414,1.2576440772916977,-0.5911925232177752,0
0.005728936807194294,0.6699635973109423,0.8997051785456238,0.2729109602028695,1.2183828342405967,0.7092521267486848,1.72523376072599,1.1521609060229787,1.2583237218588201,0.050336493988595146,0.2976079857490139,0.0545647585524371,-0.4390358821128122,-1.4987482463864636,1.0117111072119953,0.4676608290098072,-0.15873978742581374,-0.5237957129987955,-0.7951375258359844,1.6914963581696623,0
0.5194625762112332,-1.0082979486201713,-0.9373322538565467,0.34201946407166894,-1.02957289562413,-0.559742044878125,-0.35746650993044954,0.03485374204043518,-1.3189210778785396,-0.8789851639353,1.1758413567236055,0.0545647585524371,-0.4390358821128122,-0.03725250856529844,0.7254613580111255,-0.9728270498579166,-0.15873978742581374,-0.5237957129987955,-0.7951375258359844,-0.5911925232177752,0
1.375685308551298,-1.0685882710898273,-0.9373322538565467,0.10013970053087085,-1.8357197196891686,-1.324090135280595,-1.5314094739873088,0.03485374204043518,-1.3189210778785396,-0.8789851639353,0.2976079857490139,0.0545647585524371,-0.4390358821128122,-0.03725250856529844,1.0117111072119953,-1.26386148730057,-0.15873978742581374,-0.5237957129987955,-0.7951375258359844,-0.5911925232177752,0
0.4338403029772267,2.5209060995790415,-0.9373322538565467,-1.5239101403859165,0.2500188710438657,1.2819602108796313,0.5779892834773674,-0.8520028465040377,1.7307189374904248,2.2187536958110172,-1.4588587562001691,-1.2774216252220538,5.496729244052409,-0.03725250856529844,-0.7057873879932234,1.4528429005124428,-0.15873978742581374,-0.5237957129987955,-0.7951375258359844,-0.5911925232177752,1
-0.9361160687668769,-1.2387036817898063,-0.9373322538565467,1.4823097779068601,-0.47497296811089346,-0.09788918974245289,0.33337731561995393,0.03485374204043518,-0.40088795727531673,-0.25943739198603655,0.2976079857490139,-1.2774216252220538,-0.4390358821128122,-1.4987482463864636,0.7254613580111255,-0.7479080608073813,-0.15873978742581374,-0.5237957129987955,-0.7951375258359844,1.6914963581696623,0
-0.16551560966081866,1.1892892391404022,0.8997051785456238,0.9639959988908641,1.0013936396050798,1.133599964929781,0.7783614224167266,1.550945093966642,1.2583237218588201,1.5992059238617538,1.1758413567236055,1.3865511423269279,-0.4390358821128122,-1.4987482463864636,0.4392116088102558,0.9918629623497562,-0.15873978742581374,-0.5237957129987955,-0.7951375258359844,1.6914963581696623,0
0.4338403029772267,-1.0211750142213007,-0.9373322538565467,-0.4872825823539246,-0.8147021338647573,-1.2477088034530517,-1.5314094739873088,0.03485374204043518,-1.3189210778785396,-0.8789851639353,0.2976079857490139,0.0545647585524371,-0.4390358821128122,-1.4987482463864636,1.0117111072119953,-0.9554507580863764,-0.15873978742581374,1.9091412456869414,-0.7951375258359844,-0.5911925232177752,0
-0.6792492490648575,0.5794787761903619,0.8997051785456238,-0.03807730720672808,1.1934848815893957,0.4266314504892762,0.060700411121498196,0.6640885054221695,0.517145163327906,-0.25943739198603655,0.2976079857490139,0.0545647585524371,1.0449053994284931,-1.4987482463864636,1.0117111072119953,0.8234102125637647,-0.15873978742581374,1.9091412456869414,-0.7951375258359844,1.6914963581696623,0
-0.4223824293628381,-0.276673405328412,0.8997051785456238,1.6550810375788587,0.14113850590702598,0.23092526654380738,0.5000374812740657,1.1521609060229787,0.13612699269759143,0.36011037996322687,-1.0197420707128733,0.0545647585524371,-0.4390358821128122,-1.4987482463864636,1.0117111072119953,-0.06358239244374467,-0.15873978742581374,-0.5237957129987955,-0.7951375258359844,-0.5911925232177752,0
-0.4223824293628381,-1.6229928157637432,0.8997051785456238,1.5859725337100592,-1.1790354179593172,-1.9601498549418401,-0.08478960543199393,1.1521609060229787,-1.3189210778785396,-0.5692112779606683,-0.1415086997382818,1.3865511423269279,-0.4390358821128122,-0.03725250856529844,-0.1332878895914838,-1.2078011421102264,-0.15873978742581374,-0.5237957129987955,-0.7951375258359844,-0.5911925232177752,0
-1.0217383420008834,-0.5357935146660827,0.8997051785456238,-0.8673793536323215,-1.223630986433815,-1.6288836309271162,-1.5314094739873088,-0.8520028465040377,-1.3189210778785396,-1.1887590499099316,1.1758413567236055,2.718537526101419,-0.4390358821128122,-0.03725250856529844,1.584210605613735,-0.04466387091506821,-0.15873978742581374,1.9091412456869414,-0.7951375258359844,-0.5911925232177752,0
0.8619516691472591,-1.7914307543164485,-0.9373322538565467,0.3765737160060687,-2.2219047133258343,-1.2477088034530517,-0.5604559516442456,0.03485374204043518,-0.40088795727531673,-1.1887590499099316,0.7367246712363097,0.0545647585524371,1.0449053994284931,-1.4987482463864636,1.0117111072119953,-1.54325498333006,-0.15873978742581374,-0.5237957129987955,-0.7951375258359844,-0.5911925232177752,1
-0.07989333642681218,0.8918832949120168,2.736742610947794,-0.10718581107552753,0.9125055276976478,0.8132330191857708,-0.03229674297405158,0.6640885054221695,0.13612699269759143,1.289432037887122,-0.1415086997382818,1.3865511423269279,-0.4390358821128122,-0.03725250856529844,-0.4195376387923536,0.695837034143386,-0.15873978742581374,1.9091412456869414,-0.7951375258359844,-0.5911925232177752,0
0.09135121004120077,-0.36696087678460726,-0.9373322538565467,1.240430014366062,0.24671234991352878,0.01419795564245568,0.4104975706988176,1.1521609060229787,-0.40088795727531673,0.050336493988595146,-0.1415086997382818,0.0545647585524371,-0.4390358821128122,1.4242432292558669,-0.1332878895914838,-0.3625133146026541,-0.15873978742581374,-0.5237957129987955,1.2576440772916977,-0.5911925232177752,0
0.7763293959132526,-0.6847925112768531,-0.9373322538565467,-0.6254995900915234,-1.3252109267769627,-1.410684147335121,-0.5604559516442456,-0.8520028465040377,-1.3189210778785396,-1.1887590499099316,1.6149580422109011,0.0545647585524371,-0.4390358821128122,-1.4987482463864636,1.2979608564128653,-0.8532627317859072,-0.15873978742581374,1.9091412456869414,1.2576440772916977,-0.5911925232177752,0
-1.4498497081709159,-0.3858571071494831,0.8997051785456238,-1.3856931326483175,0.2789263605046676,0.10079196769698218,-0.6950756318834131,1.88811232068876,0.13612699269759143,-0.5692112779606683,1.1758413567236055,1.3865511423269279,-0.4390358821128122,-0.03725250856529844,-1.278286886394963,0.2841631625065651,-0.15873978742581374,-0.5237957129987955,-0.7951375258359844,1.6914963581696623,1
-0.25113788289482514,-0.661998625040371,0.8997051785456238,-0.6600538420259232,-0.5669466847039637,-0.6392486444013494,-0.5604559516442456,1.1521609060229787,-0.40088795727531673,-0.8789851639353,0.7367246712363097,1.3865511423269279,-0.4390358821128122,-0.03725250856529844,-0.9920371371940933,-0.45510077197452325,-0.15873978742581374,-0.5237957129987955,1.2576440772916977,-0.5911925232177752,0
-0.5080047025968446,1.407459293118159,-0.9373322538565467,-0.0726315591411278,0.8362414355706815,1.2112014133763747,1.6828307851290714,-0.8520028465040377,1.4351782839311287,0.6698842659378585,-1.8979754416874648,-1.2774216252220538,1.0449053994284931,1.4242432292558669,-0.1332878895914838,1.4349332438004248,-0.15873978742581374,-0.5237957129987955,1.2576440772916977,-0.5911925232177752,0
0.09135121004120077,-0.6660442931602661,0.8997051785456238,0.722116235350066,-0.18076169106729792,-0.3487082893530292,-1.5314094739873088,1.1521609060229787,0.13612699269759143,-1.1887590499099316,0.7367246712363097,1.3865511423269279,1.0449053994284931,-1.4987482463864636,1.0117111072119953,-0.5861978489481843,-0.15873978742581374,1.9091412456869414,1.2576440772916977,-0.5911925232177752,1
0.09135121004120077,1.0530192958824725,-0.9373322538565467,-1.2474761249107187,0.29436078726031295,1.0240999601011433,1.5415855519152644,-0.8520028465040377,0.517145163327906,0.050336493988595146,-1.8979754416874648,-1.2774216252220538,-0.4390358821128122,-0.03725250856529844,-0.1332878895914838,0.6994900808111867,-0.15873978742581374,-0.5237957129987955,1.2576440772916977,-0.5911925232177752,0
0.09135121004120077,-1.4567750609353707,-0.9373322538565467,-1.316584628779518,-1.272109129332575,-0.7298831168270937,-0.20585169616858562,0.03485374204043518,0.13612699269759143,-1.1887590499099316,0.2976079857490139,0.0545647585524371,-0.4390358821128122,-0.03725250856529844,1.0117111072119953,-1.177585515057688,-0.15873978742581374,-0.5237957129987955,-0.7951375258359844,1.6914963581696623,0
-1.3642274349369095,0.8718029665608302,-0.9373322538565467,-0.6254995900915234,1.101402339597269,1.3575314341799312,1.2222040201817916,0.03485374204043518,0.8126858168872018,-0.25943739198603655,0.7367246712363097,-1.2774216252220538,-0.4390358821128122,-1.4987482463864636,0.7254613580111255,1.551470967422459,-0.15873978742581374,-0.5237957129987955,-0.7951375258359844,-0.5911925232177752,1
1.204440762083285,-0.9773140513117065,-0.9373322538565467,-1.1783676210419192,-1.02957289562413,-0.6116490837918062,-1.5314094739873088,0.6640885054221695,-1.3189210778785396,-0.5692112779606683,-0.1415086997382818,0.0545647585524371,-0.4390358821128122,1.4242432292558669,-0.9920371371940933,-1.1655529361803685,-0.15873978742581374,-0.5237957129987955,-0.7951375258359844,-0.5911925232177752,0
0.5194625762112332,0.5085809092600053,0.8997051785456238,-1.6275728961891156,0.24671234991352878,-0.2185749905062043,-0.35746650993044954,0.03485374204043518,0.13612699269759143,-0.5692112779606683,-0.1415086997382818,0.0545647585524371,-0.4390358821128122,1.4242432292558669,-1.278286886394963,0.032729394646146194,-0.15873978742581374,1.9091412456869414,-0.7951375258359844,1.6914963581696623,0
-0.764871522298864,-1.0993254813178108,0.8997051785456238,0.20380245633407004,-1.1377463706151563,-0.9164425794383279,-0.20585169616858562,1.1521609060229787,-1.3189210778785396,-0.5692112779606683,0.2976079857490139,1.3865511423269279,-0.4390358821128122,1.4242432292558669,-0.7057873879932234,-0.6644062571542798,-0.15873978742581374,-0.5237957129987955,1.2576440772916977,-0.5911925232177752,0
-0.5080047025968446,-0.8988675597186188,0.8997051785456238,-0.38361982655072535,-0.6433879019874642,-0.26436990319599657,-0.6950756318834131,0.6640885054221695,-1.3189210778785396,-0.5692112779606683,0.7367246712363097,1.3865511423269279,-0.4390358821128122,-0.03725250856529844,-1.278286886394963,-0.5643852355805317,-0.15873978742581374,-0.5237957129987955,-0.7951375258359844,-0.5911925232177752,0
-0.5080047025968446,0.7260602394124145,0.8997051785456238,1.2749842663004616,0.9795761623246779,0.3138241586764191,-0.08478960543199393,0.03485374204043518,0.517145163327906,1.9089798098363855,-0.5806253852255776,0.0545647585524371,-0.4390358821128122,-0.03725250856529844,0.7254613580111255,0.8442391198383662,-0.15873978742581374,1.9091412456869414,-0.7951375258359844,1.6914963581696623,0
-1.1073606152348898,0.449820046689334,-0.9373322538565467,0.23835670826846977,0.38930490634972653,0.8397057475539731,1.2587780872139012,0.03485374204043518,0.8126858168872018,1.289432037887122,-0.1415086997382818,-1.2774216252220538,-0.4390358821128122,-0.03725250856529844,-1.5645366355958328,0.9611844147828409,-0.15873978742581374,-0.5237957129987955,-0.7951375258359844,-0.5911925232177752,1
1.033196215615272,1.296844806230296,-0.9373322538565467,-0.694608093960323,-0.24906922849220556,1.2079426537966442,1.6308701567976351,-0.8520028465040377,0.517145163327906,-0.25943739198603655,-1.8979754416874648,-1.2774216252220538,-0.4390358821128122,1.4242432292558669,-0.7057873879932234,0.16339625744611994,-0.15873978742581374,-0.5237957129987955,-0.7951375258359844,1.6914963581696623,0
1.4613075817853045,0.9014054162185992,-0.9373322538565467,-0.6600538420259232,0.33543232643259724,1.3741767572584438,0.5959991983045402,-0.8520028465040377,1.054160113300814,0.6698842659378585,-1.8979754416874648,-1.2774216252220538,1.0449053994284931,-0.03725250856529844,-0.7057873879932234,-0.3513763862857596,-0.15873978742581374,1.9091412456869414,-0.7951375258359844,-0.5911925232177752,1
-0.07989333642681218,0.6040981468224065,0.8997051785456238,0.5147907237436676,0.9884059378630018,0.3202768665596402,0.305312378978912,-0.8520028465040377,0.517145163327906,0.9796581519124903,0.2976079857490139,0.0545647585524371,-0.4390358821128122,-0.03725250856529844,-0.7057873879932234,0.47081908744666146,-0.15873978742581374,-0.5237957129987955,-0.7951375258359844,-0.5911925232177752,0
1.033196215615272,-1.3378718881433322,-0.9373322538565467,-0.10718581107552753,-1.7113959204136286,-1.179383373877105,0.5000374812740657,0.6640885054221695,-1.3189210778785396,-0.5692112779606683,0.7367246712363097,0.0545647585524371,-0.4390358821128122,-0.03725250856529844,-1.278286886394963,-1.3144825164469849,6.299617860250349,-0.5237957129987955,1.2576440772916977,-0.5911925232177752,0
0.6050848494452397,-0.011238106730417193,0.8997051785456238,1.2058757624316623,0.5660298358108634,0.16911739727292877,-1.5314094739873088,0.03485374204043518,0.13612699269759143,-0.5692112779606683,1.1758413567236055,0.0545647585524371,-0.4390358821128122,-1.4987482463864636,1.0117111072119953,-0.35494389329329495,-0.15873978742581374,-0.5237957129987955,-0.7951375258359844,1.6914963581696623,0
-1.9635833475749547,-0.682671002384713,-0.9373322538565467,-1.0055963613699206,-0.13287910907525843,-0.29680125043934796,1.4954519491840863,0.03485374204043518,-0.40088795727531673,0.050336493988595146,0.7367246712363097,-1.2774216252220538,-0.4390358821128122,-1.4987482463864636,0.4392116088102558,0.1613617553303981,-0.15873978742581374,-0.5237957129987955,-0.7951375258359844,1.6914963581696623,0
0.4338403029772267,0.692856158379617,0.8997051785456238,0.8603332430876649,0.35761026639791205,0.5767649531151958,0.305312378978912,-0.8520028465040377,-0.40088795727531673,0.6698842659378585,-1.4588587562001691,0.0545647585524371,-0.4390358821128122,1.4242432292558669,-0.9920371371940933,0.20993486437516695,-0.15873978742581374,1.9091412456869414,-0.7951375258359844,1.6914963581696623,0
0.5194625762112332,-0.35906689020920224,0.8997051785456238,-1.0747048652387199,-0.7718235071964394,-1.2477088034530517,-1.5314094739873088,0.03485374204043518,-1.3189210778785396,-0.8789851639353,-0.1415086997382818,1.3865511423269279,-0.4390358821128122,1.4242432292558669,-0.7057873879932234,-0.5424443127224812,-0.15873978742581374,-0.5237957129987955,1.2576440772916977,-0.5911925232177752,0
0.4338403029772267,-1.0343974417351043,-0.9373322538565467,0.8948874950220647,-1.0633497324158372,-0.6982430958463327,-0.5604559516442456,-0.8520028465040377,-0.40088795727531673,-1.1887590499099316,0.7367246712363097,0.0545647585524371,-0.4390358821128122,-0.03725250856529844,0.152961859609386,-0.9644408086554358,-0.15873978742581374,-0.5237957129987955,1.2576440772916977,-0.5911925232177752,0
-1.4498497081709159,1.1683701747155788,-0.9373322538565467,-1.1092591171731196,0.5789658405538307,0.856772305978069,1.4954519491840863,-0.8520028465040377,0.517145163327906,2.2187536958110172,-1.0197420707128733,-1.2774216252220538,-0.4390358821128122,-0.03725250856529844,-1.5645366355958328,1.922100058741978,-0.15873978742581374,-0.5237957129987955,-0.7951375258359844,1.6914963581696623,0
-1.1073606152348898,-0.03447602971176581,0.8997051785456238,1.344092770169261,0.5431301533072734,0.8896143510133134,0.8970342532253942,3.4042036726149667,0.13612699269759143,1.9089798098363855,-0.1415086997382818,1.3865511423269279,-0.4390358821128122,-0.03725250856529844,-1.5645366355958328,0.48373222165024143,-0.15873978742581374,-0.5237957129987955,-0.7951375258359844,1.6914963581696623,0
-1.7067165278729353,-0.798317905714397,-0.9373322538565467,0.44568221987486817,0.46594358852105877,0.18513035385401483,-0.5604559516442456,0.6640885054221695,-0.40088795727531673,-0.25943739198603655,1.1758413567236055,-1.2774216252220538,-0.4390358821128122,-0.03725250856529844,-0.1332878895914838,-0.06141035597230214,-0.15873978742581374,-0.5237957129987955,-0.7951375258359844,-0.5911925232177752,0
1.2900630353172915,-0.9464288288354342,-0.9373322538565467,-1.316584628779518,-0.9118426309964685,-1.510649597891829,-1.5314094739873088,-0.8520028465040377,-1.3189210778785396,-0.8789851639353,0.7367246712363097,-1.2774216252220538,1.0449053994284931,-0.03725250856529844,0.152961859609386,-1.1764617587365556,-0.15873978742581374,-0.5237957129987955,-0.7951375258359844,1.6914963581696623,0
0.005728936807194294,-0.6530192153108477,-0.9373322538565467,0.8603332430876649,-0.5528409395036313,-0.05070534571913307,0.305312378978912,0.6640885054221695,-0.40088795727531673,-0.8789851639353,0.7367246712363097,0.0545647585524371,-0.4390358821128122,-0.03725250856529844,1.584210605613735,-0.5442859312905459,-0.15873978742581374,-0.5237957129987955,-0.7951375258359844,1.6914963581696623,0
0.9475739423812656,1.5245369815146352,-0.9373322538565467,-0.5909453381571238,1.100686671964908,1.4470371129495225,1.71421450747095,-0.8520028465040377,1.4351782839311287,0.9796581519124903,-0.5806253852255776,-1.2774216252220538,1.0449053994284931,-1.4987482463864636,1.0117111072119953,0.36029849188740737,-0.15873978742581374,-0.5237957129987955,1.2576440772916977,-0.5911925232177752,0
0.17697348327520726,-1.7253679541635276,-0.9373322538565467,0.9294417469564643,-1.383912240451793,-0.6392486444013494,0.33337731561995393,0.6640885054221695,-1.3189210778785396,-0.8789851639353,1.6149580422109011,1.3865511423269279,-0.4390358821128122,1.4242432292558669,-1.5645366355958328,-1.392409146948677,-0.15873978742581374,-0.5237957129987955,-0.7951375258359844,1.6914963581696623,0
-0.33676015612883164,-1.0817120237714382,0.8997051785456238,-1.4893558884515168,-1.3252109267769627,-1.773590392330606,-1.5314094739873088,-0.8520028465040377,-1.3189210778785396,-0.8789851639353,0.2976079857490139,1.3865511423269279,-0.4390358821128122,-0.03725250856529844,-0.9920371371940933,-0.7726575358441427,-0.15873978742581374,-0.5237957129987955,-0.7951375258359844,1.6914963581696623,0
-1.4498497081709159,0.21482593382274492,0.8997051785456238,0.44568221987486817,1.3612932316551671,0.17717329952452537,-1.5314094739873088,0.6640885054221695,1.2583237218588201,1.5992059238617538,1.1758413567236055,0.0545647585524371,2.5288466809697985,-1.4987482463864636,0.4392116088102558,0.9171985796758291,-0.15873978742581374,-0.5237957129987955,-0.7951375258359844,1.6914963581696623,0
1.6325521282533173,-0.7996993533650929,-0.9373322538565467,-1.0055963613699206,-1.523931364251822,-1.324090135280595,-0.5604559516442456,-0.8520028465040377,-1.3189210778785396,-0.8789851639353,0.7367246712363097,0.0545647585524371,-0.4390358821128122,-0.03725250856529844,-0.9920371371940933,-1.220348636197378,-0.15873978742581374,-0.5237957129987955,-0.7951375258359844,-0.5911925232177752,0
1.4613075817853045,-0.4544361155233145,-0.9373322538565467,-0.21084856687872672,-0.27383540244055604,-0.8352753086062314,-1.5314094739873088,-0.8520028465040377,-1.3189210778785396,-0.8789851639353,1.1758413567236055,0.0545647585524371,-0.4390358821128122,-0.03725250856529844,-1.5645366355958328,-0.99667081084481,-0.15873978742581374,-0.5237957129987955,-0.7951375258359844,1.6914963581696623,0
1.1188184888492785,0.84022702025921,-0.9373322538565467,-0.14174006300992725,0.7244383244514635,0.9433663180325954,0.9486286980291899,-0.8520028465040377,0.517145163327906,0.050336493988595146,-1.8979754416874648,-1.2774216252220538,-0.4390358821128122,-0.03725250856529844,-1.5645366355958328,-0.15028438573971278,-0.15873978742581374,-0.5237957129987955,-0.7951375258359844,-0.5911925232177752,0
-0.33676015612883164,0.31157660678755306,0.8997051785456238,-0.5218368342883243,1.117613964067991,0.17717329952452537,-1.5314094739873088,1.550945093966642,0.517145163327906,1.9089798098363855,-0.1415086997382818,0.0545647585524371,1.0449053994284931,1.4242432292558669,-0.9920371371940933,0.387796976790342,-0.15873978742581374,1.9091412456869414,-0.7951375258359844,-0.5911925232177752,0
-0.9361160687668769,-0.8067052664507648,0.8997051785456238,0.13469395246527058,-0.5962769921065771,-1.0092423019281362,-0.8686305850779471,1.1521609060229787,-0.40088795727531673,-0.8789851639353,-0.1415086997382818,1.3865511423269279,-0.4390358821128122,1.4242432292558669,-0.7057873879932234,-0.3367004641814182,-0.15873978742581374,-0.5237957129987955,-0.7951375258359844,-0.5911925232177752,0
-1.1073606152348898,0.35642431801907304,0.8997051785456238,-0.17629431494432699,0.8697473522621388,0.5980288840680019,0.27587789045965005,-0.8520028465040377,0.13612699269759143,0.9796581519124903,0.2976079857490139,0.0545647585524371,-0.4390358821128122,-0.03725250856529844,1.0117111072119953,0.8691085181243231,-0.15873978742581374,-0.5237957129987955,-0.7951375258359844,1.6914963581696623,0
0.7763293959132526,-0.25753048788305477,-0.9373322538565467,1.3786470221036609,-0.5814188535776059,-0.1758017897944036,-0.5604559516442456,-0.8520028465040377,-0.40088795727531673,-0.8789851639353,-0.5806253852255776,0.0545647585524371,-0.4390358821128122,1.4242432292558669,-0.9920371371940933,-0.5918132760573654,-0.15873978742581374,1.9091412456869414,1.2576440772916977,-0.5911925232177752,0
1.6325521282533173,-0.5846375566014015,-0.9373322538565467,-0.21084856687872672,-0.1597347739410857,0.27369846725560776,0.305312378978912,0.6640885054221695,-0.40088795727531673,-0.5692112779606683,1.1758413567236055,0.0545647585524371,-0.4390358821128122,1.4242432292558669,-0.7057873879932234,-1.1253040101531822,-0.15873978742581374,-0.5237957129987955,-0.7951375258359844,-0.5911925232177752,0
1.2900630353172915,-1.362737945855858,-0.9373322538565467,0.6530077314812666,-1.0993071871582751,-0.6680752475562154,-0.8686305850779471,0.6640885054221695,-0.40088795727531673,-0.8789851639353,0.7367246712363097,0.0545647585524371,-0.4390358821128122,-0.03725250856529844,1.584210605613735,-1.3887510685361548,-0.15873978742581374,-0.5237957129987955,-0.7951375258359844,1.6914963581696623,0
-0.6792492490648575,1.4482119988136877,-0.9373322538565467,-0.17629431494432699,0.8826051653996851,0.39308129030207783,1.722497759014965,-0.8520028465040377,1.4351782839311287,0.9796581519124903,-1.4588587562001691,-1.2774216252220538,1.0449053994284931,-0.03725250856529844,-0.9920371371940933,1.6060343685581597,-0.15873978742581374,-0.5237957129987955,1.2576440772916977,-0.5911925232177752,0
-0.25113788289482514,-1.211666777769044,-0.9373322538565467,0.5147907237436676,-2.2219047133258343,-0.559742044878125,0.21231522488336196,-0.8520028465040377,-1.3189210778785396,-0.8789851639353,1.6149580422109011,-1.2774216252220538,-0.4390358821128122,-1.4987482463864636,0.7254613580111255,-0.903570115511349,-0.15873978742581374,-0.5237957129987955,-0.7951375258359844,-0.5911925232177752,1
-1.8779610743409483,1.2758764043893762,-0.9373322538565467,1.240430014366062,1.0223888583171974,1.2144438790901444,0.14125821022048246,-0.8520028465040377,1.054160113300814,1.289432037887122,-1.8979754416874648,-1.2774216252220538,1.0449053994284931,1.4242432292558669,-0.9920371371940933,2.360183042549531,-0.15873978742581374,-0.5237957129987955,-0.7951375258359844,-0.5911925232177752,0
-0.4223824293628381,0.6168765375913434,0.8997051785456238,1.5168640298412597,0.8653946178167606,-0.5116836332350986,-1.5314094739873088,-0.8520028465040377,0.517145163327906,0.050336493988595146,0.7367246712363097,0.0545647585524371,1.0449053994284931,-0.03725250856529844,0.7254613580111255,0.6958336796469051,-0.15873978742581374,-0.5237957129987955,1.2576440772916977,-0.5911925232177752,0
1.9750412211893433,-0.44042428935197053,-0.9373322538565467,-1.2820303768451184,0.20184035018791985,-0.1758017897944036,0.305312378978912,-0.8520028465040377,0.13612699269759143,-0.5692112779606683,-0.5806253852255776,-1.2774216252220538,-0.4390358821128122,-0.03725250856529844,-0.7057873879932234,-1.204706619106511,-0.15873978742581374,-0.5237957129987955,-0.7951375258359844,1.6914963581696623,0
0.6050848494452397,-1.9254311764339493,-0.9373322538565467,1.2749842663004616,-1.8357197196891686,-0.9164425794383279,-0.8686305850779471,1.1521609060229787,-0.40088795727531673,-0.8789851639353,0.2976079857490139,0.0545647585524371,-0.4390358821128122,1.4242432292558669,-1.5645366355958328,-1.5913475607539267,-0.15873978742581374,-0.5237957129987955,-0.7951375258359844,-0.5911925232177752,0
-0.16551560966081866,-1.4319090032228448,0.8997051785456238,-0.7291623458947226,-0.7928504243226514,-1.2477088034530517,-0.8686305850779471,0.03485374204043518,-1.3189210778785396,-0.8789851639353,0.7367246712363097,2.718537526101419,-0.4390358821128122,-0.03725250856529844,1.0117111072119953,-1.1021948838956261,-0.15873978742581374,-0.5237957129987955,1.2576440772916977,-0.5911925232177752,0
1.718174401487324,-0.011040757066032067,-0.9373322538565467,0.6875619834156662,1.1578102734444888,1.3062725630280803,0.9486286980291899,-0.8520028465040377,1.054160113300814,1.9089798098363855,-1.0197420707128733,-1.2774216252220538,2.5288466809697985,-0.03725250856529844,-0.1332878895914838,-0.9148907025105779,-0.15873978742581374,-0.5237957129987955,1.2576440772916977,-0.5911925232177752,0
0.6050848494452397,0.9520256051333841,-0.9373322538565467,-0.24540281881312645,1.0942039555472722,1.4333360725130664,1.0969378194473987,-0.8520028465040377,1.2583237218588201,1.289432037887122,-1.0197420707128733,-1.2774216252220538,-0.4390358821128122,-0.03725250856529844,-1.278286886394963,0.2672414050081993,-0.15873978742581374,-0.5237957129987955,-0.7951375258359844,-0.5911925232177752,0
-0.25113788289482514,0.12833744340596334,0.8997051785456238,-1.2474761249107187,0.30342029053106784,-0.48892720037671517,-0.6950756318834131,1.88811232068876,-0.40088795727531673,0.050336493988595146,-0.5806253852255776,1.3865511423269279,-0.4390358821128122,-0.03725250856529844,1.584210605613735,0.1897273775736692,-0.15873978742581374,-0.5237957129987955,1.2576440772916977,-0.5911925232177752,0
-1.1073606152348898,-1.1228100913796408,0.8997051785456238,1.2749842663004616,-0.8147021338647573,-1.324090135280595,-1.5314094739873088,0.03485374204043518,-1.3189210778785396,-0.8789851639353,-0.1415086997382818,1.3865511423269279,-0.4390358821128122,1.4242432292558669,-0.9920371371940933,-0.5892219275257988,-0.15873978742581374,-0.5237957129987955,-0.7951375258359844,1.6914963581696623,0
0.26259575650921374,-0.5563178797621359,0.8997051785456238,0.34201946407166894,-0.4872184539029216,-0.6680752475562154,-0.35746650993044954,0.03485374204043518,-1.3189210778785396,-0.8789851639353,0.7367246712363097,1.3865511423269279,-0.4390358821128122,-0.03725250856529844,0.152961859609386,-0.5717617733422338,-0.15873978742581374,-0.5237957129987955,1.2576440772916977,-0.5911925232177752,0
1.375685308551298,0.735434348470708,-0.9373322538565467,-0.6600538420259232,-0.08878797447422768,0.4789575471181693,0.996156204529315,0.03485374204043518,0.517145163327906,0.050336493988595146,-1.0197420707128733,0.0545647585524371,-0.4390358821128122,-1.4987482463864636,0.4392116088102558,-0.37459704955130874,-0.15873978742581374,-0.5237957129987955,-0.7951375258359844,-0.5911925232177752,0
-1.5354719814049222,-1.0244312836836553,0.8997051785456238,-0.556391086222724,-1.223630986433815,-1.324090135280595,-0.6950756318834131,0.03485374204043518,-1.3189210778785396,-0.8789851639353,-0.1415086997382818,1.3865511423269279,-0.4390358821128122,-0.03725250856529844,0.152961859609386,-0.3629468832728224,-0.15873978742581374,-0.5237957129987955,1.2576440772916977,-0.5911925232177752,0
0.09135121004120077,-0.011040757066032067,2.736742610947794,0.6184534795468668,1.0720333709514793,0.6692763929633493,0.8638173865278577,1.88811232068876,0.517145163327906,1.289432037887122,0.7367246712363097,2.718537526101419,2.5288466809697985,-0.03725250856529844,0.4392116088102558,-0.09632060084998925,-0.15873978742581374,-0.5237957129987955,-0.7951375258359844,-0.5911925232177752,0
0.17697348327520726,0.6511660417782591,0.8997051785456238,-0.9019336055667213,0.747857104332757,0.43205819171170606,0.6787708983954508,0.6640885054221695,0.517145163327906,1.9089798098363855,-1.4588587562001691,0.0545647585524371,-0.4390358821128122,-0.03725250856529844,-1.5645366355958328,0.34460531872520506,-0.15873978742581374,-0.5237957129987955,1.2576440772916977,-0.5911925232177752,0
0.4338403029772267,-0.8474086347301971,-0.9373322538565467,1.102213006628463,-1.8357197196891686,-1.324090135280595,-0.35746650993044954,-0.8520028465040377,-1.3189210778785396,-1.1887590499099316,0.7367246712363097,0.0545647585524371,-0.4390358821128122,-0.03725250856529844,0.152961859609386,-0.8373053920258267,-0.15873978742581374,-0.5237957129987955,1.2576440772916977,-0.5911925232177752,0
-0.33676015612883164,-0.2255598422526643,0.8997051785456238,-1.4893558884515168,-1.02957289562413,-1.773590392330606,-1.5314094739873088,-0.8520028465040377,-1.3189210778785396,-1.1887590499099316,0.7367246712363097,1.3865511423269279,-0.4390358821128122,1.4242432292558669,-1.278286886394963,-0.05957796226956008,-0.15873978742581374,1.9091412456869414,-0.7951375258359844,-0.5911925232177752,0
-0.6792492490648575,0.6279774562130067,0.8997051785456238,-0.2799570707475262,1.066730774533644,1.133599964929781,1.1046231124644543,1.550945093966642,0.517145163327906,-0.25943739198603655,0.7367246712363097,0.0545647585524371,-0.4390358821128122,-0.03725250856529844,-1.278286886394963,0.8671016906045694,-0.15873978742581374,1.9091412456869414,-0.7951375258359844,-0.5911925232177752,0
-1.3642274349369095,-0.5492626292603676,0.8997051785456238,0.9985502508252638,0.7638146774736131,0.4266314504892762,-0.2769087108314654,1.88811232068876,0.13612699269759143,0.6698842659378585,1.1758413567236055,0.0545647585524371,-0.4390358821128122,-0.03725250856529844,-1.5645366355958328,0.0780226447566248,-0.15873978742581374,-0.5237957129987955,-0.7951375258359844,-0.5911925232177752,0
-1.0217383420008834,0.5224940605991567,-0.9373322538565467,-0.003523055272328344,1.111326343008142,0.9721929211874615,0.7783614224167266,-0.8520028465040377,1.5911750632737223,-0.25943739198603655,-1.0197420707128733,-1.2774216252220538,-0.4390358821128122,-0.03725250856529844,0.152961859609386,0.9806799097062481,-0.15873978742581374,-0.5237957129987955,1.2576440772916977,-0.5911925232177752,0
0.6050848494452397,-1.8130405425666198,-0.9373322538565467,-0.34906557461632565,-0.8859241356959092,-0.48892720037671517,-0.6950756318834131,0.6640885054221695,-1.3189210778785396,-0.5692112779606683,1.1758413567236055,0.0545647585524371,-0.4390358821128122,-0.03725250856529844,0.152961859609386,-1.5187529024087718,-0.15873978742581374,1.9091412456869414,-0.7951375258359844,-0.5911925232177752,0
1.2900630353172915,-1.200960558476151,-0.9373322538565467,-1.5930186442547158,-0.8611579617475593,-1.0611493408418176,-1.5314094739873088,-0.8520028465040377,-1.3189210778785396,-0.8789851639353,0.7367246712363097,0.0545647585524371,-0.4390358821128122,-0.03725250856529844,1.2979608564128653,-1.3062556138273511,-0.15873978742581374,-0.5237957129987955,1.2576440772916977,-0.5911925232177752,0
-1.6210942546389289,0.13988239877249323,0.8997051785456238,-0.4181740784851251,-0.6433879019874642,-1.510649597891829,-1.5314094739873088,-0.8520028465040377,-1.3189210778785396,-0.8789851639353,-0.5806253852255776,2.718537526101419,-0.4390358821128122,-0.03725250856529844,-0.4195376387923536,0.9295146135057923,-0.15873978742581374,1.9091412456869414,1.2576440772916977,-0.5911925232177752,0
1.4613075817853045,-1.0655786887079541,-0.9373322538565467,-0.9364878575011211,-0.24906922849220556,-0.017442065338305328,-0.08478960543199393,1.1521609060229787,-0.40088795727531673,-0.5692112779606683,1.1758413567236055,0.0545647585524371,-0.4390358821128122,-0.03725250856529844,-1.278286886394963,-1.2875358462151734,-0.15873978742581374,1.9091412456869414,-0.7951375258359844,-0.5911925232177752,0
1.204440762083285,-1.358001553910615,-0.9373322538565467,1.0331045027596635,-1.3252109267769627,-1.410684147335121,-0.6950756318834131,-0.8520028465040377,-1.3189210778785396,-1.1887590499099316,1.1758413567236055,0.0545647585524371,-0.4390358821128122,-0.03725250856529844,-0.7057873879932234,-1.3661484712472285,-0.15873978742581374,-0.5237957129987955,-0.7951375258359844,-0.5911925232177752,0
1.718174401487324,-0.8683770365711168,-0.9373322538565467,-0.10718581107552753,-0.5390835201509595,-0.8745898782305835,-0.20585169616858562,-0.8520028465040377,-0.40088795727531673,-0.8789851639353,-0.5806253852255776,-1.2774216252220538,-0.4390358821128122,-0.03725250856529844,0.7254613580111255,-1.2792099859493504,-0.15873978742581374,1.9091412456869414,-0.7951375258359844,-0.5911925232177752,0
-1.1073606152348898,0.7270963251504364,0.8997051785456238,1.1367672585628628,1.188001704936898,0.8221778753692005,-1.5314094739873088,0.03485374204043518,0.517145163327906,-0.25943739198603655,-0.1415086997382818,0.0545647585524371,-0.4390358821128122,-0.03725250856529844,-0.7057873879932234,1.2345423330189054,-0.15873978742581374,1.9091412456869414,1.2576440772916977,-0.5911925232177752,1
0.17697348327520726,-0.810060210745312,-0.9373322538565467,-1.3511388807139177,-0.8374459927971493,-0.96118389028511,-0.8686305850779471,-0.8520028465040377,-0.40088795727531673,-1.1887590499099316,0.7367246712363097,0.0545647585524371,1.0449053994284931,-0.03725250856529844,-1.5645366355958328,-0.7234084957584538,-0.15873978742581374,-0.5237957129987955,1.2576440772916977,-0.5911925232177752,1
1.204440762083285,-1.4597353059011475,-0.9373322538565467,0.06558544859647111,-1.223630986433815,-1.179383373877105,-0.6950756318834131,0.03485374204043518,-1.3189210778785396,-0.8789851639353,1.1758413567236055,0.0545647585524371,-0.4390358821128122,-0.03725250856529844,-0.1332878895914838,-1.4197550022617265,-0.15873978742581374,-0.5237957129987955,-0.7951375258359844,1.6914963581696623,0
-0.764871522298864,0.5233327966727935,2.736742610947794,-0.38361982655072535,0.602220944226336,0.9028223797145235,1.4994340583170955,-0.8520028465040377,1.054160113300814,1.9089798098363855,-1.0197420707128733,1.3865511423269279,-0.4390358821128122,-1.4987482463864636,0.7254613580111255,0.8249952121510336,-0.15873978742581374,-0.5237957129987955,-0.7951375258359844,-0.5911925232177752,0
-0.07989333642681218,1.1888452023955356,-0.9373322538565467,-1.3511388807139177,1.114828222388426,1.013163920299186,1.056970403651279,-0.8520028465040377,0.8126858168872018,0.050336493988595146,-0.5806253852255776,-1.2774216252220538,4.012787962511103,-1.4987482463864636,1.584210605613735,0.9280302488129533,-0.15873978742581374,-0.5237957129987955,-0.7951375258359844,-0.5911925232177752,1
0.26259575650921374,-1.032226595426868,-0.9373322538565467,-1.212921872976319,-1.272109129332575,-0.8352753086062314,-0.03229674297405158,-0.8520028465040377,-1.3189210778785396,-0.8789851639353,1.1758413567236055,0.0545647585524371,-0.4390358821128122,-1.4987482463864636,1.2979608564128653,-0.9115152404265794,-0.15873978742581374,-0.5237957129987955,1.2576440772916977,-0.5911925232177752,0
-0.33676015612883164,1.5495017140593537,-0.9373322538565467,-1.0747048652387199,1.1545691521739068,1.4436388949111028,0.7089415521595263,-0.8520028465040377,1.2583237218588201,0.6698842659378585,-1.0197420707128733,-1.2774216252220538,1.0449053994284931,-0.03725250856529844,-0.9920371371940933,1.4188509490464274,-0.15873978742581374,-0.5237957129987955,-0.7951375258359844,1.6914963581696623,1
1.6325521282533173,0.841608467909906,-0.9373322538565467,1.5859725337100592,0.804260343178859,1.6885382095847838,1.0812671372651477,-0.8520028465040377,1.054160113300814,1.5992059238617538,-1.0197420707128733,-1.2774216252220538,-0.4390358821128122,-1.4987482463864636,0.4392116088102558,-0.4949874123817625,-0.15873978742581374,-0.5237957129987955,-0.7951375258359844,-0.5911925232177752,0
1.4613075817853045,-0.502540096217189,-0.9373322538565467,-1.316584628779518,-0.5814188535776059,-0.29680125043934796,-0.03229674297405158,-0.8520028465040377,-0.40088795727531673,-0.5692112779606683,0.2976079857490139,-1.2774216252220538,-0.4390358821128122,-0.03725250856529844,1.584210605613735,-1.0195652493275826,-0.15873978742581374,-0.5237957129987955,-0.7951375258359844,-0.5911925232177752,0
0.005728936807194294,0.17836558332759286,0.8997051785456238,0.5493449756780673,1.2956707460544572,-0.18974838735133803,-1.5314094739873088,0.6640885054221695,0.13612699269759143,1.5992059238617538,1.1758413567236055,0.0545647585524371,2.5288466809697985,-1.4987482463864636,1.2979608564128653,0.09163854597297265,-0.15873978742581374,1.9091412456869414,1.2576440772916977,-0.5911925232177752,0
-1.6210942546389289,0.3796622410004216,0.8997051785456238,0.7566704872844657,0.699991817259938,0.07319240708743925,0.27587789045965005,0.03485374204043518,1.054160113300814,0.6698842659378585,-1.0197420707128733,0.0545647585524371,-0.4390358821128122,-0.03725250856529844,-0.1332878895914838,1.1903602598677554,-0.15873978742581374,1.9091412456869414,-0.7951375258359844,1.6914963581696623,0
0.3482180297432202,-1.2041674905224091,-0.9373322538565467,-1.2474761249107187,-2.2219047133258343,-1.324090135280595,-1.5314094739873088,-0.8520028465040377,-1.3189210778785396,-1.1887590499099316,1.1758413567236055,0.0545647585524371,1.0449053994284931,-0.03725250856529844,0.4392116088102558,-1.0570668427368364,6.299617860250349,-0.5237957129987955,-0.7951375258359844,1.6914963581696623,1
-1.4498497081709159,1.5307534959427669,-0.9373322538565467,0.30746521213726924,0.35761026639791205,0.779337372307516,1.5775061211294403,-0.8520028465040377,1.7307189374904248,-0.5692112779606683,-1.8979754416874648,-1.2774216252220538,-0.4390358821128122,-0.03725250856529844,1.2979608564128653,2.3040010968617515,-0.15873978742581374,-0.5237957129987955,-0.7951375258359844,-0.5911925232177752,0
-0.33676015612883164,-0.36000430111503157,0.8997051785456238,0.5493449756780673,-0.6948534363609518,-1.179383373877105,-1.5314094739873088,0.03485374204043518,-1.3189210778785396,-0.8789851639353,0.2976079857490139,1.3865511423269279,-0.4390358821128122,-0.03725250856529844,-0.1332878895914838,-0.1715552479256851,-0.15873978742581374,-0.5237957129987955,1.2576440772916977,-0.5911925232177752,0
0.09135121004120077,1.6398878603477416,-0.9373322538565467,-1.6966814000579151,0.31527493297126563,1.1795613923956136,1.3152011742773415,-0.8520028465040377,0.8126858168872018,0.050336493988595146,-1.8979754416874648,-1.2774216252220538,-0.4390358821128122,1.4242432292558669,-0.1332878895914838,1.1384091728666275,-0.15873978742581374,-0.5237957129987955,-0.7951375258359844,-0.5911925232177752,1
0.17697348327520726,-1.0471758325040412,0.8997051785456238,-0.556391086222724,-1.0633497324158372,-1.0092423019281362,-0.2769087108314654,0.6640885054221695,-1.3189210778785396,-0.8789851639353,0.7367246712363097,1.3865511423269279,-0.4390358821128122,-1.4987482463864636,1.584210605613735,-0.8967168792006818,-0.15873978742581374,-0.5237957129987955,-0.7951375258359844,-0.5911925232177752,0
0.6050848494452397,-0.9085870306895862,-0.9373322538565467,1.4132012740380606,-1.3252109267769627,-1.773590392330606,-1.5314094739873088,-0.8520028465040377,-1.3189210778785396,-1.1887590499099316,0.2976079857490139,0.0545647585524371,1.0449053994284931,1.4242432292558669,-1.5645366355958328,-0.9345539222580347,-0.15873978742581374,-0.5237957129987955,1.2576440772916977,-0.5911925232177752,0
-1.0217383420008834,0.962879836674566,0.8997051785456238,1.5859725337100592,0.8498865381857115,0.9234111499694617,-0.03229674297405158,1.1521609060229787,1.4351782839311287,0.9796581519124903,-0.5806253852255776,0.0545647585524371,-0.4390358821128122,-0.03725250856529844,1.584210605613735,1.4073567668543072,-0.15873978742581374,-0.5237957129987955,1.2576440772916977,-0.5911925232177752,0
1.4613075817853045,1.0042739287793463,-0.9373322538565467,1.5168640298412597,1.0065051174313637,1.297795425430901,0.8638173865278577,0.03485374204043518,0.8126858168872018,0.6698842659378585,-0.5806253852255776,0.0545647585524371,2.5288466809697985,-0.03725250856529844,-1.5645366355958328,-0.30241751014567664,-0.15873978742581374,-0.5237957129987955,1.2576440772916977,-0.5911925232177752,0
-0.25113788289482514,0.8960769752802008,-0.9373322538565467,-0.38361982655072535,0.7993623144887204,1.3767000748067768,0.060700411121498196,0.6640885054221695,1.2583237218588201,-0.25943739198603655,-1.0197420707128733,-1.2774216252220538,-0.4390358821128122,-0.03725250856529844,1.0117111072119953,0.8161192144623278,-0.15873978742581374,1.9091412456869414,-0.7951375258359844,-0.5911925232177752,1
0.4338403029772267,1.0115265289454995,-0.9373322538565467,-1.0747048652387199,0.904416134407592,1.2304173908981435,1.3568237004209593,-0.8520028465040377,0.8126858168872018,1.289432037887122,-1.8979754416874648,-1.2774216252220538,-0.4390358821128122,-1.4987482463864636,1.0117111072119953,0.4266017920824612,-0.15873978742581374,-0.5237957129987955,1.2576440772916977,-0.5911925232177752,0
0.6050848494452397,0.414593131596589,0.8997051785456238,0.2729109602028695,1.267199066545622,0.8192099443684683,-1.5314094739873088,1.550945093966642,0.517145163327906,-0.25943739198603655,0.2976079857490139,0.0545647585524371,-0.4390358821128122,-1.4987482463864636,1.584210605613735,-0.07989363158256985,-0.15873978742581374,1.9091412456869414,-0.7951375258359844,-0.5911925232177752,0
0.7763293959132526,-0.6391060639716963,0.8997051785456238,-0.14174006300992725,-0.8611579617475593,-0.9164425794383279,-1.5314094739873088,0.03485374204043518,-1.3189210778785396,-0.8789851639353,0.7367246712363097,1.3865511423269279,-0.4390358821128122,-0.03725250856529844,1.2979608564128653,-0.8253063581133171,-0.15873978742581374,-0.5237957129987955,-0.7951375258359844,-0.5911925232177752,0
-1.1929828884688964,-0.04241935370326714,0.8997051785456238,0.4111279679404684,-0.1736641788407895,-1.0611493408418176,-1.5314094739873088,-0.8520028465040377,-1.3189210778785396,-0.5692112779606683,0.2976079857490139,0.0545647585524371,1.0449053994284931,-0.03725250856529844,-0.4195376387923536,0.5184504216043917,-0.15873978742581374,-0.5237957129987955,1.2576440772916977,-0.5911925232177752,0
0.005728936807194294,0.8320863466033236,-0.9373322538565467,-1.4893558884515168,0.9194886633866103,1.6508758492407172,1.1487857995956556,-0.8520028465040377,0.517145163327906,0.6698842659378585,-1.8979754416874648,-1.2774216252220538,-0.4390358821128122,-1.4987482463864636,1.584210605613735,0.591668177670891,-0.15873978742581374,1.9091412456869414,1.2576440772916977,-0.5911925232177752,0
-2.220450167276974,0.6648818434530254,-0.9373322538565467,0.5493449756780673,0.9831248824444224,0.6877531924261301,1.0316539334645618,-0.8520028465040377,0.517145163327906,-0.25943739198603655,-1.4588587562001691,-1.2774216252220538,-0.4390358821128122,-0.03725250856529844,0.4392116088102558,1.8826402780119451,-0.15873978742581374,-0.5237957129987955,1.2576440772916977,-0.5911925232177752,0
-1.7923388011069417,-0.24253191338978516,2.736742610947794,0.10013970053087085,0.5110552729890979,0.08252338521840286,0.14125821022048246,0.03485374204043518,1.2583237218588201,-0.5692112779606683,-0.1415086997382818,1.3865511423269279,-0.4390358821128122,-0.03725250856529844,1.0117111072119953,0.5917990030336496,-0.15873978742581374,1.9091412456869414,-0.7951375258359844,1.6914963581696623,0
-1.0217383420008834,1.333157144477159,-0.9373322538565467,1.3095385182348613,1.0705234860838064,1.6775465601449484,1.7029902331334108,-0.8520028465040377,1.4351782839311287,1.289432037887122,-1.4588587562001691,-1.2774216252220538,1.0449053994284931,-1.4987482463864636,0.7254613580111255,1.7661075861346325,-0.15873978742581374,-0.5237957129987955,1.2576440772916977,-0.5911925232177752,0
0.005728936807194294,0.5224940605991567,0.8997051785456238,-0.38361982655072535,0.8686623525517889,0.20075741825368978,-1.5314094739873088,0.6640885054221695,0.13612699269759143,1.289432037887122,-0.5806253852255776,0.0545647585524371,-0.4390358821128122,1.4242432292558669,-0.9920371371940933,0.3548616917158391,-0.15873978742581374,1.9091412456869414,-0.7951375258359844,-0.5911925232177752,0
0.7763293959132526,-1.1423970455698647,-0.9373322538565467,0.13469395246527058,-0.9390259331402973,-1.1175755046062268,-0.03229674297405158,0.6640885054221695,-0.40088795727531673,-0.5692112779606683,-0.5806253852255776,1.3865511423269279,-0.4390358821128122,1.4242432292558669,-1.278286886394963,-1.1332793255367415,-0.15873978742581374,-0.5237957129987955,1.2576440772916977,-0.5911925232177752,0
0.7763293959132526,-0.6847925112768531,-0.9373322538565467,-0.6254995900915234,-1.3252109267769627,-1.410684147335121,-0.5604559516442456,-0.8520028465040377,-1.3189210778785396,-1.1887590499099316,1.6149580422109011,0.0545647585524371,-0.4390358821128122,-1.4987482463864636,1.2979608564128653,-0.8532627317859072,-0.15873978742581374,1.9091412456869414,1.2576440772916977,-0.5911925232177752,0
-0.16551560966081866,-0.005810990959826221,0.8997051785456238,0.6184534795468668,0.4637015445490457,0.6226581146941582,-0.35746650993044954,2.180179857348376,0.517145163327906,0.050336493988595146,0.7367246712363097,1.3865511423269279,-0.4390358821128122,-1.4987482463864636,1.584210605613735,0.03710533530560068,-0.15873978742581374,-0.5237957129987955,1.2576440772916977,-0.5911925232177752,0
0.005728936807194294,0.1581865801442137,0.8997051785456238,0.5493449756780673,0.7369590126077853,0.26676266005327803,0.5000374812740657,0.03485374204043518,0.13612699269759143,0.9796581519124903,-0.5806253852255776,0.0545647585524371,-0.4390358821128122,-1.4987482463864636,0.4392116088102558,0.07620366903980672,-0.15873978742581374,-0.5237957129987955,-0.7951375258359844,-0.5911925232177752,0
-0.764871522298864,1.378152867956968,-0.9373322538565467,0.5147907237436676,0.6295710818782794,1.6751667710826021,1.4051124528811003,-0.8520028465040377,1.8569517264925168,1.5992059238617538,-1.4588587562001691,-1.2774216252220538,-0.4390358821128122,-0.03725250856529844,-0.4195376387923536,1.609615293551619,-0.15873978742581374,-0.5237957129987955,1.2576440772916977,-0.5911925232177752,0
0.6050848494452397,-0.9858494242963632,-0.9373322538565467,1.1367672585628628,-1.9960009737071465,-0.6982430958463327,-0.35746650993044954,0.03485374204043518,-1.3189210778785396,-0.8789851639353,0.7367246712363097,0.0545647585524371,-0.4390358821128122,-0.03725250856529844,-0.9920371371940933,-0.9844587664057575,-0.15873978742581374,-0.5237957129987955,-0.7951375258359844,-0.5911925232177752,0
-0.5936269758308511,1.0078755601543747,-0.9373322538565467,-0.7637165978291224,1.1394122327990455,1.419339303450809,1.4994340583170955,-0.8520028465040377,0.517145163327906,0.6698842659378585,-1.0197420707128733,-1.2774216252220538,-0.4390358821128122,-1.4987482463864636,1.2979608564128653,1.1489422918169432,-0.15873978742581374,-0.5237957129987955,-0.7951375258359844,1.6914963581696623,0
0.5194625762112332,0.05018697630945335,0.8997051785456238,0.4802364718092679,1.109214601344748,0.5457730998962653,0.015992009486089375,0.03485374204043518,0.8126858168872018,0.6698842659378585,1.1758413567236055,0.0545647585524371,-0.4390358821128122,-1.4987482463864636,1.584210605613735,-0.2711452167016257,-0.15873978742581374,1.9091412456869414,-0.7951375258359844,-0.5911925232177752,0
1.2900630353172915,-0.7850954782005936,-0.9373322538565467,0.583899227612467,-1.272109129332575,-1.324090135280595,-1.5314094739873088,-0.8520028465040377,-1.3189210778785396,-0.8789851639353,0.2976079857490139,0.0545647585524371,-0.4390358821128122,1.4242432292558669,-0.7057873879932234,-1.0941927325402188,-0.15873978742581374,-0.5237957129987955,1.2576440772916977,-0.5911925232177752,0
0.5194625762112332,-0.16867380149365166,0.8997051785456238,0.6875619834156662,0.21952904776969998,-0.18974838735133803,-0.35746650993044954,1.88811232068876,-0.40088795727531673,-0.5692112779606683,1.1758413567236055,1.3865511423269279,-0.4390358821128122,-1.4987482463864636,1.0117111072119953,-0.4162305440010247,-0.15873978742581374,-0.5237957129987955,1.2576440772916977,-0.5911925232177752,0
0.09135121004120077,-1.087829863367377,-0.9373322538565467,0.10013970053087085,-1.4495347260525029,-1.410684147335121,-0.6950756318834131,-0.8520028465040377,-0.40088795727531673,-1.1887590499099316,-0.5806253852255776,0.0545647585524371,1.0449053994284931,-0.03725250856529844,0.4392116088102558,-0.9016513435242215,-0.15873978742581374,-0.5237957129987955,-0.7951375258359844,-0.5911925232177752,0
-0.25113788289482514,0.6025686869234217,0.8997051785456238,-0.14174006300992725,1.2281525554088346,0.9183249137649491,0.1778322772525923,1.1521609060229787,0.517145163327906,1.9089798098363855,1.1758413567236055,0.0545647585524371,1.0449053994284931,-1.4987482463864636,1.2979608564128653,0.5766484196772478,-0.15873978742581374,-0.5237957129987955,-0.7951375258359844,-0.5911925232177752,0
0.26259575650921374,-0.6423129960179547,0.8997051785456238,-1.6275728961891156,-0.5669466847039637,-0.6392486444013494,-0.6950756318834131,0.6640885054221695,-1.3189210778785396,-0.8789851639353,1.1758413567236055,1.3865511423269279,-0.4390358821128122,-0.03725250856529844,-0.1332878895914838,-0.6331540906891149,-0.15873978742581374,1.9091412456869414,-0.7951375258359844,-0.5911925232177752,1
0.5194625762112332,-0.2712956269739173,0.8997051785456238,1.2749842663004616,-0.34582535363544986,-0.5116836332350986,-1.5314094739873088,1.1521609060229787,0.13612699269759143,-1.1887590499099316,1.1758413567236055,1.3865511423269279,-0.4390358821128122,-1.4987482463864636,0.4392116088102558,-0.48425973263554906,-0.15873978742581374,-0.5237957129987955,-0.7951375258359844,-0.5911925232177752,0
0.09135121004120077,-1.4313662916457857,-0.9373322538565467,-0.9019336055667213,-1.8357197196891686,-0.8745898782305835,0.060700411121498196,-0.8520028465040377,-0.40088795727531673,-1.1887590499099316,1.6149580422109011,-1.2774216252220538,1.0449053994284931,-0.03725250856529844,-0.9920371371940933,-1.1585822924928666,-0.15873978742581374,-0.5237957129987955,-0.7951375258359844,-0.5911925232177752,1
1.718174401487324,-1.0517642122009954,-0.9373322538565467,-1.2474761249107187,-1.272109129332575,-0.9164425794383279,-0.5604559516442456,-0.8520028465040377,-1.3189210778785396,-0.8789851639353,1.1758413567236055,0.0545647585524371,-0.4390358821128122,-1.4987482463864636,1.584210605613735,-1.3571391323234034,-0.15873978742581374,-0.5237957129987955,-0.7951375258359844,-0.5911925232177752,0
-0.6792492490648575,0.7316353674312943,0.8997051785456238,-1.212921872976319,1.2645371065119229,0.30072286881039795,0.5779892834773674,0.03485374204043518,1.054160113300814,1.289432037887122,0.2976079857490139,0.0545647585524371,-0.4390358821128122,-0.03725250856529844,1.0117111072119953,0.960485002266554,-0.15873978742581374,1.9091412456869414,-0.7951375258359844,1.6914963581696623,0
0.005728936807194294,-1.0249739952607144,-0.9373322538565467,1.4823097779068601,-1.8357197196891686,-0.96118389028511,-0.8686305850779471,-0.8520028465040377,-1.3189210778785396,-0.8789851639353,0.7367246712363097,0.0545647585524371,-0.4390358821128122,-0.03725250856529844,-0.1332878895914838,-0.8287933572053087,-0.15873978742581374,-0.5237957129987955,-0.7951375258359844,-0.5911925232177752,0
0.005728936807194294,-0.8888520642510737,-0.9373322538565467,-0.38361982655072535,-1.223630986433815,-1.510649597891829,-1.5314094739873088,-0.8520028465040377,-1.3189210778785396,-1.1887590499099316,1.1758413567236055,1.3865511423269279,-0.4390358821128122,-0.03725250856529844,-1.5645366355958328,-0.7246739795559082,-0.15873978742581374,1.9091412456869414,1.2576440772916977,-0.5911925232177752,0
1.375685308551298,-1.5595942360800215,-0.9373322538565467,0.8603332430876649,-1.8357197196891686,-1.510649597891829,-1.5314094739873088,-0.8520028465040377,-1.3189210778785396,-0.8789851639353,0.7367246712363097,0.0545647585524371,-0.4390358821128122,-0.03725250856529844,1.2979608564128653,-1.5058951173971282,-0.15873978742581374,-0.5237957129987955,1.2576440772916977,-0.5911925232177752,0
-1.2786051617029028,-1.192770547404168,-0.9373322538565467,-1.212921872976319,-0.4997391420592437,0.29407161264015597,1.1046231124644543,0.6640885054221695,-0.40088795727531673,0.050336493988595146,0.7367246712363097,-1.2774216252220538,-0.4390358821128122,-1.4987482463864636,1.584210605613735,-0.6122019056688368,-0.15873978742581374,-0.5237957129987955,-0.7951375258359844,-0.5911925232177752,0
0.3482180297432202,-0.7848981285362083,0.8997051785456238,1.5514182817756594,-0.2100919984699111,0.252664457167371,0.015992009486089375,2.180179857348376,-0.40088795727531673,-0.5692112779606683,1.1758413567236055,2.718537526101419,-0.4390358821128122,-1.4987482463864636,0.4392116088102558,-0.7648751040082404,-0.15873978742581374,-0.5237957129987955,1.2576440772916977,-0.5911925232177752,0
1.033196215615272,-0.7624496042124003,-0.9373322538565467,-0.556391086222724,-1.1790354179593172,-2.2230906493806173,-1.5314094739873088,-0.8520028465040377,-0.40088795727531673,-1.1887590499099316,-1.0197420707128733,0.0545647585524371,-0.4390358821128122,1.4242432292558669,-0.9920371371940933,-0.9917137036700236,-0.15873978742581374,-0.5237957129987955,-0.7951375258359844,-0.5911925232177752,0
0.17697348327520726,-2.0401900062739,-0.9373322538565467,-0.5909453381571238,-1.7113959204136286,-1.324090135280595,-0.35746650993044954,0.6640885054221695,0.13612699269759143,-1.1887590499099316,-0.1415086997382818,0.0545647585524371,-0.4390358821128122,-0.03725250856529844,-0.4195376387923536,-1.6225133489347061,-0.15873978742581374,-0.5237957129987955,-0.7951375258359844,-0.5911925232177752,0
-0.07989333642681218,-0.38491969624365374,0.8997051785456238,-1.316584628779518,0.5969398888077566,-0.08576749491425192,-0.5604559516442456,0.6640885054221695,0.517145163327906,-0.5692112779606683,0.7367246712363097,0.0545647585524371,1.0449053994284931,-0.03725250856529844,1.0117111072119953,-0.302489631820018,-0.15873978742581374,-0.5237957129987955,-0.7951375258359844,1.6914963581696623,1
-0.764871522298864,0.5814029354181169,0.8997051785456238,0.9985502508252638,0.9293151469439392,0.5457730998962653,0.5959991983045402,1.1521609060229787,1.054160113300814,2.2187536958110172,-1.4588587562001691,0.0545647585524371,-0.4390358821128122,-1.4987482463864636,1.0117111072119953,0.8782964839857611,-0.15873978742581374,-0.5237957129987955,-0.7951375258359844,1.6914963581696623,0
-1.7067165278729353,-0.6302253290743657,0.8997051785456238,0.23835670826846977,-0.23314965474948088,-1.0611493408418176,-0.8686305850779471,-0.8520028465040377,-0.40088795727531673,-0.8789851639353,0.2976079857490139,0.0545647585524371,-0.4390358821128122,-1.4987482463864636,0.4392116088102558,0.12430714857723664,-0.15873978742581374,-0.5237957129987955,-0.7951375258359844,1.6914963581696623,0
-0.07989333642681218,1.5821137460989958,0.8997051785456238,0.2729109602028695,1.1610326489695935,0.5853543739421124,0.5000374812740657,0.6640885054221695,0.13612699269759143,1.9089798098363855,-0.1415086997382818,1.3865511423269279,-0.4390358821128122,-0.03725250856529844,-0.4195376387923536,1.235525200487836,-0.15873978742581374,1.9091412456869414,-0.7951375258359844,-0.5911925232177752,0
0.8619516691472591,1.9095168393139204,-0.9373322538565467,-1.454801636517117,0.9512792336354198,1.6517003780126014,0.5959991983045402,-2.368094198430245,1.2583237218588201,0.6698842659378585,-1.8979754416874648,-1.2774216252220538,1.0449053994284931,1.4242432292558669,-1.5645366355958328,0.6585149062958655,-0.15873978742581374,-0.5237957129987955,-0.7951375258359844,1.6914963581696623,0
0.8619516691472591,0.5378873344211966,-0.9373322538565467,-1.6966814000579151,0.1490978866322765,0.0038218656145007695,-1.5314094739873088,0.03485374204043518,-0.40088795727531673,0.050336493988595146,-0.5806253852255776,0.0545647585524371,-0.4390358821128122,-0.03725250856529844,1.584210605613735,-0.15749571454972602,-0.15873978742581374,-0.5237957129987955,-0.7951375258359844,1.6914963581696623,0
2.0606634944233497,1.1197728198607413,-0.9373322538565467,0.583899227612467,0.6955641342869202,1.0997579323537126,1.209502764880151,-0.8520028465040377,0.8126858168872018,0.050336493988595146,-1.4588587562001691,-1.2774216252220538,-0.4390358821128122,1.4242432292558669,-0.4195376387923536,-0.6835746886707902,-0.15873978742581374,-0.5237957129987955,-0.7951375258359844,-0.5911925232177752,0
-1.9635833475749547,-0.028851564276789712,-0.9373322538565467,1.2749842663004616,-0.025863543420686627,0.02441063586943899,-0.8686305850779471,-0.8520028465040377,-0.40088795727531673,-0.5692112779606683,0.2976079857490139,-1.2774216252220538,-0.4390358821128122,-0.03725250856529844,-0.7057873879932234,0.9170761405542728,-0.15873978742581374,1.9091412456869414,1.2576440772916977,-0.5911925232177752,0
-0.07989333642681218,0.9463024648662154,0.8997051785456238,1.0676587546940632,0.9125055276976478,0.3987949113308783,-1.5314094739873088,0.6640885054221695,0.517145163327906,1.9089798098363855,-1.0197420707128733,0.0545647585524371,-0.4390358821128122,1.4242432292558669,-1.278286886394963,0.7383871447565332,-0.15873978742581374,-0.5237957129987955,1.2576440772916977,-0.5911925232177752,0
1.8894189479553367,0.8429405781445055,-0.9373322538565467,0.23835670826846977,1.1940908057113098,1.3652670144730639,1.2468314128027136,-0.8520028465040377,1.7307189374904248,1.289432037887122,-1.4588587562001691,-1.2774216252220538,-0.4390358821128122,-0.03725250856529844,1.0117111072119953,-0.6671938437299845,-0.15873978742581374,1.9091412456869414,-0.7951375258359844,1.6914963581696623,0
0.17697348327520726,-0.38348891117686157,0.8997051785456238,-1.0747048652387199,-0.05930240799991558,-0.23348350437061907,0.015992009486089375,1.1521609060229787,-0.40088795727531673,-0.5692112779606683,1.1758413567236055,1.3865511423269279,-0.4390358821128122,-1.4987482463864636,0.7254613580111255,-0.4116264975808627,-0.15873978742581374,-0.5237957129987955,1.2576440772916977,-0.5911925232177752,0
1.2900630353172915,-1.7885691841828641,-0.9373322538565467,0.06558544859647111,-1.6098159800704808,-0.8352753086062314,-0.6950756318834131,0.03485374204043518,-0.40088795727531673,-1.1887590499099316,1.1758413567236055,0.0545647585524371,-0.4390358821128122,-1.4987482463864636,0.4392116088102558,-1.6058960119919905,-0.15873978742581374,-0.5237957129987955,-0.7951375258359844,1.6914963581696623,1
1.546929855019311,-1.3890841260512723,-0.9373322538565467,0.7566704872844657,-1.9960009737071465,-1.410684147335121,-0.20585169616858562,-0.8520028465040377,-1.3189210778785396,-0.8789851639353,0.7367246712363097,0.0545647585524371,-0.4390358821128122,-1.4987482463864636,1.584210605613735,-1.4611629068230956,-0.15873978742581374,-0.5237957129987955,-0.7951375258359844,-0.5911925232177752,0
0.9475739423812656,-1.829519239542778,-0.9373322538565467,0.7566704872844657,-1.523931364251822,-1.179383373877105,-0.35746650993044954,1.1521609060229787,0.13612699269759143,-0.8789851639353,0.7367246712363097,0.0545647585524371,-0.4390358821128122,-1.4987482463864636,1.2979608564128653,-1.5780872361645641,-0.15873978742581374,-0.5237957129987955,-0.7951375258359844,1.6914963581696623,1
-1.1073606152348898,-0.9967036558375452,0.8997051785456238,1.0676587546940632,-0.8374459927971493,-0.559742044878125,-1.5314094739873088,1.1521609060229787,-0.40088795727531673,-0.8789851639353,0.2976079857490139,1.3865511423269279,-0.4390358821128122,-0.03725250856529844,-0.9920371371940933,-0.46489757894726136,-0.15873978742581374,-0.5237957129987955,-0.7951375258359844,-0.5911925232177752,0
-0.33676015612883164,1.168271499883386,-0.9373322538565467,-1.6275728961891156,0.9660634423801059,0.4636982126924671,1.4411403113260883,-0.8520028465040377,0.8126858168872018,0.9796581519124903,-0.1415086997382818,-1.2774216252220538,-0.4390358821128122,-1.4987482463864636,0.7254613580111255,1.1013285687657381,-0.15873978742581374,-0.5237957129987955,-0.7951375258359844,1.6914963581696623,0
0.4338403029772267,-0.45507750193256613,0.8997051785456238,1.1713215104972625,-0.2572029083507984,0.0038218656145007695,-0.6950756318834131,1.550945093966642,-0.40088795727531673,-0.25943739198603655,-0.1415086997382818,1.3865511423269279,-0.4390358821128122,-0.03725250856529844,0.4392116088102558,-0.5705558318573171,-0.15873978742581374,-0.5237957129987955,-0.7951375258359844,-0.5911925232177752,0
-0.764871522298864,-1.0405152813310432,-0.9373322538565467,-0.694608093960323,-0.27383540244055604,0.12726469606518445,0.6787708983954508,-0.8520028465040377,-0.40088795727531673,-0.5692112779606683,0.7367246712363097,-1.2774216252220538,-0.4390358821128122,-0.03725250856529844,-0.9920371371940933,-0.6104256997821513,-0.15873978742581374,-0.5237957129987955,-0.7951375258359844,1.6914963581696623,0
-1.1929828884688964,0.19361084490134386,2.736742610947794,-1.316584628779518,0.7532272391623797,-0.5352677519642633,-1.5314094739873088,2.6682522579491867,0.517145163327906,0.050336493988595146,0.7367246712363097,2.718537526101419,1.0449053994284931,-0.03725250856529844,1.0117111072119953,0.7551571112891341,-0.15873978742581374,1.9091412456869414,-0.7951375258359844,-0.5911925232177752,1
-0.33676015612883164,-0.17715983706221208,0.8997051785456238,0.20380245633407004,-0.8374459927971493,-1.0611493408418176,-0.6950756318834131,-0.8520028465040377,-1.3189210778785396,-0.8789851639353,0.2976079857490139,1.3865511423269279,-0.4390358821128122,1.4242432292558669,-0.1332878895914838,-0.019266139433355076,-0.15873978742581374,-0.5237957129987955,1.2576440772916977,-0.5911925232177752,0
0.26259575650921374,-1.2030327299521946,-0.9373322538565467,-1.0401506133043203,-0.9390259331402973,-0.5352677519642633,-0.08478960543199393,0.6640885054221695,-1.3189210778785396,-0.5692112779606683,1.1758413567236055,0.0545647585524371,-0.4390358821128122,-1.4987482463864636,0.4392116088102558,-1.0334545420071313,-0.15873978742581374,1.9091412456869414,-0.7951375258359844,-0.5911925232177752,1
0.17697348327520726,0.7011448442837923,0.8997051785456238,-1.6621271481235154,0.2054233025693679,0.17717329952452537,0.060700411121498196,0.6640885054221695,-0.40088795727531673,-0.25943739198603655,0.2976079857490139,1.3865511423269279,-0.4390358821128122,1.4242432292558669,-0.4195376387923536,0.3811349467790912,-0.15873978742581374,1.9091412456869414,-0.7951375258359844,-0.5911925232177752,0
0.4338403029772267,-1.048211918242063,-0.9373322538565467,-1.0401506133043203,-1.0993071871582751,-0.5851763554236039,-0.6950756318834131,-0.8520028465040377,-1.3189210778785396,-1.1887590499099316,1.6149580422109011,0.0545647585524371,-0.4390358821128122,-0.03725250856529844,-0.1332878895914838,-0.9738333988022143,-0.15873978742581374,1.9091412456869414,-0.7951375258359844,1.6914963581696623,0
-0.5080047025968446,-0.05722057853215161,2.736742610947794,-0.7291623458947226,0.6881055600449947,0.26676266005327803,-0.35746650993044954,0.6640885054221695,-0.40088795727531673,0.6698842659378585,0.7367246712363097,1.3865511423269279,-0.4390358821128122,-1.4987482463864636,1.0117111072119953,0.165225296652381,-0.15873978742581374,-0.5237957129987955,1.2576440772916977,-0.5911925232177752,0
1.1188184888492785,-1.3804994156505195,-0.9373322538565467,0.9294417469564643,-1.7113959204136286,-1.0611493408418176,-0.6950756318834131,0.03485374204043518,-1.3189210778785396,-0.8789851639353,1.1758413567236055,0.0545647585524371,-0.4390358821128122,-1.4987482463864636,1.2979608564128653,-1.3581983145872767,-0.15873978742581374,-0.5237957129987955,-0.7951375258359844,-0.5911925232177752,1
0.6050848494452397,0.11156272193322762,0.8997051785456238,0.031031196662071384,0.7410708185412207,0.8310010290484305,0.928517257611974,1.1521609060229787,0.517145163327906,0.050336493988595146,-0.5806253852255776,0.0545647585524371,-0.4390358821128122,-1.4987482463864636,1.2979608564128653,-0.27562514675199096,-0.15873978742581374,-0.5237957129987955,1.2576440772916977,-0.5911925232177752,0
-1.1929828884688964,0.7335595266590493,0.8997051785456238,-1.6621271481235154,1.342590669903441,0.779337372307516,0.6787708983954508,0.6640885054221695,1.7307189374904248,1.9089798098363855,0.2976079857490139,0.0545647585524371,1.0449053994284931,-0.03725250856529844,-0.9920371371940933,1.296653351236839,-0.15873978742581374,1.9091412456869414,1.2576440772916977,-0.5911925232177752,0
1.546929855019311,-0.23059225869448502,-0.9373322538565467,1.4132012740380606,-0.1263626935603412,-0.07386822910271423,1.2646638640771235,0.6640885054221695,-0.40088795727531673,0.36011037996322687,0.7367246712363097,0.0545647585524371,-0.4390358821128122,-1.4987482463864636,0.4392116088102558,-0.9294861166993755,-0.15873978742581374,-0.5237957129987955,-0.7951375258359844,-0.5911925232177752,0
-0.5936269758308511,1.1582066669997446,0.8997051785456238,1.1713215104972625,0.9408826318306541,1.0475291411180134,-1.5314094739873088,0.03485374204043518,0.8126858168872018,0.6698842659378585,-1.0197420707128733,0.0545647585524371,-0.4390358821128122,-0.03725250856529844,-1.5645366355958328,1.2818172519255302,-0.15873978742581374,-0.5237957129987955,-0.7951375258359844,1.6914963581696623,0
-2.220450167276974,1.197331237964096,-0.9373322538565467,0.8257789911532651,0.8362414355706815,1.467060748709676,1.5189596248183563,-0.8520028465040377,1.054160113300814,1.289432037887122,-1.8979754416874648,-1.2774216252220538,-0.4390358821128122,1.4242432292558669,-0.9920371371940933,2.5252209149178726,-0.15873978742581374,1.9091412456869414,1.2576440772916977,-0.5911925232177752,0
0.5194625762112332,-1.569313707050989,-0.9373322538565467,-0.8673793536323215,-1.9960009737071465,-1.179383373877105,0.5000374812740657,0.6640885054221695,-0.40088795727531673,-0.8789851639353,-0.1415086997382818,0.0545647585524371,1.0449053994284931,-0.03725250856529844,1.2979608564128653,-1.3447308498402128,-0.15873978742581374,-0.5237957129987955,-0.7951375258359844,1.6914963581696623,0
2.146285767657356,1.407952667279122,-0.9373322538565467,-1.316584628779518,1.2218505664427104,0.988435067306796,0.8638173865278577,-0.8520028465040377,1.4351782839311287,1.5992059238617538,-0.1415086997382818,-1.2774216252220538,5.496729244052409,1.4242432292558669,-1.278286886394963,-0.6479105207090001,-0.15873978742581374,-0.5237957129987955,-0.7951375258359844,1.6914963581696623,0
1.033196215615272,1.9472599626275757,-0.9373322538565467,-0.556391086222724,1.132014877387733,0.3697096873184568,1.601435668278373,-0.8520028465040377,1.7307189374904248,0.9796581519124903,-1.0197420707128733,-1.2774216252220538,2.5288466809697985,-0.03725250856529844,-1.278286886394963,0.5282304560947249,-0.15873978742581374,-0.5237957129987955,-0.7951375258359844,-0.5911925232177752,1
0.17697348327520726,-0.10320305033388602,0.8997051785456238,-1.558464392320316,0.9605652348462215,0.3202768665596402,0.27587789045965005,2.6682522579491867,0.13612699269759143,0.6698842659378585,1.1758413567236055,1.3865511423269279,-0.4390358821128122,-0.03725250856529844,-0.9920371371940933,-0.2067648816143008,-0.15873978742581374,-0.5237957129987955,1.2576440772916977,-0.5911925232177752,0
0.3482180297432202,-0.7003831347632781,-0.9373322538565467,-1.212921872976319,-0.9390259331402973,-0.7298831168270937,-0.6950756318834131,0.03485374204043518,-1.3189210778785396,-0.8789851639353,0.7367246712363097,0.0545647585524371,-0.4390358821128122,1.4242432292558669,-0.4195376387923536,-0.7059760161708569,-0.15873978742581374,1.9091412456869414,1.2576440772916977,-0.5911925232177752,0
1.204440762083285,-1.0607929593466148,-0.9373322538565467,-0.6600538420259232,-1.6098159800704808,-1.0611493408418176,0.015992009486089375,-0.8520028465040377,-1.3189210778785396,-0.8789851639353,0.2976079857490139,0.0545647585524371,-0.4390358821128122,1.4242432292558669,-0.4195376387923536,-1.209540448535621,-0.15873978742581374,-0.5237957129987955,1.2576440772916977,-0.5911925232177752,0
1.1188184888492785,-1.633304335727866,-0.9373322538565467,0.8948874950220647,-1.9960009737071465,-1.9601498549418401,-0.8686305850779471,-0.8520028465040377,-1.3189210778785396,-1.1887590499099316,1.1758413567236055,0.0545647585524371,-0.4390358821128122,1.4242432292558669,-0.1332878895914838,-1.495705834336114,-0.15873978742581374,-0.5237957129987955,-0.7951375258359844,1.6914963581696623,0
0.4338403029772267,1.5288293367150119,-0.9373322538565467,-0.7982708497635221,1.2818754757438455,0.3392584692218975,0.5204898583170638,-0.8520028465040377,0.8126858168872018,0.6698842659378585,-1.8979754416874648,-1.2774216252220538,2.5288466809697985,-0.03725250856529844,-0.1332878895914838,0.7783207481145064,-0.15873978742581374,-0.5237957129987955,1.2576440772916977,-0.5911925232177752,1
-2.3916947137449873,2.0440599730084803,-0.9373322538565467,0.9639959988908641,1.3806895541228323,1.5912918061634085,0.8970342532253942,-2.368094198430245,1.8569517264925168,-0.25943739198603655,-1.4588587562001691,-1.2774216252220538,1.0449053994284931,-0.03725250856529844,-0.7057873879932234,3.703115454757037,-0.15873978742581374,1.9091412456869414,1.2576440772916977,-0.5911925232177752,0
-1.3642274349369095,-0.14361039411674062,2.736742610947794,-1.4202473845827173,-1.272109129332575,-1.324090135280595,-0.8686305850779471,-0.8520028465040377,-1.3189210778785396,-1.1887590499099316,1.1758413567236055,2.718537526101419,-0.4390358821128122,-0.03725250856529844,1.584210605613735,0.49862786327408787,-0.15873978742581374,-0.5237957129987955,1.2576440772916977,-0.5911925232177752,0
1.4613075817853045,2.038287495325215,-0.9373322538565467,-0.24540281881312645,0.9094857524177914,1.6566256558024806,1.601435668278373,-0.8520028465040377,1.4351782839311287,2.2187536958110172,-1.8979754416874648,-1.2774216252220538,4.012787962511103,1.4242432292558669,-0.7057873879932234,0.18970725059478324,-0.15873978742581374,-0.5237957129987955,1.2576440772916977,-0.5911925232177752,0
1.718174401487324,1.1760174742105023,-0.9373322538565467,-0.7291623458947226,1.1169188333787092,1.0219274562544742,-1.5314094739873088,0.03485374204043518,1.054160113300814,1.289432037887122,0.2976079857490139,0.0545647585524371,2.5288466809697985,1.4242432292558669,-0.7057873879932234,-0.41045829418135715,-0.15873978742581374,-0.5237957129987955,1.2576440772916977,-0.5911925232177752,0
1.718174401487324,-2.0323453571145915,-0.9373322538565467,0.10013970053087085,-1.9960009737071465,-1.0611493408418176,-0.08478960543199393,0.03485374204043518,-1.3189210778785396,-0.5692112779606683,-0.1415086997382818,0.0545647585524371,-0.4390358821128122,1.4242432292558669,-0.4195376387923536,-1.7738304920716688,-0.15873978742581374,-0.5237957129987955,-0.7951375258359844,1.6914963581696623,0
-0.07989333642681218,0.47942249634710293,0.8997051785456238,-1.6621271481235154,0.699991817259938,0.7300611353456022,1.2346433751783576,0.03485374204043518,1.054160113300814,1.9089798098363855,-1.0197420707128733,0.0545647585524371,-0.4390358821128122,-0.03725250856529844,-0.7057873879932234,0.37333574246078405,-0.15873978742581374,-0.5237957129987955,1.2576440772916977,-0.5911925232177752,0
-0.6792492490648575,1.64136798283063,-0.9373322538565467,-1.6621271481235154,1.3644245367472636,1.1262306607219148,0.7515442366719015,-0.8520028465040377,0.8126858168872018,0.9796581519124903,-0.5806253852255776,-1.2774216252220538,5.496729244052409,-0.03725250856529844,-0.4195376387923536,1.7800446803890353,-0.15873978742581374,1.9091412456869414,-0.7951375258359844,-0.5911925232177752,1
1.718174401487324,-0.45438677810721817,-0.9373322538565467,-0.24540281881312645,0.43606874889541036,0.8706591704910043,0.27587789045965005,1.550945093966642,-0.40088795727531673,0.36011037996322687,1.1758413567236055,0.0545647585524371,-0.4390358821128122,-1.4987482463864636,1.0117111072119953,-1.1032876111243093,-0.15873978742581374,-0.5237957129987955,1.2576440772916977,-0.5911925232177752,0
-0.16551560966081866,0.7752003058443109,0.8997051785456238,0.9294417469564643,0.8719110333316783,0.7021647142173824,1.4914433806601268,3.6962712092745837,1.2583237218588201,0.9796581519124903,0.7367246712363097,1.3865511423269279,-0.4390358821128122,-0.03725250856529844,-1.5645366355958328,0.6610500670113755,-0.15873978742581374,-0.5237957129987955,-0.7951375258359844,1.6914963581696623,0
-0.4223824293628381,1.166298003239535,0.8997051785456238,-0.7637165978291224,0.7818719534492735,1.2144438790901444,0.015992009486089375,-0.8520028465040377,0.517145163327906,2.2187536958110172,-0.5806253852255776,0.0545647585524371,-0.4390358821128122,-0.03725250856529844,1.2979608564128653,1.1627795898010367,-0.15873978742581374,-0.5237957129987955,1.2576440772916977,-0.5911925232177752,0
0.09135121004120077,-1.0647892900504137,-0.9373322538565467,-0.7291623458947226,-0.7928504243226514,-0.6392486444013494,-0.8686305850779471,0.03485374204043518,-1.3189210778785396,-0.5692112779606683,-0.1415086997382818,0.0545647585524371,-0.4390358821128122,1.4242432292558669,-1.278286886394963,-0.8844192951013639,-0.15873978742581374,-0.5237957129987955,-0.7951375258359844,-0.5911925232177752,0
-1.1073606152348898,-0.03225584598743314,0.8997051785456238,-0.003523055272328344,-0.6771647387791713,-1.324090135280595,-0.8686305850779471,-0.8520028465040377,-1.3189210778785396,-0.8789851639353,-0.1415086997382818,0.0545647585524371,-0.4390358821128122,-0.03725250856529844,-0.1332878895914838,0.4859210306040889,-0.15873978742581374,-0.5237957129987955,-0.7951375258359844,1.6914963581696623,0
-0.25113788289482514,0.7733748214487485,0.8997051785456238,-1.2820303768451184,0.6682326349949413,0.962725719593814,0.5000374812740657,0.6640885054221695,0.13612699269759143,1.9089798098363855,-0.1415086997382818,0.0545647585524371,-0.4390358821128122,-0.03725250856529844,1.584210605613735,0.7160076214835929,-0.15873978742581374,-0.5237957129987955,-0.7951375258359844,-0.5911925232177752,0
-1.7067165278729353,-0.003344120155012143,0.8997051785456238,-1.212921872976319,0.731428970431325,-0.3487082893530292,-0.35746650993044954,0.03485374204043518,-0.40088795727531673,-0.25943739198603655,1.1758413567236055,0.0545647585524371,-0.4390358821128122,-0.03725250856529844,0.7254613580111255,0.8169184232489243,-0.15873978742581374,-0.5237957129987955,-0.7951375258359844,-0.5911925232177752,0
0.17697348327520726,-0.9663118075222357,-0.9373322538565467,1.3786470221036609,-0.042332146591425396,-0.8745898782305835,-0.8686305850779471,0.6640885054221695,-0.40088795727531673,-0.5692112779606683,0.7367246712363097,0.0545647585524371,-0.4390358821128122,-0.03725250856529844,0.4392116088102558,-0.8376131670779577,-0.15873978742581374,1.9091412456869414,1.2576440772916977,-0.5911925232177752,0
1.4613075817853045,-2.175621213458193,-0.9373322538565467,1.620526785644459,-2.2219047133258343,-1.510649597891829,-0.5604559516442456,0.03485374204043518,-1.3189210778785396,-0.8789851639353,1.1758413567236055,0.0545647585524371,-0.4390358821128122,-0.03725250856529844,-1.278286886394963,-1.8158455604960975,-0.15873978742581374,-0.5237957129987955,1.2576440772916977,-0.5911925232177752,0
1.718174401487324,-1.1301120289618904,-0.9373322538565467,0.23835670826846977,-1.6098159800704808,-0.96118389028511,-0.20585169616858562,-0.8520028465040377,-1.3189210778785396,-0.8789851639353,1.1758413567236055,0.0545647585524371,-0.4390358821128122,-0.03725250856529844,0.152961859609386,-1.3904325098972523,-0.15873978742581374,-0.5237957129987955,1.2576440772916977,-0.5911925232177752,0
-1.7923388011069417,0.22824571100093352,0.8997051785456238,0.7912247392188655,-0.18076169106729792,-0.4250896211805721,0.1778322772525923,0.03485374204043518,-0.40088795727531673,-0.25943739198603655,-0.5806253852255776,0.0545647585524371,-0.4390358821128122,-0.03725250856529844,1.584210605613735,1.1199409924905241,-0.15873978742581374,1.9091412456869414,1.2576440772916977,-0.5911925232177752,0
-1.9635833475749547,-1.6526446028376085,-0.9373322538565467,-1.212921872976319,-1.8357197196891686,-1.9601498549418401,-0.5604559516442456,-0.8520028465040377,-1.3189210778785396,-0.8789851639353,-0.1415086997382818,-1.2774216252220538,-0.4390358821128122,-0.03725250856529844,0.4392116088102558,-0.9597780585468564,-0.15873978742581374,-0.5237957129987955,1.2576440772916977,-0.5911925232177752,0
1.718174401487324,-1.0517642122009954,-0.9373322538565467,-1.2474761249107187,-1.272109129332575,-0.9164425794383279,-0.5604559516442456,-0.8520028465040377,-1.3189210778785396,-0.8789851639353,1.1758413567236055,0.0545647585524371,-0.4390358821128122,-1.4987482463864636,1.584210605613735,-1.3571391323234034,-0.15873978742581374,-0.5237957129987955,-0.7951375258359844,-0.5911925232177752,0
0.4338403029772267,-1.5524896481621568,-0.9373322538565467,1.7241895414476582,-2.6080897069625,-1.773590392330606,-0.2769087108314654,-0.8520028465040377,-1.3189210778785396,-0.8789851639353,1.1758413567236055,-1.2774216252220538,-0.4390358821128122,1.4242432292558669,-0.9920371371940933,-1.3166964841244397,-0.15873978742581374,-0.5237957129987955,1.2576440772916977,-0.5911925232177752,0
-0.8504937955328705,-1.3963367262174258,-0.9373322538565467,0.7912247392188655,-2.6080897069625,-2.2230906493806173,-0.8686305850779471,-0.8520028465040377,-1.3189210778785396,-1.1887590499099316,1.1758413567236055,-1.2774216252220538,-0.4390358821128122,-0.03725250856529844,0.152961859609386,-0.917490437283347,-0.15873978742581374,-0.5237957129987955,-0.7951375258359844,-0.5911925232177752,0
0.26259575650921374,-0.44298983498897715,-0.9373322538565467,1.4823097779068601,-0.18795078662189685,0.12726469606518445,0.060700411121498196,0.03485374204043518,-1.3189210778785396,-0.5692112779606683,1.1758413567236055,0.0545647585524371,-0.4390358821128122,-0.03725250856529844,1.0117111072119953,-0.49085634996542044,-0.15873978742581374,-0.5237957129987955,-0.7951375258359844,-0.5911925232177752,0
-0.4223824293628381,1.4628158739781871,-0.9373322538565467,1.3095385182348613,0.7286432287517602,1.405033757358077,0.9584384644660386,-0.8520028465040377,1.054160113300814,0.36011037996322687,-1.8979754416874648,-1.2774216252220538,2.5288466809697985,-0.03725250856529844,1.584210605613735,1.4147861379355848,-0.15873978742581374,-0.5237957129987955,-0.7951375258359844,-0.5911925232177752,0
0.6050848494452397,-1.3602217376349477,-0.9373322538565467,-1.454801636517117,-1.0993071871582751,-1.0611493408418176,-0.03229674297405158,0.03485374204043518,-1.3189210778785396,-0.8789851639353,1.1758413567236055,0.0545647585524371,-0.4390358821128122,-0.03725250856529844,-0.1332878895914838,-1.2262709997345702,-0.15873978742581374,-0.5237957129987955,1.2576440772916977,-0.5911925232177752,0
-1.3642274349369095,0.20278760429525222,0.8997051785456238,1.4477555259724604,0.3683767304156533,0.1929909566637722,0.5402715434140909,0.03485374204043518,0.13612699269759143,0.9796581519124903,-1.0197420707128733,0.0545647585524371,-0.4390358821128122,-0.03725250856529844,1.584210605613735,0.8577946401180562,-0.15873978742581374,1.9091412456869414,1.2576440772916977,-0.5911925232177752,0
-1.1929828884688964,0.3138954653440783,0.8997051785456238,0.7566704872844657,0.771625279807823,1.0741692006164756,0.7515442366719015,1.550945093966642,1.4351782839311287,1.5992059238617538,-1.0197420707128733,0.0545647585524371,-0.4390358821128122,-0.03725250856529844,-0.4195376387923536,0.8757864819938586,-0.15873978742581374,-0.5237957129987955,-0.7951375258359844,-0.5911925232177752,0
0.005728936807194294,0.25651605042410286,0.8997051785456238,-0.8673793536323215,1.0065051174313637,0.6266735565745362,0.9680912678882734,0.6640885054221695,1.7307189374904248,0.36011037996322687,0.7367246712363097,0.0545647585524371,-0.4390358821128122,-0.03725250856529844,-1.278286886394963,0.15141567326425587,-0.15873978742581374,-0.5237957129987955,1.2576440772916977,-0.5911925232177752,0
0.17697348327520726,-0.7581572490120237,-0.9373322538565467,-1.1092591171731196,-1.0993071871582751,-0.44567839143551063,-0.20585169616858562,-0.8520028465040377,-1.3189210778785396,-0.5692112779606683,-0.1415086997382818,0.0545647585524371,-0.4390358821128122,-0.03725250856529844,1.0117111072119953,-0.6854724950549116,-0.15873978742581374,-0.5237957129987955,-0.7951375258359844,-0.5911925232177752,0
0.9475739423812656,0.948868010503222,0.8997051785456238,1.3095385182348613,0.15303533888718493,0.3577002368508518,1.056970403651279,0.03485374204043518,0.13612699269759143,0.6698842659378585,-1.0197420707128733,1.3865511423269279,-0.4390358821128122,-0.03725250856529844,1.584210605613735,0.027606239895550666,-0.15873978742581374,-0.5237957129987955,1.2576440772916977,-0.5911925232177752,0
0.6050848494452397,0.7101735914294118,0.8997051785456238,-0.9710421094355208,0.8632054316006038,1.1534440993839243,0.4341589305380372,0.6640885054221695,1.054160113300814,1.289432037887122,0.7367246712363097,0.0545647585524371,-0.4390358821128122,-1.4987482463864636,0.7254613580111255,0.11102585838486778,-0.15873978742581374,-0.5237957129987955,1.2576440772916977,-0.5911925232177752,0
0.26259575650921374,-0.6220846554184792,2.736742610947794,1.4132012740380606,0.2366733904716497,0.3392584692218975,0.015992009486089375,2.180179857348376,-0.40088795727531673,0.050336493988595146,1.1758413567236055,2.718537526101419,-0.4390358821128122,-1.4987482463864636,0.4392116088102558,-0.6187129833384429,-0.15873978742581374,-0.5237957129987955,1.2576440772916977,-0.5911925232177752,0
-0.25113788289482514,1.8735992003958273,-0.9373322538565467,-0.17629431494432699,0.9624040060703084,1.7906133005676772,1.6589350934386766,-0.8520028465040377,1.4351782839311287,0.9796581519124903,-0.5806253852255776,-1.2774216252220538,2.5288466809697985,-1.4987482463864636,0.7254613580111255,1.6136708797971389,-0.15873978742581374,-0.5237957129987955,-0.7951375258359844,-0.5911925232177752,1
1.2900630353172915,-0.4632675130045489,-0.9373322538565467,0.7566704872844657,0.04514204855139,0.10973682388041187,-0.6950756318834131,1.1521609060229787,-0.40088795727531673,-0.25943739198603655,0.2976079857490139,0.0545647585524371,1.0449053994284931,-0.03725250856529844,-0.7057873879932234,-0.9300823784488719,-0.15873978742581374,-0.5237957129987955,1.2576440772916977,-0.5911925232177752,1
-1.4498497081709159,-0.06397980453734219,0.8997051785456238,0.10013970053087085,0.16082773409487008,-0.006722948700011491,0.4104975706988176,0.03485374204043518,-0.40088795727531673,0.6698842659378585,-1.4588587562001691,0.0545647585524371,-0.4390358821128122,1.4242432292558669,-0.4195376387923536,0.6233765556574709,-0.15873978742581374,-0.5237957129987955,1.2576440772916977,-0.5911925232177752,0
1.1188184888492785,0.7433776724622093,-0.9373322538565467,0.9985502508252638,0.7286432287517602,1.2863173949649467,1.72523376072599,-0.8520028465040377,1.4351782839311287,0.050336493988595146,-1.0197420707128733,-1.2774216252220538,-0.4390358821128122,-1.4987482463864636,0.7254613580111255,-0.20296339847721623,-0.15873978742581374,-0.5237957129987955,-0.7951375258359844,1.6914963581696623,0
-0.4223824293628381,0.44404756900606907,0.8997051785456238,-1.6275728961891156,0.8794184235838717,0.9284578041681807,0.5779892834773674,1.1521609060229787,0.13612699269759143,0.6698842659378585,0.7367246712363097,0.0545647585524371,1.0449053994284931,1.4242432292558669,-1.5645366355958328,0.5489486649854537,-0.15873978742581374,-0.5237957129987955,1.2576440772916977,-0.5911925232177752,1
-1.7067165278729353,0.9161079662152911,-0.9373322538565467,0.3765737160060687,0.2264502196955796,0.9183249137649491,1.6649983338546608,-0.8520028465040377,1.4351782839311287,1.5992059238617538,-1.8979754416874648,-1.2774216252220538,-0.4390358821128122,-0.03725250856529844,0.7254613580111255,1.8327773650702348,-0.15873978742581374,-0.5237957129987955,-0.7951375258359844,-0.5911925232177752,0
-0.9361160687668769,-0.05312557299616024,0.8997051785456238,-0.8328251016979219,0.025761062238730974,-1.410684147335121,-0.8686305850779471,0.03485374204043518,-0.40088795727531673,-0.8789851639353,0.2976079857490139,0.0545647585524371,-0.4390358821128122,1.4242432292558669,-1.5645366355958328,0.3806116453280564,-0.15873978742581374,1.9091412456869414,-0.7951375258359844,-0.5911925232177752,0
-0.5080047025968446,1.407459293118159,-0.9373322538565467,-0.0726315591411278,0.8362414355706815,1.2112014133763747,1.6828307851290714,-0.8520028465040377,1.4351782839311287,0.6698842659378585,-1.8979754416874648,-1.2774216252220538,1.0449053994284931,1.4242432292558669,-0.1332878895914838,1.4349332438004248,-0.15873978742581374,-0.5237957129987955,1.2576440772916977,-0.5911925232177752,0
0.5194625762112332,-0.9084883558573937,-0.9373322538565467,-0.10718581107552753,-1.4495347260525029,-0.2803828597770823,0.21231522488336196,0.03485374204043518,-1.3189210778785396,-0.8789851639353,0.7367246712363097,0.0545647585524371,-0.4390358821128122,1.4242432292558669,-1.278286886394963,-0.9066621226427037,-0.15873978742581374,-0.5237957129987955,1.2576440772916977,-0.5911925232177752,0
0.005728936807194294,0.7393320043423143,-0.9373322538565467,1.1713215104972625,1.109214601344748,1.2460068866165395,0.1778322772525923,-0.8520028465040377,1.5911750632737223,0.9796581519124903,-1.8979754416874648,-1.2774216252220538,-0.4390358821128122,1.4242432292558669,-0.9920371371940933,0.5207205770979033,-0.15873978742581374,1.9091412456869414,-0.7951375258359844,-0.5911925232177752,0
-1.1929828884688964,1.167531438641942,-0.9373322538565467,-1.1092591171731196,1.3603953310979173,1.2351337156262387,0.38587017807789625,-0.8520028465040377,1.2583237218588201,-0.25943739198603655,-1.4588587562001691,-1.2774216252220538,2.5288466809697985,-0.03725250856529844,-0.7057873879932234,1.7318690791772642,-0.15873978742581374,1.9091412456869414,-0.7951375258359844,1.6914963581696623,1
0.09135121004120077,-0.9727750090308486,-0.9373322538565467,-1.2474761249107187,-1.7113959204136286,-1.510649597891829,-0.8686305850779471,-0.8520028465040377,-1.3189210778785396,-1.1887590499099316,1.1758413567236055,0.0545647585524371,-0.4390358821128122,-1.4987482463864636,1.0117111072119953,-0.8156017997938063,-0.15873978742581374,-0.5237957129987955,-0.7951375258359844,-0.5911925232177752,0
-1.5354719814049222,0.10820777763868047,2.736742610947794,1.2749842663004616,0.6328973435501946,0.4739108929194504,0.5000374812740657,0.6640885054221695,0.13612699269759143,0.6698842659378585,0.2976079857490139,1.3865511423269279,-0.4390358821128122,1.4242432292558669,-0.9920371371940933,0.8499476342248949,-0.15873978742581374,-0.5237957129987955,1.2576440772916977,-0.5911925232177752,0
0.17697348327520726,-0.11484668053260848,-0.9373322538565467,1.4823097779068601,0.9918990350430316,0.6463860710177299,-0.03229674297405158,0.6640885054221695,0.517145163327906,1.9089798098363855,0.7367246712363097,0.0545647585524371,-0.4390358821128122,-1.4987482463864636,0.4392116088102558,-0.21527523918657832,-0.15873978742581374,1.9091412456869414,-0.7951375258359844,1.6914963581696623,0
0.5194625762112332,0.48642840943277493,0.8997051785456238,-0.0726315591411278,0.9214678739056081,1.1880385299927934,1.1487857995956556,1.1521609060229787,1.8569517264925168,2.2187536958110172,-0.5806253852255776,0.0545647585524371,-0.4390358821128122,-0.03725250856529844,-0.9920371371940933,0.018044247676482047,-0.15873978742581374,-0.5237957129987955,1.2576440772916977,-0.5911925232177752,0
0.9475739423812656,-0.7001364476827967,-0.9373322538565467,-1.0747048652387199,-1.9960009737071465,-1.2477088034530517,-0.8686305850779471,-0.8520028465040377,-1.3189210778785396,-1.1887590499099316,1.1758413567236055,0.0545647585524371,-0.4390358821128122,-0.03725250856529844,1.0117111072119953,-0.9253911151202041,-0.15873978742581374,-0.5237957129987955,1.2576440772916977,-0.5911925232177752,1
1.033196215615272,0.26347262609367855,-0.9373322538565467,1.102213006628463,1.0780323217764125,0.4636982126924671,-0.03229674297405158,2.180179857348376,1.2583237218588201,0.9796581519124903,0.2976079857490139,0.0545647585524371,1.0449053994284931,-1.4987482463864636,0.4392116088102558,-0.4162481551075499,-0.15873978742581374,1.9091412456869414,-0.7951375258359844,1.6914963581696623,1
0.7763293959132526,-0.6503549948416486,0.8997051785456238,1.4477555259724604,-0.8611579617475593,-0.96118389028511,-0.5604559516442456,0.03485374204043518,-1.3189210778785396,-0.8789851639353,0.7367246712363097,1.3865511423269279,-0.4390358821128122,-0.03725250856529844,-1.5645366355958328,-0.8321897848923134,-0.15873978742581374,-0.5237957129987955,1.2576440772916977,-0.5911925232177752,0
1.6325521282533173,-1.5333467307167996,-0.9373322538565467,0.30746521213726924,-1.7113959204136286,-1.410684147335121,-0.5604559516442456,-0.8520028465040377,-0.40088795727531673,-1.1887590499099316,-0.1415086997382818,0.0545647585524371,-0.4390358821128122,1.4242432292558669,-0.4195376387923536,-1.5445774935676913,-0.15873978742581374,-0.5237957129987955,-0.7951375258359844,-0.5911925232177752,0
-1.1073606152348898,0.5380846840855817,0.8997051785456238,-0.3145113226819259,0.8304558469747503,0.7435718696901674,1.3097904891908174,1.1521609060229787,0.517145163327906,1.5992059238617538,-0.1415086997382818,0.0545647585524371,-0.4390358821128122,-0.03725250856529844,-1.278286886394963,1.0482017307480223,-0.15873978742581374,-0.5237957129987955,1.2576440772916977,-0.5911925232177752,0
0.26259575650921374,-0.4910444782667554,0.8997051785456238,0.6184534795468668,-0.9118426309964685,-1.6288836309271162,-0.8686305850779471,0.03485374204043518,-1.3189210778785396,-0.8789851639353,-1.0197420707128733,1.3865511423269279,-0.4390358821128122,1.4242432292558669,-0.4195376387923536,-0.525162785476529,-0.15873978742581374,1.9091412456869414,-0.7951375258359844,-0.5911925232177752,0
0.6907071226792462,0.20944815546825024,0.8997051785456238,-1.0401506133043203,0.7981310495120626,-0.2803828597770823,-1.5314094739873088,-0.8520028465040377,-0.40088795727531673,0.6698842659378585,-0.1415086997382818,0.0545647585524371,-0.4390358821128122,1.4242432292558669,-0.4195376387923536,-0.25923004520114096,-0.15873978742581374,-0.5237957129987955,1.2576440772916977,-0.5911925232177752,0
0.26259575650921374,0.5137613379501149,0.8997051785456238,1.5168640298412597,0.6896052841677331,-0.2803828597770823,-0.35746650993044954,1.1521609060229787,0.13612699269759143,0.36011037996322687,-0.1415086997382818,0.0545647585524371,-0.4390358821128122,-1.4987482463864636,1.0117111072119953,0.1921728055083126,-0.15873978742581374,1.9091412456869414,1.2576440772916977,-0.5911925232177752,0
0.6907071226792462,-0.5166999346368218,-0.9373322538565467,-0.2799570707475262,0.5352828802689423,0.20843196689728108,0.14125821022048246,2.180179857348376,0.517145163327906,-0.5692112779606683,1.1758413567236055,0.0545647585524371,-0.4390358821128122,-1.4987482463864636,1.0117111072119953,-0.7159162278681575,-0.15873978742581374,-0.5237957129987955,1.2576440772916977,-0.5911925232177752,0
0.3482180297432202,-0.6234167656530788,-0.9373322538565467,0.3765737160060687,-0.9390259331402973,-0.7298831168270937,-1.5314094739873088,-0.8520028465040377,-0.40088795727531673,-1.1887590499099316,0.7367246712363097,0.0545647585524371,-0.4390358821128122,-0.03725250856529844,1.584210605613735,-0.6523376174397897,-0.15873978742581374,-0.5237957129987955,1.2576440772916977,-0.5911925232177752,0
0.26259575650921374,-0.682671002384713,-0.9373322538565467,0.1692482043996703,-0.7718235071964394,-0.96118389028511,-0.8686305850779471,-0.8520028465040377,-1.3189210778785396,-0.8789851639353,0.2976079857490139,0.0545647585524371,-0.4390358821128122,-0.03725250856529844,0.4392116088102558,-0.6619658609643579,-0.15873978742581374,-0.5237957129987955,-0.7951375258359844,-0.5911925232177752,0
0.4338403029772267,-0.9553589011488611,-0.9373322538565467,-0.7982708497635221,0.14113850590702598,-0.3487082893530292,0.4341589305380372,0.03485374204043518,0.13612699269759143,-1.1887590499099316,1.6149580422109011,0.0545647585524371,1.0449053994284931,-1.4987482463864636,0.4392116088102558,-0.9107017750299388,-0.15873978742581374,-0.5237957129987955,-0.7951375258359844,-0.5911925232177752,1
0.5194625762112332,-0.42133070932270955,0.8997051785456238,-0.6600538420259232,0.3815486719192847,-0.20400152794953944,-1.5314094739873088,1.1521609060229787,0.13612699269759143,-0.25943739198603655,-0.1415086997382818,0.0545647585524371,-0.4390358821128122,-0.03725250856529844,1.0117111072119953,-0.5837197146728512,-0.15873978742581374,-0.5237957129987955,1.2576440772916977,-0.5911925232177752,0
-0.764871522298864,1.5568036516416035,-0.9373322538565467,1.5168640298412597,0.7410708185412207,0.3202768665596402,1.3618302631233208,-0.8520028465040377,1.7307189374904248,-0.5692112779606683,-1.0197420707128733,-1.2774216252220538,-0.4390358821128122,-1.4987482463864636,1.0117111072119953,1.7735948222802074,-0.15873978742581374,-0.5237957129987955,-0.7951375258359844,1.6914963581696623,0
-0.4223824293628381,1.3433699896090894,-0.9373322538565467,-0.4872825823539246,0.8362414355706815,0.4044586311021631,1.5669527206476035,-0.8520028465040377,1.8569517264925168,2.2187536958110172,-1.0197420707128733,-1.2774216252220538,-0.4390358821128122,-1.4987482463864636,0.7254613580111255,1.3132706881795548,-0.15873978742581374,1.9091412456869414,-0.7951375258359844,-0.5911925232177752,1
0.6050848494452397,0.66641130335201,0.8997051785456238,-1.558464392320316,1.0720333709514793,0.8623627870806075,0.060700411121498196,0.03485374204043518,1.054160113300814,0.36011037996322687,0.7367246712363097,0.0545647585524371,-0.4390358821128122,-0.03725250856529844,1.2979608564128653,0.08275919378778596,-0.15873978742581374,-0.5237957129987955,-0.7951375258359844,1.6914963581696623,0
0.4338403029772267,0.41918151129354314,0.8997051785456238,1.4823097779068601,0.8576945342943477,0.37563202794729716,0.1778322772525923,0.03485374204043518,0.13612699269759143,1.289432037887122,0.2976079857490139,0.0545647585524371,-0.4390358821128122,-0.03725250856529844,-0.1332878895914838,0.023860944574522737,-0.15873978742581374,-0.5237957129987955,1.2576440772916977,-0.5911925232177752,0
0.005728936807194294,-1.8527078251080302,-0.9373322538565467,-0.8673793536323215,-1.223630986433815,-1.510649597891829,-0.8686305850779471,-0.8520028465040377,-1.3189210778785396,-0.8789851639353,0.7367246712363097,0.0545647585524371,-0.4390358821128122,1.4242432292558669,-1.5645366355958328,-1.461925216148401,-0.15873978742581374,-0.5237957129987955,1.2576440772916977,-0.5911925232177752,0
-1.4498497081709159,-1.1416569843284203,-0.9373322538565467,1.620526785644459,-0.8147021338647573,0.3697096873184568,0.5204898583170638,-0.8520028465040377,-0.40088795727531673,-0.5692112779606683,1.1758413567236055,-1.2774216252220538,-0.4390358821128122,-1.4987482463864636,1.0117111072119953,-0.5123435771744168,-0.15873978742581374,-0.5237957129987955,-0.7951375258359844,-0.5911925232177752,0
-0.9361160687668769,1.3496358414533172,0.8997051785456238,-1.316584628779518,1.3284968195178526,1.4703387259927887,1.2468314128027136,0.03485374204043518,1.054160113300814,1.9089798098363855,0.2976079857490139,0.0545647585524371,-0.4390358821128122,-1.4987482463864636,0.7254613580111255,1.715862260594089,-0.15873978742581374,1.9091412456869414,-0.7951375258359844,1.6914963581696623,0
0.6050848494452397,-0.2608360947615056,-0.9373322538565467,1.7241895414476582,0.30342029053106784,0.23825293537611872,0.14125821022048246,0.03485374204043518,-0.40088795727531673,-0.25943739198603655,1.1758413567236055,0.0545647585524371,-0.4390358821128122,-1.4987482463864636,1.584210605613735,-0.5161626714180265,-0.15873978742581374,-0.5237957129987955,-0.7951375258359844,-0.5911925232177752,0
-1.1929828884688964,1.2042384762175753,-0.9373322538565467,0.7912247392188655,1.2315601940143912,1.1964062821141759,1.7774990963687651,-0.8520028465040377,1.054160113300814,2.2187536958110172,0.2976079857490139,-1.2774216252220538,1.0449053994284931,-0.03725250856529844,-1.278286886394963,1.768681323559674,-0.15873978742581374,-0.5237957129987955,-0.7951375258359844,1.6914963581696623,0
-0.4223824293628381,0.3311142235616806,0.8997051785456238,0.9639959988908641,1.0354221350916955,0.08252338521840286,-0.08478960543199393,1.1521609060229787,1.2583237218588201,-0.8789851639353,1.1758413567236055,0.0545647585524371,-0.4390358821128122,-0.03725250856529844,-1.5645366355958328,0.45296813442306083,-0.15873978742581374,-0.5237957129987955,-0.7951375258359844,-0.5911925232177752,0
-2.1348278940429677,0.19819922459829803,-0.9373322538565467,1.240430014366062,0.8599054386844484,0.49386606098258407,-0.20585169616858562,-0.8520028465040377,0.8126858168872018,0.050336493988595146,0.7367246712363097,-1.2774216252220538,1.0449053994284931,-0.03725250856529844,1.2979608564128653,1.2727903018951798,-0.15873978742581374,1.9091412456869414,-0.7951375258359844,-0.5911925232177752,0
-0.5936269758308511,0.38656947925390106,0.8997051785456238,1.344092770169261,0.602220944226336,0.9482606189375973,0.4341589305380372,0.6640885054221695,0.517145163327906,1.5992059238617538,-0.1415086997382818,0.0545647585524371,-0.4390358821128122,-0.03725250856529844,-0.7057873879932234,0.5997810274101709,-0.15873978742581374,-0.5237957129987955,-0.7951375258359844,-0.5911925232177752,0
0.7763293959132526,0.1956830163773877,0.8997051785456238,-0.9364878575011211,-0.7131221935216093,-1.179383373877105,-0.8686305850779471,-0.8520028465040377,-1.3189210778785396,-0.8789851639353,-1.0197420707128733,0.0545647585524371,-0.4390358821128122,1.4242432292558669,-0.7057873879932234,-0.31448363398780604,-0.15873978742581374,-0.5237957129987955,-0.7951375258359844,-0.5911925232177752,0
0.17697348327520726,1.33434124246347,0.8997051785456238,1.1713215104972625,1.4268160219571973,1.0741692006164756,0.7913358438282032,-0.8520028465040377,1.7307189374904248,-0.5692112779606683,0.2976079857490139,0.0545647585524371,-0.4390358821128122,-0.03725250856529844,-0.7057873879932234,0.8439397310274377,-0.15873978742581374,1.9091412456869414,-0.7951375258359844,1.6914963581696623,0
-1.7067165278729353,0.8049014303342724,0.8997051785456238,0.4802364718092679,0.8868259975198538,1.1390725019780643,0.9775920523243778,0.6640885054221695,1.4351782839311287,1.5992059238617538,-1.0197420707128733,0.0545647585524371,-0.4390358821128122,1.4242432292558669,-0.4195376387923536,1.7099105452126884,-0.15873978742581374,1.9091412456869414,-0.7951375258359844,1.6914963581696623,0
-2.1348278940429677,0.6748480015044742,-0.9373322538565467,-1.3856931326483175,0.7145016783282421,0.8221778753692005,1.1965283434686744,-0.8520028465040377,0.517145163327906,2.2187536958110172,-1.4588587562001691,-1.2774216252220538,-0.4390358821128122,-0.03725250856529844,-0.7057873879932234,1.8399266356953496,-0.15873978742581374,-0.5237957129987955,1.2576440772916977,-0.5911925232177752,0
-1.6210942546389289,-1.2035261041131575,0.8997051785456238,1.4823097779068601,-1.1377463706151563,-0.6680752475562154,-0.5604559516442456,0.03485374204043518,-0.40088795727531673,-1.1887590499099316,1.1758413567236055,1.3865511423269279,-0.4390358821128122,-1.4987482463864636,0.4392116088102558,-0.5319187413892474,-0.15873978742581374,-0.5237957129987955,-0.7951375258359844,1.6914963581696623,0
-0.6792492490648575,-0.16117451424701687,0.8997051785456238,-1.6275728961891156,-0.7320103472721154,-1.6288836309271162,-1.5314094739873088,-0.8520028465040377,-1.3189210778785396,-0.8789851639353,-0.1415086997382818,0.0545647585524371,-0.4390358821128122,-0.03725250856529844,1.2979608564128653,0.15617067202606247,-0.15873978742581374,-0.5237957129987955,-0.7951375258359844,1.6914963581696623,0
1.8037966747213303,-1.3477887087786848,-0.9373322538565467,-1.4893558884515168,-1.02957289562413,-0.6680752475562154,0.305312378978912,-0.8520028465040377,-0.40088795727531673,-0.8789851639353,1.1758413567236055,-1.2774216252220538,-0.4390358821128122,-1.4987482463864636,1.584210605613735,-1.5032937053761186,6.299617860250349,-0.5237957129987955,1.2576440772916977,-0.5911925232177752,0
1.375685308551298,0.6294575786958951,-0.9373322538565467,0.583899227612467,1.266667691040216,0.536639261694385,1.014166119356488,0.03485374204043518,0.517145163327906,1.9089798098363855,1.1758413567236055,0.0545647585524371,-0.4390358821128122,-1.4987482463864636,0.4392116088102558,-0.4268366232498022,-0.15873978742581374,1.9091412456869414,1.2576440772916977,-0.5911925232177752,0
-1.1073606152348898,-0.03225584598743314,0.8997051785456238,-0.003523055272328344,-0.6771647387791713,-1.324090135280595,-0.8686305850779471,-0.8520028465040377,-1.3189210778785396,-0.8789851639353,-0.1415086997382818,0.0545647585524371,-0.4390358821128122,-0.03725250856529844,-0.1332878895914838,0.4859210306040889,-0.15873978742581374,-0.5237957129987955,-0.7951375258359844,1.6914963581696623,0
-1.3642274349369095,0.1014485516334899,-0.9373322538565467,-0.694608093960323,1.1272558121778864,0.8815584487617174,0.5000374812740657,0.03485374204043518,0.8126858168872018,1.9089798098363855,0.2976079857490139,-1.2774216252220538,-0.4390358821128122,-1.4987482463864636,1.2979608564128653,0.7527200695956932,-0.15873978742581374,-0.5237957129987955,-0.7951375258359844,-0.5911925232177752,0
0.6050848494452397,0.6940895937820241,0.8997051785456238,0.9639959988908641,0.4119460558753968,1.1930721267401787,1.2876490190894119,-0.8520028465040377,1.8569517264925168,0.6698842659378585,-1.0197420707128733,0.0545647585524371,-0.4390358821128122,-0.03725250856529844,1.584210605613735,0.10063698278323455,-0.15873978742581374,-0.5237957129987955,1.2576440772916977,-0.5911925232177752,0
1.718174401487324,1.4613850889113948,-0.9373322538565467,0.9639959988908641,0.8476354354255772,1.0781722490788885,1.479255343035771,-0.8520028465040377,1.4351782839311287,1.5992059238617538,-1.8979754416874648,-1.2774216252220538,-0.4390358821128122,-0.03725250856529844,0.152961859609386,-0.28919324639348465,-0.15873978742581374,-0.5237957129987955,-0.7951375258359844,-0.5911925232177752,0
1.9750412211893433,-0.8220492028567083,-0.9373322538565467,0.7566704872844657,-0.6272375777029506,0.05411774396843487,-0.6950756318834131,-0.8520028465040377,-0.40088795727531673,-0.5692112779606683,0.7367246712363097,-1.2774216252220538,-0.4390358821128122,-0.03725250856529844,-0.1332878895914838,-1.3474152856491268,-0.15873978742581374,-0.5237957129987955,1.2576440772916977,-0.5911925232177752,0
-0.8504937955328705,0.4762649017169409,0.8997051785456238,-0.003523055272328344,0.7058411851631418,0.044365803932572695,0.9486286980291899,1.88811232068876,0.13612699269759143,1.9089798098363855,-0.1415086997382818,0.0545647585524371,-0.4390358821128122,-1.4987482463864636,1.584210605613735,0.8331583793375283,-0.15873978742581374,-0.5237957129987955,-0.7951375258359844,-0.5911925232177752,0
1.033196215615272,-0.5886832247212966,-0.9373322538565467,1.6550810375788587,0.09520524849416005,-0.05070534571913307,-1.5314094739873088,0.6640885054221695,0.13612699269759143,-0.8789851639353,0.7367246712363097,0.0545647585524371,1.0449053994284931,-0.03725250856529844,-0.4195376387923536,-0.8942437766700702,-0.15873978742581374,1.9091412456869414,-0.7951375258359844,1.6914963581696623,0
0.8619516691472591,0.4220924188432238,0.8997051785456238,-1.4893558884515168,0.6160638221534809,1.0284232547248884,1.162816370183427,-0.8520028465040377,0.8126858168872018,1.9089798098363855,-1.0197420707128733,0.0545647585524371,-0.4390358821128122,-0.03725250856529844,-0.9920371371940933,-0.22638449290750465,-0.15873978742581374,-0.5237957129987955,-0.7951375258359844,-0.5911925232177752,0
-0.4223824293628381,-0.13206543875021073,2.736742610947794,1.5168640298412597,0.4431064910016892,0.07319240708743925,-0.20585169616858562,0.6640885054221695,0.13612699269759143,-0.25943739198603655,0.7367246712363097,1.3865511423269279,1.0449053994284931,-0.03725250856529844,1.0117111072119953,0.059317972378611604,-0.15873978742581374,-0.5237957129987955,1.2576440772916977,-0.5911925232177752,0
-0.8504937955328705,1.8512986883203082,-0.9373322538565467,0.9985502508252638,1.3275444309522912,1.2272540100315412,1.056970403651279,-0.8520028465040377,1.2583237218588201,0.36011037996322687,-1.8979754416874648,-1.2774216252220538,1.0449053994284931,1.4242432292558669,-0.9920371371940933,2.1186433620597995,-0.15873978742581374,-0.5237957129987955,-0.7951375258359844,1.6914963581696623,0
-1.9635833475749547,-0.3686876863479771,0.8997051785456238,0.44568221987486817,0.5411786725899536,-0.06218337618508693,-1.5314094739873088,1.1521609060229787,0.13612699269759143,-0.25943739198603655,1.1758413567236055,0.0545647585524371,-0.4390358821128122,-0.03725250856529844,-0.4195376387923536,0.5242780206159956,-0.15873978742581374,1.9091412456869414,-0.7951375258359844,1.6914963581696623,0
0.5194625762112332,1.4590168929387735,-0.9373322538565467,-0.0726315591411278,1.381987761720342,1.4907231073848517,1.1197060816501374,-0.8520028465040377,1.4351782839311287,0.9796581519124903,-1.4588587562001691,-1.2774216252220538,-0.4390358821128122,-0.03725250856529844,-0.7057873879932234,0.6627843416920485,-0.15873978742581374,-0.5237957129987955,-0.7951375258359844,-0.5911925232177752,0
-0.6792492490648575,-0.7476483793835158,0.8997051785456238,-1.3856931326483175,-0.27383540244055604,-0.1758017897944036,-0.5604559516442456,1.1521609060229787,-0.40088795727531673,-0.8789851639353,1.1758413567236055,1.3865511423269279,-0.4390358821128122,-0.03725250856529844,-1.278286886394963,-0.3721717485955513,-0.15873978742581374,-0.5237957129987955,1.2576440772916977,-0.5911925232177752,0
1.8037966747213303,-1.2581919611478374,-0.9373322538565467,0.9639959988908641,-1.223630986433815,-1.179383373877105,-0.6950756318834131,-0.8520028465040377,-1.3189210778785396,-0.8789851639353,0.7367246712363097,0.0545647585524371,-0.4390358821128122,-0.03725250856529844,-0.1332878895914838,-1.4667431117192264,-0.15873978742581374,-0.5237957129987955,-0.7951375258359844,-0.5911925232177752,0
-0.8504937955328705,0.9754115403630215,-0.9373322538565467,-0.8673793536323215,0.41685487331441357,1.1964062821141759,0.7376749512991704,-0.8520028465040377,1.054160113300814,0.36011037996322687,-1.4588587562001691,-1.2774216252220538,-0.4390358821128122,-0.03725250856529844,0.4392116088102558,1.2997981916877692,-0.15873978742581374,-0.5237957129987955,-0.7951375258359844,1.6914963581696623,0
-2.1348278940429677,1.410419538083936,-0.9373322538565467,-1.0401506133043203,1.2602513378774325,1.5482924531243905,0.4341589305380372,-0.8520028465040377,0.517145163327906,1.289432037887122,-1.0197420707128733,-1.2774216252220538,2.5288466809697985,1.4242432292558669,-0.9920371371940933,2.7151399263098543,-0.15873978742581374,-0.5237957129987955,1.2576440772916977,-0.5911925232177752,0
-0.33676015612883164,-1.0344467791512004,0.8997051785456238,0.6184534795468668,-0.7515613769784906,-1.0092423019281362,-0.8686305850779471,0.03485374204043518,-1.3189210778785396,-0.8789851639353,0.7367246712363097,1.3865511423269279,-0.4390358821128122,1.4242432292558669,-1.5645366355958328,-0.7332908423914573,-0.15873978742581374,-0.5237957129987955,-0.7951375258359844,-0.5911925232177752,0
1.546929855019311,1.078378727755961,-0.9373322538565467,1.5859725337100592,1.2309936996339284,1.1299257806438296,0.9077121840706136,-0.8520028465040377,0.8126858168872018,0.050336493988595146,-0.1415086997382818,-1.2774216252220538,1.0449053994284931,1.4242432292558669,-0.9920371371940933,-0.3287486302732259,-0.15873978742581374,-0.5237957129987955,-0.7951375258359844,-0.5911925232177752,0
1.8894189479553367,-0.4393882036139486,-0.9373322538565467,-0.03807730720672808,0.28515153337041,0.034464973575375916,0.6787708983954508,-0.8520028465040377,-0.40088795727531673,0.050336493988595146,-0.1415086997382818,-1.2774216252220538,-0.4390358821128122,-0.03725250856529844,0.4392116088102558,-1.1685174724454455,-0.15873978742581374,-0.5237957129987955,1.2576440772916977,-0.5911925232177752,0
-1.3642274349369095,0.9327840128558342,-0.9373322538565467,0.8257789911532651,1.4199945453299971,0.8162283676599971,-1.5314094739873088,-0.8520028465040377,0.8126858168872018,0.9796581519124903,0.2976079857490139,-1.2774216252220538,2.5288466809697985,-1.4987482463864636,0.7254613580111255,1.6146998715926832,-0.15873978742581374,-0.5237957129987955,1.2576440772916977,-0.5911925232177752,0
1.546929855019311,-1.2853275400007922,-0.9373322538565467,-0.4872825823539246,-0.6600203960772216,0.034464973575375916,0.1778322772525923,0.6640885054221695,0.13612699269759143,-0.8789851639353,0.2976079857490139,0.0545647585524371,-0.4390358821128122,-1.4987482463864636,0.7254613580111255,-1.4135449906512894,-0.15873978742581374,-0.5237957129987955,1.2576440772916977,-0.5911925232177752,1
1.4613075817853045,-0.9234375929345671,-0.9373322538565467,0.9294417469564643,-1.383912240451793,-0.8745898782305835,-0.2769087108314654,-0.8520028465040377,-1.3189210778785396,-0.8789851639353,1.1758413567236055,0.0545647585524371,-0.4390358821128122,-1.4987482463864636,1.584210605613735,-1.2198857156830012,-0.15873978742581374,-0.5237957129987955,1.2576440772916977,-0.5911925232177752,0
-0.9361160687668769,1.2959073953244666,-0.9373322538565467,-1.0055963613699206,1.170589438606229,1.0681179113729515,0.1778322772525923,-0.8520028465040377,1.054160113300814,1.289432037887122,-1.4588587562001691,-1.2774216252220538,-0.4390358821128122,-0.03725250856529844,1.2979608564128653,1.66471960724488,-0.15873978742581374,1.9091412456869414,-0.7951375258359844,1.6914963581696623,0
0.6907071226792462,-0.06136492148423926,-0.9373322538565467,0.7912247392188655,0.15303533888718493,0.5938315115392923,1.014166119356488,-0.8520028465040377,0.8126858168872018,0.050336493988595146,-1.0197420707128733,-1.2774216252220538,-0.4390358821128122,1.4242432292558669,-0.1332878895914838,-0.4295487336546845,-0.15873978742581374,-0.5237957129987955,1.2576440772916977,-0.5911925232177752,0
-0.4223824293628381,0.5053246397976507,-0.9373322538565467,-1.0055963613699206,1.2411035023812858,1.1795613923956136,1.7360553485175407,-0.8520028465040377,1.5911750632737223,-0.5692112779606683,1.1758413567236055,-1.2774216252220538,-0.4390358821128122,-1.4987482463864636,0.4392116088102558,0.6010272228528595,-0.15873978742581374,-0.5237957129987955,-0.7951375258359844,-0.5911925232177752,0
-0.764871522298864,-0.12052048338368085,0.8997051785456238,0.6875619834156662,0.36301950476314765,0.06372520549379129,0.5402715434140909,1.88811232068876,-0.40088795727531673,0.6698842659378585,0.2976079857490139,1.3865511423269279,-0.4390358821128122,-0.03725250856529844,1.2979608564128653,0.23401679461221084,-0.15873978742581374,1.9091412456869414,1.2576440772916977,-0.5911925232177752,0
0.5194625762112332,-0.19314515987740732,0.8997051785456238,1.0676587546940632,0.22987882851681507,0.20075741825368978,1.2346433751783576,1.1521609060229787,0.517145163327906,0.6698842659378585,-0.1415086997382818,0.0545647585524371,-0.4390358821128122,-0.03725250856529844,-1.278286886394963,-0.4324528889831036,-0.15873978742581374,-0.5237957129987955,-0.7951375258359844,-0.5911925232177752,0
0.005728936807194294,1.040142230281343,0.8997051785456238,0.5493449756780673,0.9742103374612514,0.9359549026008619,1.3957589733763258,-0.8520028465040377,1.4351782839311287,-0.25943739198603655,-1.8979754416874648,0.0545647585524371,-0.4390358821128122,-0.03725250856529844,0.7254613580111255,0.750809683849768,-0.15873978742581374,-0.5237957129987955,-0.7951375258359844,-0.5911925232177752,0
0.6907071226792462,0.3136487782635969,0.8997051785456238,0.10013970053087085,0.804260343178859,-0.5851763554236039,-1.5314094739873088,2.180179857348376,0.13612699269759143,0.050336493988595146,0.7367246712363097,1.3865511423269279,1.0449053994284931,1.4242432292558669,-0.1332878895914838,-0.19369660194847493,-0.15873978742581374,-0.5237957129987955,-0.7951375258359844,1.6914963581696623,0
-0.5936269758308511,0.6768708355644217,0.8997051785456238,0.5493449756780673,0.025761062238730974,0.26676266005327803,-0.6950756318834131,0.03485374204043518,0.13612699269759143,-0.25943739198603655,-0.5806253852255776,1.3865511423269279,-0.4390358821128122,-0.03725250856529844,-0.7057873879932234,0.8563731722342357,-0.15873978742581374,-0.5237957129987955,1.2576440772916977,-0.5911925232177752,0
1.1188184888492785,-1.1362298685578294,-0.9373322538565467,0.2729109602028695,-1.223630986433815,-0.6392486444013494,-0.8686305850779471,0.03485374204043518,-1.3189210778785396,-0.8789851639353,0.2976079857490139,0.0545647585524371,-0.4390358821128122,-0.03725250856529844,-0.1332878895914838,-1.2253334179681328,-0.15873978742581374,-0.5237957129987955,-0.7951375258359844,-0.5911925232177752,0
-1.5354719814049222,-0.20942650718918024,0.8997051785456238,0.722116235350066,0.2630521478183642,0.39308129030207783,-0.20585169616858562,1.1521609060229787,-0.40088795727531673,-0.25943739198603655,0.7367246712363097,0.0545647585524371,-0.4390358821128122,-0.03725250856529844,-0.7057873879932234,0.5098067227969948,-0.15873978742581374,-0.5237957129987955,-0.7951375258359844,1.6914963581696623,0
-0.16551560966081866,-0.3288723915582779,0.8997051785456238,-1.6966814000579151,-0.1736641788407895,-1.0611493408418176,-1.5314094739873088,-0.8520028465040377,-0.40088795727531673,-0.8789851639353,-0.1415086997382818,0.0545647585524371,-0.4390358821128122,1.4242432292558669,-1.5645366355958328,-0.22098626944546773,-0.15873978742581374,-0.5237957129987955,-0.7951375258359844,1.6914963581696623,0
-0.16551560966081866,1.2524411317436426,-0.9373322538565467,-1.0401506133043203,0.8139290834432731,1.0109544060945141,0.996156204529315,-0.8520028465040377,0.517145163327906,-0.5692112779606683,-0.5806253852255776,-1.2774216252220538,1.0449053994284931,1.4242432292558669,-1.278286886394963,1.0423145894238808,-0.15873978742581374,-0.5237957129987955,-0.7951375258359844,-0.5911925232177752,1
-1.4498497081709159,0.27876722508352586,0.8997051785456238,0.031031196662071384,-0.042332146591425396,-0.4051344531174384,0.6631002162131998,0.03485374204043518,-0.40088795727531673,0.36011037996322687,-1.4588587562001691,0.0545647585524371,-0.4390358821128122,-0.03725250856529844,0.4392116088102558,0.9845837049860029,-0.15873978742581374,-0.5237957129987955,-0.7951375258359844,1.6914963581696623,0
1.033196215615272,-1.4136541592672207,-0.9373322538565467,0.6184534795468668,-0.9390259331402973,-0.7298831168270937,-0.5604559516442456,0.6640885054221695,-1.3189210778785396,-0.8789851639353,0.7367246712363097,0.0545647585524371,-0.4390358821128122,-0.03725250856529844,1.584210605613735,-1.3569906958541196,-0.15873978742581374,-0.5237957129987955,-0.7951375258359844,-0.5911925232177752,0
0.6907071226792462,-1.296675145702937,-0.9373322538565467,-0.10718581107552753,-2.2219047133258343,-1.2477088034530517,-0.03229674297405158,0.6640885054221695,-1.3189210778785396,-0.8789851639353,1.1758413567236055,0.0545647585524371,-0.4390358821128122,-0.03725250856529844,1.2979608564128653,-1.2064551503972283,-0.15873978742581374,-0.5237957129987955,-0.7951375258359844,1.6914963581696623,0
0.005728936807194294,-0.39266567057076995,0.8997051785456238,-0.4181740784851251,-0.29097974514250574,0.20075741825368978,-0.2769087108314654,0.03485374204043518,-0.40088795727531673,-0.5692112779606683,0.7367246712363097,0.0545647585524371,-0.4390358821128122,-1.4987482463864636,0.4392116088102558,-0.3451420545758354,-0.15873978742581374,-0.5237957129987955,-0.7951375258359844,-0.5911925232177752,0
1.2900630353172915,-0.43845079270811926,-0.9373322538565467,-0.38361982655072535,0.47482261588236574,-0.23348350437061907,-0.5604559516442456,0.03485374204043518,1.054160113300814,-0.8789851639353,0.2976079857490139,0.0545647585524371,-0.4390358821128122,-1.4987482463864636,1.2979608564128653,-0.9174275404743284,-0.15873978742581374,1.9091412456869414,-0.7951375258359844,-0.5911925232177752,0
1.1188184888492785,1.607029141227618,-0.9373322538565467,-1.3856931326483175,1.4585951973216083,1.219277380659663,-1.5314094739873088,-0.8520028465040377,1.2583237218588201,0.050336493988595146,-1.0197420707128733,-1.2774216252220538,2.5288466809697985,-0.03725250856529844,0.4392116088102558,0.26680028872094885,-0.15873978742581374,1.9091412456869414,1.2576440772916977,-0.5911925232177752,1
0.6050848494452397,0.12143020515248393,0.8997051785456238,0.23835670826846977,0.3410601235277539,0.9157667574230526,0.5779892834773674,0.03485374204043518,1.2583237218588201,0.6698842659378585,-1.0197420707128733,0.0545647585524371,-0.4390358821128122,-0.03725250856529844,-0.1332878895914838,-0.26925160343810556,-0.15873978742581374,-0.5237957129987955,-0.7951375258359844,1.6914963581696623,0
1.8037966747213303,-1.327856392675787,-0.9373322538565467,1.6896352895132585,-1.383912240451793,-1.1175755046062268,-0.35746650993044954,0.03485374204043518,-1.3189210778785396,-0.5692112779606683,-0.1415086997382818,0.0545647585524371,-0.4390358821128122,1.4242432292558669,-0.9920371371940933,-1.4951624059061934,-0.15873978742581374,-0.5237957129987955,1.2576440772916977,-0.5911925232177752,0
-0.4223824293628381,1.6786177319833226,-0.9373322538565467,0.6530077314812666,0.7532272391623797,1.757174965038877,0.9486286980291899,-0.8520028465040377,1.2583237218588201,-0.5692112779606683,-1.8979754416874648,-1.2774216252220538,-0.4390358821128122,1.4242432292558669,-1.5645366355958328,1.5981932330338402,-0.15873978742581374,-0.5237957129987955,-0.7951375258359844,-0.5911925232177752,1
0.9475739423812656,-0.18485647397323202,-0.9373322538565467,0.7912247392188655,-0.5125476871970067,-0.2185749905062043,0.305312378978912,-0.8520028465040377,-1.3189210778785396,-0.5692112779606683,0.2976079857490139,0.0545647585524371,-0.4390358821128122,-0.03725250856529844,1.584210605613735,-0.6275990445165915,-0.15873978742581374,-0.5237957129987955,1.2576440772916977,-0.5911925232177752,0
-0.07989333642681218,-1.5828814964774665,0.8997051785456238,-0.0726315591411278,-1.0993071871582751,-0.6680752475562154,-0.8686305850779471,1.1521609060229787,-0.40088795727531673,-1.1887590499099316,1.1758413567236055,1.3865511423269279,1.0449053994284931,1.4242432292558669,-1.5645366355958328,-1.239170715952226,-0.15873978742581374,-0.5237957129987955,1.2576440772916977,-0.5911925232177752,1
0.3482180297432202,-1.205696950421394,0.8997051785456238,-0.556391086222724,-0.9977272468151274,-1.773590392330606,-1.5314094739873088,0.03485374204043518,-1.3189210778785396,-0.8789851639353,0.2976079857490139,1.3865511423269279,-0.4390358821128122,1.4242432292558669,-0.9920371371940933,-1.0581327339936717,-0.15873978742581374,-0.5237957129987955,1.2576440772916977,-0.5911925232177752,0
-0.5080047025968446,-0.5944557024045616,0.8997051785456238,1.3095385182348613,-1.0633497324158372,-1.1175755046062268,-0.6950756318834131,0.03485374204043518,-0.40088795727531673,-0.8789851639353,-1.0197420707128733,1.3865511423269279,-0.4390358821128122,1.4242432292558669,-0.9920371371940933,-0.30049538366206807,-0.15873978742581374,-0.5237957129987955,-0.7951375258359844,-0.5911925232177752,0
1.718174401487324,-1.4861801609287546,-0.9373322538565467,-1.6966814000579151,-1.523931364251822,-0.5851763554236039,-0.03229674297405158,0.03485374204043518,-0.40088795727531673,-1.1887590499099316,0.7367246712363097,0.0545647585524371,1.0449053994284931,1.4242432292558669,-0.7057873879932234,-1.5417412667930122,-0.15873978742581374,-0.5237957129987955,-0.7951375258359844,-0.5911925232177752,1
0.17697348327520726,0.4394591893091149,0.8997051785456238,0.8257789911532651,0.8066933041419306,-0.5851763554236039,-0.35746650993044954,0.03485374204043518,0.13612699269759143,0.6698842659378585,0.2976079857490139,0.0545647585524371,-0.4390358821128122,1.4242432292558669,-1.278286886394963,0.18986826642587087,-0.15873978742581374,1.9091412456869414,-0.7951375258359844,-0.5911925232177752,0
-0.5080047025968446,-1.4395563027177685,-0.9373322538565467,0.8603332430876649,-0.6948534363609518,-0.16214882674179482,0.27587789045965005,-0.8520028465040377,0.13612699269759143,-1.1887590499099316,1.1758413567236055,-1.2774216252220538,-0.4390358821128122,-0.03725250856529844,-0.7057873879932234,-1.0330998040042665,-0.15873978742581374,-0.5237957129987955,1.2576440772916977,-0.5911925232177752,0
-1.7067165278729353,1.4851163860537064,-0.9373322538565467,-1.558464392320316,0.28515153337041,1.3842116467257874,1.3152011742773415,-0.8520028465040377,1.5911750632737223,2.2187536958110172,-1.8979754416874648,-1.2774216252220538,-0.4390358821128122,-0.03725250856529844,1.2979608564128653,2.4614477436936073,-0.15873978742581374,-0.5237957129987955,1.2576440772916977,-0.5911925232177752,1
-1.4498497081709159,-0.4013490558037155,0.8997051785456238,0.031031196662071384,-0.09487707524863923,0.30072286881039795,0.14125821022048246,1.88811232068876,-0.40088795727531673,-0.25943739198603655,1.1758413567236055,1.3865511423269279,-0.4390358821128122,-1.4987482463864636,0.7254613580111255,0.26783682813357546,-0.15873978742581374,-0.5237957129987955,-0.7951375258359844,1.6914963581696623,0
0.7763293959132526,0.16198556118362736,-0.9373322538565467,0.2729109602028695,0.5862251898346671,0.5226926641374506,1.2646638640771235,0.03485374204043518,0.13612699269759143,1.5992059238617538,-0.1415086997382818,0.0545647585524371,-0.4390358821128122,-0.03725250856529844,-0.9920371371940933,-0.33510372385646586,-0.15873978742581374,1.9091412456869414,-0.7951375258359844,-0.5911925232177752,0
1.1188184888492785,1.3968024112413624,-0.9373322538565467,-0.6600538420259232,0.9155090237864211,1.6307659652537376,0.5204898583170638,-0.8520028465040377,1.2583237218588201,0.36011037996322687,-1.4588587562001691,-1.2774216252220538,1.0449053994284931,-0.03725250856529844,-0.7057873879932234,0.1524522126768825,-0.15873978742581374,-0.5237957129987955,1.2576440772916977,-0.5911925232177752,0
0.09135121004120077,-1.7900493066657526,-0.9373322538565467,-0.7637165978291224,-1.4495347260525029,-0.96118389028511,0.14125821022048246,0.03485374204043518,-1.3189210778785396,-0.5692112779606683,-0.1415086997382818,-1.2774216252220538,-0.4390358821128122,-0.03725250856529844,0.4392116088102558,-1.4268413760778227,-0.15873978742581374,-0.5237957129987955,1.2576440772916977,-0.5911925232177752,0
-0.8504937955328705,1.7847425140064244,0.8997051785456238,0.4111279679404684,1.4638442674077212,0.999792481797005,0.8406111661619536,-0.8520028465040377,1.8569517264925168,-0.5692112779606683,0.2976079857490139,0.0545647585524371,5.496729244052409,-0.03725250856529844,-0.4195376387923536,2.056421645457993,-0.15873978742581374,-0.5237957129987955,-0.7951375258359844,1.6914963581696623,1
0.7763293959132526,-0.9155929437752582,-0.9373322538565467,-1.558464392320316,-0.6948534363609518,-1.0092423019281362,-0.20585169616858562,-0.8520028465040377,-1.3189210778785396,-0.5692112779606683,-0.1415086997382818,0.0545647585524371,-0.4390358821128122,-0.03725250856529844,0.7254613580111255,-0.994493742628646,-0.15873978742581374,-0.5237957129987955,1.2576440772916977,-0.5911925232177752,0
0.9475739423812656,1.4872378949458465,-0.9373322538565467,0.8948874950220647,0.4681766463207799,1.7675955179939473,0.928517257611974,-2.368094198430245,1.2583237218588201,0.36011037996322687,-1.4588587562001691,-1.2774216252220538,-0.4390358821128122,-0.03725250856529844,-0.1332878895914838,0.3387424975005507,-0.15873978742581374,-0.5237957129987955,-0.7951375258359844,-0.5911925232177752,0
0.17697348327520726,0.9819240792877306,0.8997051785456238,-1.2820303768451184,0.8151259629050337,0.49876036188758593,1.4367527476722386,0.03485374204043518,0.517145163327906,2.2187536958110172,-0.5806253852255776,0.0545647585524371,-0.4390358821128122,-0.03725250856529844,-0.1332878895914838,0.5863571711173599,-0.15873978742581374,-0.5237957129987955,-0.7951375258359844,1.6914963581696623,0
0.09135121004120077,0.5362591996900193,0.8997051785456238,-1.2474761249107187,0.10384336222621991,0.9334654876753987,1.5633934929594875,1.550945093966642,0.517145163327906,1.9089798098363855,-0.5806253852255776,0.0545647585524371,-0.4390358821128122,1.4242432292558669,-1.5645366355958328,0.3130051232501371,-0.15873978742581374,-0.5237957129987955,1.2576440772916977,-0.5911925232177752,0
-0.5080047025968446,-0.13803526609786082,0.8997051785456238,-1.3856931326483175,0.2694562088459212,0.18513035385401483,0.5000374812740657,0.6640885054221695,0.13612699269759143,0.36011037996322687,-1.0197420707128733,0.0545647585524371,-0.4390358821128122,-0.03725250856529844,1.2979608564128653,0.09516831489509682,-0.15873978742581374,1.9091412456869414,-0.7951375258359844,-0.5911925232177752,0
-1.6210942546389289,0.02763977715345268,0.8997051785456238,-0.03807730720672808,0.31527493297126563,-0.4669423223883164,-0.6950756318834131,0.03485374204043518,0.13612699269759143,-0.25943739198603655,-0.5806253852255776,0.0545647585524371,-0.4390358821128122,1.4242432292558669,-0.1332878895914838,0.8074109415976718,-0.15873978742581374,1.9091412456869414,-0.7951375258359844,1.6914963581696623,0
-0.5936269758308511,0.7384932682686774,0.8997051785456238,1.0676587546940632,1.0787776692791267,0.6266735565745362,0.996156204529315,1.1521609060229787,0.13612699269759143,0.9796581519124903,1.1758413567236055,0.0545647585524371,-0.4390358821128122,-1.4987482463864636,1.584210605613735,0.9108401315961081,-0.15873978742581374,-0.5237957129987955,-0.7951375258359844,-0.5911925232177752,0
-1.5354719814049222,-1.1001642173914477,0.8997051785456238,0.3765737160060687,-1.523931364251822,-1.9601498549418401,-0.8686305850779471,-0.8520028465040377,-1.3189210778785396,-1.1887590499099316,-0.1415086997382818,1.3865511423269279,-0.4390358821128122,-0.03725250856529844,0.7254613580111255,-0.4440460288214131,-0.15873978742581374,-0.5237957129987955,-0.7951375258359844,1.6914963581696623,0
0.8619516691472591,-0.19270112313254079,0.8997051785456238,-0.21084856687872672,-1.0993071871582751,-1.773590392330606,-1.5314094739873088,-0.8520028465040377,-1.3189210778785396,-1.1887590499099316,0.2976079857490139,0.0545647585524371,-0.4390358821128122,-0.03725250856529844,0.152961859609386,-0.5921378235919015,-0.15873978742581374,-0.5237957129987955,-0.7951375258359844,-0.5911925232177752,0
0.09135121004120077,-0.660962539302349,0.8997051785456238,-1.0401506133043203,-1.1790354179593172,-1.6288836309271162,-1.5314094739873088,-0.8520028465040377,-1.3189210778785396,-1.1887590499099316,0.7367246712363097,1.3865511423269279,-0.4390358821128122,-1.4987482463864636,1.584210605613735,-0.58239720443522,-0.15873978742581374,-0.5237957129987955,-0.7951375258359844,1.6914963581696623,0
0.4338403029772267,-0.32601082142469356,0.8997051785456238,-0.7982708497635221,-0.04793166282186812,0.3577002368508518,0.8286644917507655,1.550945093966642,-0.40088795727531673,-0.25943739198603655,0.2976079857490139,0.0545647585524371,-0.4390358821128122,-1.4987482463864636,0.7254613580111255,-0.48280220391455786,-0.15873978742581374,-0.5237957129987955,1.2576440772916977,-0.5911925232177752,0
-0.07989333642681218,-0.6489735471909527,0.8997051785456238,0.30746521213726924,-0.6600203960772216,-1.510649597891829,-1.5314094739873088,0.03485374204043518,-1.3189210778785396,-0.8789851639353,0.7367246712363097,1.3865511423269279,-0.4390358821128122,1.4242432292558669,-1.5645366355958328,-0.5089521812321336,-0.15873978742581374,1.9091412456869414,1.2576440772916977,-0.5911925232177752,0
0.7763293959132526,-0.6415729347765105,-0.9373322538565467,-0.24540281881312645,-0.4066654306859856,-0.13567609837359254,0.21231522488336196,0.6640885054221695,-0.40088795727531673,-0.8789851639353,1.1758413567236055,0.0545647585524371,-0.4390358821128122,-0.03725250856529844,0.7254613580111255,-0.8268158815297637,-0.15873978742581374,-0.5237957129987955,-0.7951375258359844,-0.5911925232177752,0
0.09135121004120077,0.6323191488294795,0.8997051785456238,-0.7637165978291224,0.3466316417092352,-0.20400152794953944,-1.5314094739873088,-0.8520028465040377,-0.40088795727531673,-0.25943739198603655,-0.1415086997382818,0.0545647585524371,-0.4390358821128122,-0.03725250856529844,0.4392116088102558,0.3848483743835497,-0.15873978742581374,1.9091412456869414,-0.7951375258359844,1.6914963581696623,0
1.033196215615272,-0.7221902726778345,-0.9373322538565467,0.23835670826846977,-0.7928504243226514,-0.559742044878125,-0.35746650993044954,0.03485374204043518,-1.3189210778785396,-0.8789851639353,1.1758413567236055,0.0545647585524371,-0.4390358821128122,-0.03725250856529844,1.0117111072119953,-0.9691312333599833,-0.15873978742581374,-0.5237957129987955,1.2576440772916977,-0.5911925232177752,0
0.6907071226792462,0.513070614124767,0.8997051785456238,-0.7637165978291224,1.2682602995811176,0.5547800751267971,-1.5314094739873088,0.6640885054221695,0.8126858168872018,0.6698842659378585,-0.1415086997382818,0.0545647585524371,4.012787962511103,-0.03725250856529844,-1.5645366355958328,-0.06827701026889342,-0.15873978742581374,1.9091412456869414,1.2576440772916977,-0.5911925232177752,1
-0.07989333642681218,-0.01528377485031228,0.8997051785456238,-1.3511388807139177,0.04988375525874456,-0.6392486444013494,0.060700411121498196,0.6640885054221695,-0.40088795727531673,-0.8789851639353,0.7367246712363097,1.3865511423269279,-0.4390358821128122,1.4242432292558669,-0.7057873879932234,-0.013472924010681333,-0.15873978742581374,-0.5237957129987955,1.2576440772916977,-0.5911925232177752,0
0.09135121004120077,-1.8914376967436113,0.8997051785456238,-0.03807730720672808,-1.3252109267769627,-0.7982085464030406,-0.08478960543199393,1.1521609060229787,-1.3189210778785396,-0.8789851639353,1.1758413567236055,1.3865511423269279,-0.4390358821128122,-0.03725250856529844,0.4392116088102558,-1.502669769030654,-0.15873978742581374,-0.5237957129987955,1.2576440772916977,-0.5911925232177752,0
-0.25113788289482514,-0.20350601725762643,0.8997051785456238,-0.34906557461632565,-0.35551511395891805,-1.0611493408418176,-1.5314094739873088,0.03485374204043518,-1.3189210778785396,-0.5692112779606683,-0.1415086997382818,1.3865511423269279,-0.4390358821128122,-0.03725250856529844,0.7254613580111255,-0.08102074240018327,-0.15873978742581374,1.9091412456869414,-0.7951375258359844,1.6914963581696623,0
-1.1073606152348898,0.14831909692495737,0.8997051785456238,1.240430014366062,0.16851264455732248,-0.1758017897944036,0.21231522488336196,1.88811232068876,0.13612699269759143,-0.5692112779606683,0.7367246712363097,1.3865511423269279,-0.4390358821128122,-0.03725250856529844,0.152961859609386,0.6639441588503515,-0.15873978742581374,-0.5237957129987955,-0.7951375258359844,1.6914963581696623,0
0.4338403029772267,-0.3152552647157042,0.8997051785456238,0.5147907237436676,0.35488582490455484,-1.1175755046062268,-1.5314094739873088,1.550945093966642,-0.40088795727531673,0.050336493988595146,0.2976079857490139,1.3865511423269279,1.0449053994284931,-1.4987482463864636,1.2979608564128653,-0.4754894015859946,-0.15873978742581374,1.9091412456869414,1.2576440772916977,-0.5911925232177752,0
-1.5354719814049222,-0.5381617106387043,0.8997051785456238,0.6875619834156662,0.5131149691433291,-0.5116836332350986,0.6940448115115979,2.180179857348376,-0.40088795727531673,-0.25943739198603655,1.1758413567236055,0.0545647585524371,-0.4390358821128122,-0.03725250856529844,-0.9920371371940933,0.15777831446457805,-0.15873978742581374,-0.5237957129987955,-0.7951375258359844,1.6914963581696623,0
-0.16551560966081866,-0.1862872590400242,0.8997051785456238,0.1692482043996703,-1.3252109267769627,-0.8352753086062314,-0.35746650993044954,-0.8520028465040377,-1.3189210778785396,-0.8789851639353,1.1758413567236055,1.3865511423269279,-0.4390358821128122,-0.03725250856529844,1.0117111072119953,-0.10707595519217089,-0.15873978742581374,-0.5237957129987955,-0.7951375258359844,1.6914963581696623,0
-1.5354719814049222,-1.1913397623373758,-0.9373322538565467,0.2729109602028695,-0.5814188535776059,-0.6116490837918062,-0.20585169616858562,-0.8520028465040377,-0.40088795727531673,-0.8789851639353,0.7367246712363097,-1.2774216252220538,-0.4390358821128122,-0.03725250856529844,-0.7057873879932234,-0.5416820033971756,-0.15873978742581374,-0.5237957129987955,1.2576440772916977,-0.5911925232177752,0
1.204440762083285,-0.5991427569337083,-0.9373322538565467,0.5147907237436676,-0.46299084662307727,-1.324090135280595,-1.5314094739873088,0.03485374204043518,-1.3189210778785396,-0.8789851639353,0.2976079857490139,0.0545647585524371,-0.4390358821128122,1.4242432292558669,-0.7057873879932234,-0.9662832658476208,-0.15873978742581374,-0.5237957129987955,-0.7951375258359844,1.6914963581696623,0
0.17697348327520726,-1.2209422119951447,0.8997051785456238,-1.3511388807139177,-0.6771647387791713,-0.96118389028511,-0.2769087108314654,1.1521609060229787,-0.40088795727531673,-0.5692112779606683,-0.5806253852255776,1.3865511423269279,-0.4390358821128122,1.4242432292558669,-0.7057873879932234,-1.0237231477157727,-0.15873978742581374,-0.5237957129987955,-0.7951375258359844,1.6914963581696623,0
-0.6792492490648575,0.5031044560733181,0.8997051785456238,0.8603332430876649,0.500641003883188,0.7266390071312443,0.8861639169110693,0.03485374204043518,0.8126858168872018,1.289432037887122,-1.4588587562001691,0.0545647585524371,-0.4390358821128122,-0.03725250856529844,0.7254613580111255,0.754606135242131,-0.15873978742581374,-0.5237957129987955,1.2576440772916977,-0.5911925232177752,0
-1.1929828884688964,0.11180940901370902,0.8997051785456238,-1.558464392320316,0.7300378406819057,-0.44567839143551063,-0.35746650993044954,0.6640885054221695,-0.40088795727531673,0.36011037996322687,0.7367246712363097,0.0545647585524371,1.0449053994284931,1.4242432292558669,-0.4195376387923536,0.6731212225982263,-0.15873978742581374,-0.5237957129987955,-0.7951375258359844,1.6914963581696623,0
-0.8504937955328705,-1.350650278912269,-0.9373322538565467,1.5514182817756594,-1.383912240451793,-1.179383373877105,-0.8686305850779471,-0.8520028465040377,-0.40088795727531673,-0.8789851639353,-0.5806253852255776,-1.2774216252220538,-0.4390358821128122,-0.03725250856529844,0.4392116088102558,-0.8747793108391122,-0.15873978742581374,-0.5237957129987955,-0.7951375258359844,1.6914963581696623,0
1.2900630353172915,-0.5877458138154673,-0.9373322538565467,-0.2799570707475262,-0.9390259331402973,-0.3487082893530292,-0.35746650993044954,0.03485374204043518,-0.40088795727531673,-1.1887590499099316,0.7367246712363097,0.0545647585524371,-0.4390358821128122,-1.4987482463864636,1.0117111072119953,-0.9935578381104492,-0.15873978742581374,1.9091412456869414,-0.7951375258359844,-0.5911925232177752,1
-0.33676015612883164,0.9021454774600434,-0.9373322538565467,1.5514182817756594,0.556602416716579,1.5135523758463583,1.4188762592181112,-0.8520028465040377,1.4351782839311287,0.9796581519124903,-1.8979754416874648,-1.2774216252220538,-0.4390358821128122,-0.03725250856529844,1.2979608564128653,0.8796751820394489,-0.15873978742581374,-0.5237957129987955,-0.7951375258359844,-0.5911925232177752,0
0.6907071226792462,-0.9087350429378751,-0.9373322538565467,-1.3856931326483175,-1.1790354179593172,-1.9601498549418401,-0.03229674297405158,-0.8520028465040377,-1.3189210778785396,-0.8789851639353,-0.5806253852255776,0.0545647585524371,-0.4390358821128122,1.4242432292558669,-1.5645366355958328,-0.9624733964693337,-0.15873978742581374,-0.5237957129987955,-0.7951375258359844,1.6914963581696623,0
0.26259575650921374,0.4132610213619894,-0.9373322538565467,-0.0726315591411278,0.1081127101302185,0.6541063025743561,0.305312378978912,-0.8520028465040377,0.8126858168872018,0.36011037996322687,-1.8979754416874648,-1.2774216252220538,-0.4390358821128122,-0.03725250856529844,0.7254613580111255,0.12042515752460828,-0.15873978742581374,1.9091412456869414,1.2576440772916977,-0.5911925232177752,0
0.5194625762112332,-1.684269886555325,-0.9373322538565467,-1.2820303768451184,-1.523931364251822,-0.8352753086062314,-0.6950756318834131,0.6640885054221695,-0.40088795727531673,-1.1887590499099316,0.7367246712363097,0.0545647585524371,-0.4390358821128122,-0.03725250856529844,0.7254613580111255,-1.420936623647156,-0.15873978742581374,-0.5237957129987955,-0.7951375258359844,1.6914963581696623,1
0.005728936807194294,-1.3659942153182125,-0.9373322538565467,1.0676587546940632,-1.02957289562413,-0.7631463972079218,-0.2769087108314654,-0.8520028465040377,-1.3189210778785396,-0.8789851639353,0.7367246712363097,0.0545647585524371,-0.4390358821128122,-1.4987482463864636,1.0117111072119953,-1.0896390035672718,-0.15873978742581374,-0.5237957129987955,-0.7951375258359844,-0.5911925232177752,0
0.005728936807194294,-0.4651423348162076,0.8997051785456238,-1.0055963613699206,-0.9390259331402973,-1.179383373877105,-1.5314094739873088,0.03485374204043518,-1.3189210778785396,-0.8789851639353,1.1758413567236055,1.3865511423269279,-0.4390358821128122,-0.03725250856529844,1.0117111072119953,-0.4005793020448348,-0.15873978742581374,-0.5237957129987955,1.2576440772916977,-0.5911925232177752,0
0.7763293959132526,-1.251827434471417,-0.9373322538565467,-0.34906557461632565,-1.7113959204136286,-0.8745898782305835,0.060700411121498196,0.6640885054221695,-0.40088795727531673,-0.8789851639353,0.2976079857490139,0.0545647585524371,-0.4390358821128122,-0.03725250856529844,-0.1332878895914838,-1.2002417842903101,-0.15873978742581374,-0.5237957129987955,1.2576440772916977,-0.5911925232177752,0
1.033196215615272,-1.0118009051630072,-0.9373322538565467,0.2729109602028695,-0.6771647387791713,-0.4250896211805721,-0.8686305850779471,0.6640885054221695,-1.3189210778785396,-0.5692112779606683,1.1758413567236055,0.0545647585524371,-0.4390358821128122,-1.4987482463864636,0.4392116088102558,-1.131581111693239,-0.15873978742581374,-0.5237957129987955,-0.7951375258359844,1.6914963581696623,0
-0.6792492490648575,-1.061533020588059,0.8997051785456238,-0.7637165978291224,-0.5962769921065771,-1.9601498549418401,-1.5314094739873088,-0.8520028465040377,-1.3189210778785396,-0.8789851639353,0.7367246712363097,0.0545647585524371,-0.4390358821128122,-0.03725250856529844,-1.278286886394963,-0.6549440612055207,-0.15873978742581374,-0.5237957129987955,-0.7951375258359844,-0.5911925232177752,0
-0.764871522298864,0.5530832585788513,0.8997051785456238,1.1713215104972625,0.8836633749774184,0.5132254625438026,-0.08478960543199393,0.6640885054221695,0.517145163327906,1.9089798098363855,-0.1415086997382818,0.0545647585524371,-0.4390358821128122,-1.4987482463864636,0.4392116088102558,0.8523024907545516,-0.15873978742581374,-0.5237957129987955,-0.7951375258359844,1.6914963581696623,0
-1.1929828884688964,1.0513418237351988,-0.9373322538565467,1.0331045027596635,0.731428970431325,1.38296574472541,1.0486490669872577,-0.8520028465040377,0.8126858168872018,0.9796581519124903,-1.8979754416874648,-1.2774216252220538,-0.4390358821128122,-0.03725250856529844,0.7254613580111255,1.6153464507893944,-0.15873978742581374,-0.5237957129987955,-0.7951375258359844,-0.5911925232177752,0
-1.7923388011069417,0.48697112100983403,2.736742610947794,0.6875619834156662,0.7451525010838136,0.4044586311021631,-1.5314094739873088,0.6640885054221695,0.13612699269759143,1.289432037887122,-0.1415086997382818,1.3865511423269279,-0.4390358821128122,-1.4987482463864636,1.584210605613735,1.410192155004866,-0.15873978742581374,1.9091412456869414,1.2576440772916977,-0.5911925232177752,0
-0.25113788289482514,-0.09762792231500621,0.8997051785456238,0.9639959988908641,-0.1597347739410857,-0.5352677519642633,-0.5604559516442456,1.1521609060229787,-0.40088795727531673,-0.8789851639353,0.7367246712363097,1.3865511423269279,-0.4390358821128122,-0.03725250856529844,-1.5645366355958328,0.005364250978331062,-0.15873978742581374,-0.5237957129987955,-0.7951375258359844,1.6914963581696623,0
1.4613075817853045,-1.465754470664894,-0.9373322538565467,-1.1783676210419192,-0.10725863313199818,-0.1758017897944036,-0.8686305850779471,1.1521609060229787,-0.40088795727531673,-1.1887590499099316,2.0540747276981968,0.0545647585524371,-0.4390358821128122,-1.4987482463864636,1.584210605613735,-1.4779940929164745,-0.15873978742581374,-0.5237957129987955,-0.7951375258359844,-0.5911925232177752,1
0.3482180297432202,-0.45231460663117434,0.8997051785456238,1.7241895414476582,-0.3653763833418245,-1.410684147335121,-0.8686305850779471,0.03485374204043518,-0.40088795727531673,-0.8789851639353,-0.1415086997382818,0.0545647585524371,-0.4390358821128122,1.4242432292558669,-1.278286886394963,-0.5330953310299555,-0.15873978742581374,-0.5237957129987955,-0.7951375258359844,-0.5911925232177752,0
-1.1073606152348898,-1.255478403262542,0.8997051785456238,0.4111279679404684,-1.6098159800704808,-0.96118389028511,-0.6950756318834131,-0.8520028465040377,-1.3189210778785396,-0.8789851639353,0.7367246712363097,2.718537526101419,-0.4390358821128122,-0.03725250856529844,-0.9920371371940933,-0.72001542256793,-0.15873978742581374,-0.5237957129987955,-0.7951375258359844,-0.5911925232177752,0
0.5194625762112332,-1.0260100809987365,0.8997051785456238,-0.9019336055667213,-1.383912240451793,-1.510649597891829,0.14125821022048246,0.03485374204043518,-1.3189210778785396,-0.8789851639353,0.7367246712363097,0.0545647585524371,-0.4390358821128122,-1.4987482463864636,1.0117111072119953,-0.98456862616551,6.299617860250349,-0.5237957129987955,1.2576440772916977,-0.5911925232177752,0
-0.33676015612883164,1.458967555522677,-0.9373322538565467,1.2058757624316623,0.7451525010838136,1.4681552498837906,1.4833454423853514,-0.8520028465040377,0.8126858168872018,0.36011037996322687,-1.0197420707128733,-1.2774216252220538,1.0449053994284931,1.4242432292558669,-0.4195376387923536,1.343446061274321,-0.15873978742581374,-0.5237957129987955,1.2576440772916977,-0.5911925232177752,0
0.005728936807194294,-1.2196101017605452,-0.9373322538565467,0.8603332430876649,-0.03129916873211096,0.14433125448928086,0.305312378978912,0.03485374204043518,-0.40088795727531673,0.050336493988595146,0.2976079857490139,-1.2774216252220538,-0.4390358821128122,-0.03725250856529844,0.4392116088102558,-0.9776701041523492,-0.15873978742581374,-0.5237957129987955,-0.7951375258359844,-0.5911925232177752,0
-2.1348278940429677,-0.3251720853510568,-0.9373322538565467,1.4132012740380606,0.22987882851681507,-0.08576749491425192,0.1778322772525923,-0.8520028465040377,-0.40088795727531673,0.36011037996322687,-1.0197420707128733,-1.2774216252220538,-0.4390358821128122,-0.03725250856529844,0.152961859609386,0.6500615751637648,-0.15873978742581374,-0.5237957129987955,-0.7951375258359844,-0.5911925232177752,0
0.3482180297432202,-1.6093263515050733,-0.9373322538565467,-0.2799570707475262,-1.9960009737071465,-2.2230906493806173,-0.5604559516442456,-0.8520028465040377,-1.3189210778785396,-0.8789851639353,1.1758413567236055,0.0545647585524371,-0.4390358821128122,-1.4987482463864636,1.584210605613735,-1.3394248750314033,6.299617860250349,-0.5237957129987955,1.2576440772916977,-0.5911925232177752,0
-0.16551560966081866,-1.4319090032228448,0.8997051785456238,-0.7291623458947226,-0.7928504243226514,-1.2477088034530517,-0.8686305850779471,0.03485374204043518,-1.3189210778785396,-0.8789851639353,0.7367246712363097,2.718537526101419,-0.4390358821128122,-0.03725250856529844,1.0117111072119953,-1.1021948838956261,-0.15873978742581374,-0.5237957129987955,1.2576440772916977,-0.5911925232177752,0
0.005728936807194294,-0.1656148816956822,-0.9373322538565467,0.8257789911532651,0.7159320954815737,0.9054320081525603,0.9869455318291523,0.6640885054221695,0.517145163327906,2.2187536958110172,-0.1415086997382818,-1.2774216252220538,-0.4390358821128122,-1.4987482463864636,1.2979608564128653,-0.17147138551366028,-0.15873978742581374,1.9091412456869414,-0.7951375258359844,-0.5911925232177752,1
0.4338403029772267,-0.2841726925750468,0.8997051785456238,1.344092770169261,0.386731473713558,0.23092526654380738,0.21231522488336196,1.550945093966642,0.13612699269759143,-0.25943739198603655,0.7367246712363097,1.3865511423269279,-0.4390358821128122,-0.03725250856529844,0.152961859609386,-0.454356073755743,-0.15873978742581374,-0.5237957129987955,1.2576440772916977,-0.5911925232177752,0
-0.33676015612883164,-0.7798163746782913,0.8997051785456238,1.5514182817756594,-0.7515613769784906,-1.510649597891829,-1.5314094739873088,0.03485374204043518,-1.3189210778785396,-0.8789851639353,1.1758413567236055,2.718537526101419,-0.4390358821128122,-0.03725250856529844,-0.4195376387923536,-0.5212120272460402,-0.15873978742581374,-0.5237957129987955,-0.7951375258359844,-0.5911925232177752,0
0.7763293959132526,0.12656129642649722,0.8997051785456238,-0.6254995900915234,-1.6098159800704808,-1.1175755046062268,-0.35746650993044954,-0.8520028465040377,-1.3189210778785396,-0.8789851639353,-0.5806253852255776,1.3865511423269279,-0.4390358821128122,-0.03725250856529844,-0.9920371371940933,-0.35678048011663827,-0.15873978742581374,-0.5237957129987955,-0.7951375258359844,-0.5911925232177752,0
-0.764871522298864,-1.0397752200895989,0.8997051785456238,-1.4893558884515168,0.28515153337041,0.20075741825368978,0.27587789045965005,1.550945093966642,0.13612699269759143,0.9796581519124903,-1.4588587562001691,0.0545647585524371,-0.4390358821128122,-1.4987482463864636,0.4392116088102558,-0.6097464142447504,-0.15873978742581374,-0.5237957129987955,1.2576440772916977,-0.5911925232177752,0
-0.6792492490648575,0.141066496758804,0.8997051785456238,-0.9019336055667213,0.6603963992729961,-0.5116836332350986,-0.08478960543199393,0.6640885054221695,-0.40088795727531673,0.36011037996322687,0.2976079857490139,0.0545647585524371,-0.4390358821128122,-0.03725250856529844,0.152961859609386,0.4284534741399689,-0.15873978742581374,1.9091412456869414,1.2576440772916977,-0.5911925232177752,0
0.17697348327520726,-0.9850106882227264,-0.9373322538565467,1.4823097779068601,-0.9977272468151274,-1.0092423019281362,-0.03229674297405158,-0.8520028465040377,-0.40088795727531673,-1.1887590499099316,0.7367246712363097,-1.2774216252220538,-0.4390358821128122,-0.03725250856529844,0.152961859609386,-0.8512802243656407,-0.15873978742581374,-0.5237957129987955,-0.7951375258359844,-0.5911925232177752,0
-1.7067165278729353,1.0213446747486596,-0.9373322538565467,0.10013970053087085,0.9795761623246779,0.6579322239472924,0.928517257611974,-0.8520028465040377,0.517145163327906,0.050336493988595146,-1.8979754416874648,-1.2774216252220538,2.5288466809697985,1.4242432292558669,-0.9920371371940933,1.94904840622203,-0.15873978742581374,-0.5237957129987955,-0.7951375258359844,-0.5911925232177752,0
0.7763293959132526,-0.721400874020294,-0.9373322538565467,0.031031196662071384,-1.272109129332575,-1.0611493408418176,-1.5314094739873088,-0.8520028465040377,-1.3189210778785396,-0.8789851639353,0.7367246712363097,0.0545647585524371,-0.4390358821128122,-0.03725250856529844,1.584210605613735,-0.8756640592859739,-0.15873978742581374,-0.5237957129987955,-0.7951375258359844,-0.5911925232177752,0
-1.1929828884688964,1.0379713839731066,-0.9373322538565467,0.1692482043996703,0.7173588495908109,1.0761738136245476,1.276265901321975,-0.8520028465040377,1.5911750632737223,0.050336493988595146,-1.0197420707128733,-1.2774216252220538,1.0449053994284931,-0.03725250856529844,-0.1332878895914838,1.601937689730748,-0.15873978742581374,-0.5237957129987955,1.2576440772916977,-0.5911925232177752,0
0.6050848494452397,-1.8734788772845647,-0.9373322538565467,1.5168640298412597,-1.272109129332575,-0.8745898782305835,-0.8686305850779471,0.03485374204043518,-1.3189210778785396,-0.8789851639353,0.2976079857490139,0.0545647585524371,-0.4390358821128122,-0.03725250856529844,-1.5645366355958328,-1.55779085520632,-0.15873978742581374,-0.5237957129987955,1.2576440772916977,-0.5911925232177752,0
0.5194625762112332,1.6083612514622176,0.8997051785456238,0.23835670826846977,0.386731473713558,1.3678251708149605,1.754538244429909,-0.8520028465040377,0.8126858168872018,0.36011037996322687,-1.0197420707128733,0.0545647585524371,-0.4390358821128122,-0.03725250856529844,-0.1332878895914838,0.7617864349596951,-0.15873978742581374,-0.5237957129987955,-0.7951375258359844,-0.5911925232177752,0
0.6907071226792462,-0.8441523652678425,0.8997051785456238,1.5514182817756594,-0.9390259331402973,-0.3857750515562201,0.4104975706988176,0.6640885054221695,-1.3189210778785396,-0.8789851639353,1.6149580422109011,1.3865511423269279,-0.4390358821128122,-1.4987482463864636,0.7254613580111255,-0.9218563144533585,-0.15873978742581374,1.9091412456869414,-0.7951375258359844,-0.5911925232177752,0
0.6907071226792462,-1.1262637105063804,-0.9373322538565467,0.9294417469564643,-0.5256576373598026,0.4839652306253873,-0.08478960543199393,0.6640885054221695,-0.40088795727531673,-0.5692112779606683,1.6149580422109011,0.0545647585524371,-0.4390358821128122,-1.4987482463864636,1.584210605613735,-1.099280665077764,-0.15873978742581374,-0.5237957129987955,-0.7951375258359844,-0.5911925232177752,0
0.09135121004120077,0.8627742194152107,-0.9373322538565467,-0.21084856687872672,1.3337060533246168,0.76332441572643,0.6940448115115979,0.03485374204043518,0.517145163327906,2.2187536958110172,1.1758413567236055,0.0545647585524371,-0.4390358821128122,-0.03725250856529844,1.2979608564128653,0.5572057580734163,-0.15873978742581374,1.9091412456869414,1.2576440772916977,-0.5911925232177752,0
-0.9361160687668769,0.6853568711329822,-0.9373322538565467,-0.10718581107552753,0.9596435685066984,0.7887587262719089,0.6470116002814561,-0.8520028465040377,0.8126858168872018,0.050336493988595146,-1.8979754416874648,-1.2774216252220538,-0.4390358821128122,1.4242432292558669,-0.1332878895914838,1.08355309191296,-0.15873978742581374,1.9091412456869414,-0.7951375258359844,1.6914963581696623,0
0.09135121004120077,0.5362591996900193,0.8997051785456238,-1.2474761249107187,0.10384336222621991,0.9334654876753987,1.5633934929594875,1.550945093966642,0.517145163327906,1.9089798098363855,-0.5806253852255776,0.0545647585524371,-0.4390358821128122,1.4242432292558669,-1.5645366355958328,0.3130051232501371,-0.15873978742581374,-0.5237957129987955,1.2576440772916977,-0.5911925232177752,0
-0.764871522298864,-0.9560989623903055,-0.9373322538565467,-0.7637165978291224,-1.272109129332575,-0.8745898782305835,0.060700411121498196,-0.8520028465040377,-0.40088795727531673,-0.8789851639353,0.7367246712363097,-1.2774216252220538,1.0449053994284931,1.4242432292558669,-1.278286886394963,-0.5329418628159501,-0.15873978742581374,-0.5237957129987955,-0.7951375258359844,-0.5911925232177752,1
0.3482180297432202,1.594596112371355,-0.9373322538565467,-1.2820303768451184,0.8708302431281849,1.6056039300525435,0.7376749512991704,-0.8520028465040377,1.4351782839311287,0.36011037996322687,-1.0197420707128733,-1.2774216252220538,-0.4390358821128122,-0.03725250856529844,-0.7057873879932234,0.8934110065049923,-0.15873978742581374,-0.5237957129987955,-0.7951375258359844,-0.5911925232177752,1
-0.5936269758308511,-0.2710982773095322,0.8997051785456238,-1.5930186442547158,-1.0993071871582751,-2.2230906493806173,-1.5314094739873088,-0.8520028465040377,-1.3189210778785396,-1.1887590499099316,0.7367246712363097,2.718537526101419,-0.4390358821128122,1.4242432292558669,-0.9920371371940933,0.018480332219011048,-0.15873978742581374,-0.5237957129987955,-0.7951375258359844,-0.5911925232177752,0
-0.5936269758308511,0.2261735395248897,0.8997051785456238,-1.4893558884515168,0.06845704764162502,0.08252338521840286,-0.20585169616858562,-0.8520028465040377,0.13612699269759143,0.36011037996322687,-0.5806253852255776,0.0545647585524371,-0.4390358821128122,-0.03725250856529844,-1.5645366355958328,0.4580099426339923,-0.15873978742581374,-0.5237957129987955,1.2576440772916977,-0.5911925232177752,0
-1.6210942546389289,0.5685258698169875,0.8997051785456238,0.13469395246527058,1.221274107855138,0.9815238993184251,0.8861639169110693,1.550945093966642,0.8126858168872018,0.9796581519124903,0.7367246712363097,0.0545647585524371,-0.4390358821128122,-1.4987482463864636,0.7254613580111255,1.3958164603355734,-0.15873978742581374,-0.5237957129987955,-0.7951375258359844,-0.5911925232177752,1
0.17697348327520726,1.0900716953707799,0.8997051785456238,0.30746521213726924,1.0481574821507635,0.9106199701556038,1.155841872351118,0.03485374204043518,0.13612699269759143,0.6698842659378585,-1.4588587562001691,0.0545647585524371,1.0449053994284931,-0.03725250856529844,1.2979608564128653,0.6654025261954629,-0.15873978742581374,-0.5237957129987955,1.2576440772916977,-0.5911925232177752,0
-0.764871522298864,0.5814029354181169,0.8997051785456238,0.9985502508252638,0.9293151469439392,0.5457730998962653,0.5959991983045402,1.1521609060229787,1.054160113300814,2.2187536958110172,-1.4588587562001691,0.0545647585524371,-0.4390358821128122,-1.4987482463864636,1.0117111072119953,0.8782964839857611,-0.15873978742581374,-0.5237957129987955,-0.7951375258359844,1.6914963581696623,0
-1.7923388011069417,1.2108990273905733,-0.9373322538565467,0.2729109602028695,0.9437373631412417,1.5316509958572568,0.21231522488336196,-0.8520028465040377,1.7307189374904248,0.050336493988595146,-1.4588587562001691,-1.2774216252220538,-0.4390358821128122,1.4242432292558669,-0.4195376387923536,2.222330848287272,-0.15873978742581374,1.9091412456869414,-0.7951375258359844,1.6914963581696623,0
-0.8504937955328705,0.5556488042158579,0.8997051785456238,-0.4181740784851251,1.275109476406404,0.33299279930326425,0.1778322772525923,1.1521609060229787,0.8126858168872018,0.050336493988595146,0.2976079857490139,0.0545647585524371,-0.4390358821128122,-1.4987482463864636,1.584210605613735,0.9073724208588823,-0.15873978742581374,1.9091412456869414,-0.7951375258359844,-0.5911925232177752,0
-0.4223824293628381,-0.28076841086440335,0.8997051785456238,-1.0055963613699206,0.5807895645232428,-0.5116836332350986,-0.5604559516442456,0.03485374204043518,0.8126858168872018,-0.5692112779606683,-0.1415086997382818,0.0545647585524371,1.0449053994284931,-0.03725250856529844,-0.4195376387923536,-0.0670626825427742,-0.15873978742581374,-0.5237957129987955,-0.7951375258359844,-0.5911925232177752,0
-1.8779610743409483,1.2845104522062254,-0.9373322538565467,0.8257789911532651,1.342590669903441,1.6282078089118412,-1.5314094739873088,-0.8520028465040377,0.13612699269759143,0.050336493988595146,-1.4588587562001691,-1.2774216252220538,2.5288466809697985,-0.03725250856529844,-0.9920371371940933,2.3700159103594403,-0.15873978742581374,-0.5237957129987955,-0.7951375258359844,1.6914963581696623,1
0.17697348327520726,-0.25328747009877456,0.8997051785456238,0.23835670826846977,0.2332864671223721,-0.26436990319599657,-0.20585169616858562,2.180179857348376,-0.40088795727531673,0.050336493988595146,0.2976079857490139,1.3865511423269279,-0.4390358821128122,-0.03725250856529844,0.4392116088102558,-0.31646194828747126,-0.15873978742581374,1.9091412456869414,1.2576440772916977,-0.5911925232177752,0
0.09135121004120077,2.658014778910608,-0.9373322538565467,-0.4527283304195248,1.2460904323211137,0.34546417965717957,1.6739804453309246,-2.368094198430245,1.5911750632737223,2.2187536958110172,-1.0197420707128733,-1.2774216252220538,2.5288466809697985,-0.03725250856529844,-1.5645366355958328,1.8998664560659608,-0.15873978742581374,-0.5237957129987955,-0.7951375258359844,1.6914963581696623,1
0.09135121004120077,0.18181920245433256,-0.9373322538565467,-1.3856931326483175,0.08643109589555087,0.11855997755964244,-0.20585169616858562,-0.8520028465040377,-0.40088795727531673,0.050336493988595146,-0.5806253852255776,0.0545647585524371,-0.4390358821128122,-0.03725250856529844,1.584210605613735,0.047919393336199684,-0.15873978742581374,-0.5237957129987955,-0.7951375258359844,-0.5911925232177752,0
0.6907071226792462,1.337696186758017,0.8997051785456238,-0.24540281881312645,1.0590670061706224,0.5896067943713453,1.3568237004209593,0.6640885054221695,1.2583237218588201,1.9089798098363855,-0.5806253852255776,0.0545647585524371,-0.4390358821128122,1.4242432292558669,-0.4195376387923536,0.4503432409266843,-0.15873978742581374,-0.5237957129987955,1.2576440772916977,-0.5911925232177752,0
-0.9361160687668769,0.7543305788355839,0.8997051785456238,-0.7291623458947226,0.5987058084325422,0.01419795564245568,0.7234793000308598,0.03485374204043518,-0.40088795727531673,0.36011037996322687,-0.1415086997382818,0.0545647585524371,-0.4390358821128122,-0.03725250856529844,0.7254613580111255,1.1492072970389418,-0.15873978742581374,-0.5237957129987955,-0.7951375258359844,1.6914963581696623,0
-0.764871522298864,2.327750115562099,-0.9373322538565467,-0.9019336055667213,1.2411035023812858,1.5867537065261528,1.3862581889402212,-2.368094198430245,1.2583237218588201,0.9796581519124903,-1.8979754416874648,-1.2774216252220538,1.0449053994284931,1.4242432292558669,-1.278286886394963,2.481229209442019,-0.15873978742581374,-0.5237957129987955,-0.7951375258359844,-0.5911925232177752,0
1.375685308551298,-1.1097850135302225,-0.9373322538565467,-0.38361982655072535,-1.02957289562413,-0.7982085464030406,-0.35746650993044954,0.03485374204043518,-1.3189210778785396,-0.8789851639353,1.6149580422109011,0.0545647585524371,-0.4390358821128122,-1.4987482463864636,0.4392116088102558,-1.2841687703723774,-0.15873978742581374,-0.5237957129987955,-0.7951375258359844,1.6914963581696623,0
0.4338403029772267,0.7819101944334053,0.8997051785456238,0.4802364718092679,1.0861768108966037,0.8192099443684683,0.5204898583170638,1.550945093966642,1.2583237218588201,1.9089798098363855,0.2976079857490139,0.0545647585524371,-0.4390358821128122,-1.4987482463864636,0.4392116088102558,0.2704835258570784,-0.15873978742581374,-0.5237957129987955,1.2576440772916977,-0.5911925232177752,0
-1.6210942546389289,-0.04838918105091721,0.8997051785456238,0.7566704872844657,-0.6948534363609518,-0.559742044878125,-1.5314094739873088,-0.8520028465040377,-0.40088795727531673,-0.5692112779606683,-1.4588587562001691,0.0545647585524371,-0.4390358821128122,1.4242432292558669,-0.7057873879932234,0.724702476362325,-0.15873978742581374,1.9091412456869414,-0.7951375258359844,1.6914963581696623,0
-1.1929828884688964,-0.10685401912501086,0.8997051785456238,-1.3856931326483175,0.3969546444896281,0.3202768665596402,0.45692719274077576,0.03485374204043518,-0.40088795727531673,-0.25943739198603655,1.1758413567236055,0.0545647585524371,-0.4390358821128122,-1.4987482463864636,0.4392116088102558,0.4538310786427961,-0.15873978742581374,-0.5237957129987955,-0.7951375258359844,-0.5911925232177752,0
-1.3642274349369095,0.47764634936763684,0.8997051785456238,1.3095385182348613,0.02080861029484085,-0.48892720037671517,-0.8686305850779471,0.03485374204043518,-0.40088795727531673,-0.5692112779606683,0.2976079857490139,0.0545647585524371,-0.4390358821128122,1.4242432292558669,-1.5645366355958328,1.1427851135260818,-0.15873978742581374,-0.5237957129987955,-0.7951375258359844,1.6914963581696623,0
-0.9361160687668769,-1.2387036817898063,-0.9373322538565467,1.4823097779068601,-0.47497296811089346,-0.09788918974245289,0.33337731561995393,0.03485374204043518,-0.40088795727531673,-0.25943739198603655,0.2976079857490139,-1.2774216252220538,-0.4390358821128122,-1.4987482463864636,0.7254613580111255,-0.7479080608073813,-0.15873978742581374,-0.5237957129987955,-0.7951375258359844,1.6914963581696623,0
-1.8779610743409483,1.05889044839793,0.8997051785456238,-0.4527283304195248,0.7451525010838136,1.2460068866165395,-1.5314094739873088,-0.8520028465040377,0.517145163327906,2.2187536958110172,-0.5806253852255776,0.0545647585524371,-0.4390358821128122,-0.03725250856529844,0.4392116088102558,2.1130690275325104,-0.15873978742581374,1.9091412456869414,-0.7951375258359844,1.6914963581696623,0
-0.25113788289482514,-0.23991703033668224,2.736742610947794,1.2749842663004616,-0.03678834786442325,-0.2803828597770823,-0.35746650993044954,1.1521609060229787,0.13612699269759143,-0.8789851639353,0.2976079857490139,2.718537526101419,1.0449053994284931,-0.03725250856529844,1.0117111072119953,-0.11072816323585129,-0.15873978742581374,1.9091412456869414,-0.7951375258359844,-0.5911925232177752,0
-0.5080047025968446,0.22972583348382197,0.8997051785456238,1.1713215104972625,0.8653946178167606,0.044365803932572695,-0.2769087108314654,1.1521609060229787,0.13612699269759143,0.9796581519124903,0.2976079857490139,0.0545647585524371,-0.4390358821128122,-1.4987482463864636,1.584210605613735,0.4139746287038858,-0.15873978742581374,-0.5237957129987955,-0.7951375258359844,1.6914963581696623,0
1.375685308551298,-1.5595942360800215,-0.9373322538565467,0.8603332430876649,-1.8357197196891686,-1.510649597891829,-1.5314094739873088,-0.8520028465040377,-1.3189210778785396,-0.8789851639353,0.7367246712363097,0.0545647585524371,-0.4390358821128122,-0.03725250856529844,1.2979608564128653,-1.5058951173971282,-0.15873978742581374,-0.5237957129987955,1.2576440772916977,-0.5911925232177752,0
0.5194625762112332,0.33219964671579877,0.8997051785456238,1.3095385182348613,0.7906857648851552,0.8072004939008631,1.276265901321975,-0.8520028465040377,0.8126858168872018,2.2187536958110172,-0.5806253852255776,0.0545647585524371,-0.4390358821128122,-0.03725250856529844,1.584210605613735,-0.0841957733194425,-0.15873978742581374,-0.5237957129987955,-0.7951375258359844,-0.5911925232177752,0
0.9475739423812656,-1.264605825240354,-0.9373322538565467,-0.694608093960323,-1.9960009737071465,-1.0611493408418176,0.7234793000308598,-0.8520028465040377,-1.3189210778785396,-0.8789851639353,1.1758413567236055,-1.2774216252220538,-0.4390358821128122,-1.4987482463864636,0.7254613580111255,-1.2516108661519862,6.299617860250349,-0.5237957129987955,1.2576440772916977,-0.5911925232177752,0
-1.1073606152348898,-1.8223159767927208,-0.9373322538565467,1.344092770169261,-1.7113959204136286,-1.0611493408418176,-0.35746650993044954,-0.8520028465040377,-1.3189210778785396,-0.8789851639353,0.2976079857490139,-1.2774216252220538,-0.4390358821128122,-0.03725250856529844,-1.5645366355958328,-1.2788426685846819,-0.15873978742581374,-0.5237957129987955,-0.7951375258359844,1.6914963581696623,0
-0.8504937955328705,-1.6235355273408023,-0.9373322538565467,0.9639959988908641,-1.523931364251822,-1.324090135280595,0.38587017807789625,-0.8520028465040377,-0.40088795727531673,-1.1887590499099316,1.1758413567236055,-1.2774216252220538,-0.4390358821128122,-1.4987482463864636,1.584210605613735,-1.1298929613391797,-0.15873978742581374,-0.5237957129987955,1.2576440772916977,-0.5911925232177752,0
0.4338403029772267,-0.32211316555308733,0.8997051785456238,-0.8328251016979219,-1.0993071871582751,-1.773590392330606,-1.5314094739873088,-0.8520028465040377,-1.3189210778785396,-1.1887590499099316,0.7367246712363097,0.0545647585524371,-0.4390358821128122,-0.03725250856529844,-0.4195376387923536,-0.4801521516945739,-0.15873978742581374,1.9091412456869414,-0.7951375258359844,1.6914963581696623,0
1.546929855019311,-1.5064578389443262,-0.9373322538565467,-0.5218368342883243,-2.2219047133258343,-1.0611493408418176,0.27587789045965005,0.03485374204043518,-1.3189210778785396,-0.8789851639353,0.2976079857490139,0.0545647585524371,-0.4390358821128122,-0.03725250856529844,0.7254613580111255,-1.5150302499389907,6.299617860250349,-0.5237957129987955,-0.7951375258359844,-0.5911925232177752,0
-0.07989333642681218,-1.1056406705781348,-0.9373322538565467,-0.21084856687872672,-0.7718235071964394,-1.410684147335121,-1.5314094739873088,-0.8520028465040377,-1.3189210778785396,-0.8789851639353,1.1758413567236055,0.0545647585524371,-0.4390358821128122,-0.03725250856529844,-0.4195376387923536,-0.8660182046548804,-0.15873978742581374,1.9091412456869414,1.2576440772916977,-0.5911925232177752,0
0.17697348327520726,0.1526114521253339,0.8997051785456238,0.9294417469564643,0.02080861029484085,-0.31364614015791037,-0.2769087108314654,0.6640885054221695,-0.40088795727531673,-0.25943739198603655,-1.0197420707128733,1.3865511423269279,-0.4390358821128122,-0.03725250856529844,1.2979608564128653,-0.01978944088438988,-0.15873978742581374,-0.5237957129987955,1.2576440772916977,-0.5911925232177752,0
-0.4223824293628381,0.380254289993577,0.8997051785456238,1.102213006628463,0.755893020205911,1.258214151385054,1.1197060816501374,0.6640885054221695,1.5911750632737223,1.289432037887122,-0.1415086997382818,0.0545647585524371,-0.4390358821128122,-0.03725250856529844,0.152961859609386,0.49473161561141527,-0.15873978742581374,1.9091412456869414,1.2576440772916977,-0.5911925232177752,0
-0.5936269758308511,0.377442057276089,2.736742610947794,1.3095385182348613,0.6194714607590379,0.44807114829279154,0.27587789045965005,1.550945093966642,0.13612699269759143,0.9796581519124903,0.2976079857490139,1.3865511423269279,-0.4390358821128122,-0.03725250856529844,1.2979608564128653,0.5917134633733844,-0.15873978742581374,-0.5237957129987955,-0.7951375258359844,-0.5911925232177752,0
0.09135121004120077,0.7466832793406601,0.8997051785456238,-0.556391086222724,0.6896052841677331,0.7469060250641646,0.928517257611974,1.1521609060229787,0.517145163327906,0.050336493988595146,-1.0197420707128733,0.0545647585524371,-0.4390358821128122,-1.4987482463864636,0.7254613580111255,0.47038132565589197,-0.15873978742581374,-0.5237957129987955,-0.7951375258359844,-0.5911925232177752,0
0.9475739423812656,1.270745313115363,0.8997051785456238,-0.38361982655072535,0.5233007587811256,0.36373276213575945,1.0316539334645618,0.03485374204043518,0.8126858168872018,0.6698842659378585,-0.5806253852255776,0.0545647585524371,-0.4390358821128122,-0.03725250856529844,1.584210605613735,0.213626487752499,-0.15873978742581374,-0.5237957129987955,1.2576440772916977,-0.5911925232177752,0
0.5194625762112332,0.05018697630945335,0.8997051785456238,0.4802364718092679,1.109214601344748,0.5457730998962653,0.015992009486089375,0.03485374204043518,0.8126858168872018,0.6698842659378585,1.1758413567236055,0.0545647585524371,-0.4390358821128122,-1.4987482463864636,1.584210605613735,-0.2711452167016257,-0.15873978742581374,1.9091412456869414,-0.7951375258359844,-0.5911925232177752,0
0.4338403029772267,-1.2258266161886766,-0.9373322538565467,-0.7982708497635221,-2.2219047133258343,-1.510649597891829,-1.5314094739873088,-0.8520028465040377,-1.3189210778785396,-1.1887590499099316,1.1758413567236055,1.3865511423269279,-0.4390358821128122,1.4242432292558669,-0.4195376387923536,-1.094595272117938,-0.15873978742581374,-0.5237957129987955,1.2576440772916977,-0.5911925232177752,0
-0.5080047025968446,1.4654800944473863,0.8997051785456238,-1.1092591171731196,1.2433254282581068,0.5592370809304232,0.5779892834773674,0.6640885054221695,0.517145163327906,-0.25943739198603655,-0.1415086997382818,0.0545647585524371,1.0449053994284931,-1.4987482463864636,1.0117111072119953,1.4852305640364238,-0.15873978742581374,1.9091412456869414,1.2576440772916977,-0.5911925232177752,1
0.8619516691472591,0.9245940017838515,-0.9373322538565467,0.8948874950220647,0.3093791406502544,0.5767649531151958,0.4341589305380372,-0.8520028465040377,0.13612699269759143,1.9089798098363855,-1.8979754416874648,-1.2774216252220538,-0.4390358821128122,1.4242432292558669,-1.5645366355958328,0.07256404035793004,-0.15873978742581374,-0.5237957129987955,-0.7951375258359844,-0.5911925232177752,0
1.375685308551298,-0.7623509293802077,-0.9373322538565467,-1.2474761249107187,-0.35551511395891805,0.14433125448928086,0.21231522488336196,1.1521609060229787,-0.40088795727531673,-0.8789851639353,1.6149580422109011,0.0545647585524371,1.0449053994284931,-0.03725250856529844,-0.1332878895914838,-1.1129066297835548,-0.15873978742581374,-0.5237957129987955,1.2576440772916977,-0.5911925232177752,1
0.9475739423812656,0.6758347498263999,-0.9373322538565467,-1.0401506133043203,0.6805457808969783,0.42115891344099293,0.6134870124126136,-0.8520028465040377,0.517145163327906,2.2187536958110172,-1.4588587562001691,-1.2774216252220538,-0.4390358821128122,-0.03725250856529844,1.584210605613735,-0.13018592007384727,-0.15873978742581374,1.9091412456869414,-0.7951375258359844,-0.5911925232177752,0
-0.5080047025968446,0.8151142754662027,0.8997051785456238,0.06558544859647111,0.9522148294475292,0.45332212266451216,-0.08478960543199393,0.03485374204043518,1.7307189374904248,-0.5692112779606683,0.2976079857490139,0.0545647585524371,-0.4390358821128122,-0.03725250856529844,1.0117111072119953,0.9214386632278033,-0.15873978742581374,-0.5237957129987955,-0.7951375258359844,-0.5911925232177752,0
-0.16551560966081866,0.8459501605263787,-0.9373322538565467,1.102213006628463,1.3101170342092385,1.1880385299927934,1.587878078775797,-0.8520028465040377,1.054160113300814,2.2187536958110172,0.7367246712363097,-1.2774216252220538,-0.4390358821128122,-1.4987482463864636,0.4392116088102558,0.7175716554678556,-0.15873978742581374,-0.5237957129987955,-0.7951375258359844,-0.5911925232177752,0
1.1188184888492785,-0.5208936150050058,-0.9373322538565467,-0.5909453381571238,-0.6272375777029506,0.5226926641374506,1.601435668278373,-0.8520028465040377,-0.40088795727531673,-0.25943739198603655,1.1758413567236055,-1.2774216252220538,-0.4390358821128122,-0.03725250856529844,0.152961859609386,-0.8906351770806427,-0.15873978742581374,-0.5237957129987955,-0.7951375258359844,1.6914963581696623,0
-1.1929828884688964,-0.624156826894523,0.8997051785456238,1.2058757624316623,0.04514204855139,0.1929909566637722,-0.35746650993044954,0.03485374204043518,-0.40088795727531673,0.050336493988595146,-0.1415086997382818,0.0545647585524371,-0.4390358821128122,-0.03725250856529844,1.0117111072119953,-0.06495438150447053,-0.15873978742581374,-0.5237957129987955,-0.7951375258359844,1.6914963581696623,0
-0.16551560966081866,0.6996153843848075,-0.9373322538565467,1.3095385182348613,0.9234400783550135,1.2687102014184797,0.5000374812740657,-0.8520028465040377,1.5911750632737223,0.050336493988595146,-1.8979754416874648,-1.2774216252220538,-0.4390358821128122,-0.03725250856529844,1.584210605613735,0.6006657758570326,-0.15873978742581374,-0.5237957129987955,-0.7951375258359844,1.6914963581696623,0
0.6050848494452397,0.7341022382361084,0.8997051785456238,1.7241895414476582,0.6911009821806022,0.46882465671493767,0.8040370991298441,0.03485374204043518,0.13612699269759143,1.5992059238617538,-0.5806253852255776,0.0545647585524371,-0.4390358821128122,-0.03725250856529844,-0.9920371371940933,0.1264817009210399,-0.15873978742581374,1.9091412456869414,-0.7951375258359844,-0.5911925232177752,0
0.26259575650921374,1.739648115694423,-0.9373322538565467,1.620526785644459,1.1818453199192815,1.693192476872247,1.4233952866648683,-0.8520028465040377,1.2583237218588201,1.289432037887122,-1.4588587562001691,-1.2774216252220538,-0.4390358821128122,-1.4987482463864636,0.7254613580111255,1.0673391331720834,-0.15873978742581374,1.9091412456869414,-0.7951375258359844,-0.5911925232177752,1
1.718174401487324,1.2950193218347335,-0.9373322538565467,-0.3145113226819259,1.0883775267606555,1.3324083250121233,-1.5314094739873088,-0.8520028465040377,1.054160113300814,1.9089798098363855,-1.8979754416874648,-1.2774216252220538,2.5288466809697985,1.4242432292558669,-0.4195376387923536,-0.35988925973039787,-0.15873978742581374,1.9091412456869414,-0.7951375258359844,1.6914963581696623,0
0.005728936807194294,0.8821144865249531,-0.9373322538565467,-1.5930186442547158,0.4921671192385918,1.4310241563684365,0.9775920523243778,-0.8520028465040377,1.2583237218588201,-0.5692112779606683,-1.4588587562001691,-1.2774216252220538,-0.4390358821128122,-0.03725250856529844,0.7254613580111255,0.6299345962778109,-0.15873978742581374,1.9091412456869414,-0.7951375258359844,1.6914963581696623,0
-0.764871522298864,-0.04863586813139862,0.8997051785456238,1.6896352895132585,0.8079058120746438,-0.5851763554236039,-0.35746650993044954,1.88811232068876,1.054160113300814,0.36011037996322687,0.2976079857490139,0.0545647585524371,1.0449053994284931,-1.4987482463864636,1.0117111072119953,0.29999806314508937,-0.15873978742581374,1.9091412456869414,-0.7951375258359844,-0.5911925232177752,1
0.09135121004120077,0.4742420676569934,-0.9373322538565467,0.8257789911532651,0.8163202767068174,0.8397057475539731,1.3568237004209593,-0.8520028465040377,0.517145163327906,-0.5692112779606683,-1.4588587562001691,-1.2774216252220538,-0.4390358821128122,-0.03725250856529844,0.4392116088102558,0.2666225004074562,-0.15873978742581374,-0.5237957129987955,-0.7951375258359844,-0.5911925232177752,0
-0.9361160687668769,-0.4579390720661505,0.8997051785456238,1.4132012740380606,-0.2572029083507984,0.17717329952452537,0.21231522488336196,0.6640885054221695,0.8126858168872018,-0.5692112779606683,-1.0197420707128733,0.0545647585524371,-0.4390358821128122,-0.03725250856529844,0.152961859609386,-0.004719365443531864,-0.15873978742581374,-0.5237957129987955,-0.7951375258359844,1.6914963581696623,0
-1.4498497081709159,-1.9001210819765568,-0.9373322538565467,-0.694608093960323,-1.9960009737071465,-1.324090135280595,-0.6950756318834131,-0.8520028465040377,-1.3189210778785396,-0.8789851639353,0.2976079857490139,-1.2774216252220538,-0.4390358821128122,-0.03725250856529844,1.2979608564128653,-1.3116580304099892,6.299617860250349,-0.5237957129987955,-0.7951375258359844,1.6914963581696623,0
-1.7067165278729353,-0.19867095048019084,0.8997051785456238,-1.5930186442547158,-0.2572029083507984,-0.6982430958463327,-1.5314094739873088,0.6640885054221695,0.13612699269759143,-1.1887590499099316,0.7367246712363097,1.3865511423269279,-0.4390358821128122,-0.03725250856529844,-0.4195376387923536,0.6011110852648843,-0.15873978742581374,-0.5237957129987955,-0.7951375258359844,-0.5911925232177752,1
-0.6792492490648575,0.5094689827497384,2.736742610947794,1.5514182817756594,-0.08276470310559798,-0.7631463972079218,-0.6950756318834131,-0.8520028465040377,-0.40088795727531673,-0.5692112779606683,-1.0197420707128733,1.3865511423269279,-0.4390358821128122,-0.03725250856529844,0.152961859609386,0.7603398083522672,-0.15873978742581374,-0.5237957129987955,1.2576440772916977,-0.5911925232177752,0
2.2319080408913625,-0.8275256560433957,-0.9373322538565467,0.5493449756780673,-1.7113959204136286,-1.0611493408418176,-0.8686305850779471,-0.8520028465040377,-1.3189210778785396,-1.1887590499099316,0.2976079857490139,-1.2774216252220538,-0.4390358821128122,1.4242432292558669,-0.9920371371940933,-1.4370759448413302,-0.15873978742581374,-0.5237957129987955,-0.7951375258359844,-0.5911925232177752,0
-1.7067165278729353,-1.2373222341391104,0.8997051785456238,-0.556391086222724,-0.9118426309964685,-0.48892720037671517,-0.6950756318834131,0.6640885054221695,-1.3189210778785396,-0.8789851639353,1.1758413567236055,1.3865511423269279,-0.4390358821128122,-0.03725250856529844,-0.7057873879932234,-0.5464453884001848,-0.15873978742581374,1.9091412456869414,-0.7951375258359844,-0.5911925232177752,1
-0.6792492490648575,-0.27918961354932237,-0.9373322538565467,-0.10718581107552753,0.5192487614651262,0.6913862091645848,0.9680912678882734,0.03485374204043518,0.8126858168872018,0.050336493988595146,0.2976079857490139,-1.2774216252220538,-0.4390358821128122,-0.03725250856529844,1.2979608564128653,0.04985326055749176,-0.15873978742581374,-0.5237957129987955,-0.7951375258359844,-0.5911925232177752,0
-0.764871522298864,1.325756532062717,-0.9373322538565467,-0.694608093960323,0.7767721725321096,1.1947413472029138,1.276265901321975,-0.8520028465040377,1.4351782839311287,1.289432037887122,-0.5806253852255776,-1.2774216252220538,1.0449053994284931,1.4242432292558669,-0.7057873879932234,1.5615218775036321,-0.15873978742581374,-0.5237957129987955,-0.7951375258359844,1.6914963581696623,0
0.3482180297432202,1.3471196332324067,0.8997051785456238,1.7241895414476582,0.6091853745997847,1.0475291411180134,0.5959991983045402,0.6640885054221695,0.517145163327906,-0.25943739198603655,-0.5806253852255776,0.0545647585524371,-0.4390358821128122,-0.03725250856529844,0.7254613580111255,0.7209429244312529,-0.15873978742581374,-0.5237957129987955,-0.7951375258359844,-0.5911925232177752,0
0.7763293959132526,0.9783717853287984,-0.9373322538565467,-0.7982708497635221,0.3789390785058729,0.6877531924261301,0.14125821022048246,0.03485374204043518,0.13612699269759143,0.6698842659378585,-0.5806253852255776,1.3865511423269279,-0.4390358821128122,1.4242432292558669,-0.9920371371940933,0.16445795558235402,-0.15873978742581374,-0.5237957129987955,1.2576440772916977,-0.5911925232177752,0
0.7763293959132526,0.9583901318098044,0.8997051785456238,-0.6600538420259232,1.188001704936898,0.9792037115420662,-1.5314094739873088,0.6640885054221695,0.13612699269759143,1.5992059238617538,1.1758413567236055,0.0545647585524371,1.0449053994284931,1.4242432292558669,-1.278286886394963,0.15223081590913698,-0.15873978742581374,-0.5237957129987955,-0.7951375258359844,-0.5911925232177752,0
1.6325521282533173,1.9069019562608174,-0.9373322538565467,-0.7637165978291224,1.3351183409634353,1.1317654749038026,0.33337731561995393,-0.8520028465040377,0.8126858168872018,0.36011037996322687,-1.8979754416874648,-1.2774216252220538,4.012787962511103,1.4242432292558669,-0.7057873879932234,-0.024190540267451807,-0.15873978742581374,-0.5237957129987955,-0.7951375258359844,-0.5911925232177752,1
-0.07989333642681218,-0.5062897398405064,-0.9373322538565467,-0.8673793536323215,0.025761062238730974,-0.6680752475562154,0.1778322772525923,0.6640885054221695,-0.40088795727531673,-0.5692112779606683,0.7367246712363097,0.0545647585524371,-0.4390358821128122,-0.03725250856529844,1.584210605613735,-0.39738833726729084,-0.15873978742581374,-0.5237957129987955,-0.7951375258359844,-0.5911925232177752,0
1.4613075817853045,1.0042739287793463,-0.9373322538565467,1.5168640298412597,1.0065051174313637,1.297795425430901,0.8638173865278577,0.03485374204043518,0.8126858168872018,0.6698842659378585,-0.5806253852255776,0.0545647585524371,2.5288466809697985,-0.03725250856529844,-1.5645366355958328,-0.30241751014567664,-0.15873978742581374,-0.5237957129987955,1.2576440772916977,-0.5911925232177752,0
0.09135121004120077,-0.7851941530327861,-0.9373322538565467,-0.5218368342883243,-0.8374459927971493,-1.2477088034530517,-0.35746650993044954,-0.8520028465040377,-0.40088795727531673,-0.8789851639353,-1.4588587562001691,0.0545647585524371,-0.4390358821128122,1.4242432292558669,-0.1332878895914838,-0.6753100479657453,-0.15873978742581374,1.9091412456869414,-0.7951375258359844,-0.5911925232177752,0
-1.5354719814049222,-0.4150155200623855,0.8997051785456238,1.344092770169261,0.8951729277966828,-0.23348350437061907,0.1778322772525923,0.03485374204043518,0.517145163327906,0.050336493988595146,1.1758413567236055,0.0545647585524371,-0.4390358821128122,-0.03725250856529844,-0.7057873879932234,0.28965028012534827,-0.15873978742581374,-0.5237957129987955,-0.7951375258359844,-0.5911925232177752,0
-1.7923388011069417,0.729119159210384,0.8997051785456238,1.620526785644459,1.0520783088539891,-0.18974838735133803,-1.5314094739873088,0.6640885054221695,0.8126858168872018,-0.25943739198603655,0.7367246712363097,0.0545647585524371,1.0449053994284931,-0.03725250856529844,1.2979608564128653,1.6818459890285864,-0.15873978742581374,1.9091412456869414,-0.7951375258359844,1.6914963581696623,0
0.17697348327520726,-0.810060210745312,-0.9373322538565467,-1.3511388807139177,-0.8374459927971493,-0.96118389028511,-0.8686305850779471,-0.8520028465040377,-0.40088795727531673,-1.1887590499099316,0.7367246712363097,0.0545647585524371,1.0449053994284931,-0.03725250856529844,-1.5645366355958328,-0.7234084957584538,-0.15873978742581374,-0.5237957129987955,1.2576440772916977,-0.5911925232177752,1
1.4613075817853045,-1.2997834029170028,-0.9373322538565467,-0.7982708497635221,-2.2219047133258343,-1.6288836309271162,-0.8686305850779471,-0.8520028465040377,-1.3189210778785396,-1.1887590499099316,1.1758413567236055,0.0545647585524371,-0.4390358821128122,-0.03725250856529844,0.152961859609386,-1.3990024097820675,-0.15873978742581374,-0.5237957129987955,1.2576440772916977,-0.5911925232177752,0
-0.33676015612883164,0.18024040513925155,0.8997051785456238,-0.003523055272328344,1.013248282045278,0.20075741825368978,0.5779892834773674,1.1521609060229787,1.054160113300814,1.289432037887122,-0.1415086997382818,0.0545647585524371,-0.4390358821128122,-1.4987482463864636,1.0117111072119953,0.2784085237934228,-0.15873978742581374,-0.5237957129987955,-0.7951375258359844,-0.5911925232177752,0
0.5194625762112332,-0.9052320863950392,-0.9373322538565467,-1.316584628779518,-1.523931364251822,-0.6680752475562154,0.27587789045965005,0.03485374204043518,-0.40088795727531673,-0.8789851639353,0.2976079857490139,0.0545647585524371,-0.4390358821128122,-0.03725250856529844,-1.278286886394963,-0.9045035041571852,-0.15873978742581374,-0.5237957129987955,-0.7951375258359844,-0.5911925232177752,0
-1.3642274349369095,0.3355545910103459,-0.9373322538565467,-0.17629431494432699,0.5697565866639278,0.7697771236096516,0.33337731561995393,0.6640885054221695,0.8126858168872018,0.6698842659378585,-0.5806253852255776,-1.2774216252220538,-0.4390358821128122,-0.03725250856529844,-0.4195376387923536,0.9954556280808989,-0.15873978742581374,-0.5237957129987955,-0.7951375258359844,1.6914963581696623,0
1.1188184888492785,-0.06536125218803807,-0.9373322538565467,0.8948874950220647,-0.042332146591425396,0.05411774396843487,0.7515442366719015,0.6640885054221695,-0.40088795727531673,-0.25943739198603655,0.7367246712363097,0.0545647585524371,-0.4390358821128122,-0.03725250856529844,0.4392116088102558,-0.6428586490086257,-0.15873978742581374,-0.5237957129987955,-0.7951375258359844,1.6914963581696623,0
0.5194625762112332,1.234482312284596,-0.9373322538565467,0.5147907237436676,1.0802653795761337,1.015365931894494,1.3667956190811377,-0.8520028465040377,0.13612699269759143,-0.25943739198603655,-1.8979754416874648,-1.2774216252220538,-0.4390358821128122,-1.4987482463864636,1.584210605613735,0.5139377852133368,-0.15873978742581374,1.9091412456869414,1.2576440772916977,-0.5911925232177752,0
-0.764871522298864,1.761751278105557,-0.9373322538565467,-1.0401506133043203,0.64923714145503,1.3601202272056152,0.9775920523243778,-0.8520028465040377,0.517145163327906,0.6698842659378585,-1.4588587562001691,-1.2774216252220538,1.0449053994284931,-1.4987482463864636,0.7254613580111255,1.961711630437776,-0.15873978742581374,-0.5237957129987955,-0.7951375258359844,-0.5911925232177752,1
0.7763293959132526,-1.2702302906753302,-0.9373322538565467,-0.14174006300992725,-1.3252109267769627,-0.7631463972079218,-0.2769087108314654,0.03485374204043518,-1.3189210778785396,-0.8789851639353,0.7367246712363097,0.0545647585524371,-0.4390358821128122,-0.03725250856529844,-1.278286886394963,-1.2115028289770013,-0.15873978742581374,-0.5237957129987955,-0.7951375258359844,1.6914963581696623,0
0.09135121004120077,0.35094786483238577,0.8997051785456238,0.9639959988908641,0.7844044449695633,1.1605121997815802,-1.5314094739873088,1.88811232068876,1.054160113300814,0.9796581519124903,0.2976079857490139,0.0545647585524371,-0.4390358821128122,-0.03725250856529844,-0.9920371371940933,0.17441074664145823,-0.15873978742581374,-0.5237957129987955,-0.7951375258359844,-0.5911925232177752,0
-0.9361160687668769,-0.3175741232722294,0.8997051785456238,-1.3856931326483175,-1.383912240451793,-1.510649597891829,-0.6950756318834131,-0.8520028465040377,-1.3189210778785396,-1.1887590499099316,0.7367246712363097,1.3865511423269279,-0.4390358821128122,1.4242432292558669,-0.9920371371940933,0.1288902293943924,-0.15873978742581374,-0.5237957129987955,-0.7951375258359844,-0.5911925232177752,0
-0.33676015612883164,1.1450829143181338,0.8997051785456238,-1.6621271481235154,1.0182526316348843,0.9080311771299198,-1.5314094739873088,0.03485374204043518,0.8126858168872018,-0.25943739198603655,-0.5806253852255776,0.0545647585524371,-0.4390358821128122,-1.4987482463864636,1.584210605613735,1.082015055276425,-0.15873978742581374,-0.5237957129987955,1.2576440772916977,-0.5911925232177752,0
-1.2786051617029028,0.37073216868699466,-0.9373322538565467,1.4132012740380606,0.8815449421012744,0.5084395235392493,0.5000374812740657,-0.8520028465040377,-0.40088795727531673,0.6698842659378585,0.7367246712363097,-1.2774216252220538,-0.4390358821128122,-0.03725250856529844,-0.4195376387923536,0.9823579965708644,-0.15873978742581374,-0.5237957129987955,1.2576440772916977,-0.5911925232177752,0
1.2900630353172915,-1.6088329773441106,-0.9373322538565467,-0.21084856687872672,-1.523931364251822,-1.410684147335121,-0.8686305850779471,0.03485374204043518,-1.3189210778785396,-0.8789851639353,0.7367246712363097,0.0545647585524371,-0.4390358821128122,1.4242432292558669,-0.4195376387923536,-1.5142427818900777,-0.15873978742581374,1.9091412456869414,1.2576440772916977,-0.5911925232177752,0
-0.33676015612883164,1.0160162338102612,-0.9373322538565467,1.0331045027596635,0.9540813208922891,1.473600217151154,1.5775061211294403,-0.8520028465040377,1.2583237218588201,-0.5692112779606683,-1.0197420707128733,-1.2774216252220538,-0.4390358821128122,-0.03725250856529844,-1.278286886394963,0.9745168610465449,-0.15873978742581374,-0.5237957129987955,1.2576440772916977,-0.5911925232177752,0
0.6050848494452397,-2.175621213458193,-0.9373322538565467,-1.0401506133043203,-1.4495347260525029,-1.0092423019281362,0.060700411121498196,1.550945093966642,-0.40088795727531673,-1.1887590499099316,1.6149580422109011,0.0545647585524371,1.0449053994284931,-1.4987482463864636,0.4392116088102558,-1.7529487514774915,-0.15873978742581374,-0.5237957129987955,1.2576440772916977,-0.5911925232177752,1
-0.25113788289482514,-0.3356316175634685,0.8997051785456238,1.7241895414476582,-0.37541534278370353,-1.324090135280595,-1.5314094739873088,-0.8520028465040377,-1.3189210778785396,-0.8789851639353,0.2976079857490139,0.0545647585524371,-0.4390358821128122,1.4242432292558669,-0.1332878895914838,-0.18882084131335258,-0.15873978742581374,-0.5237957129987955,1.2576440772916977,-0.5911925232177752,0
-1.1929828884688964,1.4208297328802515,-0.9373322538565467,0.44568221987486817,0.7906857648851552,1.5821836256551478,1.1197060816501374,-0.8520028465040377,1.054160113300814,1.9089798098363855,-1.4588587562001691,-1.2774216252220538,1.0449053994284931,-0.03725250856529844,1.2979608564128653,1.9858933569451294,-0.15873978742581374,-0.5237957129987955,1.2576440772916977,-0.5911925232177752,0
0.6050848494452397,1.1552464220339678,-0.9373322538565467,-0.2799570707475262,0.5603925481709503,0.8221778753692005,1.5489428058204304,-0.8520028465040377,1.5911750632737223,1.5992059238617538,-1.8979754416874648,-1.2774216252220538,-0.4390358821128122,1.4242432292558669,-1.5645366355958328,0.39850452955766946,-0.15873978742581374,-0.5237957129987955,-0.7951375258359844,-0.5911925232177752,0
-0.33676015612883164,0.2647060614960856,0.8997051785456238,0.3765737160060687,0.556602416716579,0.1526990066106634,-0.08478960543199393,2.180179857348376,0.517145163327906,-0.25943739198603655,0.7367246712363097,2.718537526101419,-0.4390358821128122,-0.03725250856529844,1.0117111072119953,0.3487590239927938,-0.15873978742581374,-0.5237957129987955,1.2576440772916977,-0.5911925232177752,0
1.8894189479553367,1.889337836130541,-0.9373322538565467,-1.1092591171731196,0.747857104332757,0.49876036188758593,0.9386567793690114,-0.8520028465040377,1.2583237218588201,0.6698842659378585,-0.5806253852255776,-1.2774216252220538,1.0449053994284931,-0.03725250856529844,-0.7057873879932234,-0.2581071275041288,-0.15873978742581374,-0.5237957129987955,-0.7951375258359844,1.6914963581696623,0
-1.7067165278729353,-0.7721690751833677,0.8997051785456238,-0.8673793536323215,-1.383912240451793,-1.773590392330606,-1.5314094739873088,-0.8520028465040377,-1.3189210778785396,-0.8789851639353,-0.1415086997382818,1.3865511423269279,-0.4390358821128122,-0.03725250856529844,0.7254613580111255,-0.03251975502975575,-0.15873978742581374,1.9091412456869414,-0.7951375258359844,-0.5911925232177752,0
-1.3642274349369095,0.09848830666771301,0.8997051785456238,0.3765737160060687,0.6556412024825865,0.16096016026189175,-0.35746650993044954,2.437801682511115,0.13612699269759143,0.050336493988595146,1.1758413567236055,1.3865511423269279,-0.4390358821128122,-1.4987482463864636,0.4392116088102558,0.7496507053155852,-0.15873978742581374,1.9091412456869414,-0.7951375258359844,1.6914963581696623,0
0.7763293959132526,0.7290204843781913,0.8997051785456238,0.2729109602028695,0.621167496087601,0.4585309200799089,0.015992009486089375,2.180179857348376,0.13612699269759143,1.289432037887122,-1.0197420707128733,1.3865511423269279,-0.4390358821128122,-0.03725250856529844,-0.1332878895914838,0.011875328647937163,-0.15873978742581374,-0.5237957129987955,1.2576440772916977,-0.5911925232177752,0
-1.7923388011069417,-0.3219158158887022,2.736742610947794,0.8603332430876649,0.16468343927675588,0.3138241586764191,-0.2769087108314654,1.550945093966642,-0.40088795727531673,-0.5692112779606683,1.1758413567236055,2.718537526101419,-0.4390358821128122,-0.03725250856529844,1.0117111072119953,0.502742153208025,-0.15873978742581374,1.9091412456869414,-0.7951375258359844,-0.5911925232177752,0
0.3482180297432202,1.8796183651595737,0.8997051785456238,-0.9364878575011211,1.3071587236737972,0.8011113243575696,0.6631002162131998,0.6640885054221695,0.517145163327906,-0.5692112779606683,-0.1415086997382818,1.3865511423269279,4.012787962511103,-0.03725250856529844,1.0117111072119953,1.092044999754592,-0.15873978742581374,-0.5237957129987955,-0.7951375258359844,-0.5911925232177752,0
-1.7067165278729353,1.0078755601543747,-0.9373322538565467,-0.10718581107552753,1.222426429207347,1.4949341078420637,0.7515442366719015,-0.8520028465040377,1.5911750632737223,2.2187536958110172,-1.4588587562001691,-1.2774216252220538,4.012787962511103,1.4242432292558669,-0.7057873879932234,1.9341670212082276,-0.15873978742581374,-0.5237957129987955,1.2576440772916977,-0.5911925232177752,1
0.3482180297432202,0.7812688080241535,0.8997051785456238,0.6875619834156662,0.7742046694852384,1.1112359628196664,1.5946949574450238,0.03485374204043518,1.054160113300814,-0.5692112779606683,-0.5806253852255776,0.0545647585524371,-0.4390358821128122,-0.03725250856529844,-0.9920371371940933,0.326597542991118,-0.15873978742581374,-0.5237957129987955,1.2576440772916977,-0.5911925232177752,0
-1.4498497081709159,0.934856184331878,0.8997051785456238,-0.694608093960323,0.14113850590702598,0.02441063586943899,0.8970342532253942,-0.8520028465040377,-0.40088795727531673,0.36011037996322687,-1.4588587562001691,0.0545647585524371,-0.4390358821128122,1.4242432292558669,-0.1332878895914838,1.6760091651516598,-0.15873978742581374,-0.5237957129987955,-0.7951375258359844,1.6914963581696623,0
1.718174401487324,-1.682888438904629,-0.9373322538565467,-0.4181740784851251,-2.6080897069625,-2.2230906493806173,-0.2769087108314654,-0.8520028465040377,-1.3189210778785396,-1.1887590499099316,0.7367246712363097,0.0545647585524371,-0.4390358821128122,-0.03725250856529844,-0.9920371371940933,-1.6253311259787397,6.299617860250349,-0.5237957129987955,1.2576440772916977,-0.5911925232177752,0
0.005728936807194294,0.5567835647860725,0.8997051785456238,-0.7982708497635221,0.8653946178167606,1.3549322652025717,1.1046231124644543,0.03485374204043518,1.054160113300814,0.050336493988595146,-0.5806253852255776,0.0545647585524371,-0.4390358821128122,-1.4987482463864636,0.4392116088102558,0.3810896610765978,-0.15873978742581374,-0.5237957129987955,-0.7951375258359844,1.6914963581696623,0
-1.3642274349369095,0.6172712369201137,0.8997051785456238,-1.4202473845827173,1.21138193992384,0.2235138511120732,0.060700411121498196,1.1521609060229787,1.7307189374904248,1.5992059238617538,-0.1415086997382818,0.0545647585524371,-0.4390358821128122,-0.03725250856529844,-0.9920371371940933,1.287556795404508,-0.15873978742581374,1.9091412456869414,-0.7951375258359844,-0.5911925232177752,0
-1.1073606152348898,-0.8217531783601307,0.8997051785456238,-0.7982708497635221,-0.5528409395036313,-0.559742044878125,-0.5604559516442456,0.03485374204043518,-1.3189210778785396,-0.8789851639353,1.1758413567236055,1.3865511423269279,-0.4390358821128122,-0.03725250856529844,-0.9920371371940933,-0.29241943338407905,-0.15873978742581374,-0.5237957129987955,-0.7951375258359844,1.6914963581696623,0
-1.6210942546389289,-0.13961406341294183,2.736742610947794,1.0331045027596635,-0.7320103472721154,-0.6680752475562154,-0.6950756318834131,0.6640885054221695,-0.40088795727531673,-0.8789851639353,-0.1415086997382818,2.718537526101419,-0.4390358821128122,1.4242432292558669,-1.5645366355958328,0.6254630524686481,-0.15873978742581374,1.9091412456869414,-0.7951375258359844,-0.5911925232177752,0
0.7763293959132526,-0.6361951564220157,-0.9373322538565467,0.7566704872844657,-1.1377463706151563,-0.5851763554236039,0.060700411121498196,0.03485374204043518,-1.3189210778785396,-0.5692112779606683,0.2976079857490139,0.0545647585524371,-0.4390358821128122,-0.03725250856529844,0.4392116088102558,-0.8235251204819102,-0.15873978742581374,-0.5237957129987955,-0.7951375258359844,1.6914963581696623,0
-0.4223824293628381,1.5110678669203503,-0.9373322538565467,1.1713215104972625,0.5844192006514343,1.1462981120147853,1.4454961955437307,-0.8520028465040377,1.7307189374904248,-0.25943739198603655,-1.0197420707128733,-1.2774216252220538,1.0449053994284931,1.4242432292558669,-1.5645366355958328,1.455794857415716,-0.15873978742581374,-0.5237957129987955,1.2576440772916977,-0.5911925232177752,0
-1.4498497081709159,1.5909944809963266,-0.9373322538565467,0.2729109602028695,1.1830820511156313,1.1187766500133607,1.0812671372651477,-0.8520028465040377,0.8126858168872018,1.5992059238617538,-1.8979754416874648,-1.2774216252220538,1.0449053994284931,-0.03725250856529844,-0.4195376387923536,2.3674866200127718,-0.15873978742581374,-0.5237957129987955,-0.7951375258359844,1.6914963581696623,0
0.5194625762112332,-1.7067677482952295,-0.9373322538565467,-0.4181740784851251,-1.9960009737071465,-1.0092423019281362,-0.5604559516442456,0.6640885054221695,-1.3189210778785396,-0.5692112779606683,-0.1415086997382818,0.0545647585524371,-0.4390358821128122,-0.03725250856529844,1.584210605613735,-1.4358507150016477,-0.15873978742581374,-0.5237957129987955,1.2576440772916977,-0.5911925232177752,0
2.2319080408913625,0.9653467074793801,-0.9373322538565467,-0.6600538420259232,0.5392203325238507,1.1675040927605271,1.4454961955437307,-0.8520028465040377,1.5911750632737223,1.9089798098363855,-1.8979754416874648,-1.2774216252220538,-0.4390358821128122,1.4242432292558669,-0.9920371371940933,-0.858055468633125,-0.15873978742581374,-0.5237957129987955,-0.7951375258359844,-0.5911925232177752,0
0.09135121004120077,-0.883128923983905,-0.9373322538565467,-0.5218368342883243,-1.7113959204136286,-1.324090135280595,-1.5314094739873088,-0.8520028465040377,-1.3189210778785396,-1.1887590499099316,0.7367246712363097,0.0545647585524371,1.0449053994284931,-0.03725250856529844,0.7254613580111255,-0.7485554786282128,-0.15873978742581374,-0.5237957129987955,-0.7951375258359844,-0.5911925232177752,0
-1.2786051617029028,0.5904316825637365,-0.9373322538565467,-1.6966814000579151,1.09492799356364,0.9157667574230526,0.14125821022048246,-0.8520028465040377,1.8569517264925168,0.36011037996322687,0.2976079857490139,-1.2774216252220538,1.0449053994284931,1.4242432292558669,-1.5645366355958328,1.2064215890187466,-0.15873978742581374,-0.5237957129987955,1.2576440772916977,-0.5911925232177752,1
0.26259575650921374,1.5712101771417177,-0.9373322538565467,1.3786470221036609,0.8751408810737175,1.614391216153568,0.8970342532253942,-0.8520028465040377,1.8569517264925168,-0.25943739198603655,-1.4588587562001691,-1.2774216252220538,-0.4390358821128122,-0.03725250856529844,1.584210605613735,0.9470904978179516,-0.15873978742581374,1.9091412456869414,-0.7951375258359844,1.6914963581696623,0
-0.9361160687668769,-0.0038868317320712403,0.8997051785456238,1.4823097779068601,0.6572307818067432,0.05411774396843487,0.21231522488336196,0.03485374204043518,0.13612699269759143,1.289432037887122,-1.0197420707128733,0.0545647585524371,-0.4390358821128122,-0.03725250856529844,1.0117111072119953,0.42748067016048114,-0.15873978742581374,1.9091412456869414,-0.7951375258359844,1.6914963581696623,0
0.5194625762112332,0.33219964671579877,0.8997051785456238,1.3095385182348613,0.7906857648851552,0.8072004939008631,1.276265901321975,-0.8520028465040377,0.8126858168872018,2.2187536958110172,-0.5806253852255776,0.0545647585524371,-0.4390358821128122,-0.03725250856529844,1.584210605613735,-0.0841957733194425,-0.15873978742581374,-0.5237957129987955,-0.7951375258359844,-0.5911925232177752,0
0.005728936807194294,1.4483106736458802,-0.9373322538565467,-1.0055963613699206,1.101402339597269,1.5663999396409627,0.7234793000308598,-0.8520028465040377,1.054160113300814,1.5992059238617538,1.1758413567236055,-1.2774216252220538,4.012787962511103,-0.03725250856529844,-1.278286886394963,1.063016864456325,-0.15873978742581374,-0.5237957129987955,1.2576440772916977,-0.5911925232177752,1
0.8619516691472591,1.179668443001627,-0.9373322538565467,0.23835670826846977,1.0497291254360566,1.170971971568697,1.276265901321975,-0.8520028465040377,1.2583237218588201,0.050336493988595146,-1.0197420707128733,-1.2774216252220538,-0.4390358821128122,1.4242432292558669,-0.4195376387923536,0.2243130749168203,-0.15873978742581374,-0.5237957129987955,-0.7951375258359844,1.6914963581696623,0
0.7763293959132526,0.6047888706477544,-0.9373322538565467,-0.7291623458947226,0.6713365270070758,1.0579052311459682,1.209502764880151,-0.8520028465040377,0.517145163327906,2.2187536958110172,-0.5806253852255776,-1.2774216252220538,-0.4390358821128122,-0.03725250856529844,-1.278286886394963,-0.06414427060431088,-0.15873978742581374,-0.5237957129987955,-0.7951375258359844,1.6914963581696623,0
0.26259575650921374,0.524122195330334,0.8997051785456238,0.20380245633407004,1.1162228343185716,1.1726989813556306,0.1778322772525923,1.550945093966642,1.2583237218588201,-0.25943739198603655,0.2976079857490139,0.0545647585524371,-0.4390358821128122,-1.4987482463864636,0.4392116088102558,0.19956947024890068,-0.15873978742581374,1.9091412456869414,-0.7951375258359844,1.6914963581696623,1
-0.4223824293628381,0.34117905644532204,0.8997051785456238,-0.8328251016979219,1.1793635912048384,0.326665999932568,0.060700411121498196,1.550945093966642,0.8126858168872018,0.6698842659378585,1.1758413567236055,0.0545647585524371,-0.4390358821128122,-0.03725250856529844,0.7254613580111255,0.46152210044959124,-0.15873978742581374,-0.5237957129987955,1.2576440772916977,-0.5911925232177752,0
0.8619516691472591,-0.5394938208733039,-0.9373322538565467,-1.6966814000579151,-0.5390835201509595,-0.6116490837918062,-1.5314094739873088,0.03485374204043518,-0.40088795727531673,-0.8789851639353,-0.5806253852255776,0.0545647585524371,-0.4390358821128122,-0.03725250856529844,-0.9920371371940933,-0.7984519365347331,-0.15873978742581374,-0.5237957129987955,1.2576440772916977,-0.5911925232177752,0
-0.8504937955328705,-0.629929304577788,0.8997051785456238,1.2749842663004616,-0.18795078662189685,-1.324090135280595,-1.5314094739873088,-0.8520028465040377,0.13612699269759143,-1.1887590499099316,-0.1415086997382818,0.0545647585524371,-0.4390358821128122,1.4242432292558669,-0.7057873879932234,-0.20099514766699397,-0.15873978742581374,1.9091412456869414,1.2576440772916977,-0.5911925232177752,0
1.033196215615272,-0.7930388021920949,-0.9373322538565467,-1.4202473845827173,-1.223630986433815,-0.6392486444013494,0.015992009486089375,0.03485374204043518,-1.3189210778785396,-0.8789851639353,0.7367246712363097,0.0545647585524371,-0.4390358821128122,-0.03725250856529844,1.0117111072119953,-1.0088719531702994,-0.15873978742581374,-0.5237957129987955,1.2576440772916977,-0.5911925232177752,0
-0.16551560966081866,1.359207300175996,0.8997051785456238,-0.556391086222724,0.45919020674105954,0.8368171379149353,0.33337731561995393,0.03485374204043518,-0.40088795727531673,0.6698842659378585,0.2976079857490139,1.3865511423269279,-0.4390358821128122,1.4242432292558669,-0.7057873879932234,1.1276093714460727,-0.15873978742581374,-0.5237957129987955,-0.7951375258359844,-0.5911925232177752,0
1.6325521282533173,1.3167277849170973,-0.9373322538565467,-1.2474761249107187,0.9988202069689113,1.1997233829104201,1.587878078775797,-0.8520028465040377,0.8126858168872018,1.289432037887122,-1.0197420707128733,-1.2774216252220538,-0.4390358821128122,-0.03725250856529844,1.0117111072119953,-0.285012705154048,-0.15873978742581374,-0.5237957129987955,1.2576440772916977,-0.5911925232177752,0
0.7763293959132526,-0.9853067127193041,-0.9373322538565467,-1.2820303768451184,-0.5528409395036313,-1.179383373877105,-0.8686305850779471,-0.8520028465040377,-0.40088795727531673,-1.1887590499099316,0.7367246712363097,0.0545647585524371,1.0449053994284931,-0.03725250856529844,-0.4195376387923536,-1.0371528743774254,-0.15873978742581374,1.9091412456869414,-0.7951375258359844,-0.5911925232177752,1
-1.1929828884688964,-0.14163689747288935,0.8997051785456238,1.4132012740380606,0.14113850590702598,-0.29680125043934796,-0.5604559516442456,0.6640885054221695,0.13612699269759143,-0.5692112779606683,0.2976079857490139,0.0545647585524371,-0.4390358821128122,-0.03725250856529844,-0.7057873879932234,0.41894850836107717,-0.15873978742581374,-0.5237957129987955,1.2576440772916977,-0.5911925232177752,0
0.6907071226792462,1.1539143117993682,-0.9373322538565467,-1.4202473845827173,0.9446856989875412,1.7379853146184026,1.7947723065699344,-0.8520028465040377,1.2583237218588201,0.36011037996322687,-1.4588587562001691,-1.2774216252220538,-0.4390358821128122,-1.4987482463864636,0.7254613580111255,0.33475987155349257,-0.15873978742581374,-0.5237957129987955,1.2576440772916977,-0.5911925232177752,0
1.546929855019311,0.7811701331919609,-0.9373322538565467,-1.4893558884515168,0.9522148294475292,1.0087373379804345,1.3957589733763258,-0.8520028465040377,1.054160113300814,1.9089798098363855,0.2976079857490139,-1.2774216252220538,-0.4390358821128122,-1.4987482463864636,0.7254613580111255,-0.4651491661833358,-0.15873978742581374,-0.5237957129987955,-0.7951375258359844,1.6914963581696623,0
-0.33676015612883164,-0.23217105600956603,0.8997051785456238,1.4477555259724604,-0.4997391420592437,-0.6116490837918062,0.5204898583170638,-0.8520028465040377,-0.40088795727531673,-0.5692112779606683,-0.5806253852255776,0.0545647585524371,-0.4390358821128122,-0.03725250856529844,0.7254613580111255,-0.06508436824310898,-0.15873978742581374,-0.5237957129987955,1.2576440772916977,-0.5911925232177752,0
-1.1073606152348898,0.5161295339227364,0.8997051785456238,0.10013970053087085,0.5734585748700326,0.12726469606518445,-0.08478960543199393,1.1521609060229787,-0.40088795727531673,0.36011037996322687,0.2976079857490139,0.0545647585524371,-0.4390358821128122,-0.03725250856529844,-0.4195376387923536,1.0265568422044193,-0.15873978742581374,-0.5237957129987955,1.2576440772916977,-0.5911925232177752,0
0.8619516691472591,1.0097503819660334,0.8997051785456238,-1.5930186442547158,0.2882382292167016,1.1243751750734488,1.0891533586248654,0.03485374204043518,0.13612699269759143,1.9089798098363855,-1.4588587562001691,0.0545647585524371,-0.4390358821128122,-0.03725250856529844,0.152961859609386,0.12322532346211662,-0.15873978742581374,-0.5237957129987955,1.2576440772916977,-0.5911925232177752,0
-1.5354719814049222,1.3489944550440656,-0.9373322538565467,0.2729109602028695,1.1127297371385416,0.8922775654000112,1.4954519491840863,-0.8520028465040377,1.054160113300814,0.050336493988595146,-1.0197420707128733,-1.2774216252220538,-0.4390358821128122,-0.03725250856529844,1.584210605613735,2.1786527882323914,-0.15873978742581374,1.9091412456869414,1.2576440772916977,-0.5911925232177752,0
-0.33676015612883164,-0.4379574185471564,0.8997051785456238,-1.3856931326483175,0.7202014433855722,0.25975186969867337,0.5000374812740657,2.437801682511115,0.517145163327906,0.36011037996322687,1.1758413567236055,1.3865511423269279,-0.4390358821128122,-0.03725250856529844,-0.7057873879932234,-0.23648152731529154,-0.15873978742581374,-0.5237957129987955,-0.7951375258359844,-0.5911925232177752,1
0.26259575650921374,-0.8868292301911261,0.8997051785456238,-0.9364878575011211,-0.5528409395036313,-0.6392486444013494,-0.6950756318834131,0.6640885054221695,-1.3189210778785396,-0.5692112779606683,0.7367246712363097,1.3865511423269279,-0.4390358821128122,-0.03725250856529844,-0.7057873879932234,-0.8077153785669934,-0.15873978742581374,-0.5237957129987955,1.2576440772916977,-0.5911925232177752,0
-1.3642274349369095,-0.5005172621572415,0.8997051785456238,1.2749842663004616,-1.1377463706151563,-1.773590392330606,-1.5314094739873088,-0.8520028465040377,-1.3189210778785396,-1.1887590499099316,0.7367246712363097,1.3865511423269279,-0.4390358821128122,-0.03725250856529844,-0.9920371371940933,0.12856484323573614,-0.15873978742581374,-0.5237957129987955,-0.7951375258359844,1.6914963581696623,0
-0.33676015612883164,-0.5346587540958683,0.8997051785456238,0.5147907237436676,-0.23314965474948088,-0.7982085464030406,-1.5314094739873088,0.03485374204043518,-0.40088795727531673,-0.8789851639353,0.2976079857490139,0.0545647585524371,-0.4390358821128122,-0.03725250856529844,0.4392116088102558,-0.31702298782391725,-0.15873978742581374,1.9091412456869414,-0.7951375258359844,-0.5911925232177752,0
-1.1929828884688964,-0.023325773674006175,0.8997051785456238,1.0331045027596635,-0.7718235071964394,-1.0611493408418176,-1.5314094739873088,0.03485374204043518,-1.3189210778785396,-0.8789851639353,-1.0197420707128733,1.3865511423269279,-0.4390358821128122,-0.03725250856529844,1.584210605613735,0.5375987261420162,-0.15873978742581374,-0.5237957129987955,-0.7951375258359844,-0.5911925232177752,0
0.17697348327520726,1.0193711781048085,0.8997051785456238,-0.7291623458947226,0.8794184235838717,1.3866962926454613,1.7440460261745092,0.03485374204043518,1.7307189374904248,-0.25943739198603655,-1.4588587562001691,0.0545647585524371,-0.4390358821128122,-0.03725250856529844,0.7254613580111255,0.6137273465298965,-0.15873978742581374,-0.5237957129987955,-0.7951375258359844,-0.5911925232177752,0
0.4338403029772267,0.9802959445565533,-0.9373322538565467,1.2749842663004616,0.747857104332757,1.415792393286533,1.1046231124644543,-0.8520028465040377,0.8126858168872018,1.289432037887122,-1.8979754416874648,-1.2774216252220538,-0.4390358821128122,1.4242432292558669,-0.7057873879932234,0.40536782935777976,-0.15873978742581374,1.9091412456869414,-0.7951375258359844,-0.5911925232177752,0
0.6050848494452397,-0.7555423659589209,0.8997051785456238,-0.24540281881312645,-1.523931364251822,-1.510649597891829,-0.20585169616858562,0.03485374204043518,-1.3189210778785396,-0.8789851639353,-0.5806253852255776,1.3865511423269279,-0.4390358821128122,1.4242432292558669,-0.7057873879932234,-0.8357002654596719,-0.15873978742581374,-0.5237957129987955,-0.7951375258359844,1.6914963581696623,0
0.09135121004120077,-1.5299424490061562,-0.9373322538565467,-0.34906557461632565,-1.9960009737071465,-1.410684147335121,-0.5604559516442456,-0.8520028465040377,-0.40088795727531673,-1.1887590499099316,0.7367246712363097,0.0545647585524371,-0.4390358821128122,1.4242432292558669,-0.4195376387923536,-1.232307416152116,-0.15873978742581374,-0.5237957129987955,-0.7951375258359844,-0.5911925232177752,0
0.26259575650921374,-1.0424887779748944,-0.9373322538565467,-1.4202473845827173,-2.2219047133258343,-1.2477088034530517,-0.8686305850779471,-0.8520028465040377,-1.3189210778785396,-1.1887590499099316,0.7367246712363097,0.0545647585524371,-0.4390358821128122,1.4242432292558669,-0.9920371371940933,-0.9188414607410667,-0.15873978742581374,-0.5237957129987955,1.2576440772916977,-0.5911925232177752,0
0.26259575650921374,-0.9870828596987702,-0.9373322538565467,-0.3145113226819259,-1.523931364251822,-0.8745898782305835,-0.35746650993044954,-0.8520028465040377,-1.3189210778785396,-0.8789851639353,1.1758413567236055,0.0545647585524371,-0.4390358821128122,-0.03725250856529844,-0.1332878895914838,-0.8792869154854456,-0.15873978742581374,-0.5237957129987955,-0.7951375258359844,1.6914963581696623,0
1.4613075817853045,-1.537935110413754,-0.9373322538565467,-1.5239101403859165,-1.7113959204136286,-1.510649597891829,-0.6950756318834131,0.03485374204043518,-1.3189210778785396,-0.8789851639353,0.7367246712363097,0.0545647585524371,-0.4390358821128122,-1.4987482463864636,1.0117111072119953,-1.512347491378317,6.299617860250349,-0.5237957129987955,1.2576440772916977,-0.5911925232177752,0
-0.764871522298864,-1.6998111726256537,0.8997051785456238,1.620526785644459,-0.9676038472142717,-0.7298831168270937,-1.5314094739873088,1.550945093966642,-1.3189210778785396,-0.5692112779606683,0.7367246712363097,1.3865511423269279,-0.4390358821128122,1.4242432292558669,-1.278286886394963,-1.2155785422014072,-0.15873978742581374,-0.5237957129987955,-0.7951375258359844,1.6914963581696623,0
-0.07989333642681218,-0.4456540554581764,0.8997051785456238,-0.7291623458947226,0.6143521551384257,0.7197400932181705,0.6940448115115979,1.88811232068876,1.5911750632737223,-0.5692112779606683,0.7367246712363097,0.0545647585524371,1.0449053994284931,-0.03725250856529844,-1.5645366355958328,-0.3499775612531858,-0.15873978742581374,1.9091412456869414,-0.7951375258359844,-0.5911925232177752,1
0.7763293959132526,-0.38551174523680914,-0.9373322538565467,-0.9364878575011211,0.6194714607590379,0.4636982126924671,0.4341589305380372,1.88811232068876,-0.40088795727531673,0.6698842659378585,0.7367246712363097,0.0545647585524371,1.0449053994284931,1.4242432292558669,-0.4195376387923536,-0.6701273509026122,-0.15873978742581374,-0.5237957129987955,1.2576440772916977,-0.5911925232177752,0
0.6050848494452397,-0.5336720057739427,0.8997051785456238,-0.6600538420259232,0.4217208184379781,0.10079196769698218,0.060700411121498196,1.1521609060229787,-0.40088795727531673,-0.25943739198603655,1.6149580422109011,0.0545647585524371,-0.4390358821128122,-1.4987482463864636,0.7254613580111255,-0.6923911440469583,-0.15873978742581374,-0.5237957129987955,-0.7951375258359844,-0.5911925232177752,0
-2.0492056208089613,0.5550567552227026,-0.9373322538565467,-0.14174006300992725,0.8783521128752576,1.5821836256551478,1.1197060816501374,-0.8520028465040377,1.2583237218588201,-0.5692112779606683,-1.4588587562001691,-1.2774216252220538,-0.4390358821128122,-0.03725250856529844,-1.5645366355958328,1.6446890701327546,-0.15873978742581374,-0.5237957129987955,-0.7951375258359844,1.6914963581696623,0
-1.0217383420008834,1.5008550217884202,-0.9373322538565467,0.30746521213726924,0.30041679444229413,1.2848682506932516,0.5402715434140909,-0.8520028465040377,0.8126858168872018,0.36011037996322687,-1.4588587562001691,-1.2774216252220538,4.012787962511103,-1.4987482463864636,1.2979608564128653,1.9285851390638564,-0.15873978742581374,1.9091412456869414,1.2576440772916977,-0.5911925232177752,1
-1.6210942546389289,-1.716141857353523,-0.9373322538565467,-0.003523055272328344,-1.7113959204136286,-1.0611493408418176,0.015992009486089375,-0.8520028465040377,-1.3189210778785396,-0.8789851639353,0.7367246712363097,-1.2774216252220538,1.0449053994284931,-0.03725250856529844,0.152961859609386,-1.0895702363894115,-0.15873978742581374,-0.5237957129987955,-0.7951375258359844,-0.5911925232177752,0
0.7763293959132526,-0.016270523172237913,0.8997051785456238,-0.4181740784851251,0.29739701916243816,0.034464973575375916,-0.2769087108314654,1.1521609060229787,0.517145163327906,-0.25943739198603655,-0.5806253852255776,1.3865511423269279,-0.4390358821128122,-0.03725250856529844,1.0117111072119953,-0.44418188592889324,-0.15873978742581374,-0.5237957129987955,1.2576440772916977,-0.5911925232177752,0
-0.6792492490648575,-0.25027788771690135,0.8997051785456238,0.722116235350066,-0.6771647387791713,-0.3487082893530292,0.45692719274077576,0.03485374204043518,-0.40088795727531673,-0.25943739198603655,-1.0197420707128733,0.0545647585524371,-0.4390358821128122,-0.03725250856529844,-0.7057873879932234,0.07589924848415666,-0.15873978742581374,-0.5237957129987955,-0.7951375258359844,-0.5911925232177752,0
-0.5936269758308511,-0.31643936270201495,-0.9373322538565467,-0.556391086222724,0.3969546444896281,-0.006722948700011491,0.015992009486089375,-0.8520028465040377,-0.40088795727531673,0.36011037996322687,0.7367246712363097,-1.2774216252220538,1.0449053994284931,-0.03725250856529844,-1.5645366355958328,-0.021595837239404246,-0.15873978742581374,-0.5237957129987955,-0.7951375258359844,-0.5911925232177752,0
-1.2786051617029028,0.9287383447359392,0.8997051785456238,1.6896352895132585,0.8316177810250537,0.5179763394093555,1.0812671372651477,0.6640885054221695,0.517145163327906,0.36011037996322687,0.2976079857490139,0.0545647585524371,-0.4390358821128122,1.4242432292558669,-0.1332878895914838,1.5514483245712123,-0.15873978742581374,1.9091412456869414,1.2576440772916977,-0.5911925232177752,0
-0.33676015612883164,0.42253645558809033,0.8997051785456238,-1.1092591171731196,0.9418358351002616,0.8041630560680813,0.7913358438282032,0.6640885054221695,0.8126858168872018,0.6698842659378585,1.1758413567236055,0.0545647585524371,-0.4390358821128122,-1.4987482463864636,1.0117111072119953,0.48021419346580074,-0.15873978742581374,-0.5237957129987955,-0.7951375258359844,-0.5911925232177752,0
0.3482180297432202,1.101665988153406,-0.9373322538565467,0.1692482043996703,0.9813533478034343,1.473600217151154,1.5303786536154933,-0.8520028465040377,1.054160113300814,1.9089798098363855,-1.0197420707128733,-1.2774216252220538,-0.4390358821128122,-0.03725250856529844,-0.9920371371940933,0.5498845695036505,-0.15873978742581374,-0.5237957129987955,-0.7951375258359844,1.6914963581696623,0
-0.07989333642681218,-1.5920089184552784,-0.9373322538565467,-0.34906557461632565,-0.8147021338647573,-0.8352753086062314,0.015992009486089375,0.6640885054221695,-1.3189210778785396,-0.8789851639353,1.1758413567236055,0.0545647585524371,-0.4390358821128122,-0.03725250856529844,1.584210605613735,-1.2463074072155373,-0.15873978742581374,-0.5237957129987955,1.2576440772916977,-0.5911925232177752,0
0.09135121004120077,0.506952774528828,0.8997051785456238,1.102213006628463,0.6245441559698635,0.6186176543229401,0.6470116002814561,1.1521609060229787,0.8126858168872018,0.9796581519124903,-0.5806253852255776,0.0545647585524371,-0.4390358821128122,-0.03725250856529844,1.584210605613735,0.2910868432433332,-0.15873978742581374,-0.5237957129987955,1.2576440772916977,-0.5911925232177752,0
-1.1073606152348898,-0.22758267631261184,0.8997051785456238,0.7566704872844657,-0.9390259331402973,-1.1175755046062268,-0.8686305850779471,-0.8520028465040377,-1.3189210778785396,-0.8789851639353,-0.1415086997382818,1.3865511423269279,-0.4390358821128122,-0.03725250856529844,-0.9920371371940933,0.29335448286448407,-0.15873978742581374,-0.5237957129987955,-0.7951375258359844,-0.5911925232177752,0
-1.5354719814049222,-0.8268349322180477,0.8997051785456238,0.44568221987486817,-0.7320103472721154,-0.4669423223883164,0.5204898583170638,0.6640885054221695,-0.40088795727531673,-0.5692112779606683,0.2976079857490139,1.3865511423269279,-0.4390358821128122,-0.03725250856529844,-1.5645366355958328,-0.15134943837242784,-0.15873978742581374,-0.5237957129987955,1.2576440772916977,-0.5911925232177752,0
-2.1348278940429677,1.535341875639721,-0.9373322538565467,-1.4202473845827173,0.9624040060703084,0.8511332113863703,0.14125821022048246,-0.8520028465040377,1.5911750632737223,2.2187536958110172,-1.4588587562001691,-1.2774216252220538,-0.4390358821128122,-0.03725250856529844,1.2979608564128653,2.8637776653826243,-0.15873978742581374,1.9091412456869414,-0.7951375258359844,-0.5911925232177752,0
-0.9361160687668769,-0.16798307766830373,-0.9373322538565467,0.9294417469564643,1.2623983431362173,0.779337372307516,1.5073202796768133,0.6640885054221695,1.5911750632737223,1.9089798098363855,1.1758413567236055,-1.2774216252220538,4.012787962511103,-0.03725250856529844,-0.7057873879932234,0.27128189601955455,-0.15873978742581374,-0.5237957129987955,1.2576440772916977,-0.5911925232177752,1
0.6050848494452397,-0.09451966510094047,2.736742610947794,0.583899227612467,0.746506443852645,-0.5352677519642633,-1.5314094739873088,1.88811232068876,-0.40088795727531673,0.36011037996322687,0.7367246712363097,1.3865511423269279,-0.4390358821128122,-0.03725250856529844,1.2979608564128653,-0.40873659886248787,-0.15873978742581374,-0.5237957129987955,1.2576440772916977,-0.5911925232177752,0
0.17697348327520726,0.25918027089330203,0.8997051785456238,1.1713215104972625,-0.6272375777029506,-0.7298831168270937,-0.8686305850779471,-0.8520028465040377,-0.40088795727531673,-0.8789851639353,-1.4588587562001691,0.0545647585524371,-0.4390358821128122,1.4242432292558669,-0.9920371371940933,0.058101967404251886,-0.15873978742581374,-0.5237957129987955,1.2576440772916977,-0.5911925232177752,0
-1.0217383420008834,0.18107914121288834,0.8997051785456238,-0.7291623458947226,0.2264502196955796,0.5179763394093555,0.5779892834773674,1.1521609060229787,0.8126858168872018,0.050336493988595146,-1.0197420707128733,0.0545647585524371,-0.4390358821128122,-0.03725250856529844,1.0117111072119953,0.649893011715595,-0.15873978742581374,-0.5237957129987955,1.2576440772916977,-0.5911925232177752,0
0.26259575650921374,0.39811443462043095,0.8997051785456238,1.3095385182348613,0.9777932898426995,0.6913862091645848,0.38587017807789625,2.180179857348376,0.13612699269759143,0.6698842659378585,1.1758413567236055,1.3865511423269279,1.0449053994284931,-0.03725250856529844,-0.9920371371940933,0.10961193811812951,-0.15873978742581374,-0.5237957129987955,1.2576440772916977,-0.5911925232177752,0
0.26259575650921374,1.0315081824644936,0.8997051785456238,-0.21084856687872672,0.9605652348462215,1.3187840467672922,1.3766053855179865,0.03485374204043518,1.7307189374904248,0.050336493988595146,-1.4588587562001691,0.0545647585524371,-0.4390358821128122,-0.03725250856529844,-0.7057873879932234,0.5617947092594138,-0.15873978742581374,-0.5237957129987955,-0.7951375258359844,-0.5911925232177752,0
1.033196215615272,-1.2198567888410266,-0.9373322538565467,-1.6966814000579151,-1.8357197196891686,-1.2477088034530517,-0.6950756318834131,-0.8520028465040377,-0.40088795727531673,-1.1887590499099316,0.2976079857490139,-1.2774216252220538,-0.4390358821128122,-0.03725250856529844,1.0117111072119953,-1.2482848828910822,-0.15873978742581374,-0.5237957129987955,1.2576440772916977,-0.5911925232177752,0
0.26259575650921374,-1.491853963779827,-0.9373322538565467,-1.6621271481235154,-1.1790354179593172,-0.7982085464030406,-0.35746650993044954,0.03485374204043518,-1.3189210778785396,-0.8789851639353,1.1758413567236055,0.0545647585524371,-0.4390358821128122,-0.03725250856529844,-0.7057873879932234,-1.2396453772042866,-0.15873978742581374,-0.5237957129987955,-0.7951375258359844,-0.5911925232177752,1
0.5194625762112332,1.064366901584617,-0.9373322538565467,-1.6621271481235154,0.30041679444229413,0.9259393862779007,0.8406111661619536,-0.8520028465040377,0.8126858168872018,0.050336493988595146,-1.4588587562001691,-1.2774216252220538,-0.4390358821128122,1.4242432292558669,-0.4195376387923536,0.40116632251533685,-0.15873978742581374,-0.5237957129987955,-0.7951375258359844,-0.5911925232177752,0
-1.1929828884688964,0.056896864898547644,0.8997051785456238,0.7912247392188655,0.721617320069263,0.8815584487617174,1.1899349735429483,1.88811232068876,1.4351782839311287,0.9796581519124903,-0.5806253852255776,0.0545647585524371,-0.4390358821128122,-0.03725250856529844,-1.278286886394963,0.6180512924938956,-0.15873978742581374,-0.5237957129987955,1.2576440772916977,-0.5911925232177752,0
1.4613075817853045,1.9845097117802684,-0.9373322538565467,0.7912247392188655,0.7451525010838136,1.6187406073181931,1.0891533586248654,-2.368094198430245,1.054160113300814,1.9089798098363855,-1.8979754416874648,-1.2774216252220538,-0.4390358821128122,-0.03725250856529844,1.2979608564128653,0.1641124424448118,-0.15873978742581374,1.9091412456869414,-0.7951375258359844,1.6914963581696623,0
0.09135121004120077,0.7090388308591974,0.8997051785456238,-1.2820303768451184,0.6970439417310675,0.20075741825368978,0.27587789045965005,0.03485374204043518,0.8126858168872018,0.36011037996322687,-1.0197420707128733,0.0545647585524371,-0.4390358821128122,1.4242432292558669,-0.4195376387923536,0.4422270366909234,-0.15873978742581374,1.9091412456869414,-0.7951375258359844,1.6914963581696623,0
0.6050848494452397,-1.0274408660655285,0.8997051785456238,1.3786470221036609,-1.4495347260525029,-1.6288836309271162,-0.8686305850779471,-0.8520028465040377,-1.3189210778785396,-1.1887590499099316,0.2976079857490139,1.3865511423269279,-0.4390358821128122,1.4242432292558669,-0.9920371371940933,-1.0113232514737844,-0.15873978742581374,-0.5237957129987955,1.2576440772916977,-0.5911925232177752,0
-1.2786051617029028,-1.4352146101012957,-0.9373322538565467,0.6184534795468668,-0.24906922849220556,0.845444650421015,0.8523258515899851,0.6640885054221695,0.13612699269759143,-0.5692112779606683,1.6149580422109011,-1.2774216252220538,-0.4390358821128122,-1.4987482463864636,1.2979608564128653,-0.859461841282781,-0.15873978742581374,-0.5237957129987955,-0.7951375258359844,-0.5911925232177752,0
0.26259575650921374,0.6950763421039496,0.8997051785456238,0.1692482043996703,0.9945045604861665,-0.13567609837359254,-1.5314094739873088,-0.8520028465040377,0.13612699269759143,0.9796581519124903,-0.1415086997382818,0.0545647585524371,-0.4390358821128122,1.4242432292558669,-0.9920371371940933,0.3216144384686039,-0.15873978742581374,-0.5237957129987955,1.2576440772916977,-0.5911925232177752,0
0.7763293959132526,-1.2725491492318552,-0.9373322538565467,-0.5218368342883243,-1.383912240451793,-1.179383373877105,0.060700411121498196,0.03485374204043518,-1.3189210778785396,-0.8789851639353,1.1758413567236055,0.0545647585524371,-0.4390358821128122,-0.03725250856529844,0.7254613580111255,-1.2129217809884612,-0.15873978742581374,-0.5237957129987955,1.2576440772916977,-0.5911925232177752,0
0.9475739423812656,1.224318804568762,-0.9373322538565467,-1.1783676210419192,1.1440690124182693,1.6663653901976707,0.38587017807789625,-0.8520028465040377,0.8126858168872018,0.6698842659378585,-1.0197420707128733,-1.2774216252220538,2.5288466809697985,-0.03725250856529844,-0.4195376387923536,0.1867955476492819,-0.15873978742581374,1.9091412456869414,-0.7951375258359844,-0.5911925232177752,1
0.26259575650921374,-1.4571204228480448,-0.9373322538565467,-0.21084856687872672,-1.4495347260525029,-0.96118389028511,-0.6950756318834131,0.03485374204043518,-1.3189210778785396,-0.8789851639353,0.7367246712363097,0.0545647585524371,-0.4390358821128122,-0.03725250856529844,0.4392116088102558,-1.2148489392167912,-0.15873978742581374,-0.5237957129987955,1.2576440772916977,-0.5911925232177752,0
-0.6792492490648575,0.2710705881725059,-0.9373322538565467,-1.6966814000579151,0.8139290834432731,0.034464973575375916,-0.2769087108314654,-0.8520028465040377,0.517145163327906,0.36011037996322687,-0.1415086997382818,-1.2774216252220538,1.0449053994284931,1.4242432292558669,-0.1332878895914838,0.5455715256532147,-0.15873978742581374,-0.5237957129987955,-0.7951375258359844,-0.5911925232177752,1
-0.5080047025968446,-1.4395563027177685,-0.9373322538565467,0.8603332430876649,-0.6948534363609518,-0.16214882674179482,0.27587789045965005,-0.8520028465040377,0.13612699269759143,-1.1887590499099316,1.1758413567236055,-1.2774216252220538,-0.4390358821128122,-0.03725250856529844,-0.7057873879932234,-1.0330998040042665,-0.15873978742581374,-0.5237957129987955,1.2576440772916977,-0.5911925232177752,0
-0.8504937955328705,1.7847425140064244,0.8997051785456238,0.4111279679404684,1.4638442674077212,0.999792481797005,0.8406111661619536,-0.8520028465040377,1.8569517264925168,-0.5692112779606683,0.2976079857490139,0.0545647585524371,5.496729244052409,-0.03725250856529844,-0.4195376387923536,2.056421645457993,-0.15873978742581374,-0.5237957129987955,-0.7951375258359844,1.6914963581696623,1
-0.8504937955328705,1.3200827292116446,0.8997051785456238,0.06558544859647111,1.0824895229497362,1.3269929132351241,0.6940448115115979,-0.8520028465040377,0.13612699269759143,1.5992059238617538,1.1758413567236055,0.0545647585524371,-0.4390358821128122,-0.03725250856529844,-0.7057873879932234,1.6220227374106895,-0.15873978742581374,-0.5237957129987955,-0.7951375258359844,-0.5911925232177752,0
-1.2786051617029028,2.0626601788767784,2.736742610947794,1.6550810375788587,1.3780840286796974,0.999792481797005,0.305312378978912,0.6640885054221695,0.8126858168872018,0.36011037996322687,-0.1415086997382818,2.718537526101419,2.5288466809697985,-0.03725250856529844,-0.4195376387923536,2.707894213910911,-0.15873978742581374,-0.5237957129987955,1.2576440772916977,-0.5911925232177752,0
-0.5936269758308511,-0.6777865981911811,2.736742610947794,0.8948874950220647,-0.8611579617475593,-1.2477088034530517,-0.8686305850779471,0.03485374204043518,-1.3189210778785396,-0.8789851639353,1.1758413567236055,2.718537526101419,-0.4390358821128122,-0.03725250856529844,-1.5645366355958328,-0.3409841561876454,-0.15873978742581374,-0.5237957129987955,-0.7951375258359844,-0.5911925232177752,0
-0.9361160687668769,1.4504321825380204,0.8997051785456238,1.1713215104972625,1.157163555815072,1.2288376293575274,1.0651785213334042,-0.8520028465040377,1.7307189374904248,-0.5692112779606683,-0.5806253852255776,0.0545647585524371,-0.4390358821128122,-0.03725250856529844,-0.4195376387923536,1.8118075689434314,-0.15873978742581374,1.9091412456869414,-0.7951375258359844,-0.5911925232177752,0
1.2900630353172915,-1.7301536835248668,-0.9373322538565467,-0.9019336055667213,-1.8357197196891686,-1.510649597891829,0.060700411121498196,-0.8520028465040377,-1.3189210778785396,-0.8789851639353,0.2976079857490139,0.0545647585524371,-0.4390358821128122,1.4242432292558669,-0.9920371371940933,-1.5761080832407786,-0.15873978742581374,-0.5237957129987955,-0.7951375258359844,1.6914963581696623,0
0.6050848494452397,0.18823306654684915,0.8997051785456238,0.5493449756780673,-1.272109129332575,-0.48892720037671517,-0.03229674297405158,-0.8520028465040377,-1.3189210778785396,-0.8789851639353,-0.1415086997382818,1.3865511423269279,-0.4390358821128122,-0.03725250856529844,1.2979608564128653,-0.22610271520310127,-0.15873978742581374,1.9091412456869414,-0.7951375258359844,-0.5911925232177752,0
1.9750412211893433,-0.13852864025882364,-0.9373322538565467,1.5514182817756594,0.6588158388507535,0.6063429952785035,-0.2769087108314654,-0.8520028465040377,0.8126858168872018,0.36011037996322687,0.2976079857490139,-1.2774216252220538,-0.4390358821128122,-1.4987482463864636,0.7254613580111255,-1.0918127172869547,-0.15873978742581374,-0.5237957129987955,-0.7951375258359844,-0.5911925232177752,0
-0.16551560966081866,0.24561248146682463,2.736742610947794,-0.24540281881312645,0.7598679277331152,0.252664457167371,-1.5314094739873088,0.6640885054221695,0.517145163327906,0.36011037996322687,-0.1415086997382818,1.3865511423269279,-0.4390358821128122,-0.03725250856529844,-0.4195376387923536,0.23796587559445906,-0.15873978742581374,1.9091412456869414,-0.7951375258359844,1.6914963581696623,0
0.9475739423812656,-1.3058025676807492,-0.9373322538565467,-1.3511388807139177,-1.9960009737071465,-1.324090135280595,-1.5314094739873088,0.03485374204043518,-1.3189210778785396,-0.8789851639353,0.7367246712363097,0.0545647585524371,-0.4390358821128122,-0.03725250856529844,1.0117111072119953,-1.2754194049258292,-0.15873978742581374,-0.5237957129987955,-0.7951375258359844,1.6914963581696623,0
-0.16551560966081866,-0.7970844703119899,0.8997051785456238,1.5514182817756594,-0.7928504243226514,-1.179383373877105,-0.8686305850779471,0.03485374204043518,-1.3189210778785396,-0.8789851639353,1.1758413567236055,1.3865511423269279,-0.4390358821128122,-0.03725250856529844,-1.278286886394963,-0.5950377857997193,-0.15873978742581374,-0.5237957129987955,1.2576440772916977,-0.5911925232177752,0
-1.1073606152348898,0.9765956383493323,0.8997051785456238,0.031031196662071384,0.6345530570278131,0.9698390464007983,0.7913358438282032,1.550945093966642,1.054160113300814,1.9089798098363855,-1.0197420707128733,0.0545647585524371,-0.4390358821128122,-0.03725250856529844,-0.9920371371940933,1.480515819232389,-0.15873978742581374,-0.5237957129987955,1.2576440772916977,-0.5911925232177752,0
0.26259575650921374,-0.10374576191094512,-0.9373322538565467,-0.10718581107552753,0.321108988112848,0.30072286881039795,-1.5314094739873088,0.03485374204043518,-0.40088795727531673,-0.25943739198603655,0.7367246712363097,0.0545647585524371,-0.4390358821128122,-0.03725250856529844,-0.7057873879932234,-0.24866841303073664,-0.15873978742581374,-0.5237957129987955,-0.7951375258359844,-0.5911925232177752,0
0.9475739423812656,1.4853137357180914,-0.9373322538565467,1.6896352895132585,0.9214678739056081,1.6417361595715145,0.5000374812740657,-0.8520028465040377,1.4351782839311287,1.9089798098363855,-1.0197420707128733,-1.2774216252220538,-0.4390358821128122,-1.4987482463864636,0.7254613580111255,0.33763048191710177,-0.15873978742581374,-0.5237957129987955,-0.7951375258359844,-0.5911925232177752,0
0.9475739423812656,-0.2816071469380402,0.8997051785456238,-0.24540281881312645,-0.6771647387791713,-1.410684147335121,-1.5314094739873088,-0.8520028465040377,-1.3189210778785396,-0.8789851639353,0.2976079857490139,0.0545647585524371,-0.4390358821128122,-0.03725250856529844,0.152961859609386,-0.6835134691100121,-0.15873978742581374,-0.5237957129987955,-0.7951375258359844,-0.5911925232177752,0
0.6907071226792462,0.24822736451992755,0.8997051785456238,-0.6600538420259232,0.8316177810250537,0.1929909566637722,-0.2769087108314654,0.03485374204043518,1.2583237218588201,-0.25943739198603655,-0.1415086997382818,0.0545647585524371,1.0449053994284931,1.4242432292558669,-0.9920371371940933,-0.23484117853608627,-0.15873978742581374,-0.5237957129987955,-0.7951375258359844,-0.5911925232177752,0
-1.6210942546389289,-0.8668969140882283,0.8997051785456238,-1.316584628779518,-0.9676038472142717,-0.8745898782305835,0.015992009486089375,0.6640885054221695,-0.40088795727531673,-0.8789851639353,-0.1415086997382818,1.3865511423269279,-0.4390358821128122,-0.03725250856529844,0.4392116088102558,-0.16571506955227747,-0.15873978742581374,-0.5237957129987955,-0.7951375258359844,1.6914963581696623,0
0.4338403029772267,-0.5697376569403245,0.8997051785456238,0.4111279679404684,-0.08878797447422768,-0.09788918974245289,-0.08478960543199393,0.6640885054221695,0.13612699269759143,0.050336493988595146,-0.1415086997382818,0.0545647585524371,-0.4390358821128122,-1.4987482463864636,1.2979608564128653,-0.6485143300755787,-0.15873978742581374,-0.5237957129987955,1.2576440772916977,-0.5911925232177752,0
1.6325521282533173,-0.8594963016737861,-0.9373322538565467,-1.2820303768451184,-1.6098159800704808,-0.5851763554236039,0.27587789045965005,1.1521609060229787,-1.3189210778785396,-0.5692112779606683,0.2976079857490139,0.0545647585524371,-0.4390358821128122,1.4242432292558669,-0.4195376387923536,-1.2467753594746358,-0.15873978742581374,-0.5237957129987955,-0.7951375258359844,-0.5911925232177752,0
1.033196215615272,-1.587568551006613,-0.9373322538565467,0.9294417469564643,-1.9960009737071465,-0.48892720037671517,0.1778322772525923,1.1521609060229787,-1.3189210778785396,-0.8789851639353,1.6149580422109011,0.0545647585524371,-0.4390358821128122,-1.4987482463864636,1.2979608564128653,-1.4545436466419774,-0.15873978742581374,-0.5237957129987955,1.2576440772916977,-0.5911925232177752,0
-0.764871522298864,1.5248823434273093,-0.9373322538565467,-1.6275728961891156,0.6759601815527032,1.2627332762357821,1.427880715083839,-0.8520028465040377,1.2583237218588201,0.36011037996322687,-1.8979754416874648,-1.2774216252220538,-0.4390358821128122,-0.03725250856529844,0.152961859609386,1.7442949727669799,-0.15873978742581374,-0.5237957129987955,1.2576440772916977,-0.5911925232177752,0
0.09135121004120077,1.4607930399182396,-0.9373322538565467,-0.21084856687872672,1.0613772258256275,1.7599701926068014,1.2346433751783576,-0.8520028465040377,1.2583237218588201,0.36011037996322687,-1.4588587562001691,-1.2774216252220538,4.012787962511103,1.4242432292558669,-1.5645366355958328,1.004464128380604,-0.15873978742581374,-0.5237957129987955,-0.7951375258359844,1.6914963581696623,1
1.8894189479553367,0.49442107084037257,-0.9373322538565467,-0.7637165978291224,0.9614853790275958,1.2128246727764413,-1.5314094739873088,0.03485374204043518,1.2583237218588201,0.6698842659378585,-1.0197420707128733,-1.2774216252220538,-0.4390358821128122,-1.4987482463864636,0.7254613580111255,-0.8034467817949307,-0.15873978742581374,-0.5237957129987955,-0.7951375258359844,-0.5911925232177752,0
-1.1073606152348898,0.18191787728652511,0.8997051785456238,0.3765737160060687,0.905433755101792,0.536639261694385,-1.5314094739873088,0.6640885054221695,1.054160113300814,0.6698842659378585,-0.1415086997382818,0.0545647585524371,-0.4390358821128122,-1.4987482463864636,1.584210605613735,0.6970681343519103,-0.15873978742581374,-0.5237957129987955,-0.7951375258359844,-0.5911925232177752,0
-0.5080047025968446,-0.07976777768815228,0.8997051785456238,1.0331045027596635,-0.01514884444759711,-0.07386822910271423,0.060700411121498196,0.03485374204043518,-0.40088795727531673,-0.25943739198603655,-0.1415086997382818,0.0545647585524371,-0.4390358821128122,-0.03725250856529844,1.0117111072119953,0.14567948428175898,-0.15873978742581374,-0.5237957129987955,-0.7951375258359844,-0.5911925232177752,0
0.9475739423812656,-1.802038298777149,-0.9373322538565467,1.620526785644459,-1.383912240451793,-0.8745898782305835,-1.5314094739873088,1.1521609060229787,-0.40088795727531673,-0.8789851639353,-0.1415086997382818,1.3865511423269279,-0.4390358821128122,-0.03725250856529844,-0.4195376387923536,-1.562205372575306,-0.15873978742581374,-0.5237957129987955,1.2576440772916977,-0.5911925232177752,0
0.4338403029772267,-0.11992843439052547,0.8997051785456238,-1.1092591171731196,0.40947533264594993,-0.559742044878125,-0.2769087108314654,0.03485374204043518,0.517145163327906,-0.8789851639353,0.2976079857490139,0.0545647585524371,-0.4390358821128122,-0.03725250856529844,-0.1332878895914838,-0.3426848859035085,-0.15873978742581374,-0.5237957129987955,-0.7951375258359844,-0.5911925232177752,0
-1.2786051617029028,0.677265534893192,0.8997051785456238,-1.6966814000579151,0.7087429999269748,0.33299279930326425,0.33337731561995393,0.6640885054221695,0.13612699269759143,0.9796581519124903,-0.5806253852255776,0.0545647585524371,-0.4390358821128122,1.4242432292558669,-1.5645366355958328,1.294980296116944,-0.15873978742581374,1.9091412456869414,1.2576440772916977,-0.5911925232177752,0
-1.0217383420008834,1.5171363691001931,-0.9373322538565467,-0.38361982655072535,0.9145096563880937,1.6985805702331847,1.6739804453309246,-0.8520028465040377,1.4351782839311287,1.289432037887122,-1.0197420707128733,-1.2774216252220538,2.5288466809697985,-1.4987482463864636,1.2979608564128653,1.9443596587657228,-0.15873978742581374,-0.5237957129987955,1.2576440772916977,-0.5911925232177752,0
-0.25113788289482514,-1.0239379095226926,0.8997051785456238,-0.21084856687872672,-0.8147021338647573,-1.9601498549418401,-1.5314094739873088,0.03485374204043518,-0.40088795727531673,-1.1887590499099316,-0.1415086997382818,1.3865511423269279,1.0449053994284931,1.4242432292558669,-0.4195376387923536,-0.7504038061892395,-0.15873978742581374,1.9091412456869414,-0.7951375258359844,1.6914963581696623,0
0.4338403029772267,-0.2576785001313436,0.8997051785456238,-1.6621271481235154,0.742434704596095,-0.6680752475562154,-1.5314094739873088,0.6640885054221695,-0.40088795727531673,0.36011037996322687,1.1758413567236055,0.0545647585524371,2.5288466809697985,1.4242432292558669,-0.9920371371940933,-0.43634242765281417,-0.15873978742581374,1.9091412456869414,1.2576440772916977,-0.5911925232177752,1
0.8619516691472591,0.43797906682622645,0.8997051785456238,-0.8328251016979219,0.5027394891330723,1.0348546309921238,1.7622893661712664,2.180179857348376,0.13612699269759143,1.9089798098363855,0.7367246712363097,0.0545647585524371,-0.4390358821128122,-0.03725250856529844,-0.7057873879932234,-0.21693319907230876,-0.15873978742581374,-0.5237957129987955,-0.7951375258359844,-0.5911925232177752,0
0.3482180297432202,-0.6424116708501473,0.8997051785456238,-1.6275728961891156,-0.6272375777029506,-1.324090135280595,-1.5314094739873088,-0.8520028465040377,-1.3189210778785396,-0.8789851639353,0.7367246712363097,0.0545647585524371,-0.4390358821128122,1.4242432292558669,-0.9920371371940933,-0.6655752991779057,-0.15873978742581374,-0.5237957129987955,1.2576440772916977,-0.5911925232177752,0
1.375685308551298,0.18551950866155367,-0.9373322538565467,0.583899227612467,0.6940803859394677,0.4156398010494407,1.1487857995956556,0.6640885054221695,0.13612699269759143,1.5992059238617538,-0.1415086997382818,1.3865511423269279,-0.4390358821128122,-0.03725250856529844,-1.278286886394963,-0.645668878435577,-0.15873978742581374,-0.5237957129987955,1.2576440772916977,-0.5911925232177752,0
-0.25113788289482514,-0.6827696772169055,0.8997051785456238,-0.003523055272328344,-0.7515613769784906,-1.1175755046062268,-1.5314094739873088,0.03485374204043518,-1.3189210778785396,-0.8789851639353,1.1758413567236055,1.3865511423269279,-0.4390358821128122,-1.4987482463864636,1.0117111072119953,-0.4720476881964965,-0.15873978742581374,-0.5237957129987955,-0.7951375258359844,1.6914963581696623,0
1.718174401487324,1.683058099431988,-0.9373322538565467,-1.5239101403859165,0.9568693859691032,1.1280808525382289,0.5204898583170638,-0.8520028465040377,1.7307189374904248,1.289432037887122,-1.4588587562001691,-1.2774216252220538,1.0449053994284931,-0.03725250856529844,-0.4195376387923536,-0.19499479208661896,-0.15873978742581374,-0.5237957129987955,1.2576440772916977,-0.5911925232177752,0
0.005728936807194294,-1.3996423330958767,-0.9373322538565467,0.7566704872844657,-1.1377463706151563,-0.7631463972079218,-0.35746650993044954,0.03485374204043518,-1.3189210778785396,-0.8789851639353,1.1758413567236055,0.0545647585524371,-0.4390358821128122,1.4242432292558669,-1.5645366355958328,-1.1153763778176853,-0.15873978742581374,-0.5237957129987955,-0.7951375258359844,1.6914963581696623,0
0.005728936807194294,-0.34510440145395455,0.8997051785456238,-0.4872825823539246,0.24671234991352878,0.24549872910047196,-1.5314094739873088,1.88811232068876,-0.40088795727531673,-0.5692112779606683,1.1758413567236055,1.3865511423269279,-0.4390358821128122,1.4242432292558669,-1.278286886394963,-0.30876254023947364,-0.15873978742581374,-0.5237957129987955,-0.7951375258359844,1.6914963581696623,0
1.546929855019311,-2.175621213458193,-0.9373322538565467,1.5514182817756594,-2.6080897069625,-1.773590392330606,-0.5604559516442456,-0.8520028465040377,-1.3189210778785396,-0.8789851639353,0.2976079857490139,-1.2774216252220538,-0.4390358821128122,-0.03725250856529844,-1.5645366355958328,-1.8221352413979581,-0.15873978742581374,-0.5237957129987955,1.2576440772916977,-0.5911925232177752,0
1.718174401487324,-0.6371325673278451,-0.9373322538565467,1.0676587546940632,-0.46299084662307727,0.08252338521840286,1.1487857995956556,1.88811232068876,-0.40088795727531673,0.050336493988595146,0.7367246712363097,0.0545647585524371,-0.4390358821128122,-1.4987482463864636,1.0117111072119953,-1.1809442046592815,-0.15873978742581374,-0.5237957129987955,-0.7951375258359844,1.6914963581696623,0
0.5194625762112332,-0.1027590135890195,-0.9373322538565467,0.4111279679404684,-0.10725863313199818,0.16096016026189175,0.928517257611974,0.03485374204043518,-0.40088795727531673,-0.5692112779606683,0.7367246712363097,0.0545647585524371,-0.4390358821128122,-0.03725250856529844,1.584210605613735,-0.3725348728396187,-0.15873978742581374,-0.5237957129987955,-0.7951375258359844,-0.5911925232177752,0
0.3482180297432202,0.3112805822909754,0.8997051785456238,-0.694608093960323,0.45464204127829083,0.43205819171170606,-0.08478960543199393,0.6640885054221695,0.13612699269759143,0.6698842659378585,-0.5806253852255776,0.0545647585524371,-0.4390358821128122,-0.03725250856529844,-0.1332878895914838,-0.000940525157694011,-0.15873978742581374,1.9091412456869414,-0.7951375258359844,1.6914963581696623,0
-0.25113788289482514,-0.4016450803002932,0.8997051785456238,-1.6966814000579151,0.5233007587811256,0.07319240708743925,0.4341589305380372,0.6640885054221695,-0.40088795727531673,0.6698842659378585,-0.1415086997382818,0.0545647585524371,-0.4390358821128122,-0.03725250856529844,-0.9920371371940933,-0.24268063681216534,-0.15873978742581374,-0.5237957129987955,-0.7951375258359844,-0.5911925232177752,0
1.4613075817853045,-1.5843122815442585,-0.9373322538565467,1.0676587546940632,-1.523931364251822,-1.6288836309271162,-1.5314094739873088,-0.8520028465040377,-1.3189210778785396,-1.1887590499099316,0.7367246712363097,1.3865511423269279,-0.4390358821128122,-0.03725250856529844,0.7254613580111255,-1.5344200782232464,-0.15873978742581374,-0.5237957129987955,-0.7951375258359844,-0.5911925232177752,0
0.7763293959132526,0.07771725449117846,0.8997051785456238,0.1692482043996703,0.06845704764162502,0.252664457167371,1.0229733902741405,0.6640885054221695,0.517145163327906,0.6698842659378585,-1.0197420707128733,0.0545647585524371,-0.4390358821128122,-0.03725250856529844,-0.4195376387923536,-0.38666904376227984,-0.15873978742581374,-0.5237957129987955,-0.7951375258359844,1.6914963581696623,0
0.8619516691472591,-1.0386404595193846,-0.9373322538565467,0.7566704872844657,-1.7113959204136286,-0.8745898782305835,0.27587789045965005,0.03485374204043518,-1.3189210778785396,-0.8789851639353,0.7367246712363097,0.0545647585524371,-0.4390358821128122,-1.4987482463864636,1.0117111072119953,-1.0954045443939773,-0.15873978742581374,-0.5237957129987955,-0.7951375258359844,1.6914963581696623,0
1.204440762083285,0.9140357947392472,-0.9373322538565467,-0.7637165978291224,1.3905660247164733,1.2079426537966442,0.38587017807789625,-0.8520028465040377,1.4351782839311287,-0.5692112779606683,-1.0197420707128733,-1.2774216252220538,2.5288466809697985,-0.03725250856529844,0.7254613580111255,-0.16894461103935282,-0.15873978742581374,1.9091412456869414,-0.7951375258359844,1.6914963581696623,0
-0.8504937955328705,0.5354698010324788,0.8997051785456238,0.4111279679404684,0.8719110333316783,0.9531182580684576,0.9680912678882734,0.03485374204043518,1.054160113300814,-0.5692112779606683,-1.0197420707128733,0.0545647585524371,1.0449053994284931,1.4242432292558669,-1.5645366355958328,0.8885075712739017,-0.15873978742581374,-0.5237957129987955,-0.7951375258359844,-0.5911925232177752,0
0.6050848494452397,-1.476263340293402,-0.9373322538565467,0.20380245633407004,-1.7113959204136286,-0.8352753086062314,0.21231522488336196,0.6640885054221695,-1.3189210778785396,-0.8789851639353,0.7367246712363097,0.0545647585524371,-0.4390358821128122,1.4242432292558669,-0.1332878895914838,-1.3012238691058626,-0.15873978742581374,-0.5237957129987955,-0.7951375258359844,1.6914963581696623,0
1.033196215615272,-0.45399207877844794,0.8997051785456238,-0.4872825823539246,-0.4397730215411439,-0.03942694332670407,0.4104975706988176,1.1521609060229787,-0.40088795727531673,-0.5692112779606683,0.7367246712363097,1.3865511423269279,-0.4390358821128122,1.4242432292558669,-0.7057873879932234,-0.8186921296769205,-0.15873978742581374,-0.5237957129987955,-0.7951375258359844,-0.5911925232177752,0
0.7763293959132526,0.48100129366218397,-0.9373322538565467,-0.5218368342883243,0.920479147514475,0.6541063025743561,0.7515442366719015,-0.8520028465040377,1.4351782839311287,1.289432037887122,-1.0197420707128733,0.0545647585524371,-0.4390358821128122,-0.03725250856529844,1.0117111072119953,-0.13989215564159854,-0.15873978742581374,-0.5237957129987955,-0.7951375258359844,1.6914963581696623,0
-1.3642274349369095,1.4414034353924008,-0.9373322538565467,1.5859725337100592,1.09492799356364,1.358827122506518,1.697298800891067,-0.8520028465040377,1.5911750632737223,-0.25943739198603655,-1.4588587562001691,-1.2774216252220538,4.012787962511103,-0.03725250856529844,0.7254613580111255,2.1420678109865685,-0.15873978742581374,-0.5237957129987955,-0.7951375258359844,1.6914963581696623,0
0.17697348327520726,-0.43228361569608403,0.8997051785456238,0.5147907237436676,0.7014599266079314,0.27369846725560776,0.015992009486089375,2.180179857348376,1.2583237218588201,-0.5692112779606683,0.2976079857490139,1.3865511423269279,-0.4390358821128122,-0.03725250856529844,-0.1332878895914838,-0.4472906655426529,-0.15873978742581374,-0.5237957129987955,-0.7951375258359844,-0.5911925232177752,0
1.204440762083285,-0.5760035087845522,-0.9373322538565467,-0.6600538420259232,-0.7131221935216093,-0.017442065338305328,0.27587789045965005,0.03485374204043518,-1.3189210778785396,-0.5692112779606683,1.1758413567236055,0.0545647585524371,-0.4390358821128122,-0.03725250856529844,-1.278286886394963,-0.954090509763334,-0.15873978742581374,-0.5237957129987955,1.2576440772916977,-0.5911925232177752,0
-1.1073606152348898,1.718285014524733,-0.9373322538565467,-1.2820303768451184,0.713067579273416,1.4425021868343908,1.1832687472264252,-0.8520028465040377,1.7307189374904248,1.9089798098363855,-1.8979754416874648,-1.2774216252220538,-0.4390358821128122,1.4242432292558669,-0.7057873879932234,2.2117239304143745,-0.15873978742581374,-0.5237957129987955,-0.7951375258359844,-0.5911925232177752,0
0.7763293959132526,-1.7011432828602533,-0.9373322538565467,1.620526785644459,-1.1790354179593172,-0.29680125043934796,0.5402715434140909,1.1521609060229787,-0.40088795727531673,-0.8789851639353,1.6149580422109011,0.0545647585524371,-0.4390358821128122,-0.03725250856529844,-1.5645366355958328,-1.475186379361884,-0.15873978742581374,-0.5237957129987955,-0.7951375258359844,1.6914963581696623,0
0.26259575650921374,-1.3239587368041807,-0.9373322538565467,-1.1438133691075194,-1.523931364251822,-1.0092423019281362,-0.6950756318834131,0.6640885054221695,-0.40088795727531673,-1.1887590499099316,1.1758413567236055,0.0545647585524371,1.0449053994284931,1.4242432292558669,-1.278286886394963,-1.1197841861937092,-0.15873978742581374,-0.5237957129987955,-0.7951375258359844,-0.5911925232177752,1
0.5194625762112332,-0.7795203501817137,0.8997051785456238,-1.1438133691075194,-0.7515613769784906,-0.9164425794383279,-0.5604559516442456,0.03485374204043518,-1.3189210778785396,-0.8789851639353,1.1758413567236055,0.0545647585524371,-0.4390358821128122,-1.4987482463864636,1.0117111072119953,-0.8211677480798929,-0.15873978742581374,-0.5237957129987955,1.2576440772916977,-0.5911925232177752,0
0.5194625762112332,-0.7385702948218,-0.9373322538565467,0.9985502508252638,-1.3252109267769627,-1.510649597891829,-1.5314094739873088,-0.8520028465040377,-1.3189210778785396,-0.8789851639353,-0.1415086997382818,1.3865511423269279,-0.4390358821128122,-0.03725250856529844,0.152961859609386,-0.7940214853074625,-0.15873978742581374,-0.5237957129987955,-0.7951375258359844,-0.5911925232177752,0
1.033196215615272,-0.023967160083257836,0.8997051785456238,1.1713215104972625,-0.8611579617475593,-0.7298831168270937,-0.35746650993044954,0.03485374204043518,-1.3189210778785396,-0.8789851639353,0.2976079857490139,1.3865511423269279,-0.4390358821128122,1.4242432292558669,-0.1332878895914838,-0.5774803512182055,-0.15873978742581374,-0.5237957129987955,1.2576440772916977,-0.5911925232177752,0
0.26259575650921374,1.739648115694423,-0.9373322538565467,1.620526785644459,1.1818453199192815,1.693192476872247,1.4233952866648683,-0.8520028465040377,1.2583237218588201,1.289432037887122,-1.4588587562001691,-1.2774216252220538,-0.4390358821128122,-1.4987482463864636,0.7254613580111255,1.0673391331720834,-0.15873978742581374,1.9091412456869414,-0.7951375258359844,-0.5911925232177752,1
0.09135121004120077,1.5035685796737157,-0.9373322538565467,0.6184534795468668,1.1756201470535392,1.562629627905905,1.5633934929594875,-0.8520028465040377,0.13612699269759143,2.2187536958110172,-1.8979754416874648,-1.2774216252220538,-0.4390358821128122,-0.03725250856529844,0.152961859609386,1.0364559613198276,-0.15873978742581374,1.9091412456869414,-0.7951375258359844,1.6914963581696623,0
-1.3642274349369095,-0.2647337506331119,0.8997051785456238,1.3095385182348613,0.31527493297126563,-0.06218337618508693,-1.5314094739873088,1.1521609060229787,-0.40088795727531673,-0.5692112779606683,1.6149580422109011,2.718537526101419,-0.4390358821128122,-1.4987482463864636,1.2979608564128653,0.37303970814633647,-0.15873978742581374,1.9091412456869414,-0.7951375258359844,-0.5911925232177752,0
-0.8504937955328705,-0.4614913660250827,0.8997051785456238,-0.5218368342883243,-0.4397730215411439,-1.9601498549418401,-1.5314094739873088,0.03485374204043518,-1.3189210778785396,-0.8789851639353,0.7367246712363097,1.3865511423269279,-0.4390358821128122,-0.03725250856529844,1.584210605613735,-0.04352669660801181,-0.15873978742581374,-0.5237957129987955,1.2576440772916977,-0.5911925232177752,0
-0.5936269758308511,-0.019822817131170185,0.8997051785456238,-0.10718581107552753,0.4241379466334564,0.6063429952785035,1.1344211366037953,2.437801682511115,0.13612699269759143,-0.25943739198603655,1.1758413567236055,1.3865511423269279,-0.4390358821128122,-0.03725250856529844,-0.7057873879932234,0.24057818972903183,-0.15873978742581374,-0.5237957129987955,-0.7951375258359844,1.6914963581696623,0
0.7763293959132526,0.8138315026476994,-0.9373322538565467,-1.454801636517117,1.1519626109276742,0.7887587262719089,1.1046231124644543,0.03485374204043518,1.2583237218588201,1.289432037887122,-0.1415086997382818,-1.2774216252220538,-0.4390358821128122,-0.03725250856529844,1.584210605613735,0.06377274370536941,-0.15873978742581374,-0.5237957129987955,-0.7951375258359844,-0.5911925232177752,0
0.3482180297432202,-0.9760312784932031,-0.9373322538565467,0.8257789911532651,-0.6115422531784616,-0.6982430958463327,-0.5604559516442456,0.03485374204043518,-1.3189210778785396,-0.8789851639353,1.6149580422109011,0.0545647585524371,1.0449053994284931,-0.03725250856529844,-1.278286886394963,-0.8980771275237242,-0.15873978742581374,-0.5237957129987955,1.2576440772916977,-0.5911925232177752,0
-0.33676015612883164,-0.01020202099239528,0.8997051785456238,0.1692482043996703,0.36032145021597917,-0.16214882674179482,0.38587017807789625,1.88811232068876,0.13612699269759143,-0.25943739198603655,-0.1415086997382818,1.3865511423269279,-0.4390358821128122,-1.4987482463864636,0.7254613580111255,0.11979115768970072,-0.15873978742581374,-0.5237957129987955,-0.7951375258359844,-0.5911925232177752,0
1.204440762083285,1.2350743612777513,-0.9373322538565467,1.5168640298412597,0.4813902421308259,1.2848682506932516,0.7089415521595263,-0.8520028465040377,1.8569517264925168,1.5992059238617538,-1.8979754416874648,-1.2774216252220538,-0.4390358821128122,1.4242432292558669,-1.5645366355958328,0.00022013062472933317,-0.15873978742581374,-0.5237957129987955,1.2576440772916977,-0.5911925232177752,0
1.8894189479553367,-1.2200541385054118,-0.9373322538565467,0.10013970053087085,-2.6080897069625,-2.2230906493806173,-0.20585169616858562,-0.8520028465040377,-1.3189210778785396,-1.1887590499099316,0.7367246712363097,0.0545647585524371,-0.4390358821128122,1.4242432292558669,-0.7057873879932234,-1.4737171099032094,6.299617860250349,-0.5237957129987955,-0.7951375258359844,-0.5911925232177752,0
-2.220450167276974,-0.13068399109951487,-0.9373322538565467,0.13469395246527058,0.7806013778126762,0.7856334585762274,1.534137465421638,0.03485374204043518,1.8569517264925168,-0.25943739198603655,0.2976079857490139,-1.2774216252220538,1.0449053994284931,-0.03725250856529844,-1.278286886394963,0.9225204883429233,-0.15873978742581374,1.9091412456869414,-0.7951375258359844,-0.5911925232177752,1
0.26259575650921374,0.18073377930021436,0.8997051785456238,1.102213006628463,1.1340420979694223,-0.08576749491425192,-0.03229674297405158,0.03485374204043518,1.8569517264925168,-0.25943739198603655,0.2976079857490139,0.0545647585524371,-0.4390358821128122,-1.4987482463864636,1.584210605613735,-0.04557713258201837,-0.15873978742581374,1.9091412456869414,-0.7951375258359844,-0.5911925232177752,0
-1.1073606152348898,0.6163831634303806,0.8997051785456238,-1.4202473845827173,0.6004661485231485,0.6266735565745362,1.0891533586248654,-0.8520028465040377,1.7307189374904248,-0.5692112779606683,-0.1415086997382818,0.0545647585524371,-0.4390358821128122,-0.03725250856529844,0.4392116088102558,1.125393726520377,-0.15873978742581374,-0.5237957129987955,-0.7951375258359844,1.6914963581696623,1
-0.9361160687668769,1.3189973060575264,0.8997051785456238,1.6550810375788587,1.0854413029677596,1.1354292800828052,1.534137465421638,0.03485374204043518,1.2583237218588201,0.36011037996322687,-0.5806253852255776,0.0545647585524371,-0.4390358821128122,1.4242432292558669,-1.5645366355958328,1.6866982681883418,-0.15873978742581374,-0.5237957129987955,-0.7951375258359844,-0.5911925232177752,0
0.4338403029772267,-0.7158750834175105,-0.9373322538565467,0.031031196662071384,0.32974710184490785,0.5084395235392493,0.14125821022048246,0.6640885054221695,0.13612699269759143,0.6698842659378585,0.2976079857490139,0.0545647585524371,-0.4390358821128122,-0.03725250856529844,0.4392116088102558,-0.7478745158425714,-0.15873978742581374,1.9091412456869414,1.2576440772916977,-0.5911925232177752,0
1.4613075817853045,-1.4678266421409378,-0.9373322538565467,-0.38361982655072535,-1.4495347260525029,-0.7631463972079218,-0.35746650993044954,1.1521609060229787,-1.3189210778785396,-0.8789851639353,1.1758413567236055,0.0545647585524371,-0.4390358821128122,-0.03725250856529844,1.0117111072119953,-1.4789803148818863,-0.15873978742581374,-0.5237957129987955,-0.7951375258359844,-0.5911925232177752,0
-0.9361160687668769,1.466466842769312,-0.9373322538565467,0.4111279679404684,0.29739701916243816,1.3497024643445823,0.9386567793690114,-0.8520028465040377,0.517145163327906,1.289432037887122,-1.4588587562001691,-1.2774216252220538,-0.4390358821128122,-0.03725250856529844,-1.278286886394963,1.8270705279319466,-0.15873978742581374,-0.5237957129987955,1.2576440772916977,-0.5911925232177752,0
0.09135121004120077,0.1253278610240902,0.8997051785456238,-0.10718581107552753,0.2598223000763246,-1.0611493408418176,-1.5314094739873088,0.03485374204043518,-0.40088795727531673,-0.5692112779606683,0.2976079857490139,0.0545647585524371,-0.4390358821128122,-0.03725250856529844,0.4392116088102558,0.005669510158101364,-0.15873978742581374,-0.5237957129987955,-0.7951375258359844,-0.5911925232177752,0
-0.16551560966081866,0.7513209964537106,-0.9373322538565467,0.8257789911532651,0.45464204127829083,1.2224798157688035,0.5204898583170638,-0.8520028465040377,1.054160113300814,0.050336493988595146,-1.4588587562001691,-1.2774216252220538,-0.4390358821128122,-0.03725250856529844,0.152961859609386,0.641973045523972,-0.15873978742581374,-0.5237957129987955,-0.7951375258359844,1.6914963581696623,0
0.3482180297432202,0.27151462491737244,-0.9373322538565467,-1.0401506133043203,0.2913079183880266,0.08252338521840286,0.6940448115115979,-0.8520028465040377,0.517145163327906,0.050336493988595146,-1.0197420707128733,-1.2774216252220538,-0.4390358821128122,-0.03725250856529844,1.584210605613735,-0.028653697835412096,-0.15873978742581374,-0.5237957129987955,-0.7951375258359844,1.6914963581696623,0
0.005728936807194294,0.36116070996431604,2.736742610947794,-1.3511388807139177,0.19095113369572567,0.24549872910047196,-1.5314094739873088,1.550945093966642,-0.40088795727531673,0.050336493988595146,-0.1415086997382818,2.718537526101419,-0.4390358821128122,-0.03725250856529844,-0.9920371371940933,0.23145815242133394,-0.15873978742581374,-0.5237957129987955,-0.7951375258359844,1.6914963581696623,0
0.6907071226792462,1.6515808279625603,-0.9373322538565467,1.5514182817756594,0.8487621237270034,1.1997233829104201,1.649724420738514,-0.8520028465040377,0.8126858168872018,1.289432037887122,-2.3370921271747607,-1.2774216252220538,-0.4390358821128122,1.4242432292558669,-0.7057873879932234,0.6477503270883611,-0.15873978742581374,-0.5237957129987955,-0.7951375258359844,-0.5911925232177752,0
-0.6792492490648575,1.7185317016052144,-0.9373322538565467,-1.3511388807139177,0.8139290834432731,1.7196961218713689,0.5204898583170638,-2.368094198430245,0.8126858168872018,0.36011037996322687,-1.4588587562001691,-1.2774216252220538,1.0449053994284931,-0.03725250856529844,1.2979608564128653,1.8495599109646392,-0.15873978742581374,-0.5237957129987955,-0.7951375258359844,-0.5911925232177752,1
0.17697348327520726,-0.2917213172377779,-0.9373322538565467,-0.4181740784851251,-1.6098159800704808,-1.510649597891829,-0.08478960543199393,-0.8520028465040377,-1.3189210778785396,-1.1887590499099316,0.7367246712363097,0.0545647585524371,-0.4390358821128122,-0.03725250856529844,1.584210605613735,-0.34455334044342123,-0.15873978742581374,-0.5237957129987955,-0.7951375258359844,-0.5911925232177752,0
0.4338403029772267,-0.18293231474547703,-0.9373322538565467,1.5514182817756594,-0.7131221935216093,-0.4669423223883164,-1.5314094739873088,-0.8520028465040377,-1.3189210778785396,-0.8789851639353,-0.1415086997382818,0.0545647585524371,-0.4390358821128122,1.4242432292558669,-1.5645366355958328,-0.3855218059657805,-0.15873978742581374,-0.5237957129987955,-0.7951375258359844,1.6914963581696623,0
1.4613075817853045,-0.28002834962295914,-0.9373322538565467,-0.9019336055667213,-0.025863543420686627,-0.13567609837359254,0.4104975706988176,-0.8520028465040377,-0.40088795727531673,0.050336493988595146,-0.5806253852255776,-1.2774216252220538,-0.4390358821128122,1.4242432292558669,-0.9920371371940933,-0.913663795422655,-0.15873978742581374,1.9091412456869414,1.2576440772916977,-0.5911925232177752,0
-0.25113788289482514,1.3233883360900953,-0.9373322538565467,0.8948874950220647,0.9605652348462215,1.5521467990427618,1.1965283434686744,-0.8520028465040377,1.8569517264925168,0.6698842659378585,-1.8979754416874648,-1.2774216252220538,-0.4390358821128122,-0.03725250856529844,-0.1332878895914838,1.164758742724822,-0.15873978742581374,1.9091412456869414,-0.7951375258359844,-0.5911925232177752,0
1.9750412211893433,1.1602788384757885,-0.9373322538565467,-0.3145113226819259,0.9293151469439392,1.3879350548019398,0.9775920523243778,-0.8520028465040377,1.8569517264925168,-0.25943739198603655,-1.4588587562001691,-1.2774216252220538,-0.4390358821128122,-0.03725250856529844,1.2979608564128653,-0.6061235580452787,-0.15873978742581374,-0.5237957129987955,-0.7951375258359844,1.6914963581696623,0
-0.5080047025968446,0.03360960450110275,0.8997051785456238,-0.8673793536323215,1.2143096774816897,0.10079196769698218,-1.5314094739873088,1.88811232068876,1.054160113300814,1.289432037887122,1.1758413567236055,0.0545647585524371,-0.4390358821128122,-0.03725250856529844,-1.5645366355958328,0.24396455392659358,-0.15873978742581374,1.9091412456869414,-0.7951375258359844,-0.5911925232177752,1
0.26259575650921374,-0.7872169870927336,-0.9373322538565467,-1.316584628779518,-0.29097974514250574,0.06372520549379129,-0.20585169616858562,0.03485374204043518,-0.40088795727531673,-0.5692112779606683,0.7367246712363097,0.0545647585524371,-0.4390358821128122,-0.03725250856529844,0.152961859609386,-0.7366017304181967,-0.15873978742581374,-0.5237957129987955,1.2576440772916977,-0.5911925232177752,1
2.146285767657356,2.1675021880813765,-0.9373322538565467,-0.694608093960323,1.0956510918808262,1.7321887013489268,1.8020263499997868,-0.8520028465040377,0.517145163327906,0.36011037996322687,-1.0197420707128733,-1.2774216252220538,1.0449053994284931,-1.4987482463864636,1.584210605613735,-0.38969815408461594,-0.15873978742581374,-0.5237957129987955,-0.7951375258359844,-0.5911925232177752,1
-1.2786051617029028,0.553724644988103,-0.9373322538565467,0.06558544859647111,0.7286432287517602,0.9482606189375973,1.4454961955437307,-0.8520028465040377,0.8126858168872018,0.050336493988595146,-1.8979754416874648,-1.2774216252220538,-0.4390358821128122,-0.03725250856529844,-0.4195376387923536,1.1689854082908724,-0.15873978742581374,-0.5237957129987955,1.2576440772916977,-0.5911925232177752,0
-0.764871522298864,1.0615546688671291,-0.9373322538565467,1.2749842663004616,1.0742905536816605,0.5980288840680019,0.8406111661619536,-0.8520028465040377,0.8126858168872018,0.36011037996322687,-1.4588587562001691,-1.2774216252220538,-0.4390358821128122,-0.03725250856529844,1.584210605613735,1.3190169406514947,-0.15873978742581374,-0.5237957129987955,-0.7951375258359844,1.6914963581696623,0
1.1188184888492785,1.607029141227618,-0.9373322538565467,-1.3856931326483175,1.4585951973216083,1.219277380659663,-1.5314094739873088,-0.8520028465040377,1.2583237218588201,0.050336493988595146,-1.0197420707128733,-1.2774216252220538,2.5288466809697985,-0.03725250856529844,0.4392116088102558,0.26680028872094885,-0.15873978742581374,1.9091412456869414,1.2576440772916977,-0.5911925232177752,1
-1.2786051617029028,-0.44353254656603625,0.8997051785456238,-0.6600538420259232,0.2089833605301027,-0.05070534571913307,0.5402715434140909,0.03485374204043518,0.13612699269759143,0.36011037996322687,-1.0197420707128733,0.0545647585524371,-0.4390358821128122,-0.03725250856529844,1.2979608564128653,0.1519188477364047,-0.15873978742581374,-0.5237957129987955,-0.7951375258359844,-0.5911925232177752,0
-1.2786051617029028,1.1367448909978621,-0.9373322538565467,0.8257789911532651,1.2183828342405967,1.31046993555679,1.479255343035771,-0.8520028465040377,1.7307189374904248,0.9796581519124903,-1.0197420707128733,-1.2774216252220538,1.0449053994284931,-0.03725250856529844,-0.4195376387923536,1.7635866820291668,-0.15873978742581374,1.9091412456869414,-0.7951375258359844,-0.5911925232177752,0
-1.1929828884688964,-0.2753906325099087,0.8997051785456238,-0.8328251016979219,-0.5669466847039637,-1.9601498549418401,-1.5314094739873088,-0.8520028465040377,-1.3189210778785396,-0.8789851639353,0.7367246712363097,1.3865511423269279,2.5288466809697985,1.4242432292558669,-0.7057873879932234,0.28481141895151685,-0.15873978742581374,1.9091412456869414,-0.7951375258359844,1.6914963581696623,0
2.0606634944233497,1.0241075700500515,-0.9373322538565467,0.6184534795468668,0.5987058084325422,1.3229014688006917,1.72523376072599,-0.8520028465040377,1.8569517264925168,0.050336493988595146,-1.8979754416874648,-1.2774216252220538,-0.4390358821128122,-0.03725250856529844,-0.7057873879932234,-0.7177226242231718,-0.15873978742581374,-0.5237957129987955,-0.7951375258359844,-0.5911925232177752,0
0.005728936807194294,-0.5791611034147143,-0.9373322538565467,0.6184534795468668,-1.0633497324158372,-0.559742044878125,-0.8686305850779471,-0.8520028465040377,-1.3189210778785396,-0.5692112779606683,0.2976079857490139,0.0545647585524371,-0.4390358821128122,-0.03725250856529844,-1.5645366355958328,-0.487792017430034,-0.15873978742581374,-0.5237957129987955,-0.7951375258359844,-0.5911925232177752,1
-1.7923388011069417,-0.8450404387575756,0.8997051785456238,0.30746521213726924,-0.9390259331402973,-0.6982430958463327,-1.5314094739873088,0.6640885054221695,-0.40088795727531673,-0.5692112779606683,-0.5806253852255776,1.3865511423269279,-0.4390358821128122,1.4242432292558669,-0.4195376387923536,-0.08412532889334166,-0.15873978742581374,1.9091412456869414,1.2576440772916977,-0.5911925232177752,0
1.4613075817853045,1.5509818365422423,-0.9373322538565467,1.1367672585628628,1.1252037023986823,1.2627332762357821,1.7699421623613993,-0.8520028465040377,0.8126858168872018,1.289432037887122,-0.1415086997382818,0.0545647585524371,1.0449053994284931,1.4242432292558669,-0.4195376387923536,-0.04221928160454506,-0.15873978742581374,-0.5237957129987955,-0.7951375258359844,1.6914963581696623,0
0.8619516691472591,-1.3417695440149384,-0.9373322538565467,1.6896352895132585,-0.2100919984699111,0.8192099443684683,-0.08478960543199393,0.6640885054221695,-0.40088795727531673,0.050336493988595146,1.1758413567236055,-1.2774216252220538,-0.4390358821128122,-1.4987482463864636,0.4392116088102558,-1.2757422752121246,-0.15873978742581374,-0.5237957129987955,-0.7951375258359844,1.6914963581696623,0
0.7763293959132526,1.2820929188175076,-0.9373322538565467,1.5168640298412597,0.6911009821806022,1.1880385299927934,1.8020263499997868,-0.8520028465040377,1.054160113300814,0.9796581519124903,-1.4588587562001691,-1.2774216252220538,1.0449053994284931,1.4242432292558669,-1.278286886394963,0.3503104786152527,-0.15873978742581374,-0.5237957129987955,1.2576440772916977,-0.5911925232177752,0
1.1188184888492785,1.1110400972116996,-0.9373322538565467,0.13469395246527058,1.1642364943432555,1.5803465371978975,1.475137324703227,-0.8520028465040377,0.8126858168872018,1.289432037887122,-1.4588587562001691,-1.2774216252220538,1.0449053994284931,-0.03725250856529844,1.584210605613735,-0.00298173626637784,-0.15873978742581374,-0.5237957129987955,-0.7951375258359844,-0.5911925232177752,0
2.0606634944233497,1.1197728198607413,-0.9373322538565467,0.583899227612467,0.6955641342869202,1.0997579323537126,1.209502764880151,-0.8520028465040377,0.8126858168872018,0.050336493988595146,-1.4588587562001691,-1.2774216252220538,-0.4390358821128122,1.4242432292558669,-0.4195376387923536,-0.6835746886707902,-0.15873978742581374,-0.5237957129987955,-0.7951375258359844,-0.5911925232177752,0
0.6050848494452397,0.8288794145570653,0.8997051785456238,-1.4893558884515168,1.0883775267606555,1.313253166402965,0.21231522488336196,-0.8520028465040377,1.7307189374904248,-0.25943739198603655,-1.0197420707128733,0.0545647585524371,-0.4390358821128122,-0.03725250856529844,1.2979608564128653,0.18769958445090934,-0.15873978742581374,1.9091412456869414,1.2576440772916977,-0.5911925232177752,0
0.4338403029772267,1.3831852843987886,-0.9373322538565467,-0.24540281881312645,0.8222537425320757,1.3716435829759195,1.2468314128027136,-0.8520028465040377,0.8126858168872018,0.9796581519124903,-1.4588587562001691,-1.2774216252220538,-0.4390358821128122,1.4242432292558669,-0.7057873879932234,0.679296011995613,-0.15873978742581374,1.9091412456869414,-0.7951375258359844,1.6914963581696623,0
1.718174401487324,-0.27085159022905075,-0.9373322538565467,0.9985502508252638,-0.6771647387791713,-0.5116836332350986,0.1778322772525923,-0.8520028465040377,-0.40088795727531673,-0.5692112779606683,-1.0197420707128733,0.0545647585524371,-0.4390358821128122,1.4242432292558669,-1.278286886394963,-1.0252955679412377,-0.15873978742581374,-0.5237957129987955,-0.7951375258359844,-0.5911925232177752,0
-1.5354719814049222,0.6588133412731827,0.8997051785456238,-0.694608093960323,1.129980253671243,0.10973682388041187,0.015992009486089375,0.03485374204043518,0.13612699269759143,1.289432037887122,0.7367246712363097,0.0545647585524371,1.0449053994284931,-1.4987482463864636,0.4392116088102558,1.4395674806889158,-0.15873978742581374,1.9091412456869414,-0.7951375258359844,-0.5911925232177752,0
1.718174401487324,-1.290359956442613,-0.9373322538565467,1.1367672585628628,-2.2219047133258343,-1.773590392330606,-0.20585169616858562,-0.8520028465040377,-1.3189210778785396,-0.8789851639353,1.1758413567236055,0.0545647585524371,-0.4390358821128122,-1.4987482463864636,1.584210605613735,-1.4585287884613964,6.299617860250349,-0.5237957129987955,1.2576440772916977,-0.5911925232177752,0
0.17697348327520726,-0.9228455439414116,-0.9373322538565467,0.9985502508252638,-0.7718235071964394,-0.8745898782305835,-0.8686305850779471,0.03485374204043518,-1.3189210778785396,-0.8789851639353,1.1758413567236055,0.0545647585524371,-0.4390358821128122,1.4242432292558669,-0.4195376387923536,-0.8058435695305997,-0.15873978742581374,1.9091412456869414,-0.7951375258359844,1.6914963581696623,0
0.17697348327520726,0.9965772918683263,-0.9373322538565467,0.1692482043996703,0.6635441317993906,1.0516995207106863,1.5598131421347552,-0.8520028465040377,0.517145163327906,-0.5692112779606683,-0.5806253852255776,-1.2774216252220538,-0.4390358821128122,-0.03725250856529844,1.0117111072119953,0.5970672397570481,-0.15873978742581374,-0.5237957129987955,-0.7951375258359844,1.6914963581696623,0
0.09135121004120077,0.7863998992981668,0.8997051785456238,-0.14174006300992725,1.3666504573076728,1.2863173949649467,0.38587017807789625,0.6640885054221695,1.054160113300814,1.5992059238617538,1.1758413567236055,0.0545647585524371,1.0449053994284931,-0.03725250856529844,-0.4195376387923536,0.500085391995079,-0.15873978742581374,1.9091412456869414,1.2576440772916977,-0.5911925232177752,0
0.17697348327520726,0.17969769356219245,0.8997051785456238,0.34201946407166894,0.6896052841677331,0.8788507546746205,0.38587017807789625,0.6640885054221695,1.054160113300814,1.5992059238617538,-0.1415086997382818,0.0545647585524371,-0.4390358821128122,-0.03725250856529844,0.152961859609386,7.958722306568672e-06,-0.15873978742581374,-0.5237957129987955,-0.7951375258359844,-0.5911925232177752,0
0.5194625762112332,0.441926060113929,-0.9373322538565467,-1.4202473845827173,0.9456324233872766,0.14433125448928086,1.3097904891908174,0.03485374204043518,0.8126858168872018,0.9796581519124903,0.2976079857490139,0.0545647585524371,-0.4390358821128122,-0.03725250856529844,0.4392116088102558,-0.011456871625604947,-0.15873978742581374,1.9091412456869414,-0.7951375258359844,-0.5911925232177752,0
-1.4498497081709159,0.6529421887577253,0.8997051785456238,0.06558544859647111,0.8327772968966057,0.9080311771299198,1.0812671372651477,2.437801682511115,0.517145163327906,-0.25943739198603655,0.2976079857490139,1.3865511423269279,-0.4390358821128122,-0.03725250856529844,-0.1332878895914838,1.3789114753196126,-0.15873978742581374,-0.5237957129987955,-0.7951375258359844,-0.5911925232177752,0
-0.5936269758308511,0.2205490740899136,0.8997051785456238,0.06558544859647111,0.8740663442407666,-0.07386822910271423,0.1778322772525923,0.03485374204043518,0.8126858168872018,0.36011037996322687,-0.1415086997382818,0.0545647585524371,-0.4390358821128122,-0.03725250856529844,0.152961859609386,0.45303857884916165,-0.15873978742581374,1.9091412456869414,-0.7951375258359844,1.6914963581696623,0
1.204440762083285,1.5012497211171905,-0.9373322538565467,0.9294417469564643,0.5069128957272131,1.4832874116007282,0.8164764541264097,-0.8520028465040377,0.13612699269759143,0.050336493988595146,-1.8979754416874648,-1.2774216252220538,1.0449053994284931,-0.03725250856529844,-0.4195376387923536,0.14047582161561964,-0.15873978742581374,-0.5237957129987955,-0.7951375258359844,-0.5911925232177752,1
-1.3642274349369095,2.1110108466511344,-0.9373322538565467,0.44568221987486817,1.2996934868170233,1.6549880493975855,1.534137465421638,-2.368094198430245,1.5911750632737223,-0.25943739198603655,-1.4588587562001691,-1.2774216252220538,4.012787962511103,-0.03725250856529844,-0.9920371371940933,2.836358011146993,-0.15873978742581374,-0.5237957129987955,-0.7951375258359844,1.6914963581696623,1
1.4613075817853045,-1.8102283098491319,-0.9373322538565467,1.2749842663004616,-1.4495347260525029,-0.9164425794383279,-0.2769087108314654,0.6640885054221695,-0.40088795727531673,-0.8789851639353,0.7367246712363097,-1.2774216252220538,-0.4390358821128122,-1.4987482463864636,1.584210605613735,-1.6419417539284935,6.299617860250349,-0.5237957129987955,-0.7951375258359844,-0.5911925232177752,0
1.546929855019311,-0.0016666480077385697,-0.9373322538565467,0.3765737160060687,1.3265904115835958,-0.1487773882396137,-1.5314094739873088,-0.8520028465040377,0.8126858168872018,1.289432037887122,1.1758413567236055,-1.2774216252220538,2.5288466809697985,-1.4987482463864636,1.0117111072119953,-0.8244232869146959,-0.15873978742581374,1.9091412456869414,1.2576440772916977,-0.5911925232177752,0
1.1188184888492785,0.3128100421899601,0.8997051785456238,0.23835670826846977,0.4942977037668843,0.5547800751267971,0.8970342532253942,0.6640885054221695,0.8126858168872018,0.9796581519124903,-1.0197420707128733,0.0545647585524371,-0.4390358821128122,1.4242432292558669,-1.278286886394963,-0.43716092479417634,-0.15873978742581374,-0.5237957129987955,1.2576440772916977,-0.5911925232177752,0
0.8619516691472591,0.8228109123772226,0.8997051785456238,1.1713215104972625,0.12898208528586744,-0.11024178782811359,0.38587017807789625,0.03485374204043518,0.13612699269759143,-0.25943739198603655,-1.0197420707128733,1.3865511423269279,-0.4390358821128122,-0.03725250856529844,0.7254613580111255,0.012011185755417353,-0.15873978742581374,-0.5237957129987955,-0.7951375258359844,-0.5911925232177752,0
0.6907071226792462,-0.5834534586150908,-0.9373322538565467,1.4823097779068601,-1.523931364251822,-0.7631463972079218,-0.8686305850779471,-0.8520028465040377,-1.3189210778785396,-0.8789851639353,-0.5806253852255776,0.0545647585524371,-0.4390358821128122,-0.03725250856529844,1.584210605613735,-0.7578985899518966,-0.15873978742581374,-0.5237957129987955,-0.7951375258359844,1.6914963581696623,0
0.5194625762112332,0.8040133568445393,0.8997051785456238,-0.6254995900915234,1.0512963477779993,0.5457730998962653,0.8286644917507655,0.03485374204043518,0.13612699269759143,0.9796581519124903,1.1758413567236055,0.0545647585524371,-0.4390358821128122,-1.4987482463864636,1.0117111072119953,0.22857496269592104,-0.15873978742581374,-0.5237957129987955,-0.7951375258359844,-0.5911925232177752,0
0.8619516691472591,-1.168052501939931,-0.9373322538565467,1.0676587546940632,-1.223630986433815,-0.96118389028511,-0.8686305850779471,-0.8520028465040377,-1.3189210778785396,-0.8789851639353,-0.5806253852255776,0.0545647585524371,-0.4390358821128122,1.4242432292558669,-0.4195376387923536,-1.1723944317533523,-0.15873978742581374,1.9091412456869414,-0.7951375258359844,1.6914963581696623,0
0.6050848494452397,0.02926791188462997,0.8997051785456238,-0.34906557461632565,-0.5125476871970067,-0.7982085464030406,-1.5314094739873088,0.6640885054221695,-0.40088795727531673,-0.8789851639353,-0.1415086997382818,1.3865511423269279,1.0449053994284931,1.4242432292558669,-0.4195376387923536,-0.3287804979897953,-0.15873978742581374,1.9091412456869414,-0.7951375258359844,1.6914963581696623,0
0.3482180297432202,-0.37228931772300566,0.8997051785456238,-1.0055963613699206,-0.16665594586696583,-0.028341343609018455,-0.35746650993044954,1.1521609060229787,-0.40088795727531673,-0.5692112779606683,0.2976079857490139,1.3865511423269279,-0.4390358821128122,-0.03725250856529844,-1.5645366355958328,-0.4773251497852177,-0.15873978742581374,-0.5237957129987955,-0.7951375258359844,-0.5911925232177752,1
0.17697348327520726,-0.4356385599906312,-0.9373322538565467,0.13469395246527058,-0.9118426309964685,-0.2185749905062043,0.27587789045965005,-0.8520028465040377,-0.40088795727531673,-1.1887590499099316,1.1758413567236055,1.3865511423269279,-0.4390358821128122,-0.03725250856529844,-0.4195376387923536,-0.4497428024702583,-0.15873978742581374,1.9091412456869414,-0.7951375258359844,-0.5911925232177752,0
0.6050848494452397,-0.27090092764514706,0.8997051785456238,1.2058757624316623,-0.6948534363609518,-1.2477088034530517,-0.8686305850779471,-0.8520028465040377,-0.40088795727531673,-1.1887590499099316,0.2976079857490139,1.3865511423269279,-0.4390358821128122,1.4242432292558669,-0.4195376387923536,-0.5226636855981897,-0.15873978742581374,-0.5237957129987955,-0.7951375258359844,1.6914963581696623,0
0.6050848494452397,-1.7105173919185468,0.8997051785456238,0.031031196662071384,-0.9118426309964685,-0.6116490837918062,-0.6950756318834131,1.550945093966642,-1.3189210778785396,-0.5692112779606683,1.1758413567236055,1.3865511423269279,-0.4390358821128122,-0.03725250856529844,-1.278286886394963,-1.4525317873775023,-0.15873978742581374,1.9091412456869414,1.2576440772916977,-0.5911925232177752,0
-0.33676015612883164,0.4024561272369037,0.8997051785456238,1.620526785644459,0.04035964000121595,-0.20400152794953944,-0.5604559516442456,0.6640885054221695,0.13612699269759143,0.050336493988595146,-0.1415086997382818,0.0545647585524371,-0.4390358821128122,-1.4987482463864636,1.584210605613735,0.46348951263569327,-0.15873978742581374,-0.5237957129987955,1.2576440772916977,-0.5911925232177752,1
-1.4498497081709159,0.10376741019001513,0.8997051785456238,1.5514182817756594,0.4985345848327756,0.865140058099452,1.0316539334645618,1.1521609060229787,1.054160113300814,0.6698842659378585,-0.1415086997382818,0.0545647585524371,-0.4390358821128122,-1.4987482463864636,0.4392116088102558,0.8001585202057664,-0.15873978742581374,-0.5237957129987955,-0.7951375258359844,-0.5911925232177752,0
0.3482180297432202,0.36727854956025496,0.8997051785456238,-0.8328251016979219,-0.24105258406628452,-0.8745898782305835,-0.8686305850779471,0.03485374204043518,-1.3189210778785396,-0.5692112779606683,-0.1415086997382818,1.3865511423269279,-0.4390358821128122,1.4242432292558669,-0.4195376387923536,0.03808484827805044,-0.15873978742581374,-0.5237957129987955,1.2576440772916977,-0.5911925232177752,0
-1.0217383420008834,0.13026160263371833,0.8997051785456238,-0.03807730720672808,0.5069128957272131,-0.44567839143551063,-0.5604559516442456,1.1521609060229787,0.13612699269759143,-0.25943739198603655,0.2976079857490139,0.0545647585524371,-0.4390358821128122,-0.03725250856529844,-0.7057873879932234,0.6006573896158302,-0.15873978742581374,1.9091412456869414,-0.7951375258359844,-0.5911925232177752,0
-0.16551560966081866,0.9398886007736987,0.8997051785456238,0.5493449756780673,0.9194886633866103,0.6655170097294034,0.4341589305380372,0.03485374204043518,1.4351782839311287,2.2187536958110172,-1.4588587562001691,0.0545647585524371,-0.4390358821128122,-1.4987482463864636,0.7254613580111255,0.7926184507406159,-0.15873978742581374,-0.5237957129987955,-0.7951375258359844,-0.5911925232177752,0
-0.5936269758308511,0.04934824023581657,0.8997051785456238,0.6875619834156662,0.8465064640662544,-0.31364614015791037,-0.2769087108314654,0.6640885054221695,0.517145163327906,0.6698842659378585,-0.1415086997382818,0.0545647585524371,-0.4390358821128122,1.4242432292558669,-0.4195376387923536,0.30171724259159793,-0.15873978742581374,1.9091412456869414,-0.7951375258359844,-0.5911925232177752,0
0.005728936807194294,-0.5217816884947388,-0.9373322538565467,-1.2820303768451184,-1.0993071871582751,-1.179383373877105,-0.35746650993044954,0.03485374204043518,-1.3189210778785396,-0.8789851639353,0.2976079857490139,0.0545647585524371,-0.4390358821128122,-1.4987482463864636,1.584210605613735,-0.44390262409685066,-0.15873978742581374,-0.5237957129987955,-0.7951375258359844,1.6914963581696623,1
0.5194625762112332,-0.5606595723786086,0.8997051785456238,1.2058757624316623,-0.1597347739410857,-0.1758017897944036,-1.5314094739873088,1.550945093966642,-0.40088795727531673,-0.25943739198603655,0.2976079857490139,0.0545647585524371,-0.4390358821128122,-0.03725250856529844,1.0117111072119953,-0.6760824207804939,-0.15873978742581374,1.9091412456869414,1.2576440772916977,-0.5911925232177752,0
0.9475739423812656,-0.06975228222060713,0.8997051785456238,-0.0726315591411278,-0.05358802790447786,0.20843196689728108,0.060700411121498196,2.180179857348376,-0.40088795727531673,0.050336493988595146,-0.1415086997382818,1.3865511423269279,-0.4390358821128122,1.4242432292558669,-0.1332878895914838,-0.5610777020502733,-0.15873978742581374,-0.5237957129987955,1.2576440772916977,-0.5911925232177752,0
-0.8504937955328705,0.1557197093393996,0.8997051785456238,1.3095385182348613,0.3382533308147977,0.8482951683808897,-0.2769087108314654,0.6640885054221695,0.13612699269759143,1.5992059238617538,-0.5806253852255776,0.0545647585524371,-0.4390358821128122,-0.03725250856529844,0.7254613580111255,0.5334886293286804,-0.15873978742581374,-0.5237957129987955,-0.7951375258359844,1.6914963581696623,0
0.3482180297432202,2.040507679049548,-0.9373322538565467,-0.4872825823539246,1.0370300645632482,1.757174965038877,0.5594251312724303,-0.8520028465040377,1.4351782839311287,0.9796581519124903,-1.4588587562001691,-1.2774216252220538,2.5288466809697985,-0.03725250856529844,0.4392116088102558,1.2041698832558807,-0.15873978742581374,-0.5237957129987955,1.2576440772916977,-0.5911925232177752,1
0.3482180297432202,-0.8942791800216646,-0.9373322538565467,-0.0726315591411278,-0.4997391420592437,-0.5116836332350986,-1.5314094739873088,0.6640885054221695,-1.3189210778785396,-0.5692112779606683,0.7367246712363097,0.0545647585524371,-0.4390358821128122,-1.4987482463864636,1.0117111072119953,-0.8411035206664302,-0.15873978742581374,-0.5237957129987955,1.2576440772916977,-0.5911925232177752,0
0.4338403029772267,-0.8387745869133478,-0.9373322538565467,-0.03807730720672808,-1.0993071871582751,-1.9601498549418401,-1.5314094739873088,-0.8520028465040377,-1.3189210778785396,-1.1887590499099316,1.1758413567236055,0.0545647585524371,-0.4390358821128122,-0.03725250856529844,-0.7057873879932234,-0.8314350231840901,-0.15873978742581374,1.9091412456869414,1.2576440772916977,-0.5911925232177752,1
0.9475739423812656,-0.37431215178295324,-0.9373322538565467,-0.10718581107552753,0.30640768200579505,0.867905485709109,1.162816370183427,1.88811232068876,0.13612699269759143,0.050336493988595146,1.6149580422109011,0.0545647585524371,-0.4390358821128122,-1.4987482463864636,1.0117111072119953,-0.737089809656181,-0.15873978742581374,-0.5237957129987955,-0.7951375258359844,1.6914963581696623,0
1.6325521282533173,1.6094960120324322,-0.9373322538565467,-0.7637165978291224,0.7767721725321096,1.2144438790901444,0.7783614224167266,-0.8520028465040377,0.8126858168872018,1.289432037887122,-1.8979754416874648,-1.2774216252220538,-0.4390358821128122,1.4242432292558669,-1.278286886394963,-0.15562642138569305,-0.15873978742581374,-0.5237957129987955,1.2576440772916977,-0.5911925232177752,0
-0.07989333642681218,-0.5373229745650675,0.8997051785456238,-0.4181740784851251,-0.32693719988494374,-1.0611493408418176,-0.5604559516442456,1.1521609060229787,-1.3189210778785396,-0.5692112779606683,0.7367246712363097,2.718537526101419,-0.4390358821128122,-0.03725250856529844,-1.5645366355958328,-0.4216530875625488,-0.15873978742581374,1.9091412456869414,-0.7951375258359844,1.6914963581696623,0
1.6325521282533173,-1.7702650028111437,-0.9373322538565467,-1.4202473845827173,-1.02957289562413,-0.44567839143551063,-0.20585169616858562,0.6640885054221695,-1.3189210778785396,-0.5692112779606683,1.1758413567236055,0.0545647585524371,-0.4390358821128122,-1.4987482463864636,1.2979608564128653,-1.6492813922289047,-0.15873978742581374,-0.5237957129987955,1.2576440772916977,-0.5911925232177752,0
-0.8504937955328705,0.36782126113731406,0.8997051785456238,-0.694608093960323,0.4241379466334564,0.13585411689210103,0.9775920523243778,0.6640885054221695,-0.40088795727531673,0.36011037996322687,-0.1415086997382818,0.0545647585524371,-0.4390358821128122,-0.03725250856529844,1.2979608564128653,0.7317771094407378,-0.15873978742581374,-0.5237957129987955,-0.7951375258359844,-0.5911925232177752,0
0.17697348327520726,1.4296117929453895,-0.9373322538565467,1.240430014366062,1.1367336354512423,1.2612303977144201,0.9486286980291899,-0.8520028465040377,1.2583237218588201,2.2187536958110172,-1.4588587562001691,-1.2774216252220538,-0.4390358821128122,-1.4987482463864636,1.0117111072119953,0.9135732076039966,-0.15873978742581374,-0.5237957129987955,-0.7951375258359844,1.6914963581696623,0
-0.5936269758308511,1.5846299543199063,-0.9373322538565467,-1.6275728961891156,0.6039702303578094,1.2256665140325909,1.4954519491840863,-0.8520028465040377,1.5911750632737223,2.2187536958110172,-2.3370921271747607,-1.2774216252220538,-0.4390358821128122,1.4242432292558669,-1.278286886394963,1.6587251220333468,-0.15873978742581374,-0.5237957129987955,1.2576440772916977,-0.5911925232177752,0
-0.8504937955328705,1.5284346373862416,-0.9373322538565467,0.583899227612467,1.3453671565888892,1.2834158608549673,1.5633934929594875,-0.8520028465040377,0.8126858168872018,1.9089798098363855,-1.8979754416874648,-1.2774216252220538,1.0449053994284931,-1.4987482463864636,0.4392116088102558,1.81680576870011,-0.15873978742581374,-0.5237957129987955,-0.7951375258359844,1.6914963581696623,0
-0.33676015612883164,0.2647060614960856,0.8997051785456238,0.3765737160060687,0.556602416716579,0.1526990066106634,-0.08478960543199393,2.180179857348376,0.517145163327906,-0.25943739198603655,0.7367246712363097,2.718537526101419,-0.4390358821128122,-0.03725250856529844,1.0117111072119953,0.3487590239927938,-0.15873978742581374,-0.5237957129987955,1.2576440772916977,-0.5911925232177752,0
-1.4498497081709159,-0.7841087298786679,0.8997051785456238,0.1692482043996703,-0.6948534363609518,-1.0092423019281362,-0.8686305850779471,0.6640885054221695,-1.3189210778785396,-0.5692112779606683,-0.5806253852255776,1.3865511423269279,-0.4390358821128122,1.4242432292558669,-1.5645366355958328,-0.13553801920927053,-0.15873978742581374,-0.5237957129987955,1.2576440772916977,-0.5911925232177752,0
-1.2786051617029028,0.07431297278053503,0.8997051785456238,0.722116235350066,1.065206431106194,0.5036180010184462,-0.03229674297405158,1.550945093966642,1.2583237218588201,0.36011037996322687,0.7367246712363097,0.0545647585524371,1.0449053994284931,-0.03725250856529844,0.7254613580111255,0.6800507737038362,-0.15873978742581374,-0.5237957129987955,-0.7951375258359844,1.6914963581696623,0
-0.764871522298864,-0.23769684661234958,0.8997051785456238,0.20380245633407004,-1.1790354179593172,-1.773590392330606,-1.5314094739873088,-0.8520028465040377,-0.40088795727531673,-1.1887590499099316,-0.5806253852255776,1.3865511423269279,-0.4390358821128122,-0.03725250856529844,0.152961859609386,0.12646325119039445,-0.15873978742581374,-0.5237957129987955,-0.7951375258359844,-0.5911925232177752,0
0.8619516691472591,-0.8947232167665311,-0.9373322538565467,0.9985502508252638,-0.8611579617475593,-0.7631463972079218,-1.5314094739873088,-0.8520028465040377,-1.3189210778785396,-0.8789851639353,0.7367246712363097,0.0545647585524371,-0.4390358821128122,-0.03725250856529844,0.4392116088102558,-1.0097852148372495,-0.15873978742581374,-0.5237957129987955,-0.7951375258359844,-0.5911925232177752,0
0.7763293959132526,0.5967962092401567,0.8997051785456238,0.4802364718092679,0.9446856989875412,1.1036065596243674,0.7376749512991704,0.6640885054221695,1.2583237218588201,0.9796581519124903,0.2976079857490139,0.0545647585524371,-0.4390358821128122,-0.03725250856529844,1.0117111072119953,-0.06903512647359769,-0.15873978742581374,-0.5237957129987955,-0.7951375258359844,-0.5911925232177752,0
0.4338403029772267,0.6786469825438879,0.8997051785456238,-0.21084856687872672,0.5411786725899536,0.20843196689728108,-0.5604559516442456,0.03485374204043518,0.13612699269759143,0.6698842659378585,-0.5806253852255776,0.0545647585524371,-0.4390358821128122,-0.03725250856529844,0.4392116088102558,0.20027391450990906,-0.15873978742581374,1.9091412456869414,1.2576440772916977,-0.5911925232177752,0
0.7763293959132526,1.5084036464511512,-0.9373322538565467,-1.2474761249107187,1.2537602294041574,1.5296648019869186,0.8286644917507655,-0.8520028465040377,1.2583237218588201,0.36011037996322687,-1.4588587562001691,-1.2774216252220538,-0.4390358821128122,-0.03725250856529844,1.2979608564128653,0.48879415684005884,-0.15873978742581374,1.9091412456869414,1.2576440772916977,-0.5911925232177752,0
0.005728936807194294,1.1921014718578902,-0.9373322538565467,-0.10718581107552753,1.4260178166986268,1.58401552459007,1.1832687472264252,-0.8520028465040377,1.4351782839311287,0.9796581519124903,-0.1415086997382818,-1.2774216252220538,4.012787962511103,-0.03725250856529844,1.0117111072119953,0.8670429869161521,-0.15873978742581374,-0.5237957129987955,1.2576440772916977,-0.5911925232177752,1
0.6050848494452397,1.3859975171162766,-0.9373322538565467,0.5493449756780673,0.5916082962060337,1.5186306460552104,1.6047779889783895,-0.8520028465040377,1.7307189374904248,2.2187536958110172,-1.4588587562001691,-1.2774216252220538,-0.4390358821128122,-0.03725250856529844,-0.4195376387923536,0.5475498399528799,-0.15873978742581374,-0.5237957129987955,-0.7951375258359844,-0.5911925232177752,0
-1.1073606152348898,-0.8020675493377144,0.8997051785456238,-1.6621271481235154,-0.7515613769784906,-1.0092423019281362,-1.5314094739873088,0.03485374204043518,-1.3189210778785396,-0.8789851639353,-0.1415086997382818,1.3865511423269279,-0.4390358821128122,1.4242432292558669,-0.1332878895914838,-0.27301199399329795,-0.15873978742581374,1.9091412456869414,-0.7951375258359844,-0.5911925232177752,0
-1.2786051617029028,1.6817259891973884,-0.9373322538565467,-1.4893558884515168,1.38543493234704,1.0516995207106863,0.7783614224167266,-0.8520028465040377,0.8126858168872018,1.289432037887122,-1.8979754416874648,-1.2774216252220538,5.496729244052409,1.4242432292558669,-0.9920371371940933,2.319393203964785,-0.15873978742581374,-0.5237957129987955,-0.7951375258359844,-0.5911925232177752,1
0.26259575650921374,-1.3179395720404343,-0.9373322538565467,-0.5909453381571238,-1.8357197196891686,-1.324090135280595,-1.5314094739873088,-0.8520028465040377,-1.3189210778785396,-0.8789851639353,0.7367246712363097,0.0545647585524371,-0.4390358821128122,-1.4987482463864636,1.2979608564128653,-1.115487076201558,-0.15873978742581374,-0.5237957129987955,1.2576440772916977,-0.5911925232177752,0
1.033196215615272,-0.47244427239845727,-0.9373322538565467,-0.5218368342883243,0.721617320069263,0.5179763394093555,-0.2769087108314654,1.550945093966642,-0.40088795727531673,0.050336493988595146,1.6149580422109011,0.0545647585524371,1.0449053994284931,-1.4987482463864636,0.4392116088102558,-0.8290424285690223,-0.15873978742581374,-0.5237957129987955,-0.7951375258359844,1.6914963581696623,0
1.718174401487324,0.6340952958089456,-0.9373322538565467,0.722116235350066,0.3944163841760104,0.988435067306796,1.4411403113260883,1.1521609060229787,0.517145163327906,1.9089798098363855,-0.5806253852255776,0.0545647585524371,-0.4390358821128122,1.4242432292558669,-1.278286886394963,-0.6407444776014802,-0.15873978742581374,-0.5237957129987955,-0.7951375258359844,-0.5911925232177752,0
-1.2786051617029028,0.6409038592302325,0.8997051785456238,-0.003523055272328344,-0.2654570915461185,-0.8352753086062314,-1.5314094739873088,0.03485374204043518,-0.40088795727531673,-0.5692112779606683,-1.0197420707128733,1.3865511423269279,-0.4390358821128122,1.4242432292558669,-0.1332878895914838,1.257896337519574,-0.15873978742581374,-0.5237957129987955,-0.7951375258359844,-0.5911925232177752,0
2.2319080408913625,-0.8275256560433957,-0.9373322538565467,0.5493449756780673,-1.7113959204136286,-1.0611493408418176,-0.8686305850779471,-0.8520028465040377,-1.3189210778785396,-1.1887590499099316,0.2976079857490139,-1.2774216252220538,-0.4390358821128122,1.4242432292558669,-0.9920371371940933,-1.4370759448413302,-0.15873978742581374,-0.5237957129987955,-0.7951375258359844,-0.5911925232177752,0
0.7763293959132526,1.1762148238748875,-0.9373322538565467,-0.8328251016979219,1.1134301108010856,1.414605765706171,1.2222040201817916,-0.8520028465040377,0.8126858168872018,1.289432037887122,0.2976079857490139,-1.2774216252220538,1.0449053994284931,-0.03725250856529844,1.2979608564128653,0.285521733581367,-0.15873978742581374,-0.5237957129987955,-0.7951375258359844,1.6914963581696623,0
-1.0217383420008834,-1.2583893108122226,0.8997051785456238,1.2058757624316623,-1.0633497324158372,-0.7298831168270937,-0.20585169616858562,0.6640885054221695,-0.40088795727531673,-0.8789851639353,-0.1415086997382818,1.3865511423269279,-0.4390358821128122,1.4242432292558669,-1.278286886394963,-0.7447657362288117,-0.15873978742581374,-0.5237957129987955,-0.7951375258359844,1.6914963581696623,0
0.3482180297432202,0.061583919427694395,-0.9373322538565467,-1.454801636517117,0.7087429999269748,1.0109544060945141,1.4097353670215558,0.6640885054221695,1.5911750632737223,0.050336493988595146,0.2976079857490139,0.0545647585524371,1.0449053994284931,-0.03725250856529844,0.4392116088102558,-0.17495586873329108,-0.15873978742581374,-0.5237957129987955,1.2576440772916977,-0.5911925232177752,0
-1.1073606152348898,-0.2718876759670727,0.8997051785456238,-0.5218368342883243,0.4569207650077279,-0.4051344531174384,-0.2769087108314654,1.1521609060229787,-0.40088795727531673,0.6698842659378585,-0.5806253852255776,0.0545647585524371,-0.4390358821128122,-0.03725250856529844,1.2979608564128653,0.24967558418548302,-0.15873978742581374,-0.5237957129987955,-0.7951375258359844,-0.5911925232177752,0
-1.1073606152348898,1.304048068980353,0.8997051785456238,-0.38361982655072535,0.21603595058967015,1.0020402892181657,0.4341589305380372,-0.8520028465040377,0.8126858168872018,0.9796581519124903,0.7367246712363097,0.0545647585524371,2.5288466809697985,-1.4987482463864636,0.7254613580111255,1.8033408198254068,-0.15873978742581374,1.9091412456869414,-0.7951375258359844,-0.5911925232177752,1
1.546929855019311,2.1497407182867154,-0.9373322538565467,-1.6621271481235154,1.3806895541228323,1.2892060046039846,1.2876490190894119,-0.8520028465040377,0.517145163327906,-0.5692112779606683,-1.8979754416874648,-1.2774216252220538,2.5288466809697985,-0.03725250856529844,1.0117111072119953,0.16294088454882524,-0.15873978742581374,1.9091412456869414,-0.7951375258359844,-0.5911925232177752,1
1.033196215615272,0.2338701764359096,0.8997051785456238,-0.8328251016979219,0.6556412024825865,0.5547800751267971,0.5000374812740657,1.550945093966642,1.054160113300814,-0.5692112779606683,1.1758413567236055,1.3865511423269279,2.5288466809697985,-0.03725250856529844,-0.9920371371940933,-0.43285291268846193,-0.15873978742581374,-0.5237957129987955,1.2576440772916977,-0.5911925232177752,1
1.546929855019311,-1.4388162414763241,-0.9373322538565467,-0.8328251016979219,-1.7113959204136286,-1.0611493408418176,-0.6950756318834131,0.03485374204043518,-1.3189210778785396,-0.8789851639353,1.1758413567236055,0.0545647585524371,-0.4390358821128122,-0.03725250856529844,-1.278286886394963,-1.4839869008797675,-0.15873978742581374,-0.5237957129987955,-0.7951375258359844,1.6914963581696623,0
-1.2786051617029028,-0.7236210577446267,0.8997051785456238,0.031031196662071384,0.4069936039315067,-0.4250896211805721,-1.5314094739873088,1.550945093966642,0.13612699269759143,-0.5692112779606683,1.1758413567236055,0.0545647585524371,-0.4390358821128122,-0.03725250856529844,-0.4195376387923536,-0.13373330010249665,-0.15873978742581374,1.9091412456869414,1.2576440772916977,-0.5911925232177752,0
-1.2786051617029028,-0.763090990621652,0.8997051785456238,-0.10718581107552753,0.2125208147958763,0.4739108929194504,1.0229733902741405,1.88811232068876,1.5911750632737223,-0.5692112779606683,-0.5806253852255776,0.0545647585524371,1.0449053994284931,-0.03725250856529844,-1.278286886394963,-0.17398725787440453,-0.15873978742581374,-0.5237957129987955,-0.7951375258359844,-0.5911925232177752,1
-1.3642274349369095,0.689353201836781,0.8997051785456238,1.620526785644459,0.7272451171644198,1.0020402892181657,0.305312378978912,0.03485374204043518,1.054160113300814,1.289432037887122,-1.0197420707128733,0.0545647585524371,-0.4390358821128122,-1.4987482463864636,1.2979608564128653,1.3622958156251372,-0.15873978742581374,-0.5237957129987955,1.2576440772916977,-0.5911925232177752,0
-1.4498497081709159,1.5909944809963266,-0.9373322538565467,0.2729109602028695,1.1830820511156313,1.1187766500133607,1.0812671372651477,-0.8520028465040377,0.8126858168872018,1.5992059238617538,-1.8979754416874648,-1.2774216252220538,1.0449053994284931,-0.03725250856529844,-0.4195376387923536,2.3674866200127718,-0.15873978742581374,-0.5237957129987955,-0.7951375258359844,1.6914963581696623,0
-0.07989333642681218,-1.5828814964774665,0.8997051785456238,-0.0726315591411278,-1.0993071871582751,-0.6680752475562154,-0.8686305850779471,1.1521609060229787,-0.40088795727531673,-1.1887590499099316,1.1758413567236055,1.3865511423269279,1.0449053994284931,1.4242432292558669,-1.5645366355958328,-1.239170715952226,-0.15873978742581374,-0.5237957129987955,1.2576440772916977,-0.5911925232177752,0
-0.5080047025968446,-0.7331925164673053,0.8997051785456238,0.10013970053087085,-1.272109129332575,-1.773590392330606,-1.5314094739873088,-0.8520028465040377,-1.3189210778785396,-1.1887590499099316,0.2976079857490139,1.3865511423269279,-0.4390358821128122,-0.03725250856529844,-0.4195376387923536,-0.4207641459950858,-0.15873978742581374,1.9091412456869414,-0.7951375258359844,-0.5911925232177752,0
0.8619516691472591,1.2813528575760635,0.8997051785456238,-0.6600538420259232,1.3563367744405606,1.2079426537966442,1.7571330327021593,-0.8520028465040377,0.13612699269759143,0.6698842659378585,-0.1415086997382818,0.0545647585524371,4.012787962511103,-1.4987482463864636,0.4392116088102558,0.2848072258309156,-0.15873978742581374,-0.5237957129987955,-0.7951375258359844,1.6914963581696623,0
0.6050848494452397,-0.11889234865250356,0.8997051785456238,0.4802364718092679,-0.1528985265142937,-0.4250896211805721,-0.8686305850779471,-0.8520028465040377,-0.40088795727531673,-0.25943739198603655,-1.4588587562001691,0.0545647585524371,-0.4390358821128122,1.4242432292558669,-1.5645366355958328,-0.4244792508477848,-0.15873978742581374,1.9091412456869414,-0.7951375258359844,1.6914963581696623,0
0.7763293959132526,-1.0572406653876827,-0.9373322538565467,0.06558544859647111,0.20184035018791985,0.05411774396843487,-1.5314094739873088,2.180179857348376,-0.40088795727531673,-0.5692112779606683,1.6149580422109011,0.0545647585524371,-0.4390358821128122,-0.03725250856529844,-0.9920371371940933,-1.0811705772010067,-0.15873978742581374,-0.5237957129987955,-0.7951375258359844,-0.5911925232177752,0
-0.07989333642681218,-0.8655648038536288,0.8997051785456238,-1.212921872976319,-0.29097974514250574,-0.6680752475562154,-0.2769087108314654,-0.8520028465040377,-1.3189210778785396,-0.8789851639353,1.1758413567236055,0.0545647585524371,-0.4390358821128122,-1.4987482463864636,0.7254613580111255,-0.678303936075031,-0.15873978742581374,-0.5237957129987955,-0.7951375258359844,1.6914963581696623,0
0.17697348327520726,-0.6611598889667343,0.8997051785456238,-1.0055963613699206,-0.6948534363609518,-1.0611493408418176,-1.5314094739873088,0.6640885054221695,-1.3189210778785396,-0.5692112779606683,-0.1415086997382818,1.3865511423269279,-0.4390358821128122,1.4242432292558669,-0.7057873879932234,-0.6145768891773793,-0.15873978742581374,-0.5237957129987955,1.2576440772916977,-0.5911925232177752,0
-1.5354719814049222,0.3855827309319754,-0.9373322538565467,0.23835670826846977,-0.09487707524863923,0.6424912137137836,0.5402715434140909,-0.8520028465040377,0.13612699269759143,0.6698842659378585,-1.0197420707128733,-1.2774216252220538,-0.4390358821128122,1.4242432292558669,-0.7057873879932234,1.1469765568790817,-0.15873978742581374,-0.5237957129987955,1.2576440772916977,-0.5911925232177752,0
-0.33676015612883164,0.9535550650323688,-0.9373322538565467,-0.2799570707475262,0.9884059378630018,0.9208730183860692,1.4188762592181112,-0.8520028465040377,1.2583237218588201,0.36011037996322687,-1.0197420707128733,-1.2774216252220538,1.0449053994284931,1.4242432292558669,-0.7057873879932234,0.9224936523710754,-0.15873978742581374,-0.5237957129987955,1.2576440772916977,-0.5911925232177752,0
0.005728936807194294,0.12670930867478605,-0.9373322538565467,0.7912247392188655,0.09520524849416005,0.11855997755964244,0.14125821022048246,-0.8520028465040377,-0.40088795727531673,0.36011037996322687,-1.4588587562001691,-1.2774216252220538,-0.4390358821128122,-0.03725250856529844,-0.4195376387923536,0.052126770547484304,-0.15873978742581374,-0.5237957129987955,-0.7951375258359844,1.6914963581696623,0
0.3482180297432202,-0.9520532942704103,-0.9373322538565467,-1.6621271481235154,-1.1377463706151563,-1.410684147335121,-0.35746650993044954,-0.8520028465040377,-1.3189210778785396,-0.8789851639353,1.1758413567236055,0.0545647585524371,-0.4390358821128122,-0.03725250856529844,-1.5645366355958328,-0.8813667033036608,-0.15873978742581374,-0.5237957129987955,1.2576440772916977,-0.5911925232177752,0
0.6050848494452397,-1.550022777357343,-0.9373322538565467,-0.7637165978291224,-0.9676038472142717,-0.5851763554236039,0.14125821022048246,-0.8520028465040377,-0.40088795727531673,-0.5692112779606683,0.7367246712363097,-1.2774216252220538,-0.4390358821128122,-0.03725250856529844,-1.278286886394963,-1.348866105377156,-0.15873978742581374,-0.5237957129987955,-0.7951375258359844,-0.5911925232177752,0
0.3482180297432202,-0.820766430038205,-0.9373322538565467,0.9639959988908641,-0.47497296811089346,-0.5352677519642633,-0.5604559516442456,0.6640885054221695,-0.40088795727531673,-0.8789851639353,0.7367246712363097,0.0545647585524371,-0.4390358821128122,1.4242432292558669,-0.1332878895914838,-0.789871973160475,-0.15873978742581374,-0.5237957129987955,1.2576440772916977,-0.5911925232177752,0
0.4338403029772267,-1.1424957204020572,-0.9373322538565467,1.3095385182348613,-0.5669466847039637,-0.5851763554236039,-1.5314094739873088,-0.8520028465040377,-1.3189210778785396,-0.8789851639353,1.1758413567236055,0.0545647585524371,-0.4390358821128122,-0.03725250856529844,0.152961859609386,-1.0379378265539776,-0.15873978742581374,1.9091412456869414,-0.7951375258359844,1.6914963581696623,0
-1.3642274349369095,0.6368088536942411,2.736742610947794,1.102213006628463,1.2332562293429548,0.6541063025743561,0.1778322772525923,2.180179857348376,0.517145163327906,-0.5692112779606683,0.7367246712363097,2.718537526101419,-0.4390358821128122,-0.03725250856529844,-0.9920371371940933,1.3078145996532207,-0.15873978742581374,1.9091412456869414,-0.7951375258359844,1.6914963581696623,1
-0.25113788289482514,-0.8896908003247104,0.8997051785456238,0.06558544859647111,-0.3086684427242859,-1.773590392330606,-1.5314094739873088,-0.8520028465040377,-0.40088795727531673,-0.8789851639353,-0.1415086997382818,0.0545647585524371,-0.4390358821128122,1.4242432292558669,-0.1332878895914838,-0.6408727870918782,-0.15873978742581374,-0.5237957129987955,-0.7951375258359844,1.6914963581696623,0
0.7763293959132526,-1.6898943519903011,-0.9373322538565467,1.0331045027596635,-1.7113959204136286,-0.8352753086062314,0.21231522488336196,0.03485374204043518,-0.40088795727531673,-1.1887590499099316,1.1758413567236055,0.0545647585524371,-0.4390358821128122,-1.4987482463864636,1.2979608564128653,-1.468302952582888,-0.15873978742581374,-0.5237957129987955,1.2576440772916977,-0.5911925232177752,0
-0.16551560966081866,0.23303144036227283,0.8997051785456238,-1.316584628779518,0.34939664577224255,0.6692763929633493,1.3415497873048123,0.6640885054221695,0.8126858168872018,0.9796581519124903,-0.5806253852255776,0.0545647585524371,-0.4390358821128122,-0.03725250856529844,-0.7057873879932234,0.2279149655132858,-0.15873978742581374,1.9091412456869414,1.2576440772916977,-0.5911925232177752,0
0.7763293959132526,-1.1322828752701268,-0.9373322538565467,0.1692482043996703,-0.9390259331402973,-0.4669423223883164,-1.5314094739873088,-0.8520028465040377,0.13612699269759143,-1.1887590499099316,0.7367246712363097,0.0545647585524371,1.0449053994284931,-0.03725250856529844,0.4392116088102558,-1.1270902795293105,-0.15873978742581374,-0.5237957129987955,-0.7951375258359844,-0.5911925232177752,1
1.546929855019311,-1.8037157709244227,-0.9373322538565467,1.5168640298412597,-1.7113959204136286,-1.0611493408418176,0.27587789045965005,0.03485374204043518,-0.40088795727531673,-1.1887590499099316,1.6149580422109011,0.0545647585524371,-0.4390358821128122,-0.03725250856529844,-1.5645366355958328,-1.6514534287003473,6.299617860250349,-0.5237957129987955,-0.7951375258359844,-0.5911925232177752,0
-0.9361160687668769,-0.9583191461146381,0.8997051785456238,-1.6966814000579151,-0.9676038472142717,-1.9601498549418401,-1.5314094739873088,-0.8520028465040377,-1.3189210778785396,-0.8789851639353,-0.5806253852255776,0.0545647585524371,-0.4390358821128122,-0.03725250856529844,0.4392116088102558,-0.48101761178666996,-0.15873978742581374,1.9091412456869414,-0.7951375258359844,-0.5911925232177752,0
-0.4223824293628381,0.8248830838532665,0.8997051785456238,0.1692482043996703,1.1210766674153707,0.6266735565745362,1.3618302631233208,1.550945093966642,1.4351782839311287,1.289432037887122,0.2976079857490139,0.0545647585524371,-0.4390358821128122,-1.4987482463864636,1.2979608564128653,0.8726156441952005,-0.15873978742581374,-0.5237957129987955,-0.7951375258359844,1.6914963581696623,0
0.17697348327520726,1.1318604868043303,-0.9373322538565467,-0.9710421094355208,0.7029241775826259,1.6064880362450018,1.3097904891908174,-0.8520028465040377,1.5911750632737223,-0.25943739198603655,-1.0197420707128733,-1.2774216252220538,1.0449053994284931,-0.03725250856529844,-0.1332878895914838,0.6959460552790183,-0.15873978742581374,-0.5237957129987955,-0.7951375258359844,1.6914963581696623,1
0.17697348327520726,1.9785892218487144,-0.9373322538565467,0.30746521213726924,0.9341641520965337,1.7819085820621345,1.3862581889402212,-0.8520028465040377,1.2583237218588201,-0.25943739198603655,-1.0197420707128733,-1.2774216252220538,-0.4390358821128122,-0.03725250856529844,-1.5645366355958328,1.3148221428020137,-0.15873978742581374,-0.5237957129987955,-0.7951375258359844,-0.5911925232177752,1
0.005728936807194294,0.8435819645537571,-0.9373322538565467,-1.5930186442547158,0.8066933041419306,1.1390725019780643,1.2876490190894119,-0.8520028465040377,0.8126858168872018,0.36011037996322687,-1.4588587562001691,-1.2774216252220538,-0.4390358821128122,1.4242432292558669,-0.1332878895914838,0.6004611515716921,-0.15873978742581374,-0.5237957129987955,-0.7951375258359844,1.6914963581696623,0
0.6907071226792462,-1.0134290398941845,-0.9373322538565467,1.7241895414476582,-1.6098159800704808,-0.96118389028511,-0.6950756318834131,-0.8520028465040377,-1.3189210778785396,-0.8789851639353,1.1758413567236055,0.0545647585524371,-0.4390358821128122,-0.03725250856529844,-1.5645366355958328,-1.0283171306464916,-0.15873978742581374,-0.5237957129987955,1.2576440772916977,-0.5911925232177752,0
0.3482180297432202,1.3812611251710336,-0.9373322538565467,0.722116235350066,0.6572307818067432,1.4413634827811022,1.3097904891908174,-0.8520028465040377,1.2583237218588201,0.36011037996322687,-1.4588587562001691,-1.2774216252220538,1.0449053994284931,1.4242432292558669,-0.4195376387923536,0.7447363679709315,-0.15873978742581374,-0.5237957129987955,1.2576440772916977,-0.5911925232177752,0
0.9475739423812656,-1.160701226941585,-0.9373322538565467,0.5493449756780673,-0.5528409395036313,0.48893454070191716,0.7234793000308598,0.03485374204043518,-0.40088795727531673,-0.25943739198603655,1.1758413567236055,-1.2774216252220538,-0.4390358821128122,-1.4987482463864636,0.4392116088102558,-1.1915620246457426,-0.15873978742581374,-0.5237957129987955,-0.7951375258359844,-0.5911925232177752,0
-0.9361160687668769,-0.7036887416417289,0.8997051785456238,-0.17629431494432699,-0.7718235071964394,-0.8352753086062314,-0.8686305850779471,1.1521609060229787,-1.3189210778785396,-0.5692112779606683,-0.5806253852255776,1.3865511423269279,-0.4390358821128122,1.4242432292558669,-1.278286886394963,-0.2386418230490506,-0.15873978742581374,1.9091412456869414,-0.7951375258359844,1.6914963581696623,0
0.26259575650921374,-0.2552609667426258,0.8997051785456238,-1.4893558884515168,-0.24906922849220556,-0.8352753086062314,-1.5314094739873088,0.6640885054221695,-1.3189210778785396,-0.5692112779606683,0.7367246712363097,1.3865511423269279,-0.4390358821128122,-0.03725250856529844,0.7254613580111255,-0.3568358293085746,-0.15873978742581374,-0.5237957129987955,-0.7951375258359844,-0.5911925232177752,0
0.17697348327520726,-0.7139509241897555,-0.9373322538565467,-1.3856931326483175,-0.47497296811089346,-1.179383373877105,-0.5604559516442456,-0.8520028465040377,0.13612699269759143,-1.1887590499099316,0.2976079857490139,0.0545647585524371,1.0449053994284931,1.4242432292558669,-0.9920371371940933,-0.6531619849499936,-0.15873978742581374,1.9091412456869414,1.2576440772916977,-0.5911925232177752,1
-1.3642274349369095,-0.1921090741393854,0.8997051785456238,1.5859725337100592,0.6713365270070758,0.5084395235392493,0.060700411121498196,1.1521609060229787,0.517145163327906,0.6698842659378585,-0.1415086997382818,0.0545647585524371,-0.4390358821128122,-0.03725250856529844,-0.4195376387923536,0.44834144515165214,-0.15873978742581374,-0.5237957129987955,1.2576440772916977,-0.5911925232177752,0
-0.8504937955328705,0.4728112825902012,0.8997051785456238,0.722116235350066,0.7355816394089084,-0.4669423223883164,-0.35746650993044954,0.03485374204043518,1.054160113300814,0.050336493988595146,-1.0197420707128733,0.0545647585524371,1.0449053994284931,1.4242432292558669,-0.7057873879932234,0.8299296764745733,-0.15873978742581374,-0.5237957129987955,1.2576440772916977,-0.5911925232177752,0
-1.2786051617029028,-0.6215912812575164,0.8997051785456238,1.4823097779068601,-0.6272375777029506,-0.9164425794383279,-1.5314094739873088,0.6640885054221695,-1.3189210778785396,-0.8789851639353,1.1758413567236055,1.3865511423269279,-0.4390358821128122,-1.4987482463864636,1.2979608564128653,-0.029676819262114754,-0.15873978742581374,-0.5237957129987955,1.2576440772916977,-0.5911925232177752,0
-0.5936269758308511,1.2079881198408928,-0.9373322538565467,1.240430014366062,0.556602416716579,1.2382589833219202,0.9775920523243778,-0.8520028465040377,1.054160113300814,-0.5692112779606683,-1.4588587562001691,-1.2774216252220538,1.0449053994284931,1.4242432292558669,-0.4195376387923536,1.3258181822667066,-0.15873978742581374,-0.5237957129987955,-0.7951375258359844,1.6914963581696623,0
1.4613075817853045,-0.8322620479886387,-0.9373322538565467,-1.6275728961891156,-1.0993071871582751,-0.8352753086062314,-1.5314094739873088,-0.8520028465040377,-0.40088795727531673,-1.1887590499099316,0.2976079857490139,0.0545647585524371,-0.4390358821128122,-0.03725250856529844,0.152961859609386,-1.1764919492048846,-0.15873978742581374,-0.5237957129987955,-0.7951375258359844,1.6914963581696623,1
-0.33676015612883164,-0.909228417098838,0.8997051785456238,-1.6966814000579151,-0.1597347739410857,-0.31364614015791037,-1.5314094739873088,0.6640885054221695,-0.40088795727531673,-0.5692112779606683,0.7367246712363097,0.0545647585524371,-0.4390358821128122,-1.4987482463864636,1.0117111072119953,-0.6289978695491654,-0.15873978742581374,-0.5237957129987955,-0.7951375258359844,-0.5911925232177752,0
-0.25113788289482514,-0.8886547145866885,0.8997051785456238,1.4477555259724604,-0.6948534363609518,-0.3857750515562201,0.060700411121498196,-0.8520028465040377,-1.3189210778785396,-0.5692112779606683,-0.5806253852255776,0.0545647585524371,-0.4390358821128122,-0.03725250856529844,0.7254613580111255,-0.6400274539786681,-0.15873978742581374,-0.5237957129987955,1.2576440772916977,-0.5911925232177752,0
-0.764871522298864,1.255154689628938,0.8997051785456238,-1.5930186442547158,0.8127296272745476,1.0958863280677413,1.5633934929594875,-0.8520028465040377,1.4351782839311287,1.9089798098363855,-1.0197420707128733,0.0545647585524371,-0.4390358821128122,-0.03725250856529844,1.0117111072119953,1.496718037235582,-0.15873978742581374,1.9091412456869414,1.2576440772916977,-0.5911925232177752,0
1.2900630353172915,-0.8091721372555789,-0.9373322538565467,0.6530077314812666,-0.19523385994094014,0.541222261629304,0.7515442366719015,1.88811232068876,-0.40088795727531673,-0.25943739198603655,1.1758413567236055,0.0545647585524371,-0.4390358821128122,-1.4987482463864636,1.2979608564128653,-1.1064701896606508,-0.15873978742581374,-0.5237957129987955,-0.7951375258359844,1.6914963581696623,1
-0.25113788289482514,-0.3487060328289831,0.8997051785456238,1.6896352895132585,0.8962075560887813,0.25975186969867337,0.21231522488336196,1.88811232068876,0.13612699269759143,1.5992059238617538,-0.1415086997382818,0.0545647585524371,1.0449053994284931,-0.03725250856529844,0.152961859609386,-0.1994881401229082,-0.15873978742581374,-0.5237957129987955,1.2576440772916977,-0.5911925232177752,0
-0.33676015612883164,0.9535550650323688,-0.9373322538565467,-0.2799570707475262,0.9884059378630018,0.9208730183860692,1.4188762592181112,-0.8520028465040377,1.2583237218588201,0.36011037996322687,-1.0197420707128733,-1.2774216252220538,1.0449053994284931,1.4242432292558669,-0.7057873879932234,0.9224936523710754,-0.15873978742581374,-0.5237957129987955,1.2576440772916977,-0.5911925232177752,0
-0.25113788289482514,-1.126510397586862,0.8997051785456238,-1.1438133691075194,-1.383912240451793,-1.773590392330606,-1.5314094739873088,-0.8520028465040377,-1.3189210778785396,-1.1887590499099316,1.1758413567236055,1.3865511423269279,1.0449053994284931,1.4242432292558669,-0.1332878895914838,-0.834091784397036,-0.15873978742581374,1.9091412456869414,-0.7951375258359844,1.6914963581696623,0
-1.7067165278729353,0.8634649432405587,-0.9373322538565467,1.1367672585628628,1.3935374833609326,1.6467374064036946,1.475137324703227,-0.8520028465040377,1.5911750632737223,0.9796581519124903,-0.1415086997382818,-1.2774216252220538,-0.4390358821128122,-0.03725250856529844,-1.278286886394963,1.774614589210429,-0.15873978742581374,1.9091412456869414,1.2576440772916977,-0.5911925232177752,0
0.09135121004120077,-1.2649018497369318,0.8997051785456238,-1.6621271481235154,-1.7113959204136286,-1.0092423019281362,-0.2769087108314654,0.03485374204043518,0.13612699269759143,-1.1887590499099316,0.2976079857490139,1.3865511423269279,-0.4390358821128122,-0.03725250856529844,-1.278286886394963,-1.0340835100973174,-0.15873978742581374,-0.5237957129987955,-0.7951375258359844,-0.5911925232177752,1
1.204440762083285,-1.2086078579710744,-0.9373322538565467,0.5147907237436676,-1.1790354179593172,-0.96118389028511,-0.8686305850779471,-0.8520028465040377,-1.3189210778785396,-0.8789851639353,0.7367246712363097,0.0545647585524371,-0.4390358821128122,-0.03725250856529844,-0.7057873879932234,-1.2874285023277816,-0.15873978742581374,-0.5237957129987955,1.2576440772916977,-0.5911925232177752,0
1.375685308551298,0.9373723925527884,-0.9373322538565467,0.6530077314812666,0.6524483732565697,1.4014075123543643,0.21231522488336196,-0.8520028465040377,1.054160113300814,1.9089798098363855,-1.4588587562001691,-1.2774216252220538,-0.4390358821128122,-1.4987482463864636,1.0117111072119953,-0.27505488235022224,-0.15873978742581374,-0.5237957129987955,-0.7951375258359844,-0.5911925232177752,0
0.4338403029772267,-0.4459994173708503,0.8997051785456238,1.6896352895132585,0.3240032656615317,-0.08576749491425192,-1.5314094739873088,1.1521609060229787,-0.40088795727531673,-0.5692112779606683,1.1758413567236055,0.0545647585524371,-0.4390358821128122,-1.4987482463864636,0.4392116088102558,-0.5643835583322913,-0.15873978742581374,-0.5237957129987955,1.2576440772916977,-0.5911925232177752,0
-1.5354719814049222,0.08462449274465789,-0.9373322538565467,-0.5909453381571238,0.4500564419340158,-1.0092423019281362,-1.5314094739873088,-0.8520028465040377,-0.40088795727531673,-0.25943739198603655,0.7367246712363097,-1.2774216252220538,-0.4390358821128122,-0.03725250856529844,0.4392116088102558,0.8246933074677443,-0.15873978742581374,1.9091412456869414,1.2576440772916977,-0.5911925232177752,0
-1.4498497081709159,1.0178910556219198,-0.9373322538565467,1.3095385182348613,0.984890802069208,1.3470716623928143,0.5402715434140909,-0.8520028465040377,1.4351782839311287,0.6698842659378585,-1.0197420707128733,-1.2774216252220538,-0.4390358821128122,-1.4987482463864636,1.2979608564128653,1.763516237603066,-0.15873978742581374,-0.5237957129987955,-0.7951375258359844,-0.5911925232177752,0
1.546929855019311,0.7898041810088102,-0.9373322538565467,1.2058757624316623,0.6345530570278131,0.988435067306796,1.617965122624519,-0.8520028465040377,1.5911750632737223,0.050336493988595146,-1.8979754416874648,-1.2774216252220538,-0.4390358821128122,-0.03725250856529844,-0.9920371371940933,-0.4611866672151636,-0.15873978742581374,-0.5237957129987955,-0.7951375258359844,1.6914963581696623,0
-1.7067165278729353,0.55495808039051,0.8997051785456238,-1.5930186442547158,1.2936484310384992,-0.18974838735133803,-1.5314094739873088,3.067036445892849,0.8126858168872018,1.289432037887122,1.1758413567236055,1.3865511423269279,1.0449053994284931,-1.4987482463864636,1.0117111072119953,1.4337600086561977,-0.15873978742581374,-0.5237957129987955,1.2576440772916977,-0.5911925232177752,0
-0.9361160687668769,0.6709503456328679,2.736742610947794,-0.5218368342883243,1.0757902778043988,0.7021647142173824,0.015992009486089375,0.03485374204043518,1.2583237218588201,1.5992059238617538,-0.1415086997382818,1.3865511423269279,1.0449053994284931,-0.03725250856529844,0.152961859609386,1.0698399102986633,-0.15873978742581374,-0.5237957129987955,-0.7951375258359844,1.6914963581696623,0
1.546929855019311,-0.47348035813647915,-0.9373322538565467,-0.9019336055667213,0.08199165268411454,0.9531182580684576,1.155841872351118,0.03485374204043518,0.13612699269759143,1.5992059238617538,-0.1415086997382818,-1.2774216252220538,-0.4390358821128122,-0.03725250856529844,-1.5645366355958328,-1.0409568733868706,-0.15873978742581374,1.9091412456869414,-0.7951375258359844,-0.5911925232177752,1
0.3482180297432202,-0.7764120929676479,0.8997051785456238,-0.4181740784851251,-1.0633497324158372,-1.2477088034530517,-0.5604559516442456,0.03485374204043518,-0.40088795727531673,-1.1887590499099316,-0.1415086997382818,1.3865511423269279,1.0449053994284931,1.4242432292558669,-0.4195376387923536,-0.7589611267122509,-0.15873978742581374,1.9091412456869414,-0.7951375258359844,-0.5911925232177752,0
-0.4223824293628381,0.6872316929446409,0.8997051785456238,-0.9364878575011211,0.7272451171644198,0.08252338521840286,0.015992009486089375,-0.8520028465040377,0.8126858168872018,0.6698842659378585,-1.4588587562001691,0.0545647585524371,-0.4390358821128122,1.4242432292558669,-0.7057873879932234,0.7556275794205932,-0.15873978742581374,1.9091412456869414,1.2576440772916977,-0.5911925232177752,0
-0.6792492490648575,-1.7138229987969977,0.8997051785456238,-1.0401506133043203,-1.272109129332575,-1.6288836309271162,-0.6950756318834131,0.6640885054221695,-0.40088795727531673,-0.8789851639353,0.7367246712363097,1.3865511423269279,-0.4390358821128122,-1.4987482463864636,0.7254613580111255,-1.2425788843769143,-0.15873978742581374,-0.5237957129987955,1.2576440772916977,-0.5911925232177752,0
1.9750412211893433,1.5754038575099016,-0.9373322538565467,-1.454801636517117,0.8878762281327857,1.5559783717356637,1.427880715083839,-0.8520028465040377,1.8569517264925168,0.6698842659378585,-1.8979754416874648,-1.2774216252220538,2.5288466809697985,1.4242432292558669,-0.4195376387923536,-0.4508875243943969,-0.15873978742581374,-0.5237957129987955,-0.7951375258359844,-0.5911925232177752,1
-0.33676015612883164,0.6206261812146607,0.8997051785456238,0.10013970053087085,1.349506114605723,0.9080311771299198,0.9869455318291523,2.437801682511115,1.7307189374904248,0.6698842659378585,0.2976079857490139,0.0545647585524371,-0.4390358821128122,-1.4987482463864636,0.4392116088102558,0.645200909762807,-0.15873978742581374,-0.5237957129987955,-0.7951375258359844,-0.5911925232177752,0
-1.1073606152348898,-1.4452301055688408,-0.9373322538565467,1.4477555259724604,-1.8357197196891686,-1.324090135280595,-1.5314094739873088,-0.8520028465040377,-1.3189210778785396,-1.1887590499099316,1.1758413567236055,-1.2774216252220538,-0.4390358821128122,-1.4987482463864636,0.4392116088102558,-0.907085627823429,-0.15873978742581374,-0.5237957129987955,-0.7951375258359844,-0.5911925232177752,0
0.7763293959132526,0.7610898048407744,-0.9373322538565467,1.5168640298412597,0.7894351534168734,1.184660960942346,-0.03229674297405158,-0.8520028465040377,1.4351782839311287,2.2187536958110172,-1.4588587562001691,-1.2774216252220538,-0.4390358821128122,1.4242432292558669,-0.9920371371940933,0.031499133061742256,-0.15873978742581374,-0.5237957129987955,1.2576440772916977,-0.5911925232177752,0
0.17697348327520726,-0.9228455439414116,-0.9373322538565467,0.9985502508252638,-0.7718235071964394,-0.8745898782305835,-0.8686305850779471,0.03485374204043518,-1.3189210778785396,-0.8789851639353,1.1758413567236055,0.0545647585524371,-0.4390358821128122,1.4242432292558669,-0.4195376387923536,-0.8058435695305997,-0.15873978742581374,1.9091412456869414,-0.7951375258359844,1.6914963581696623,0
-0.25113788289482514,0.9431448702360533,0.8997051785456238,-0.9019336055667213,1.0705234860838064,0.9815238993184251,1.1344211366037953,1.88811232068876,1.2583237218588201,0.6698842659378585,-1.0197420707128733,0.0545647585524371,-0.4390358821128122,-1.4987482463864636,1.584210605613735,0.854521490176728,-0.15873978742581374,-0.5237957129987955,-0.7951375258359844,1.6914963581696623,0
-1.1929828884688964,0.41089282538936783,0.8997051785456238,1.1713215104972625,0.82460954805123,0.6840997078797696,0.27587789045965005,0.6640885054221695,0.13612699269759143,0.9796581519124903,0.2976079857490139,0.0545647585524371,-0.4390358821128122,-1.4987482463864636,1.2979608564128653,0.9730618481979144,-0.15873978742581374,-0.5237957129987955,-0.7951375258359844,1.6914963581696623,0
-1.3642274349369095,-0.5858709920038085,0.8997051785456238,1.4823097779068601,-0.6600203960772216,-1.510649597891829,-0.8686305850779471,0.03485374204043518,-1.3189210778785396,-0.8789851639353,-0.1415086997382818,0.0545647585524371,-0.4390358821128122,1.4242432292558669,-1.278286886394963,0.040064839825956156,-0.15873978742581374,-0.5237957129987955,1.2576440772916977,-0.5911925232177752,0
-0.9361160687668769,-0.24603486993262116,-0.9373322538565467,-1.558464392320316,0.5489439157142402,-0.44567839143551063,-0.5604559516442456,-0.8520028465040377,-0.40088795727531673,0.050336493988595146,0.2976079857490139,-1.2774216252220538,-0.4390358821128122,-0.03725250856529844,0.152961859609386,0.1969865079585366,-0.15873978742581374,-0.5237957129987955,-0.7951375258359844,1.6914963581696623,0
-0.6792492490648575,1.8131608656778824,-0.9373322538565467,-0.5909453381571238,1.2682602995811176,1.4263754497824939,1.0969378194473987,-0.8520028465040377,1.4351782839311287,0.9796581519124903,-1.8979754416874648,-1.2774216252220538,1.0449053994284931,-0.03725250856529844,0.152961859609386,1.9348094072843378,-0.15873978742581374,-0.5237957129987955,-0.7951375258359844,1.6914963581696623,0
1.033196215615272,1.7551400643486552,-0.9373322538565467,-0.7637165978291224,1.2416598151336327,0.36373276213575945,0.928517257611974,-0.8520028465040377,1.4351782839311287,1.5992059238617538,-1.4588587562001691,-1.2774216252220538,2.5288466809697985,-0.03725250856529844,-0.4195376387923536,0.42046557939460594,-0.15873978742581374,1.9091412456869414,1.2576440772916977,-0.5911925232177752,0
0.6050848494452397,-1.2181299792776568,0.8997051785456238,-1.3511388807139177,-1.3252109267769627,-1.324090135280595,-1.5314094739873088,0.03485374204043518,-1.3189210778785396,-0.8789851639353,0.7367246712363097,1.3865511423269279,-0.4390358821128122,-0.03725250856529844,0.4392116088102558,-1.1344919760146202,-0.15873978742581374,-0.5237957129987955,-0.7951375258359844,1.6914963581696623,0
-0.07989333642681218,-0.07809030554087872,-0.9373322538565467,-1.3856931326483175,0.4337029399257943,0.1526990066106634,0.27587789045965005,0.03485374204043518,-0.40088795727531673,0.6698842659378585,-0.1415086997382818,0.0545647585524371,-0.4390358821128122,1.4242432292558669,-1.5645366355958328,-0.06258107524416846,-0.15873978742581374,-0.5237957129987955,-0.7951375258359844,-0.5911925232177752,0
0.7763293959132526,-0.5221270504074128,-0.9373322538565467,0.5493449756780673,-1.4495347260525029,-1.410684147335121,-0.8686305850779471,-0.8520028465040377,-1.3189210778785396,-1.1887590499099316,0.7367246712363097,0.0545647585524371,-0.4390358821128122,-0.03725250856529844,-0.7057873879932234,-0.7537247577054219,-0.15873978742581374,1.9091412456869414,1.2576440772916977,-0.5911925232177752,0
-0.33676015612883164,0.7251228285065852,-0.9373322538565467,0.6530077314812666,0.4726160895322167,1.0978250194719474,0.996156204529315,-0.8520028465040377,0.517145163327906,-0.25943739198603655,-1.4588587562001691,-1.2774216252220538,-0.4390358821128122,1.4242432292558669,-0.9920371371940933,0.7322349982103933,-0.15873978742581374,-0.5237957129987955,-0.7951375258359844,-0.5911925232177752,0
0.17697348327520726,-0.7342286022053273,-0.9373322538565467,-1.1438133691075194,0.2630521478183642,0.4636982126924671,0.33337731561995393,1.88811232068876,0.13612699269759143,-0.5692112779606683,1.6149580422109011,0.0545647585524371,-0.4390358821128122,-1.4987482463864636,1.2979608564128653,-0.6679829890271379,-0.15873978742581374,-0.5237957129987955,1.2576440772916977,-0.5911925232177752,1
-1.1073606152348898,1.374501899165843,-0.9373322538565467,-1.2820303768451184,0.9234400783550135,1.4181591542775653,0.9869455318291523,-0.8520028465040377,1.2583237218588201,-0.5692112779606683,-1.0197420707128733,-1.2774216252220538,-0.4390358821128122,-1.4987482463864636,0.4392116088102558,1.8727990239608339,-0.15873978742581374,-0.5237957129987955,1.2576440772916977,-0.5911925232177752,1
1.1188184888492785,-0.5485225680189234,-0.9373322538565467,1.5859725337100592,-1.6098159800704808,-1.2477088034530517,-0.8686305850779471,-0.8520028465040377,-1.3189210778785396,-0.8789851639353,-0.5806253852255776,0.0545647585524371,-0.4390358821128122,-0.03725250856529844,0.4392116088102558,-0.9056633213154882,-0.15873978742581374,-0.5237957129987955,-0.7951375258359844,1.6914963581696623,0
0.09135121004120077,1.1716757815940295,-0.9373322538565467,-1.1438133691075194,1.1934848815893957,1.6962768669518438,1.2468314128027136,-0.8520028465040377,1.5911750632737223,0.050336493988595146,-1.0197420707128733,-1.2774216252220538,1.0449053994284931,-0.03725250856529844,-1.278286886394963,0.7882332852158387,-0.15873978742581374,-0.5237957129987955,-0.7951375258359844,-0.5911925232177752,1
0.6907071226792462,0.13006425296933322,0.8997051785456238,-0.10718581107552753,1.0031026813598567,0.6145518617463355,0.33337731561995393,1.1521609060229787,1.2583237218588201,-0.25943739198603655,1.1758413567236055,0.0545647585524371,-0.4390358821128122,-0.03725250856529844,-1.278286886394963,-0.30915585495187,-0.15873978742581374,-0.5237957129987955,1.2576440772916977,-0.5911925232177752,0
0.09135121004120077,-1.3535118490458533,0.8997051785456238,-1.5930186442547158,-1.7113959204136286,-1.324090135280595,-0.8686305850779471,0.03485374204043518,-1.3189210778785396,-0.8789851639353,-0.5806253852255776,1.3865511423269279,-0.4390358821128122,-0.03725250856529844,1.0117111072119953,-1.1003549425758017,-0.15873978742581374,-0.5237957129987955,-0.7951375258359844,-0.5911925232177752,0
-0.9361160687668769,1.621386329311636,-0.9373322538565467,1.0676587546940632,0.19460457088657696,0.3392584692218975,1.2876490190894119,-2.368094198430245,1.7307189374904248,-0.5692112779606683,-0.1415086997382818,-1.2774216252220538,5.496729244052409,-0.03725250856529844,-1.5645366355958328,1.9745341932363691,-0.15873978742581374,1.9091412456869414,-0.7951375258359844,1.6914963581696623,1
1.204440762083285,-0.3858571071494831,-0.9373322538565467,0.9639959988908641,-1.383912240451793,-1.179383373877105,-0.8686305850779471,-0.8520028465040377,-1.3189210778785396,-1.1887590499099316,0.2976079857490139,0.0545647585524371,-0.4390358821128122,1.4242432292558669,-0.4195376387923536,-0.8538967316208147,-0.15873978742581374,-0.5237957129987955,-0.7951375258359844,1.6914963581696623,0
-0.9361160687668769,0.9913968631782167,-0.9373322538565467,-1.6966814000579151,0.6345530570278131,1.231993313403287,1.7774990963687651,-0.8520028465040377,1.4351782839311287,-0.25943739198603655,-1.4588587562001691,-1.2774216252220538,-0.4390358821128122,1.4242432292558669,-0.9920371371940933,1.3748642753152953,-0.15873978742581374,1.9091412456869414,-0.7951375258359844,-0.5911925232177752,1
0.3482180297432202,1.6896693131888898,-0.9373322538565467,0.44568221987486817,1.205479901943366,1.6970456777019078,0.4341589305380372,-0.8520028465040377,1.2583237218588201,0.36011037996322687,-1.4588587562001691,-1.2774216252220538,1.0449053994284931,1.4242432292558669,-0.4195376387923536,0.9596681823734323,-0.15873978742581374,1.9091412456869414,1.2576440772916977,-0.5911925232177752,0
0.4338403029772267,-0.6121184973670304,-0.9373322538565467,1.4477555259724604,-0.24906922849220556,-0.7631463972079218,0.27587789045965005,0.03485374204043518,-0.40088795727531673,-0.5692112779606683,-0.1415086997382818,0.0545647585524371,-0.4390358821128122,1.4242432292558669,-0.7057873879932234,-0.6773294548473028,-0.15873978742581374,1.9091412456869414,-0.7951375258359844,-0.5911925232177752,0
-0.8504937955328705,0.9754115403630215,-0.9373322538565467,-0.8673793536323215,0.41685487331441357,1.1964062821141759,0.7376749512991704,-0.8520028465040377,1.054160113300814,0.36011037996322687,-1.4588587562001691,-1.2774216252220538,-0.4390358821128122,-0.03725250856529844,0.4392116088102558,1.2997981916877692,-0.15873978742581374,-0.5237957129987955,-0.7951375258359844,1.6914963581696623,0
0.26259575650921374,-0.6423129960179547,0.8997051785456238,-1.6275728961891156,-0.5669466847039637,-0.6392486444013494,-0.6950756318834131,0.6640885054221695,-1.3189210778785396,-0.8789851639353,1.1758413567236055,1.3865511423269279,-0.4390358821128122,-0.03725250856529844,-0.1332878895914838,-0.6331540906891149,-0.15873978742581374,1.9091412456869414,-0.7951375258359844,-0.5911925232177752,0
-0.33676015612883164,0.27822451350646676,0.8997051785456238,-0.9364878575011211,-0.009867789029017759,-1.179383373877105,-0.8686305850779471,0.6640885054221695,-0.40088795727531673,-0.5692112779606683,-1.0197420707128733,1.3865511423269279,-0.4390358821128122,1.4242432292558669,-0.9920371371940933,0.36001839143124453,-0.15873978742581374,1.9091412456869414,1.2576440772916977,-0.5911925232177752,0
0.8619516691472591,0.5046339159723028,0.8997051785456238,0.23835670826846977,0.22987882851681507,0.3202768665596402,0.8970342532253942,-0.8520028465040377,0.13612699269759143,0.6698842659378585,-0.5806253852255776,0.0545647585524371,-0.4390358821128122,-0.03725250856529844,0.4392116088102558,-0.17727885754637826,-0.15873978742581374,-0.5237957129987955,-0.7951375258359844,-0.5911925232177752,0
-0.9361160687668769,1.3916219825512528,0.8997051785456238,0.1692482043996703,0.9322296113501838,0.8162283676599971,0.33337731561995393,-0.8520028465040377,0.517145163327906,-0.25943739198603655,-1.8979754416874648,0.0545647585524371,-0.4390358821128122,1.4242432292558669,-0.1332878895914838,1.7558277316686315,-0.15873978742581374,-0.5237957129987955,-0.7951375258359844,-0.5911925232177752,0
1.4613075817853045,1.4462385021698365,-0.9373322538565467,0.7566704872844657,0.22300038096311894,1.1622672530631544,1.014166119356488,-0.8520028465040377,0.517145163327906,0.6698842659378585,-1.8979754416874648,-1.2774216252220538,-0.4390358821128122,-1.4987482463864636,1.0117111072119953,-0.09207045380857198,-0.15873978742581374,-0.5237957129987955,-0.7951375258359844,-0.5911925232177752,0
1.1188184888492785,-1.1844325240838964,-0.9373322538565467,-0.38361982655072535,-1.523931364251822,-1.510649597891829,-1.5314094739873088,-0.8520028465040377,-1.3189210778785396,-1.1887590499099316,0.7367246712363097,0.0545647585524371,-0.4390358821128122,-0.03725250856529844,-0.7057873879932234,-1.2515521624635688,-0.15873978742581374,-0.5237957129987955,-0.7951375258359844,1.6914963581696623,0
0.8619516691472591,0.2554799646860809,0.8997051785456238,0.44568221987486817,0.9696989996532653,0.6226581146941582,0.928517257611974,0.03485374204043518,1.5911750632737223,1.289432037887122,-0.1415086997382818,0.0545647585524371,-0.4390358821128122,-0.03725250856529844,-1.5645366355958328,-0.3255056708002266,-0.15873978742581374,-0.5237957129987955,1.2576440772916977,-0.5911925232177752,0
0.5194625762112332,1.5902544197548822,-0.9373322538565467,0.9985502508252638,1.1806058373720636,1.2612303977144201,1.624452145807907,-2.368094198430245,1.4351782839311287,0.050336493988595146,-1.8979754416874648,-1.2774216252220538,4.012787962511103,-0.03725250856529844,1.0117111072119953,0.7497832079265844,-0.15873978742581374,-0.5237957129987955,-0.7951375258359844,-0.5911925232177752,1
0.8619516691472591,0.12892949239911872,0.8997051785456238,-1.0747048652387199,-0.23314965474948088,0.37563202794729716,1.1197060816501374,0.03485374204043518,-0.40088795727531673,0.36011037996322687,-0.1415086997382818,0.0545647585524371,-0.4390358821128122,-0.03725250856529844,-0.4195376387923536,-0.400793151195498,-0.15873978742581374,-0.5237957129987955,1.2576440772916977,-0.5911925232177752,0
1.4613075817853045,-0.6457666151446944,-0.9373322538565467,1.5859725337100592,0.06387144829734996,0.7856334585762274,0.4341589305380372,1.88811232068876,0.13612699269759143,-0.25943739198603655,1.1758413567236055,0.0545647585524371,-0.4390358821128122,-0.03725250856529844,0.4392116088102558,-1.0877319723178276,-0.15873978742581374,-0.5237957129987955,1.2576440772916977,-0.5911925232177752,0
0.09135121004120077,0.07845731573262268,-0.9373322538565467,0.583899227612467,0.37631720460764806,-0.44567839143551063,-0.2769087108314654,0.03485374204043518,-0.40088795727531673,0.050336493988595146,-0.1415086997382818,0.0545647585524371,-0.4390358821128122,-0.03725250856529844,1.0117111072119953,-0.02938497806826842,-0.15873978742581374,-0.5237957129987955,-0.7951375258359844,1.6914963581696623,0
0.26259575650921374,-1.0643945907216434,-0.9373322538565467,-0.7291623458947226,-1.223630986433815,-0.8352753086062314,-0.2769087108314654,-0.8520028465040377,-1.3189210778785396,-0.8789851639353,1.1758413567236055,0.0545647585524371,-0.4390358821128122,1.4242432292558669,-0.9920371371940933,-0.9344801233354528,-0.15873978742581374,-0.5237957129987955,1.2576440772916977,-0.5911925232177752,0
-0.764871522298864,1.2062119728614267,-0.9373322538565467,0.9985502508252638,1.0883775267606555,1.2144438790901444,0.21231522488336196,-0.8520028465040377,1.054160113300814,1.5992059238617538,-1.4588587562001691,-1.2774216252220538,1.0449053994284931,-0.03725250856529844,1.2979608564128653,1.4517946203621328,-0.15873978742581374,1.9091412456869414,-0.7951375258359844,-0.5911925232177752,0
-1.4498497081709159,-0.03585747736246169,0.8997051785456238,-1.2474761249107187,-0.38563851355977363,-1.2477088034530517,-1.5314094739873088,-0.8520028465040377,-1.3189210778785396,-0.8789851639353,-0.1415086997382818,0.0545647585524371,-0.4390358821128122,1.4242432292558669,-0.1332878895914838,0.653013532067038,-0.15873978742581374,1.9091412456869414,1.2576440772916977,-0.5911925232177752,0
0.09135121004120077,-1.7900493066657526,-0.9373322538565467,-0.7637165978291224,-1.4495347260525029,-0.96118389028511,0.14125821022048246,0.03485374204043518,-1.3189210778785396,-0.5692112779606683,-0.1415086997382818,-1.2774216252220538,-0.4390358821128122,-0.03725250856529844,0.4392116088102558,-1.4268413760778227,-0.15873978742581374,-0.5237957129987955,1.2576440772916977,-0.5911925232177752,0
0.4338403029772267,0.6841234357305751,-0.9373322538565467,-1.1092591171731196,0.7187819593688533,0.0917220045792926,0.33337731561995393,0.03485374204043518,0.13612699269759143,0.9796581519124903,-0.1415086997382818,0.0545647585524371,1.0449053994284931,1.4242432292558669,-1.5645366355958328,0.20399740560381055,-0.15873978742581374,-0.5237957129987955,1.2576440772916977,-0.5911925232177752,0
-0.33676015612883164,0.7342995879004935,0.8997051785456238,0.7566704872844657,0.34385284704523994,-0.03942694332670407,0.305312378978912,2.180179857348376,-0.40088795727531673,0.36011037996322687,-0.5806253852255776,1.3865511423269279,-0.4390358821128122,1.4242432292558669,-0.4195376387923536,0.7398782184423343,-0.15873978742581374,-0.5237957129987955,1.2576440772916977,-0.5911925232177752,0
-1.2786051617029028,1.2421296117795195,-0.9373322538565467,1.0331045027596635,0.8729897310068478,1.2892060046039846,1.162816370183427,-0.8520028465040377,0.13612699269759143,1.5992059238617538,-1.8979754416874648,-1.2774216252220538,-0.4390358821128122,-0.03725250856529844,-1.278286886394963,1.8710647492801609,-0.15873978742581374,-0.5237957129987955,-0.7951375258359844,-0.5911925232177752,0
1.204440762083285,1.4851163860537064,-0.9373322538565467,-1.6621271481235154,1.0497291254360566,0.4100733137233073,0.5402715434140909,-0.8520028465040377,0.13612699269759143,-0.25943739198603655,-0.1415086997382818,-1.2774216252220538,1.0449053994284931,-0.03725250856529844,-0.9920371371940933,0.13197468890866484,-0.15873978742581374,-0.5237957129987955,-0.7951375258359844,-0.5911925232177752,1
0.3482180297432202,0.1415598709197668,0.8997051785456238,0.9985502508252638,-1.1790354179593172,-1.6288836309271162,-1.5314094739873088,-0.8520028465040377,-1.3189210778785396,-1.1887590499099316,-0.1415086997382818,1.3865511423269279,-0.4390358821128122,1.4242432292558669,-1.278286886394963,-0.11922007107748335,-0.15873978742581374,1.9091412456869414,-0.7951375258359844,-0.5911925232177752,0
-0.764871522298864,2.327750115562099,-0.9373322538565467,-0.9019336055667213,1.2411035023812858,1.5867537065261528,1.3862581889402212,-2.368094198430245,1.2583237218588201,0.9796581519124903,-1.8979754416874648,-1.2774216252220538,1.0449053994284931,1.4242432292558669,-1.278286886394963,2.481229209442019,-0.15873978742581374,-0.5237957129987955,-0.7951375258359844,-0.5911925232177752,0
1.2900630353172915,-1.7429814117099,-0.9373322538565467,0.8948874950220647,-0.9390259331402973,-0.7631463972079218,-0.6950756318834131,0.6640885054221695,-1.3189210778785396,-0.8789851639353,1.1758413567236055,0.0545647585524371,-0.4390358821128122,-0.03725250856529844,0.4392116088102558,-1.5826493513787137,-0.15873978742581374,1.9091412456869414,-0.7951375258359844,-0.5911925232177752,0
0.17697348327520726,0.9977120524385408,0.8997051785456238,0.722116235350066,1.353614551556599,0.536639261694385,-1.5314094739873088,0.6640885054221695,0.517145163327906,-0.25943739198603655,0.2976079857490139,0.0545647585524371,2.5288466809697985,-0.03725250856529844,0.4392116088102558,0.5978966390119734,-0.15873978742581374,-0.5237957129987955,-0.7951375258359844,1.6914963581696623,0
1.204440762083285,-0.889444113244229,-0.9373322538565467,-1.3511388807139177,-1.02957289562413,-0.7631463972079218,-0.6950756318834131,-0.8520028465040377,-0.40088795727531673,-1.1887590499099316,1.1758413567236055,0.0545647585524371,1.0449053994284931,-0.03725250856529844,1.0117111072119953,-1.1192516598773519,-0.15873978742581374,1.9091412456869414,1.2576440772916977,-0.5911925232177752,1
1.204440762083285,-0.7565784516969427,-0.9373322538565467,-0.8673793536323215,-0.10725863313199818,-0.07386822910271423,0.9869455318291523,-0.8520028465040377,1.054160113300814,-0.8789851639353,0.2976079857490139,-1.2774216252220538,1.0449053994284931,-0.03725250856529844,0.7254613580111255,-1.0492408024466813,-0.15873978742581374,-0.5237957129987955,1.2576440772916977,-0.5911925232177752,1
-0.25113788289482514,-1.428948758257068,-0.9373322538565467,-0.0726315591411278,-1.9960009737071465,-1.0611493408418176,-0.20585169616858562,-0.8520028465040377,-0.40088795727531673,-1.1887590499099316,1.1758413567236055,-1.2774216252220538,-0.4390358821128122,-0.03725250856529844,-1.5645366355958328,-1.0808485455388315,6.299617860250349,-0.5237957129987955,-0.7951375258359844,1.6914963581696623,0
0.7763293959132526,-0.2255598422526643,0.8997051785456238,1.6896352895132585,0.8643010999481833,-0.017442065338305328,0.38587017807789625,1.550945093966642,-0.40088795727531673,0.050336493988595146,1.6149580422109011,0.0545647585524371,-0.4390358821128122,-0.03725250856529844,0.7254613580111255,-0.5722498525802182,-0.15873978742581374,-0.5237957129987955,1.2576440772916977,-0.5911925232177752,0
-0.07989333642681218,0.9358922700699,0.8997051785456238,-1.558464392320316,0.704384590411439,0.8132330191857708,1.1487857995956556,0.03485374204043518,1.054160113300814,0.9796581519124903,-1.0197420707128733,0.0545647585524371,-0.4390358821128122,-0.03725250856529844,1.0117111072119953,0.7302474590454053,-0.15873978742581374,-0.5237957129987955,-0.7951375258359844,-0.5911925232177752,0
0.8619516691472591,-0.986342798457326,-0.9373322538565467,-1.1783676210419192,-0.20261340060940378,-0.23348350437061907,-0.8686305850779471,0.03485374204043518,-0.40088795727531673,-0.5692112779606683,0.7367246712363097,0.0545647585524371,-0.4390358821128122,-1.4987482463864636,1.2979608564128653,-1.0642915895327736,-0.15873978742581374,1.9091412456869414,1.2576440772916977,-0.5911925232177752,0
0.3482180297432202,0.021571274973610045,0.8997051785456238,0.6184534795468668,0.17231571171420956,0.27369846725560776,-0.2769087108314654,1.550945093966642,0.13612699269759143,-0.25943739198603655,0.7367246712363097,1.3865511423269279,-0.4390358821128122,-0.03725250856529844,-0.4195376387923536,-0.20284095935566002,-0.15873978742581374,-0.5237957129987955,-0.7951375258359844,-0.5911925232177752,0
0.8619516691472591,-0.15150438069214567,-0.9373322538565467,-0.5909453381571238,-0.8374459927971493,-0.6116490837918062,0.7515442366719015,-0.8520028465040377,-0.40088795727531673,-0.5692112779606683,-1.0197420707128733,0.0545647585524371,-0.4390358821128122,-0.03725250856529844,1.584210605613735,-0.5676290336776513,-0.15873978742581374,-0.5237957129987955,-0.7951375258359844,-0.5911925232177752,0
-1.2786051617029028,-0.23991703033668224,0.8997051785456238,-0.3145113226819259,0.015811741148776304,0.5226926641374506,0.45692719274077576,0.03485374204043518,-0.40088795727531673,-0.25943739198603655,0.7367246712363097,0.0545647585524371,-0.4390358821128122,-1.4987482463864636,1.2979608564128653,0.35957895239223453,-0.15873978742581374,-0.5237957129987955,1.2576440772916977,-0.5911925232177752,0
-0.5936269758308511,-0.5942583527401765,0.8997051785456238,0.1692482043996703,0.24003984890237132,0.5680602346096533,-0.5604559516442456,2.180179857348376,0.13612699269759143,-0.25943739198603655,1.1758413567236055,1.3865511423269279,-0.4390358821128122,-1.4987482463864636,1.584210605613735,-0.26715504313748534,-0.15873978742581374,-0.5237957129987955,-0.7951375258359844,-0.5911925232177752,1
-0.25113788289482514,1.7150287450623785,0.8997051785456238,0.9985502508252638,1.216640840611416,1.3510138738748625,1.1344211366037953,1.1521609060229787,0.517145163327906,0.050336493988595146,1.1758413567236055,1.3865511423269279,-0.4390358821128122,-1.4987482463864636,0.4392116088102558,1.484294659518227,-0.15873978742581374,-0.5237957129987955,-0.7951375258359844,-0.5911925232177752,0
0.6907071226792462,-0.23019755936571476,0.8997051785456238,1.5514182817756594,-0.5256576373598026,-0.7982085464030406,-0.6950756318834131,0.03485374204043518,-0.40088795727531673,-0.8789851639353,-1.0197420707128733,2.718537526101419,-0.4390358821128122,1.4242432292558669,-0.7057873879932234,-0.535730288015775,-0.15873978742581374,-0.5237957129987955,-0.7951375258359844,1.6914963581696623,0
1.375685308551298,-1.7275881378878601,-0.9373322538565467,0.06558544859647111,-2.2219047133258343,-1.6288836309271162,-0.8686305850779471,-0.8520028465040377,-1.3189210778785396,-0.8789851639353,-0.5806253852255776,-1.2774216252220538,-0.4390358821128122,-0.03725250856529844,-1.5645366355958328,-1.588705056151025,6.299617860250349,-0.5237957129987955,-0.7951375258359844,-0.5911925232177752,0
-1.4498497081709159,0.6118441211495227,-0.9373322538565467,-0.24540281881312645,0.275787494877432,1.6775465601449484,-1.5314094739873088,-0.8520028465040377,1.2583237218588201,1.5992059238617538,-0.5806253852255776,-1.2774216252220538,-0.4390358821128122,-0.03725250856529844,1.584210605613735,1.3355998940052802,-0.15873978742581374,-0.5237957129987955,-0.7951375258359844,-0.5911925232177752,1
-1.5354719814049222,0.7787525998032432,0.8997051785456238,0.6184534795468668,1.1272558121778864,-0.08576749491425192,-0.03229674297405158,1.1521609060229787,0.13612699269759143,0.9796581519124903,0.7367246712363097,0.0545647585524371,1.0449053994284931,-0.03725250856529844,-1.5645366355958328,1.5680052805772702,-0.15873978742581374,-0.5237957129987955,1.2576440772916977,-0.5911925232177752,0
-0.16551560966081866,-1.2663326348037238,0.8997051785456238,1.3095385182348613,-1.523931364251822,-1.9601498549418401,-0.8686305850779471,-0.8520028465040377,-1.3189210778785396,-1.1887590499099316,0.7367246712363097,1.3865511423269279,-0.4390358821128122,-0.03725250856529844,1.0117111072119953,-0.9699170241606557,-0.15873978742581374,-0.5237957129987955,-0.7951375258359844,-0.5911925232177752,0
0.7763293959132526,-0.43928952878175603,-0.9373322538565467,-0.694608093960323,-1.383912240451793,-0.6982430958463327,-0.35746650993044954,-0.8520028465040377,-1.3189210778785396,-0.8789851639353,-0.1415086997382818,0.0545647585524371,-0.4390358821128122,1.4242432292558669,-0.1332878895914838,-0.703034961381147,-0.15873978742581374,-0.5237957129987955,1.2576440772916977,-0.5911925232177752,0
0.6050848494452397,1.6779270081579747,0.8997051785456238,1.3786470221036609,1.0559717361251575,1.7129836684668613,1.722497759014965,0.03485374204043518,1.4351782839311287,0.9796581519124903,-1.0197420707128733,0.0545647585524371,1.0449053994284931,-1.4987482463864636,1.2979608564128653,0.7361111188941799,-0.15873978742581374,-0.5237957129987955,-0.7951375258359844,1.6914963581696623,0
1.375685308551298,1.05119381148691,-0.9373322538565467,0.8603332430876649,1.2772000873966871,1.621336308415736,-1.5314094739873088,-0.8520028465040377,1.054160113300814,0.6698842659378585,-0.5806253852255776,-1.2774216252220538,4.012787962511103,-0.03725250856529844,1.0117111072119953,-0.2189484128332649,-0.15873978742581374,-0.5237957129987955,-0.7951375258359844,-0.5911925232177752,1
0.4338403029772267,-0.09511171409409586,-0.9373322538565467,1.6550810375788587,0.2433860882416136,0.36373276213575945,-0.03229674297405158,0.03485374204043518,-0.40088795727531673,0.050336493988595146,0.2976079857490139,0.0545647585524371,-0.4390358821128122,1.4242432292558669,-0.4195376387923536,-0.32581176860411715,-0.15873978742581374,-0.5237957129987955,-0.7951375258359844,1.6914963581696623,0
-0.07989333642681218,-0.7311203449912614,0.8997051785456238,0.4802364718092679,-0.7131221935216093,-0.3669768718316088,-0.8686305850779471,0.6640885054221695,-1.3189210778785396,-0.8789851639353,1.6149580422109011,1.3865511423269279,-0.4390358821128122,-1.4987482463864636,0.4392116088102558,-0.5731824026019341,-0.15873978742581374,1.9091412456869414,1.2576440772916977,-0.5911925232177752,0
-0.5936269758308511,1.68236737560664,-0.9373322538565467,1.344092770169261,1.053638946219479,1.2063071124713727,1.3415497873048123,-0.8520028465040377,1.2583237218588201,0.9796581519124903,-1.8979754416874648,-1.2774216252220538,-0.4390358821128122,-0.03725250856529844,-0.4195376387923536,1.7451134699083422,-0.15873978742581374,1.9091412456869414,-0.7951375258359844,-0.5911925232177752,1
1.718174401487324,-2.0039763428592297,-0.9373322538565467,-0.5218368342883243,-1.383912240451793,-1.1175755046062268,-0.8686305850779471,0.03485374204043518,-1.3189210778785396,-0.8789851639353,-0.1415086997382818,-1.2774216252220538,-0.4390358821128122,1.4242432292558669,-0.4195376387923536,-1.7617752703431024,-0.15873978742581374,-0.5237957129987955,-0.7951375258359844,-0.5911925232177752,0
-0.6792492490648575,-0.09466767734922932,0.8997051785456238,1.102213006628463,0.4217208184379781,-0.05070534571913307,-0.6950756318834131,0.03485374204043518,0.13612699269759143,-0.5692112779606683,0.7367246712363097,0.0545647585524371,-0.4390358821128122,-0.03725250856529844,-1.278286886394963,0.21608533367306637,-0.15873978742581374,-0.5237957129987955,1.2576440772916977,-0.5911925232177752,0
-1.3642274349369095,0.22360799388788305,0.8997051785456238,0.5493449756780673,0.6074524115379726,0.5036180010184462,0.6940448115115979,1.1521609060229787,0.13612699269759143,1.289432037887122,-0.5806253852255776,0.0545647585524371,-0.4390358821128122,-0.03725250856529844,-0.1332878895914838,0.8793825022214823,-0.15873978742581374,-0.5237957129987955,-0.7951375258359844,1.6914963581696623,0
1.718174401487324,-0.7125201391229633,-0.9373322538565467,0.06558544859647111,-0.8374459927971493,-0.5352677519642633,-0.2769087108314654,-0.8520028465040377,-1.3189210778785396,-0.5692112779606683,-0.1415086997382818,0.0545647585524371,-0.4390358821128122,-0.03725250856529844,-1.5645366355958328,-1.2129796460527582,-0.15873978742581374,-0.5237957129987955,1.2576440772916977,-0.5911925232177752,0
0.7763293959132526,-1.4956529448192406,-0.9373322538565467,0.9294417469564643,-2.2219047133258343,-1.2477088034530517,-0.5604559516442456,0.03485374204043518,-0.40088795727531673,-1.1887590499099316,0.2976079857490139,0.0545647585524371,-0.4390358821128122,1.4242432292558669,-0.4195376387923536,-1.3494430787718867,-0.15873978742581374,-0.5237957129987955,-0.7951375258359844,-0.5911925232177752,0
-0.5936269758308511,-0.8968447256586712,0.8997051785456238,0.9294417469564643,-0.35551511395891805,-1.0092423019281362,-1.5314094739873088,0.03485374204043518,-1.3189210778785396,-0.5692112779606683,0.7367246712363097,0.0545647585524371,-0.4390358821128122,-0.03725250856529844,0.4392116088102558,-0.5346056930705223,-0.15873978742581374,1.9091412456869414,-0.7951375258359844,-0.5911925232177752,0
-2.0492056208089613,0.5766665434728739,-0.9373322538565467,1.2058757624316623,0.8643010999481833,0.9080311771299198,0.8406111661619536,-0.8520028465040377,1.054160113300814,2.2187536958110172,-1.0197420707128733,-1.2774216252220538,-0.4390358821128122,-0.03725250856529844,1.2979608564128653,1.6700339682948921,-0.15873978742581374,-0.5237957129987955,-0.7951375258359844,-0.5911925232177752,0
0.4338403029772267,-1.4969850550538402,-0.9373322538565467,0.23835670826846977,-0.7131221935216093,-0.559742044878125,-0.8686305850779471,1.1521609060229787,-0.40088795727531673,-0.5692112779606683,-0.5806253852255776,0.0545647585524371,-0.4390358821128122,1.4242432292558669,-1.5645366355958328,-1.278958398713276,-0.15873978742581374,-0.5237957129987955,-0.7951375258359844,1.6914963581696623,0
1.033196215615272,-0.4654876967288815,-0.9373322538565467,-0.6254995900915234,-0.46299084662307727,-0.017442065338305328,-0.8686305850779471,0.03485374204043518,-0.40088795727531673,-0.8789851639353,0.2976079857490139,0.0545647585524371,1.0449053994284931,-0.03725250856529844,1.2979608564128653,-0.825140310537508,-0.15873978742581374,-0.5237957129987955,-0.7951375258359844,1.6914963581696623,1
-1.1073606152348898,0.1407704722622263,0.8997051785456238,-1.6966814000579151,0.8018167113002324,0.6655170097294034,-0.20585169616858562,3.242110456567717,0.13612699269759143,0.6698842659378585,1.1758413567236055,1.3865511423269279,-0.4390358821128122,-1.4987482463864636,0.7254613580111255,0.6565022084072701,-0.15873978742581374,-0.5237957129987955,-0.7951375258359844,1.6914963581696623,0
-1.2786051617029028,0.30328792088337775,0.8997051785456238,1.4477555259724604,0.6572307818067432,-0.2803828597770823,-1.5314094739873088,0.03485374204043518,-0.40088795727531673,-0.5692112779606683,1.1758413567236055,0.0545647585524371,-0.4390358821128122,-0.03725250856529844,1.2979608564128653,0.9135740462281169,-0.15873978742581374,1.9091412456869414,1.2576440772916977,-0.5911925232177752,0
1.4613075817853045,-1.234460664005526,-0.9373322538565467,-0.3145113226819259,-1.272109129332575,-1.2477088034530517,-1.5314094739873088,-0.8520028465040377,-1.3189210778785396,-1.1887590499099316,1.6149580422109011,0.0545647585524371,1.0449053994284931,-1.4987482463864636,1.0117111072119953,-1.3679129363962306,-0.15873978742581374,-0.5237957129987955,-0.7951375258359844,-0.5911925232177752,1
-2.220450167276974,0.2918909777651367,-0.9373322538565467,0.34201946407166894,1.0697670064357698,0.7092521267486848,0.8638173865278577,0.03485374204043518,0.517145163327906,2.2187536958110172,0.2976079857490139,-1.2774216252220538,-0.4390358821128122,-0.03725250856529844,0.152961859609386,1.4325003952275852,-0.15873978742581374,1.9091412456869414,-0.7951375258359844,-0.5911925232177752,0
-0.4223824293628381,0.8162983734525134,0.8997051785456238,1.620526785644459,1.1806058373720636,0.7535233456635189,1.1965283434686744,0.6640885054221695,0.8126858168872018,0.36011037996322687,0.2976079857490139,0.0545647585524371,-0.4390358821128122,-1.4987482463864636,0.4392116088102558,0.8653196143490423,-0.15873978742581374,-0.5237957129987955,-0.7951375258359844,1.6914963581696623,0
0.8619516691472591,-2.175621213458193,0.8997051785456238,0.4111279679404684,-1.6098159800704808,-1.773590392330606,-0.6950756318834131,-0.8520028465040377,-1.3189210778785396,-1.1887590499099316,1.1758413567236055,0.0545647585524371,-0.4390358821128122,-1.4987482463864636,0.4392116088102558,-1.7718177941830733,-0.15873978742581374,-0.5237957129987955,1.2576440772916977,-0.5911925232177752,0
0.4338403029772267,1.5565076271450258,-0.9373322538565467,-1.212921872976319,1.100686671964908,1.6047186168887995,0.6940448115115979,-0.8520028465040377,1.7307189374904248,1.5992059238617538,-1.4588587562001691,-1.2774216252220538,1.0449053994284931,-1.4987482463864636,0.7254613580111255,0.7971394733728733,-0.15873978742581374,-0.5237957129987955,-0.7951375258359844,1.6914963581696623,1
-0.764871522298864,0.12828810598986706,0.8997051785456238,-1.1438133691075194,0.22987882851681507,-0.31364614015791037,-0.35746650993044954,0.03485374204043518,0.517145163327906,0.050336493988595146,-1.8979754416874648,0.0545647585524371,-0.4390358821128122,1.4242432292558669,-0.7057873879932234,0.4623925922864088,-0.15873978742581374,-0.5237957129987955,1.2576440772916977,-0.5911925232177752,0
-0.5080047025968446,-1.4064015591010672,0.8997051785456238,1.6896352895132585,-0.6115422531784616,-1.0611493408418176,-1.5314094739873088,1.1521609060229787,-0.40088795727531673,-0.8789851639353,0.7367246712363097,1.3865511423269279,-0.4390358821128122,1.4242432292558669,-0.4195376387923536,-1.0043584781551242,-0.15873978742581374,1.9091412456869414,-0.7951375258359844,-0.5911925232177752,0
0.6050848494452397,-0.2737131603626351,0.8997051785456238,-1.316584628779518,0.6443853211695341,0.39308129030207783,0.27587789045965005,2.8767201611658426,0.13612699269759143,0.9796581519124903,0.7367246712363097,1.3865511423269279,-0.4390358821128122,-0.03725250856529844,0.152961859609386,-0.524480145442647,-0.15873978742581374,-0.5237957129987955,1.2576440772916977,-0.5911925232177752,1
0.4338403029772267,0.25251971972030407,-0.9373322538565467,0.10013970053087085,0.4878813506041008,0.8815584487617174,1.7699421623613993,-0.8520028465040377,0.517145163327906,-0.5692112779606683,-0.5806253852255776,-1.2774216252220538,-0.4390358821128122,-1.4987482463864636,1.584210605613735,-0.08945394655339797,-0.15873978742581374,-0.5237957129987955,-0.7951375258359844,1.6914963581696623,0
-0.6792492490648575,1.3722323780254142,-0.9373322538565467,-1.0401506133043203,1.0081985751946656,1.336440411318198,1.3766053855179865,-0.8520028465040377,0.13612699269759143,-0.25943739198603655,-1.8979754416874648,-1.2774216252220538,-0.4390358821128122,1.4242432292558669,-0.4195376387923536,1.5375858678635115,-0.15873978742581374,-0.5237957129987955,1.2576440772916977,-0.5911925232177752,0
-1.5354719814049222,0.2815794578010139,0.8997051785456238,0.4111279679404684,0.6666741803419015,1.0880730794360853,1.4454961955437307,0.03485374204043518,1.2583237218588201,1.289432037887122,-0.1415086997382818,0.0545647585524371,-0.4390358821128122,-0.03725250856529844,-0.9920371371940933,1.0356039192136557,-0.15873978742581374,-0.5237957129987955,1.2576440772916977,-0.5911925232177752,0
-0.33676015612883164,-0.35630399490781045,0.8997051785456238,0.8257789911532651,0.3815486719192847,-0.48892720037671517,-0.2769087108314654,-0.8520028465040377,-0.40088795727531673,0.050336493988595146,-0.1415086997382818,0.0545647585524371,-0.4390358821128122,1.4242432292558669,-0.9920371371940933,-0.1684733042837734,-0.15873978742581374,-0.5237957129987955,1.2576440772916977,-0.5911925232177752,0
-1.1073606152348898,0.1407704722622263,0.8997051785456238,-1.6966814000579151,0.8018167113002324,0.6655170097294034,-0.20585169616858562,3.242110456567717,0.13612699269759143,0.6698842659378585,1.1758413567236055,1.3865511423269279,-0.4390358821128122,-1.4987482463864636,0.7254613580111255,0.6565022084072701,-0.15873978742581374,-0.5237957129987955,-0.7951375258359844,1.6914963581696623,0
-0.33676015612883164,0.39456214066149864,0.8997051785456238,0.8603332430876649,0.8054781516969103,-0.4669423223883164,-1.5314094739873088,-0.8520028465040377,-0.40088795727531673,0.36011037996322687,0.7367246712363097,0.0545647585524371,1.0449053994284931,-1.4987482463864636,1.0117111072119953,0.4569146995329483,-0.15873978742581374,-0.5237957129987955,1.2576440772916977,-0.5911925232177752,0
2.146285767657356,1.435137583548173,-0.9373322538565467,0.20380245633407004,0.4500564419340158,1.4811471727216876,0.6134870124126136,-0.8520028465040377,0.8126858168872018,1.289432037887122,-1.4588587562001691,-1.2774216252220538,-0.4390358821128122,-1.4987482463864636,0.4392116088102558,-0.6386688829038663,-0.15873978742581374,-0.5237957129987955,-0.7951375258359844,1.6914963581696623,0
0.4338403029772267,-0.5551831191919214,0.8997051785456238,-0.03807730720672808,0.3736829340964494,-1.410684147335121,-1.5314094739873088,0.03485374204043518,-0.40088795727531673,-0.25943739198603655,0.7367246712363097,0.0545647585524371,-0.4390358821128122,-0.03725250856529844,1.0117111072119953,-0.6386185654566513,-0.15873978742581374,1.9091412456869414,1.2576440772916977,-0.5911925232177752,0
0.26259575650921374,0.548297529217512,0.8997051785456238,0.13469395246527058,0.7856663870157184,0.20075741825368978,-0.2769087108314654,1.1521609060229787,0.13612699269759143,1.9089798098363855,-0.5806253852255776,0.0545647585524371,-0.4390358821128122,-0.03725250856529844,-0.4195376387923536,0.21682835464360617,-0.15873978742581374,-0.5237957129987955,1.2576440772916977,-0.5911925232177752,0
-0.07989333642681218,-0.12885850670395244,0.8997051785456238,-1.2474761249107187,-0.9390259331402973,-0.7631463972079218,-0.08478960543199393,-0.8520028465040377,-0.40088795727531673,-0.8789851639353,-1.0197420707128733,0.0545647585524371,-0.4390358821128122,-0.03725250856529844,0.152961859609386,-0.10227650935199113,-0.15873978742581374,-0.5237957129987955,1.2576440772916977,-0.5911925232177752,0
-0.07989333642681218,-0.8029556228274475,2.736742610947794,-0.5218368342883243,-0.7320103472721154,-0.31364614015791037,0.015992009486089375,0.6640885054221695,-1.3189210778785396,-0.5692112779606683,1.1758413567236055,2.718537526101419,-0.4390358821128122,-1.4987482463864636,0.4392116088102558,-0.6293500916796695,-0.15873978742581374,-0.5237957129987955,-0.7951375258359844,1.6914963581696623,0
-1.7923388011069417,1.2603351183190474,-0.9373322538565467,0.1692482043996703,0.8281246838450239,0.6306642878868959,0.5204898583170638,-0.8520028465040377,0.8126858168872018,0.6698842659378585,-1.4588587562001691,-1.2774216252220538,-0.4390358821128122,-0.03725250856529844,-0.4195376387923536,2.2777907386075182,-0.15873978742581374,-0.5237957129987955,1.2576440772916977,-0.5911925232177752,0
0.005728936807194294,1.4830935519937587,-0.9373322538565467,0.6875619834156662,0.6790214374695283,1.2536633131180928,1.526596275437219,-0.8520028465040377,0.8126858168872018,0.6698842659378585,-1.8979754416874648,-1.2774216252220538,-0.4390358821128122,1.4242432292558669,-1.5645366355958328,1.0896222146711951,-0.15873978742581374,-0.5237957129987955,-0.7951375258359844,-0.5911925232177752,0
2.3175303141253694,-1.8341569566558285,-0.9373322538565467,1.102213006628463,-2.6080897069625,-1.9601498549418401,-0.6950756318834131,-0.8520028465040377,-1.3189210778785396,-1.1887590499099316,-0.1415086997382818,-1.2774216252220538,1.0449053994284931,1.4242432292558669,-1.278286886394963,-1.7742682538624381,6.299617860250349,-0.5237957129987955,1.2576440772916977,-0.5911925232177752,0
0.4338403029772267,-1.5524896481621568,-0.9373322538565467,1.7241895414476582,-2.6080897069625,-1.773590392330606,-0.2769087108314654,-0.8520028465040377,-1.3189210778785396,-0.8789851639353,1.1758413567236055,-1.2774216252220538,-0.4390358821128122,1.4242432292558669,-0.9920371371940933,-1.3166964841244397,-0.15873978742581374,-0.5237957129987955,1.2576440772916977,-0.5911925232177752,0
1.8037966747213303,1.115875163989135,-0.9373322538565467,-1.5930186442547158,1.159101460986889,1.4169768535093783,1.162816370183427,-0.8520028465040377,0.13612699269759143,-0.25943739198603655,-0.1415086997382818,-1.2774216252220538,-0.4390358821128122,-1.4987482463864636,0.4392116088102558,-0.4982530147060085,-0.15873978742581374,1.9091412456869414,1.2576440772916977,-0.5911925232177752,0
-1.0217383420008834,0.7464365922601788,0.8997051785456238,0.4111279679404684,0.6556412024825865,-0.3487082893530292,-1.5314094739873088,0.6640885054221695,0.13612699269759143,-0.5692112779606683,0.7367246712363097,1.3865511423269279,1.0449053994284931,1.4242432292558669,-1.5645366355958328,1.1976512579691923,-0.15873978742581374,-0.5237957129987955,1.2576440772916977,-0.5911925232177752,0
0.8619516691472591,-1.375170974712121,-0.9373322538565467,0.5493449756780673,-1.6098159800704808,-0.8745898782305835,-1.5314094739873088,0.03485374204043518,-1.3189210778785396,-0.8789851639353,1.1758413567236055,0.0545647585524371,-0.4390358821128122,-0.03725250856529844,-1.5645366355958328,-1.295613473741403,6.299617860250349,-0.5237957129987955,-0.7951375258359844,1.6914963581696623,0
-0.764871522298864,-0.20937716977308396,0.8997051785456238,1.5168640298412597,0.30041679444229413,-0.7298831168270937,-0.20585169616858562,0.6640885054221695,0.13612699269759143,0.050336493988595146,-0.1415086997382818,0.0545647585524371,-0.4390358821128122,-0.03725250856529844,1.2979608564128653,0.15245724442160397,-0.15873978742581374,-0.5237957129987955,1.2576440772916977,-0.5911925232177752,0
-1.4498497081709159,-0.8956112902562642,0.8997051785456238,-0.8673793536323215,-1.383912240451793,-1.2477088034530517,-1.5314094739873088,-0.8520028465040377,-1.3189210778785396,-1.1887590499099316,1.1758413567236055,1.3865511423269279,-0.4390358821128122,-1.4987482463864636,1.2979608564128653,-0.25304603093843164,-0.15873978742581374,-0.5237957129987955,1.2576440772916977,-0.5911925232177752,0
1.033196215615272,0.13761287763206428,0.8997051785456238,-1.4202473845827173,0.5273234995436917,0.034464973575375916,0.9680912678882734,0.03485374204043518,0.13612699269759143,1.289432037887122,-1.0197420707128733,0.0545647585524371,-0.4390358821128122,-0.03725250856529844,-0.4195376387923536,-0.4868460494223941,-0.15873978742581374,-0.5237957129987955,1.2576440772916977,-0.5911925232177752,0
1.033196215615272,-1.1390421012753174,0.8997051785456238,0.7912247392188655,-0.4872184539029216,-0.7298831168270937,-1.5314094739873088,0.6640885054221695,-1.3189210778785396,-0.5692112779606683,-0.1415086997382818,1.3865511423269279,-0.4390358821128122,-0.03725250856529844,-0.7057873879932234,-1.2029538946951925,-0.15873978742581374,-0.5237957129987955,-0.7951375258359844,-0.5911925232177752,0
1.8894189479553367,1.9261928859544635,-0.9373322538565467,-0.694608093960323,1.321795655871185,1.7501337254863925,1.2158868175043152,-0.8520028465040377,0.8126858168872018,1.289432037887122,-1.8979754416874648,-1.2774216252220538,1.0449053994284931,1.4242432292558669,-1.278286886394963,-0.2436987264941465,-0.15873978742581374,-0.5237957129987955,-0.7951375258359844,-0.5911925232177752,0
-1.6210942546389289,-0.17400224243205006,0.8997051785456238,-0.556391086222724,0.6925926756424609,0.20075741825368978,-0.35746650993044954,0.6640885054221695,0.13612699269759143,0.050336493988595146,0.7367246712363097,0.0545647585524371,-0.4390358821128122,-0.03725250856529844,-1.5645366355958328,0.5880537077126217,-0.15873978742581374,-0.5237957129987955,-0.7951375258359844,1.6914963581696623,0
-1.0217383420008834,-0.41723570378671815,0.8997051785456238,0.6530077314812666,0.12487027935243211,0.14433125448928086,-0.35746650993044954,-0.8520028465040377,-0.40088795727531673,-0.25943739198603655,0.2976079857490139,0.0545647585524371,-0.4390358821128122,-0.03725250856529844,-1.5645366355958328,0.07020331345943169,-0.15873978742581374,-0.5237957129987955,1.2576440772916977,-0.5911925232177752,0
-0.6792492490648575,0.16588321705523362,0.8997051785456238,0.20380245633407004,1.3179299184184956,-0.006722948700011491,-1.5314094739873088,0.6640885054221695,1.054160113300814,-0.5692112779606683,0.7367246712363097,0.0545647585524371,1.0449053994284931,-0.03725250856529844,-1.5645366355958328,0.4508103545616625,-0.15873978742581374,1.9091412456869414,-0.7951375258359844,-0.5911925232177752,1
-0.9361160687668769,-1.8028276974346895,0.8997051785456238,0.9294417469564643,-1.523931364251822,-1.773590392330606,0.33337731561995393,1.550945093966642,0.13612699269759143,-0.8789851639353,-0.1415086997382818,1.3865511423269279,-0.4390358821128122,-0.03725250856529844,-0.4195376387923536,-1.2848824394987086,6.299617860250349,-0.5237957129987955,-0.7951375258359844,-0.5911925232177752,0
0.17697348327520726,-1.2158111207211315,-0.9373322538565467,-1.1092591171731196,-1.7113959204136286,-1.0611493408418176,-1.5314094739873088,-0.8520028465040377,-1.3189210778785396,-1.1887590499099316,0.7367246712363097,0.0545647585524371,-0.4390358821128122,1.4242432292558669,-0.4195376387923536,-1.0199728206500231,-0.15873978742581374,-0.5237957129987955,-0.7951375258359844,-0.5911925232177752,0
1.375685308551298,-1.4440953449986262,-0.9373322538565467,1.5514182817756594,-1.6098159800704808,-1.2477088034530517,-0.8686305850779471,-0.8520028465040377,-1.3189210778785396,-0.8789851639353,-0.1415086997382818,0.0545647585524371,-0.4390358821128122,-0.03725250856529844,0.4392116088102558,-1.4489617644976063,-0.15873978742581374,-0.5237957129987955,-0.7951375258359844,-0.5911925232177752,0
-0.33676015612883164,-0.3554159214180774,0.8997051785456238,1.2749842663004616,-0.8147021338647573,-0.6982430958463327,-0.8686305850779471,0.03485374204043518,-1.3189210778785396,-0.5692112779606683,-0.5806253852255776,1.3865511423269279,-0.4390358821128122,-0.03725250856529844,0.4392116088102558,-0.1677336378097146,-0.15873978742581374,-0.5237957129987955,1.2576440772916977,-0.5911925232177752,0
-1.4498497081709159,0.5132679637891521,0.8997051785456238,-0.8328251016979219,1.1818453199192815,0.326665999932568,-1.5314094739873088,-0.8520028465040377,1.2583237218588201,2.2187536958110172,-0.5806253852255776,0.0545647585524371,1.0449053994284931,-0.03725250856529844,0.4392116088102558,1.2317144924854289,-0.15873978742581374,1.9091412456869414,-0.7951375258359844,-0.5911925232177752,0
-0.5936269758308511,-0.9916712393957244,0.8997051785456238,-0.9364878575011211,0.005681513433257994,-0.48892720037671517,0.060700411121498196,0.03485374204043518,-0.40088795727531673,-0.5692112779606683,1.1758413567236055,0.0545647585524371,-0.4390358821128122,-1.4987482463864636,1.584210605613735,-0.6184211421445965,-0.15873978742581374,1.9091412456869414,-0.7951375258359844,1.6914963581696623,0
0.4338403029772267,-0.28136045985755875,2.736742610947794,-1.1783676210419192,-0.7515613769784906,-1.324090135280595,-1.5314094739873088,-0.8520028465040377,-1.3189210778785396,-0.8789851639353,-0.1415086997382818,1.3865511423269279,-0.4390358821128122,1.4242432292558669,-1.278286886394963,-0.45244401076157736,-0.15873978742581374,-0.5237957129987955,1.2576440772916977,-0.5911925232177752,0
0.09135121004120077,1.331232985249404,-0.9373322538565467,-0.4872825823539246,1.1279381725512219,1.419339303450809,1.71421450747095,-0.8520028465040377,1.2583237218588201,-0.5692112779606683,-1.0197420707128733,-1.2774216252220538,-0.4390358821128122,-1.4987482463864636,1.584210605613735,0.9075661430306596,-0.15873978742581374,-0.5237957129987955,-0.7951375258359844,-0.5911925232177752,1
0.005728936807194294,0.7781605508100878,0.8997051785456238,1.102213006628463,1.3862934027405922,0.0917220045792926,0.6631002162131998,1.1521609060229787,0.8126858168872018,1.289432037887122,-0.5806253852255776,0.0545647585524371,2.5288466809697985,-1.4987482463864636,1.2979608564128653,0.5504204503164891,-0.15873978742581374,-0.5237957129987955,-0.7951375258359844,-0.5911925232177752,1
-0.764871522298864,0.33570260325863477,0.8997051785456238,0.20380245633407004,-1.272109129332575,-1.0611493408418176,0.21231522488336196,-0.8520028465040377,0.13612699269759143,-1.1887590499099316,-0.5806253852255776,0.0545647585524371,-0.4390358821128122,1.4242432292558669,-0.7057873879932234,0.6527736855686471,-0.15873978742581374,-0.5237957129987955,-0.7951375258359844,-0.5911925232177752,0
-1.4498497081709159,0.5284145505307105,0.8997051785456238,1.5514182817756594,-0.11355414842257765,-0.3669768718316088,-0.08478960543199393,-0.8520028465040377,-1.3189210778785396,-0.5692112779606683,-0.1415086997382818,0.0545647585524371,-0.4390358821128122,1.4242432292558669,-1.278286886394963,1.247676863990231,-0.15873978742581374,-0.5237957129987955,-0.7951375258359844,-0.5911925232177752,0
0.005728936807194294,-0.3925176583224811,0.8997051785456238,0.031031196662071384,-0.34582535363544986,-0.11024178782811359,-0.5604559516442456,0.6640885054221695,-0.40088795727531673,-0.5692112779606683,0.2976079857490139,1.3865511423269279,-0.4390358821128122,-0.03725250856529844,-0.7057873879932234,-0.3450288403196019,-0.15873978742581374,-0.5237957129987955,1.2576440772916977,-0.5911925232177752,0
-0.07989333642681218,0.6040981468224065,0.8997051785456238,0.5147907237436676,0.9884059378630018,0.3202768665596402,0.305312378978912,-0.8520028465040377,0.517145163327906,0.9796581519124903,0.2976079857490139,0.0545647585524371,-0.4390358821128122,-0.03725250856529844,-0.7057873879932234,0.47081908744666146,-0.15873978742581374,-0.5237957129987955,-0.7951375258359844,-0.5911925232177752,0
-0.33676015612883164,-0.23217105600956603,0.8997051785456238,1.4477555259724604,-0.4997391420592437,-0.6116490837918062,0.5204898583170638,-0.8520028465040377,-0.40088795727531673,-0.5692112779606683,-0.5806253852255776,0.0545647585524371,-0.4390358821128122,-0.03725250856529844,0.7254613580111255,-0.06508436824310898,-0.15873978742581374,-0.5237957129987955,1.2576440772916977,-0.5911925232177752,0
0.005728936807194294,0.9124569974241662,-0.9373322538565467,-1.316584628779518,1.2206970522104033,0.5226926641374506,0.14125821022048246,0.03485374204043518,0.13612699269759143,1.289432037887122,1.1758413567236055,0.0545647585524371,1.0449053994284931,-0.03725250856529844,-0.9920371371940933,0.6531435188056766,-0.15873978742581374,-0.5237957129987955,1.2576440772916977,-0.5911925232177752,0
0.26259575650921374,1.3063669275368783,-0.9373322538565467,0.7912247392188655,0.9302883300301269,0.9334654876753987,0.6134870124126136,-0.8520028465040377,1.054160113300814,-0.25943739198603655,-1.8979754416874648,-1.2774216252220538,-0.4390358821128122,1.4242432292558669,-0.7057873879932234,0.7580176581633002,-0.15873978742581374,1.9091412456869414,1.2576440772916977,-0.5911925232177752,0
-0.6792492490648575,0.3743338000620232,0.8997051785456238,-1.4893558884515168,0.642758612933101,0.3987949113308783,1.823279373933048,0.6640885054221695,1.2583237218588201,1.9089798098363855,-0.1415086997382818,0.0545647585524371,-0.4390358821128122,-1.4987482463864636,0.7254613580111255,0.638599260688214,-0.15873978742581374,-0.5237957129987955,-0.7951375258359844,-0.5911925232177752,0
0.6907071226792462,0.1584826046407914,0.8997051785456238,-1.6966814000579151,-0.29097974514250574,-0.03942694332670407,0.060700411121498196,1.1521609060229787,-0.40088795727531673,-0.25943739198603655,-0.5806253852255776,1.3865511423269279,-0.4390358821128122,-0.03725250856529844,0.7254613580111255,-0.29128309770114286,-0.15873978742581374,-0.5237957129987955,1.2576440772916977,-0.5911925232177752,0
-0.8504937955328705,0.32149342742290565,0.8997051785456238,0.583899227612467,0.4019967347854421,0.6579322239472924,1.2646638640771235,0.6640885054221695,0.13612699269759143,0.6698842659378585,0.7367246712363097,0.0545647585524371,-0.4390358821128122,-0.03725250856529844,-1.5645366355958328,0.6884663667505256,-0.15873978742581374,-0.5237957129987955,1.2576440772916977,-0.5911925232177752,0
-0.9361160687668769,-0.009116597838277085,0.8997051785456238,-0.24540281881312645,0.1490978866322765,-0.4669423223883164,-0.5604559516442456,0.03485374204043518,0.13612699269759143,-0.5692112779606683,-0.5806253852255776,0.0545647585524371,-0.4390358821128122,-0.03725250856529844,1.584210605613735,0.4225025973826885,-0.15873978742581374,-0.5237957129987955,1.2576440772916977,-0.5911925232177752,0
0.8619516691472591,-1.7914307543164485,-0.9373322538565467,0.3765737160060687,-2.2219047133258343,-1.2477088034530517,-0.5604559516442456,0.03485374204043518,-0.40088795727531673,-1.1887590499099316,0.7367246712363097,0.0545647585524371,1.0449053994284931,-1.4987482463864636,1.0117111072119953,-1.54325498333006,-0.15873978742581374,-0.5237957129987955,-0.7951375258359844,-0.5911925232177752,1
-1.0217383420008834,0.7419962248115134,-0.9373322538565467,0.5147907237436676,0.5546976381939883,1.5663999396409627,1.1487857995956556,-0.8520028465040377,0.8126858168872018,0.9796581519124903,-1.8979754416874648,-1.2774216252220538,-0.4390358821128122,-0.03725250856529844,0.4392116088102558,1.1933491162323195,-0.15873978742581374,-0.5237957129987955,-0.7951375258359844,1.6914963581696623,0
-1.1073606152348898,-0.031170422833314945,0.8997051785456238,1.3095385182348613,0.9023752999821295,0.21601675267939202,-0.20585169616858562,0.6640885054221695,0.8126858168872018,-0.25943739198603655,1.1758413567236055,0.0545647585524371,1.0449053994284931,-0.03725250856529844,-1.278286886394963,0.4869911149815255,-0.15873978742581374,-0.5237957129987955,1.2576440772916977,-0.5911925232177752,0
-0.33676015612883164,1.6291816410548485,-0.9373322538565467,1.620526785644459,1.0297575543773319,1.663944136140156,0.33337731561995393,-0.8520028465040377,1.7307189374904248,1.289432037887122,-1.4588587562001691,-1.2774216252220538,1.0449053994284931,-0.03725250856529844,1.2979608564128653,1.4852154688022592,-0.15873978742581374,1.9091412456869414,1.2576440772916977,-0.5911925232177752,0
1.8037966747213303,-1.6402609113974418,-0.9373322538565467,-1.6621271481235154,-2.2219047133258343,-1.179383373877105,-1.5314094739873088,-0.8520028465040377,-1.3189210778785396,-0.8789851639353,0.7367246712363097,-1.2774216252220538,-0.4390358821128122,-0.03725250856529844,1.0117111072119953,-1.6226064362120538,-0.15873978742581374,-0.5237957129987955,1.2576440772916977,-0.5911925232177752,0
-1.0217383420008834,-0.5499040156696193,2.736742610947794,0.1692482043996703,-0.6115422531784616,-1.6288836309271162,-1.5314094739873088,-0.8520028465040377,-0.40088795727531673,-1.1887590499099316,-0.1415086997382818,1.3865511423269279,1.0449053994284931,1.4242432292558669,-1.278286886394963,-0.058335121323352425,-0.15873978742581374,1.9091412456869414,-0.7951375258359844,1.6914963581696623,0
-0.33676015612883164,-0.7538648938116472,0.8997051785456238,0.13469395246527058,-0.11355414842257765,-0.559742044878125,-0.6950756318834131,0.03485374204043518,-1.3189210778785396,-0.5692112779606683,0.7367246712363097,0.0545647585524371,-0.4390358821128122,-0.03725250856529844,-0.4195376387923536,-0.4995973291707662,-0.15873978742581374,-0.5237957129987955,-0.7951375258359844,1.6914963581696623,0
-1.0217383420008834,-0.4629714885079712,0.8997051785456238,1.620526785644459,0.5880253438245856,-0.5851763554236039,-0.5604559516442456,0.03485374204043518,-0.40088795727531673,0.36011037996322687,0.7367246712363097,0.0545647585524371,1.0449053994284931,-0.03725250856529844,1.0117111072119953,0.025891253569643342,-0.15873978742581374,-0.5237957129987955,-0.7951375258359844,1.6914963581696623,0
-1.1929828884688964,0.6981845993180154,0.8997051785456238,0.30746521213726924,0.2630521478183642,0.27369846725560776,1.2222040201817916,0.03485374204043518,0.8126858168872018,1.289432037887122,-1.8979754416874648,0.0545647585524371,-0.4390358821128122,-0.03725250856529844,-0.7057873879932234,1.2611770350779845,-0.15873978742581374,-0.5237957129987955,-0.7951375258359844,1.6914963581696623,0
0.005728936807194294,1.1506087049209173,-0.9373322538565467,0.9985502508252638,1.2252968486177043,1.7487162565248284,0.4341589305380372,-0.8520028465040377,1.7307189374904248,0.050336493988595146,-1.0197420707128733,-1.2774216252220538,1.0449053994284931,-0.03725250856529844,-0.9920371371940933,0.8353052570853634,-0.15873978742581374,-0.5237957129987955,-0.7951375258359844,1.6914963581696623,0
0.26259575650921374,0.25281574421688174,0.8997051785456238,0.5147907237436676,0.2125208147958763,-0.2803828597770823,-0.35746650993044954,1.550945093966642,-0.40088795727531673,-0.25943739198603655,0.2976079857490139,1.3865511423269279,-0.4390358821128122,-1.4987482463864636,1.0117111072119953,0.005882520684644376,-0.15873978742581374,-0.5237957129987955,1.2576440772916977,-0.5911925232177752,0
0.5194625762112332,-0.46558637156107413,0.8997051785456238,-0.7982708497635221,-0.4397730215411439,-0.18974838735133803,-0.6950756318834131,1.1521609060229787,-0.40088795727531673,-0.5692112779606683,0.2976079857490139,1.3865511423269279,-0.4390358821128122,-0.03725250856529844,-0.1332878895914838,-0.6130573022714898,-0.15873978742581374,-0.5237957129987955,-0.7951375258359844,-0.5911925232177752,1
-0.33676015612883164,0.4915101632906919,0.8997051785456238,-1.4202473845827173,0.5313174032070466,0.23825293537611872,0.5779892834773674,-0.8520028465040377,0.13612699269759143,1.289432037887122,-1.0197420707128733,0.0545647585524371,-0.4390358821128122,-0.03725250856529844,0.152961859609386,0.5376616229510348,-0.15873978742581374,-0.5237957129987955,-0.7951375258359844,-0.5911925232177752,0
-0.5080047025968446,-0.8864838682784522,0.8997051785456238,-0.003523055272328344,0.11655449549640647,-0.8352753086062314,-1.5314094739873088,1.550945093966642,-0.40088795727531673,-0.5692112779606683,1.6149580422109011,1.3865511423269279,-0.4390358821128122,-1.4987482463864636,0.4392116088102558,-0.553650008217236,-0.15873978742581374,1.9091412456869414,-0.7951375258359844,1.6914963581696623,0
1.8894189479553367,0.8429405781445055,-0.9373322538565467,0.23835670826846977,1.1940908057113098,1.3652670144730639,1.2468314128027136,-0.8520028465040377,1.7307189374904248,1.289432037887122,-1.4588587562001691,-1.2774216252220538,-0.4390358821128122,-0.03725250856529844,1.0117111072119953,-0.6671938437299845,-0.15873978742581374,1.9091412456869414,-0.7951375258359844,1.6914963581696623,0
-0.5080047025968446,-0.8495794810384335,0.8997051785456238,0.20380245633407004,-0.29975389774111494,-0.6392486444013494,-0.6950756318834131,0.03485374204043518,0.13612699269759143,-1.1887590499099316,0.7367246712363097,0.0545647585524371,-0.4390358821128122,-0.03725250856529844,-1.5645366355958328,-0.5216581752780122,-0.15873978742581374,-0.5237957129987955,-0.7951375258359844,-0.5911925232177752,0
1.4613075817853045,-2.1045753342795477,-0.9373322538565467,-0.8328251016979219,-2.2219047133258343,-1.773590392330606,-0.5604559516442456,0.6640885054221695,-0.40088795727531673,-0.8789851639353,1.1758413567236055,0.0545647585524371,-0.4390358821128122,-1.4987482463864636,0.4392116088102558,-1.782032235967695,6.299617860250349,-0.5237957129987955,-0.7951375258359844,-0.5911925232177752,0
0.3482180297432202,-1.2516300848070319,-0.9373322538565467,0.031031196662071384,-1.9960009737071465,-1.6288836309271162,-0.6950756318834131,-0.8520028465040377,-1.3189210778785396,-1.1887590499099316,1.1758413567236055,0.0545647585524371,-0.4390358821128122,-0.03725250856529844,0.7254613580111255,-1.0901438552876612,-0.15873978742581374,-0.5237957129987955,1.2576440772916977,-0.5911925232177752,0
-1.0217383420008834,1.2679824178139711,-0.9373322538565467,1.2058757624316623,0.742434704596095,0.37563202794729716,0.8164764541264097,-0.8520028465040377,1.4351782839311287,0.9796581519124903,-0.5806253852255776,-1.2774216252220538,1.0449053994284931,-0.03725250856529844,-1.5645366355958328,1.7029617057523128,-0.15873978742581374,-0.5237957129987955,-0.7951375258359844,-0.5911925232177752,0
1.033196215615272,-0.5617449955327268,0.8997051785456238,-0.6600538420259232,-0.4066654306859856,-1.324090135280595,-0.8686305850779471,0.03485374204043518,-0.40088795727531673,-1.1887590499099316,1.1758413567236055,1.3865511423269279,1.0449053994284931,-0.03725250856529844,0.152961859609386,-0.8791334472714403,-0.15873978742581374,-0.5237957129987955,1.2576440772916977,-0.5911925232177752,0
-0.9361160687668769,-0.8959073147528419,0.8997051785456238,1.102213006628463,-0.29975389774111494,-0.8352753086062314,-0.6950756318834131,1.1521609060229787,-0.40088795727531673,-0.5692112779606683,-0.1415086997382818,1.3865511423269279,-0.4390358821128122,-0.03725250856529844,0.7254613580111255,-0.4216094791082959,-0.15873978742581374,1.9091412456869414,-0.7951375258359844,-0.5911925232177752,0
-0.8504937955328705,1.1562331703558935,0.8997051785456238,0.8603332430876649,1.2137253594677897,0.6985917476487425,0.8040370991298441,0.03485374204043518,0.8126858168872018,0.9796581519124903,-1.0197420707128733,0.0545647585524371,-0.4390358821128122,-0.03725250856529844,-0.7057873879932234,1.4688438487267763,-0.15873978742581374,1.9091412456869414,1.2576440772916977,-0.5911925232177752,0
-1.1929828884688964,0.4779423738642145,-0.9373322538565467,0.9294417469564643,0.9733109875077997,0.3577002368508518,0.305312378978912,-0.8520028465040377,0.13612699269759143,0.6698842659378585,0.2976079857490139,-1.2774216252220538,1.0449053994284931,-0.03725250856529844,1.0117111072119953,1.0403035687835258,-0.15873978742581374,1.9091412456869414,-0.7951375258359844,-0.5911925232177752,0
1.4613075817853045,-1.4346718985242366,-0.9373322538565467,-0.4527283304195248,-1.223630986433815,-1.0092423019281362,-0.8686305850779471,0.03485374204043518,-0.40088795727531673,-1.1887590499099316,-0.1415086997382818,0.0545647585524371,1.0449053994284931,-1.4987482463864636,1.0117111072119953,-1.4632007634352984,-0.15873978742581374,-0.5237957129987955,1.2576440772916977,-0.5911925232177752,1
0.5194625762112332,0.15458494876918513,0.8997051785456238,0.5147907237436676,0.6039702303578094,-0.7982085464030406,-0.5604559516442456,1.550945093966642,-0.40088795727531673,0.6698842659378585,-0.5806253852255776,0.0545647585524371,-0.4390358821128122,-0.03725250856529844,0.4392116088102558,-0.20193859980227308,-0.15873978742581374,-0.5237957129987955,1.2576440772916977,-0.5911925232177752,0
-1.1929828884688964,-0.6485295104460861,0.8997051785456238,0.44568221987486817,-0.35551511395891805,-0.9164425794383279,-1.5314094739873088,0.6640885054221695,-1.3189210778785396,-0.8789851639353,0.7367246712363097,1.3865511423269279,-0.4390358821128122,1.4242432292558669,-0.9920371371940933,-0.0893969201132211,-0.15873978742581374,-0.5237957129987955,1.2576440772916977,-0.5911925232177752,0
0.17697348327520726,-0.3540344737673815,0.8997051785456238,0.13469395246527058,0.015811741148776304,-0.017442065338305328,-0.2769087108314654,1.550945093966642,-1.3189210778785396,-0.5692112779606683,1.1758413567236055,1.3865511423269279,-0.4390358821128122,-0.03725250856529844,-1.278286886394963,-0.39009817778997424,-0.15873978742581374,-0.5237957129987955,-0.7951375258359844,-0.5911925232177752,0
1.4613075817853045,-0.6611105515506379,-0.9373322538565467,1.2749842663004616,-0.8374459927971493,-1.0611493408418176,-0.8686305850779471,-0.8520028465040377,-1.3189210778785396,-0.8789851639353,-0.1415086997382818,0.0545647585524371,-0.4390358821128122,-0.03725250856529844,-0.1332878895914838,-1.0950347111569478,-0.15873978742581374,1.9091412456869414,-0.7951375258359844,1.6914963581696623,0
0.7763293959132526,-0.4741710819618271,0.8997051785456238,-1.1783676210419192,-0.7515613769784906,-1.2477088034530517,-0.20585169616858562,0.6640885054221695,-1.3189210778785396,-0.5692112779606683,-0.5806253852255776,0.0545647585524371,-0.4390358821128122,1.4242432292558669,-1.278286886394963,-0.7243796224897011,-0.15873978742581374,-0.5237957129987955,-0.7951375258359844,-0.5911925232177752,0
1.204440762083285,-1.1431371068113088,-0.9373322538565467,0.6184534795468668,-0.9676038472142717,-0.7298831168270937,-0.6950756318834131,0.03485374204043518,-1.3189210778785396,-0.8789851639353,1.1758413567236055,0.0545647585524371,-0.4390358821128122,-0.03725250856529844,-0.9920371371940933,-1.2529300218931363,-0.15873978742581374,-0.5237957129987955,-0.7951375258359844,1.6914963581696623,0
0.6050848494452397,-0.7006791592598558,-0.9373322538565467,-0.0726315591411278,-0.9676038472142717,-1.179383373877105,-1.5314094739873088,-0.8520028465040377,-1.3189210778785396,-0.8789851639353,0.2976079857490139,0.0545647585524371,-0.4390358821128122,1.4242432292558669,-0.4195376387923536,-0.8002633646344689,-0.15873978742581374,1.9091412456869414,-0.7951375258359844,1.6914963581696623,0
0.17697348327520726,0.6475644104032305,-0.9373322538565467,-0.0726315591411278,0.5771361273323915,0.9838358154630551,0.9486286980291899,1.1521609060229787,0.13612699269759143,1.5992059238617538,0.2976079857490139,0.0545647585524371,-0.4390358821128122,1.4242432292558669,-0.4195376387923536,0.34197287761174633,-0.15873978742581374,-0.5237957129987955,1.2576440772916977,-0.5911925232177752,0
-1.1073606152348898,0.18019106772315527,0.8997051785456238,1.102213006628463,-0.05358802790447786,-0.7298831168270937,-0.8686305850779471,-0.8520028465040377,-0.40088795727531673,-0.5692112779606683,-1.0197420707128733,0.0545647585524371,-0.4390358821128122,1.4242432292558669,-0.7057873879932234,0.6953657273878067,-0.15873978742581374,-0.5237957129987955,-0.7951375258359844,1.6914963581696623,0
0.26259575650921374,1.6433908168905775,-0.9373322538565467,1.6896352895132585,1.2394312234614326,1.2366982321672841,1.2468314128027136,-0.8520028465040377,1.2583237218588201,1.9089798098363855,-1.4588587562001691,-1.2774216252220538,4.012787962511103,-0.03725250856529844,1.0117111072119953,0.9986205955107152,-0.15873978742581374,-0.5237957129987955,-0.7951375258359844,1.6914963581696623,0
1.718174401487324,-1.1301120289618904,-0.9373322538565467,0.23835670826846977,-1.6098159800704808,-0.96118389028511,-0.20585169616858562,-0.8520028465040377,-1.3189210778785396,-0.8789851639353,1.1758413567236055,0.0545647585524371,-0.4390358821128122,-0.03725250856529844,0.152961859609386,-1.3904325098972523,-0.15873978742581374,-0.5237957129987955,1.2576440772916977,-0.5911925232177752,0
-1.4498497081709159,-0.3642966563154081,0.8997051785456238,-0.03807730720672808,-0.06507600552381784,-0.3487082893530292,-1.5314094739873088,1.1521609060229787,-0.40088795727531673,-0.25943739198603655,0.2976079857490139,1.3865511423269279,-0.4390358821128122,-0.03725250856529844,1.2979608564128653,0.3068848444205666,-0.15873978742581374,-0.5237957129987955,-0.7951375258359844,-0.5911925232177752,0
1.2900630353172915,-1.2773348785931946,-0.9373322538565467,-1.0747048652387199,-2.2219047133258343,-1.9601498549418401,-0.6950756318834131,-0.8520028465040377,-1.3189210778785396,-0.8789851639353,0.7367246712363097,0.0545647585524371,-0.4390358821128122,1.4242432292558669,-1.5645366355958328,-1.345201317971672,6.299617860250349,-0.5237957129987955,-0.7951375258359844,-0.5911925232177752,0
-0.16551560966081866,0.36831463529827685,0.8997051785456238,0.8603332430876649,-0.46299084662307727,-1.0092423019281362,-0.6950756318834131,0.03485374204043518,-1.3189210778785396,-0.8789851639353,-0.5806253852255776,2.718537526101419,-0.4390358821128122,-0.03725250856529844,1.0117111072119953,0.335991810386137,-0.15873978742581374,1.9091412456869414,1.2576440772916977,-0.5911925232177752,0
-0.5936269758308511,1.2347783367811738,0.8997051785456238,0.6530077314812666,0.746506443852645,0.5680602346096533,0.8861639169110693,-0.8520028465040377,1.8569517264925168,0.36011037996322687,-1.8979754416874648,0.0545647585524371,1.0449053994284931,1.4242432292558669,-0.4195376387923536,1.3494975729260312,-0.15873978742581374,-0.5237957129987955,-0.7951375258359844,-0.5911925232177752,0
-1.8779610743409483,0.7106176281742783,-0.9373322538565467,-0.4527283304195248,0.4569207650077279,0.9603371651744392,1.2587780872139012,-0.8520028465040377,0.517145163327906,-0.25943739198603655,-1.8979754416874648,-1.2774216252220538,-0.4390358821128122,1.4242432292558669,-0.7057873879932234,1.7164392339888197,-0.15873978742581374,-0.5237957129987955,-0.7951375258359844,1.6914963581696623,0
0.7763293959132526,-1.1798441443869423,-0.9373322538565467,1.4132012740380606,0.19460457088657696,0.4427773083499999,0.015992009486089375,1.1521609060229787,0.13612699269759143,-0.5692112779606683,1.1758413567236055,0.0545647585524371,-0.4390358821128122,-1.4987482463864636,0.4392116088102558,-1.1561938909984,-0.15873978742581374,1.9091412456869414,-0.7951375258359844,1.6914963581696623,0
1.9750412211893433,-2.175621213458193,-0.9373322538565467,0.4802364718092679,-1.272109129332575,-0.7631463972079218,-0.20585169616858562,1.1521609060229787,0.13612699269759143,-1.1887590499099316,1.6149580422109011,0.0545647585524371,-0.4390358821128122,-1.4987482463864636,1.584210605613735,-1.8535836459072612,6.299617860250349,-0.5237957129987955,-0.7951375258359844,-0.5911925232177752,0
-0.07989333642681218,-0.5464503965428796,0.8997051785456238,1.1367672585628628,-1.1790354179593172,-1.510649597891829,-1.5314094739873088,-0.8520028465040377,-0.40088795727531673,-1.1887590499099316,-0.1415086997382818,1.3865511423269279,-0.4390358821128122,-0.03725250856529844,-0.7057873879932234,-0.42878977882586,-0.15873978742581374,-0.5237957129987955,-0.7951375258359844,1.6914963581696623,0
0.3482180297432202,-1.5378364355815612,-0.9373322538565467,0.4802364718092679,-1.6098159800704808,-1.6288836309271162,-1.5314094739873088,-0.8520028465040377,-1.3189210778785396,-1.1887590499099316,1.1758413567236055,0.0545647585524371,-0.4390358821128122,1.4242432292558669,-0.9920371371940933,-1.2896030546715849,-0.15873978742581374,1.9091412456869414,-0.7951375258359844,1.6914963581696623,0
0.5194625762112332,0.6665099781842027,0.8997051785456238,0.20380245633407004,1.1099194049494092,0.5036180010184462,0.015992009486089375,0.6640885054221695,0.517145163327906,2.2187536958110172,0.2976079857490139,0.0545647585524371,1.0449053994284931,1.4242432292558669,-0.4195376387923536,0.13742239119379637,-0.15873978742581374,-0.5237957129987955,1.2576440772916977,-0.5911925232177752,0
-0.33676015612883164,0.9064378326604199,-0.9373322538565467,0.5147907237436676,1.171220766917618,1.3767000748067768,0.6787708983954508,-0.8520028465040377,0.13612699269759143,0.050336493988595146,-1.0197420707128733,-1.2774216252220538,2.5288466809697985,-0.03725250856529844,0.4392116088102558,0.8832502366640664,-0.15873978742581374,1.9091412456869414,1.2576440772916977,-0.5911925232177752,1
-1.4498497081709159,0.7813181454402498,2.736742610947794,0.06558544859647111,0.9706041942881001,0.9334654876753987,0.015992009486089375,1.1521609060229787,1.054160113300814,2.2187536958110172,-0.5806253852255776,1.3865511423269279,1.0449053994284931,-0.03725250856529844,0.152961859609386,1.514201672894514,-0.15873978742581374,-0.5237957129987955,1.2576440772916977,-0.5911925232177752,0
-0.16551560966081866,1.2911216659631273,0.8997051785456238,1.6550810375788587,1.2433254282581068,0.9482606189375973,1.336371323377961,0.03485374204043518,1.8569517264925168,1.5992059238617538,0.2976079857490139,0.0545647585524371,1.0449053994284931,-0.03725250856529844,-1.278286886394963,1.073216211006782,-0.15873978742581374,1.9091412456869414,1.2576440772916977,-0.5911925232177752,1
0.26259575650921374,1.1406425468694685,0.8997051785456238,1.4823097779068601,0.1207279020905473,1.2475454206518963,0.060700411121498196,0.03485374204043518,0.517145163327906,-0.25943739198603655,-0.5806253852255776,0.0545647585524371,-0.4390358821128122,-0.03725250856529844,0.7254613580111255,0.6397062445269415,-0.15873978742581374,-0.5237957129987955,1.2576440772916977,-0.5911925232177752,0
-0.5080047025968446,0.8151142754662027,0.8997051785456238,0.06558544859647111,0.9522148294475292,0.45332212266451216,-0.08478960543199393,0.03485374204043518,1.7307189374904248,-0.5692112779606683,0.2976079857490139,0.0545647585524371,-0.4390358821128122,-0.03725250856529844,1.0117111072119953,0.9214386632278033,-0.15873978742581374,-0.5237957129987955,-0.7951375258359844,-0.5911925232177752,0
0.09135121004120077,0.17570136285839366,0.8997051785456238,0.7912247392188655,0.5585007053508754,0.23092526654380738,-0.5604559516442456,1.1521609060229787,0.13612699269759143,-0.25943739198603655,0.7367246712363097,1.3865511423269279,-0.4390358821128122,-1.4987482463864636,0.152961859609386,0.04334386013612616,-0.15873978742581374,1.9091412456869414,1.2576440772916977,-0.5911925232177752,1
-1.1929828884688964,0.5612239322347378,0.8997051785456238,-0.34906557461632565,0.5951683541667685,-0.16214882674179482,0.305312378978912,0.03485374204043518,0.8126858168872018,-0.8789851639353,0.2976079857490139,0.0545647585524371,-0.4390358821128122,-1.4987482463864636,0.4392116088102558,1.1238238221672727,-0.15873978742581374,-0.5237957129987955,1.2576440772916977,-0.5911925232177752,1
0.5194625762112332,1.1146910660028244,0.8997051785456238,-0.003523055272328344,0.19095113369572567,0.2235138511120732,1.5633934929594875,0.03485374204043518,0.13612699269759143,1.5992059238617538,-1.4588587562001691,0.0545647585524371,-0.4390358821128122,1.4242432292558669,-0.4195376387923536,0.4345267900188055,-0.15873978742581374,-0.5237957129987955,1.2576440772916977,-0.5911925232177752,0
0.6050848494452397,-0.6039284862950476,0.8997051785456238,-0.9710421094355208,-1.0633497324158372,-1.9601498549418401,-1.5314094739873088,-0.8520028465040377,-1.3189210778785396,-1.1887590499099316,0.2976079857490139,1.3865511423269279,1.0449053994284931,1.4242432292558669,-0.9920371371940933,-0.7377707724418224,-0.15873978742581374,-0.5237957129987955,1.2576440772916977,-0.5911925232177752,0
0.005728936807194294,1.2362091218479658,-0.9373322538565467,1.4477555259724604,1.0705234860838064,1.7717173017325816,1.722497759014965,-0.8520028465040377,1.4351782839311287,1.5992059238617538,-1.4588587562001691,-1.2774216252220538,2.5288466809697985,-0.03725250856529844,0.4392116088102558,0.9007808352737323,-0.15873978742581374,-0.5237957129987955,-0.7951375258359844,1.6914963581696623,0
0.3482180297432202,-0.7764120929676479,0.8997051785456238,-0.4181740784851251,-1.0633497324158372,-1.2477088034530517,-0.5604559516442456,0.03485374204043518,-0.40088795727531673,-1.1887590499099316,-0.1415086997382818,1.3865511423269279,1.0449053994284931,1.4242432292558669,-0.4195376387923536,-0.7589611267122509,-0.15873978742581374,1.9091412456869414,-0.7951375258359844,-0.5911925232177752,0
1.204440762083285,1.9286104193431812,-0.9373322538565467,1.6896352895132585,1.2309936996339284,1.5502224896434509,0.38587017807789625,-0.8520028465040377,0.13612699269759143,0.6698842659378585,-1.4588587562001691,-1.2774216252220538,1.0449053994284931,-0.03725250856529844,-0.4195376387923536,0.3656648476328748,-0.15873978742581374,1.9091412456869414,-0.7951375258359844,-0.5911925232177752,1
1.1188184888492785,1.078181378091576,-0.9373322538565467,1.240430014366062,1.315012910837979,1.2382589833219202,1.1899349735429483,-0.8520028465040377,1.5911750632737223,1.5992059238617538,-1.0197420707128733,-1.2774216252220538,2.5288466809697985,-0.03725250856529844,1.584210605613735,-0.020854493517104944,-0.15873978742581374,-0.5237957129987955,-0.7951375258359844,1.6914963581696623,0
-0.764871522298864,-0.9937927482878646,0.8997051785456238,-0.3145113226819259,-0.7320103472721154,-1.0611493408418176,-1.5314094739873088,0.6640885054221695,-1.3189210778785396,-0.8789851639353,1.1758413567236055,1.3865511423269279,-0.4390358821128122,-0.03725250856529844,0.152961859609386,-0.567540139520905,-0.15873978742581374,-0.5237957129987955,1.2576440772916977,-0.5911925232177752,0
-1.4498497081709159,-0.2199353768176882,0.8997051785456238,-1.6275728961891156,-0.46299084662307727,-1.0092423019281362,-1.5314094739873088,0.03485374204043518,-0.40088795727531673,-1.1887590499099316,0.7367246712363097,1.3865511423269279,-0.4390358821128122,1.4242432292558669,-0.9920371371940933,0.4590213233230115,-0.15873978742581374,-0.5237957129987955,-0.7951375258359844,-0.5911925232177752,1
0.5194625762112332,1.5902544197548822,-0.9373322538565467,0.9985502508252638,1.1806058373720636,1.2612303977144201,1.624452145807907,-2.368094198430245,1.4351782839311287,0.050336493988595146,-1.8979754416874648,-1.2774216252220538,4.012787962511103,-0.03725250856529844,1.0117111072119953,0.7497832079265844,-0.15873978742581374,-0.5237957129987955,-0.7951375258359844,-0.5911925232177752,1
-0.5080047025968446,0.08788076220701246,0.8997051785456238,-0.2799570707475262,0.8431057586443932,0.5896067943713453,-0.20585169616858562,2.8767201611658426,0.8126858168872018,0.050336493988595146,1.1758413567236055,1.3865511423269279,-0.4390358821128122,-1.4987482463864636,0.7254613580111255,0.2910113670725109,-0.15873978742581374,1.9091412456869414,1.2576440772916977,-0.5911925232177752,1
0.09135121004120077,-1.5758755833917943,-0.9373322538565467,1.5514182817756594,-0.7928504243226514,-1.179383373877105,-0.35746650993044954,0.6640885054221695,-0.40088795727531673,-0.8789851639353,0.7367246712363097,0.0545647585524371,-0.4390358821128122,-0.03725250856529844,-1.278286886394963,-1.2666608146139582,-0.15873978742581374,-0.5237957129987955,-0.7951375258359844,1.6914963581696623,0
-1.7923388011069417,-0.29690174592788743,0.8997051785456238,-1.3511388807139177,0.16851264455732248,-0.3857750515562201,-0.8686305850779471,-0.8520028465040377,-0.40088795727531673,-0.5692112779606683,0.2976079857490139,0.0545647585524371,-0.4390358821128122,-0.03725250856529844,0.4392116088102558,0.5308041935197663,-0.15873978742581374,1.9091412456869414,1.2576440772916977,-0.5911925232177752,0
-0.9361160687668769,1.6719571808103246,-0.9373322538565467,0.8257789911532651,0.9840085419083061,1.488607308471368,0.7651018261744774,-0.8520028465040377,1.2583237218588201,0.050336493988595146,-1.4588587562001691,-1.2774216252220538,-0.4390358821128122,1.4242432292558669,-0.1332878895914838,2.022671217738609,-0.15873978742581374,-0.5237957129987955,-0.7951375258359844,-0.5911925232177752,0
-2.1348278940429677,0.21507262090322635,-0.9373322538565467,-0.9364878575011211,1.0883775267606555,0.34546417965717957,0.8406111661619536,0.03485374204043518,0.517145163327906,-0.5692112779606683,-0.5806253852255776,-1.2774216252220538,1.0449053994284931,1.4242432292558669,-0.7057873879932234,1.292866963333919,-0.15873978742581374,-0.5237957129987955,1.2576440772916977,-0.5911925232177752,0
-0.5080047025968446,0.6213662424561051,0.8997051785456238,-0.6600538420259232,0.758546107005907,0.7197400932181705,1.4994340583170955,0.6640885054221695,0.517145163327906,2.2187536958110172,-1.0197420707128733,0.0545647585524371,-0.4390358821128122,-0.03725250856529844,-1.5645366355958328,0.7534815402968784,-0.15873978742581374,-0.5237957129987955,-0.7951375258359844,-0.5911925232177752,0
0.26259575650921374,-0.6309653903158099,-0.9373322538565467,-0.9710421094355208,0.08643109589555087,-0.09788918974245289,-0.6950756318834131,1.1521609060229787,-0.40088795727531673,-0.5692112779606683,1.1758413567236055,0.0545647585524371,1.0449053994284931,-1.4987482463864636,0.4392116088102558,-0.6250529816875183,-0.15873978742581374,-0.5237957129987955,-0.7951375258359844,-0.5911925232177752,1
-0.25113788289482514,0.27560963045336384,0.8997051785456238,0.06558544859647111,0.8139290834432731,0.034464973575375916,-0.2769087108314654,2.437801682511115,-0.40088795727531673,0.36011037996322687,1.1758413567236055,1.3865511423269279,-0.4390358821128122,-0.03725250856529844,-0.9920371371940933,0.3098854415228142,-0.15873978742581374,-0.5237957129987955,1.2576440772916977,-0.5911925232177752,0
-0.07989333642681218,-1.3739868767258103,-0.9373322538565467,1.6550810375788587,-1.523931364251822,-0.4669423223883164,0.015992009486089375,0.6640885054221695,-0.40088795727531673,-0.8789851639353,1.1758413567236055,0.0545647585524371,-0.4390358821128122,-1.4987482463864636,1.2979608564128653,-1.075836927796229,-0.15873978742581374,-0.5237957129987955,-0.7951375258359844,-0.5911925232177752,0
0.17697348327520726,0.7255668652514516,0.8997051785456238,0.23835670826846977,1.2890712034897056,0.29407161264015597,0.1778322772525923,1.1521609060229787,0.8126858168872018,1.5992059238617538,1.1758413567236055,0.0545647585524371,1.0449053994284931,-0.03725250856529844,-1.278286886394963,0.3989850611785716,-0.15873978742581374,-0.5237957129987955,1.2576440772916977,-0.5911925232177752,0
0.5194625762112332,-0.7020112694944554,-0.9373322538565467,-1.558464392320316,-1.8357197196891686,-1.0611493408418176,-0.8686305850779471,-0.8520028465040377,-1.3189210778785396,-1.1887590499099316,0.2976079857490139,0.0545647585524371,1.0449053994284931,-0.03725250856529844,1.584210605613735,-0.7697860868564131,-0.15873978742581374,-0.5237957129987955,1.2576440772916977,-0.5911925232177752,0
-0.4223824293628381,-0.532685257452017,2.736742610947794,0.9639959988908641,-0.8147021338647573,-0.5116836332350986,-0.20585169616858562,0.03485374204043518,-1.3189210778785396,-0.8789851639353,0.7367246712363097,2.718537526101419,-0.4390358821128122,-0.03725250856529844,-1.5645366355958328,-0.2811634204421093,-0.15873978742581374,-0.5237957129987955,1.2576440772916977,-0.5911925232177752,0
0.7763293959132526,0.9990935000892367,-0.9373322538565467,1.5859725337100592,1.0712789399964133,0.3577002368508518,0.8970342532253942,-2.368094198430245,1.4351782839311287,0.9796581519124903,-1.0197420707128733,-1.2774216252220538,1.0449053994284931,-1.4987482463864636,0.7254613580111255,0.177137952280505,-0.15873978742581374,-0.5237957129987955,-0.7951375258359844,-0.5911925232177752,0
0.5194625762112332,-0.2687794187530069,0.8997051785456238,-0.4527283304195248,0.4792096241800948,0.10079196769698218,-0.5604559516442456,1.550945093966642,-0.40088795727531673,0.36011037996322687,-0.1415086997382818,0.0545647585524371,-0.4390358821128122,-0.03725250856529844,1.2979608564128653,-0.4825917092603756,-0.15873978742581374,-0.5237957129987955,1.2576440772916977,-0.5911925232177752,0
1.204440762083285,1.3365614261878025,-0.9373322538565467,-1.2474761249107187,1.1286196982327603,1.5645175238294262,1.475137324703227,-0.8520028465040377,1.2583237218588201,0.6698842659378585,-1.4588587562001691,-1.2774216252220538,1.0449053994284931,-1.4987482463864636,0.4392116088102558,0.053696674900588715,-0.15873978742581374,-0.5237957129987955,-0.7951375258359844,1.6914963581696623,1
0.17697348327520726,-0.12229663036314699,-0.9373322538565467,1.4132012740380606,0.9751082380185014,0.8815584487617174,1.2468314128027136,0.03485374204043518,1.4351782839311287,1.289432037887122,0.7367246712363097,-1.2774216252220538,2.5288466809697985,-1.4987482463864636,0.4392116088102558,-0.2207204255993491,-0.15873978742581374,-0.5237957129987955,-0.7951375258359844,-0.5911925232177752,1
-1.0217383420008834,-0.6889368542289407,0.8997051785456238,-0.003523055272328344,-1.1377463706151563,-0.6982430958463327,-1.5314094739873088,0.03485374204043518,-1.3189210778785396,-0.8789851639353,1.6149580422109011,1.3865511423269279,-0.4390358821128122,-1.4987482463864636,0.7254613580111255,-0.19303995926232068,-0.15873978742581374,1.9091412456869414,1.2576440772916977,-0.5911925232177752,0
-1.5354719814049222,-0.5836508082794759,-0.9373322538565467,-1.0747048652387199,0.030669879677747775,0.779337372307516,0.6134870124126136,0.03485374204043518,-0.40088795727531673,0.36011037996322687,1.1758413567236055,-1.2774216252220538,-0.4390358821128122,-0.03725250856529844,0.152961859609386,0.10906599381584801,-0.15873978742581374,-0.5237957129987955,-0.7951375258359844,1.6914963581696623,0
-1.5354719814049222,-1.2136896118289915,-0.9373322538565467,1.3786470221036609,-1.4495347260525029,0.16096016026189175,1.4233952866648683,0.03485374204043518,0.13612699269759143,-0.25943739198603655,0.7367246712363097,-1.2774216252220538,-0.4390358821128122,-1.4987482463864636,1.2979608564128653,-0.5656154971649356,6.299617860250349,-0.5237957129987955,1.2576440772916977,-0.5911925232177752,0
0.09135121004120077,-0.8688704107320796,-0.9373322538565467,-0.21084856687872672,-1.02957289562413,-0.7631463972079218,-0.8686305850779471,-0.8520028465040377,-1.3189210778785396,-0.8789851639353,0.7367246712363097,0.0545647585524371,-0.4390358821128122,-0.03725250856529844,-0.9920371371940933,-0.7378915343151382,-0.15873978742581374,-0.5237957129987955,-0.7951375258359844,-0.5911925232177752,0
0.26259575650921374,0.2710705881725059,0.8997051785456238,1.1367672585628628,0.8115275832803671,-0.5851763554236039,-0.35746650993044954,0.03485374204043518,0.13612699269759143,-0.25943739198603655,0.7367246712363097,0.0545647585524371,1.0449053994284931,-1.4987482463864636,1.2979608564128653,0.018914739513299555,-0.15873978742581374,1.9091412456869414,1.2576440772916977,-0.5911925232177752,1
0.005728936807194294,-0.23513130097534293,0.8997051785456238,1.2058757624316623,-0.8611579617475593,-1.1175755046062268,-0.35746650993044954,0.03485374204043518,0.13612699269759143,-1.1887590499099316,-0.5806253852255776,1.3865511423269279,-0.4390358821128122,-0.03725250856529844,-0.1332878895914838,-0.22464434785798987,-0.15873978742581374,-0.5237957129987955,1.2576440772916977,-0.5911925232177752,0
0.26259575650921374,1.5568036516416035,-0.9373322538565467,1.0676587546940632,1.2230016973794522,1.6962768669518438,1.4411403113260883,-0.8520028465040377,1.4351782839311287,1.289432037887122,-1.4588587562001691,-1.2774216252220538,4.012787962511103,-0.03725250856529844,-1.278286886394963,0.9368056116072292,-0.15873978742581374,-0.5237957129987955,1.2576440772916977,-0.5911925232177752,1
0.17697348327520726,0.046091970773461985,-0.9373322538565467,0.6530077314812666,0.5392203325238507,0.5853543739421124,0.8523258515899851,0.03485374204043518,0.13612699269759143,1.289432037887122,0.2976079857490139,-1.2774216252220538,-0.4390358821128122,-1.4987482463864636,1.584210605613735,-0.09764478833586097,-0.15873978742581374,-0.5237957129987955,1.2576440772916977,-0.5911925232177752,0
-1.1073606152348898,-1.7681434939190037,-0.9373322538565467,-1.2820303768451184,-2.2219047133258343,-1.510649597891829,-0.35746650993044954,-0.8520028465040377,-1.3189210778785396,-1.1887590499099316,0.7367246712363097,-1.2774216252220538,-0.4390358821128122,-0.03725250856529844,0.7254613580111255,-1.225435730110803,-0.15873978742581374,-0.5237957129987955,1.2576440772916977,-0.5911925232177752,0
0.17697348327520726,-1.4205613975207,-0.9373322538565467,0.8948874950220647,-1.0993071871582751,-1.324090135280595,-0.8686305850779471,-0.8520028465040377,-1.3189210778785396,-1.1887590499099316,1.6149580422109011,0.0545647585524371,-0.4390358821128122,-0.03725250856529844,0.152961859609386,-1.1696252949082933,-0.15873978742581374,-0.5237957129987955,-0.7951375258359844,-0.5911925232177752,0
0.3482180297432202,-0.42167607123538353,-0.9373322538565467,-1.3511388807139177,-0.6948534363609518,-0.5851763554236039,-0.35746650993044954,0.03485374204043518,-1.3189210778785396,-0.5692112779606683,-0.1415086997382818,0.0545647585524371,-0.4390358821128122,1.4242432292558669,-0.9920371371940933,-0.5117431223043192,-0.15873978742581374,-0.5237957129987955,1.2576440772916977,-0.5911925232177752,0
0.6907071226792462,-0.42429095428848645,0.8997051785456238,1.4477555259724604,-1.7113959204136286,-1.510649597891829,-1.5314094739873088,-0.8520028465040377,-1.3189210778785396,-1.1887590499099316,0.7367246712363097,1.3865511423269279,-0.4390358821128122,-0.03725250856529844,1.584210605613735,-0.6577987377108452,-0.15873978742581374,1.9091412456869414,-0.7951375258359844,-0.5911925232177752,0
-0.5080047025968446,-0.1321641135824033,0.8997051785456238,-0.9710421094355208,-0.39605278266568333,-1.179383373877105,-1.5314094739873088,0.03485374204043518,-1.3189210778785396,-0.5692112779606683,-0.5806253852255776,1.3865511423269279,-0.4390358821128122,1.4242432292558669,-0.7057873879932234,0.10025792468088242,-0.15873978742581374,1.9091412456869414,-0.7951375258359844,-0.5911925232177752,0
-1.2786051617029028,0.4162212663277663,0.8997051785456238,-0.7291623458947226,-0.29975389774111494,-0.03942694332670407,0.27587789045965005,0.03485374204043518,-0.40088795727531673,-0.25943739198603655,-1.4588587562001691,0.0545647585524371,-0.4390358821128122,1.4242432292558669,-0.9920371371940933,1.0287506829029882,-0.15873978742581374,-0.5237957129987955,-0.7951375258359844,1.6914963581696623,0
0.7763293959132526,-0.8660581780145915,-0.9373322538565467,1.6550810375788587,-0.9118426309964685,-0.9164425794383279,-0.6950756318834131,-0.8520028465040377,-1.3189210778785396,-1.1887590499099316,1.6149580422109011,0.0545647585524371,-0.4390358821128122,-0.03725250856529844,1.0117111072119953,-0.9641825124263994,-0.15873978742581374,1.9091412456869414,-0.7951375258359844,1.6914963581696623,0
-0.25113788289482514,0.30659352776182863,0.8997051785456238,-0.003523055272328344,0.9033966516433803,0.4044586311021631,0.6631002162131998,1.550945093966642,0.13612699269759143,1.5992059238617538,-0.1415086997382818,0.0545647585524371,1.0449053994284931,-0.03725250856529844,-0.1332878895914838,0.33516492700357237,-0.15873978742581374,-0.5237957129987955,-0.7951375258359844,1.6914963581696623,0
-1.9635833475749547,1.3307396110884413,-0.9373322538565467,-1.212921872976319,0.9165066018061762,1.5001596944716264,1.6886596936938805,-0.8520028465040377,1.2583237218588201,-0.5692112779606683,-1.8979754416874648,-1.2774216252220538,1.0449053994284931,1.4242432292558669,-1.278286886394963,2.488553752508266,-0.15873978742581374,-0.5237957129987955,1.2576440772916977,-0.5911925232177752,1
0.7763293959132526,-2.175621213458193,0.8997051785456238,-1.5239101403859165,-1.523931364251822,-1.6288836309271162,0.060700411121498196,1.1521609060229787,-0.40088795727531673,-0.8789851639353,0.2976079857490139,1.3865511423269279,-0.4390358821128122,-1.4987482463864636,1.584210605613735,-1.7655281132812126,-0.15873978742581374,-0.5237957129987955,-0.7951375258359844,-0.5911925232177752,0
-1.3642274349369095,2.1110108466511344,-0.9373322538565467,0.44568221987486817,1.2996934868170233,1.6549880493975855,1.534137465421638,-2.368094198430245,1.5911750632737223,-0.25943739198603655,-1.4588587562001691,-1.2774216252220538,4.012787962511103,-0.03725250856529844,-0.9920371371940933,2.836358011146993,-0.15873978742581374,-0.5237957129987955,-0.7951375258359844,1.6914963581696623,1
1.375685308551298,-1.4035893263835792,-0.9373322538565467,1.1713215104972625,-1.7113959204136286,-1.2477088034530517,-0.35746650993044954,-0.8520028465040377,-1.3189210778785396,-0.8789851639353,0.7367246712363097,-1.2774216252220538,-0.4390358821128122,1.4242432292558669,-1.278286886394963,-1.4289949628186198,-0.15873978742581374,-0.5237957129987955,1.2576440772916977,-0.5911925232177752,0
0.09135121004120077,-0.36163243584620886,0.8997051785456238,-0.03807730720672808,0.29739701916243816,0.044365803932572695,-0.6950756318834131,1.550945093966642,0.13612699269759143,-0.5692112779606683,1.6149580422109011,1.3865511423269279,-0.4390358821128122,-0.03725250856529844,-1.278286886394963,-0.35852817278323523,-0.15873978742581374,-0.5237957129987955,-0.7951375258359844,-0.5911925232177752,0
0.8619516691472591,0.9881899311319584,-0.9373322538565467,1.5514182817756594,0.904416134407592,1.1744214041257772,1.2158868175043152,-0.8520028465040377,1.054160113300814,0.6698842659378585,-1.0197420707128733,-1.2774216252220538,1.0449053994284931,-1.4987482463864636,1.2979608564128653,0.11039856754292221,-0.15873978742581374,-0.5237957129987955,1.2576440772916977,-0.5911925232177752,0
-0.25113788289482514,0.4587007815866647,0.8997051785456238,0.4111279679404684,0.9624040060703084,0.6021992636606748,-0.08478960543199393,1.550945093966642,0.517145163327906,0.6698842659378585,0.7367246712363097,0.0545647585524371,-0.4390358821128122,-0.03725250856529844,-0.1332878895914838,0.4592678788143644,-0.15873978742581374,-0.5237957129987955,-0.7951375258359844,1.6914963581696623,0
0.6050848494452397,-0.06891354614697034,0.8997051785456238,0.722116235350066,0.5048301001233555,-0.11024178782811359,-0.20585169616858562,1.88811232068876,-0.40088795727531673,-0.25943739198603655,1.1758413567236055,1.3865511423269279,-0.4390358821128122,-0.03725250856529844,-0.7057873879932234,-0.39219725396295524,-0.15873978742581374,-0.5237957129987955,-0.7951375258359844,1.6914963581696623,0
-0.33676015612883164,1.4531950778394123,-0.9373322538565467,-0.21084856687872672,1.315012910837979,0.9080311771299198,0.6787708983954508,-0.8520028465040377,1.054160113300814,1.9089798098363855,-1.4588587562001691,-1.2774216252220538,2.5288466809697985,1.4242432292558669,-0.4195376387923536,1.3386382291929388,-0.15873978742581374,1.9091412456869414,1.2576440772916977,-0.5911925232177752,0
1.1188184888492785,0.6696182353982684,-0.9373322538565467,-0.9019336055667213,1.2808398859007362,0.08252338521840286,-1.5314094739873088,-0.8520028465040377,0.8126858168872018,2.2187536958110172,0.2976079857490139,-1.2774216252220538,5.496729244052409,1.4242432292558669,-1.5645366355958328,-0.24308317638988441,-0.15873978742581374,-0.5237957129987955,1.2576440772916977,-0.5911925232177752,1
0.26259575650921374,0.4080805926718798,0.8997051785456238,-0.4181740784851251,1.0963732529348633,0.5980288840680019,0.8861639169110693,2.180179857348376,0.13612699269759143,1.9089798098363855,0.2976079857490139,0.0545647585524371,-0.4390358821128122,-0.03725250856529844,0.152961859609386,0.11672682515431423,-0.15873978742581374,-0.5237957129987955,-0.7951375258359844,1.6914963581696623,0
-0.764871522298864,0.6955697162649125,0.8997051785456238,0.031031196662071384,0.6896052841677331,0.7300611353456022,-1.5314094739873088,0.03485374204043518,0.8126858168872018,1.289432037887122,-0.5806253852255776,0.0545647585524371,-0.4390358821128122,1.4242432292558669,-1.5645366355958328,0.9830875995554803,-0.15873978742581374,1.9091412456869414,1.2576440772916977,-0.5911925232177752,0
-1.1073606152348898,0.6542249615762286,-0.9373322538565467,0.9985502508252638,0.9145096563880937,1.5921956276222209,1.697298800891067,-0.8520028465040377,1.054160113300814,1.289432037887122,-0.5806253852255776,-1.2774216252220538,-0.4390358821128122,-1.4987482463864636,1.2979608564128653,1.1627007591337333,-0.15873978742581374,-0.5237957129987955,-0.7951375258359844,-0.5911925232177752,0
-0.33676015612883164,-0.3184128593458662,0.8997051785456238,0.8603332430876649,0.35214799543856257,0.12726469606518445,-0.03229674297405158,0.6640885054221695,-0.40088795727531673,-0.25943739198603655,0.7367246712363097,0.0545647585524371,-0.4390358821128122,-0.03725250856529844,0.4392116088102558,-0.13691420139059762,-0.15873978742581374,-0.5237957129987955,-0.7951375258359844,1.6914963581696623,0
-1.1929828884688964,1.1450335769020374,0.8997051785456238,-1.212921872976319,0.3710361491890687,0.794964436707191,0.7234793000308598,1.550945093966642,1.4351782839311287,1.289432037887122,-1.4588587562001691,0.0545647585524371,-0.4390358821128122,-0.03725250856529844,1.2979608564128653,1.7093067358461098,-0.15873978742581374,-0.5237957129987955,-0.7951375258359844,1.6914963581696623,0
1.718174401487324,0.3682159604660843,-0.9373322538565467,0.9639959988908641,-0.6115422531784616,0.3873168808649239,0.6470116002814561,0.6640885054221695,-0.40088795727531673,0.36011037996322687,-0.5806253852255776,0.0545647585524371,-0.4390358821128122,1.4242432292558669,-1.5645366355958328,-0.7537281122019029,-0.15873978742581374,-0.5237957129987955,1.2576440772916977,-0.5911925232177752,0
-0.5936269758308511,-1.2017992945497875,0.8997051785456238,-0.34906557461632565,-0.5814188535776059,-0.7982085464030406,-1.5314094739873088,0.6640885054221695,-1.3189210778785396,-0.8789851639353,1.6149580422109011,1.3865511423269279,-0.4390358821128122,-0.03725250856529844,-0.7057873879932234,-0.8041495488076985,-0.15873978742581374,1.9091412456869414,-0.7951375258359844,-0.5911925232177752,0
-0.33676015612883164,-0.2263492409102048,0.8997051785456238,1.3786470221036609,0.2598223000763246,0.11855997755964244,0.9386567793690114,1.1521609060229787,0.13612699269759143,0.6698842659378585,-0.5806253852255776,0.0545647585524371,-0.4390358821128122,-0.03725250856529844,1.0117111072119953,-0.060235443579834576,-0.15873978742581374,-0.5237957129987955,-0.7951375258359844,1.6914963581696623,0
0.3482180297432202,-0.27149297663830246,0.8997051785456238,0.44568221987486817,-1.1790354179593172,-0.6982430958463327,-0.6950756318834131,-0.8520028465040377,-1.3189210778785396,-0.8789851639353,0.7367246712363097,1.3865511423269279,-0.4390358821128122,1.4242432292558669,-0.1332878895914838,-0.40707947760087765,-0.15873978742581374,-0.5237957129987955,1.2576440772916977,-0.5911925232177752,0
0.26259575650921374,-0.5563178797621359,0.8997051785456238,0.34201946407166894,-0.4872184539029216,-0.6680752475562154,-0.35746650993044954,0.03485374204043518,-1.3189210778785396,-0.8789851639353,0.7367246712363097,1.3865511423269279,-0.4390358821128122,-0.03725250856529844,0.152961859609386,-0.5717617733422338,-0.15873978742581374,-0.5237957129987955,1.2576440772916977,-0.5911925232177752,0
1.2900630353172915,-0.7085731458352608,-0.9373322538565467,0.6530077314812666,-0.9118426309964685,-1.179383373877105,-0.5604559516442456,-0.8520028465040377,-0.40088795727531673,-1.1887590499099316,-0.5806253852255776,0.0545647585524371,-0.4390358821128122,1.4242432292558669,-1.278286886394963,-1.0551715522250757,-0.15873978742581374,-0.5237957129987955,-0.7951375258359844,1.6914963581696623,0
-0.764871522298864,1.4922703113876672,-0.9373322538565467,-1.2474761249107187,1.1021170891182395,1.405033757358077,0.6134870124126136,-0.8520028465040377,1.7307189374904248,1.9089798098363855,-1.0197420707128733,-1.2774216252220538,-0.4390358821128122,-0.03725250856529844,-0.7057873879932234,1.714361123418845,-0.15873978742581374,-0.5237957129987955,1.2576440772916977,-0.5911925232177752,0
-0.9361160687668769,-0.24198920181272607,0.8997051785456238,-0.4181740784851251,0.2565736192964357,0.30072286881039795,0.4104975706988176,0.6640885054221695,-0.40088795727531673,-0.25943739198603655,0.2976079857490139,0.0545647585524371,-0.4390358821128122,-0.03725250856529844,-0.1332878895914838,0.20083746991871576,-0.15873978742581374,-0.5237957129987955,-0.7951375258359844,1.6914963581696623,0
-0.07989333642681218,1.272176098182155,0.8997051785456238,-0.4527283304195248,0.8453752003777254,0.8595735707733186,1.3205637637491185,0.03485374204043518,1.4351782839311287,1.9089798098363855,-1.8979754416874648,0.0545647585524371,1.0449053994284931,1.4242432292558669,-1.5645366355958328,0.9931863112115077,-0.15873978742581374,-0.5237957129987955,-0.7951375258359844,1.6914963581696623,0
0.6907071226792462,-0.681980278559365,-0.9373322538565467,-0.7291623458947226,0.2662633796199039,0.36373276213575945,-0.2769087108314654,1.1521609060229787,0.13612699269759143,-0.8789851639353,1.6149580422109011,1.3865511423269279,1.0449053994284931,-1.4987482463864636,0.7254613580111255,-0.8198636875729071,-0.15873978742581374,-0.5237957129987955,-0.7951375258359844,-0.5911925232177752,1
0.4338403029772267,-1.638188739921398,-0.9373322538565467,-1.6275728961891156,-1.4495347260525029,-0.96118389028511,0.1778322772525923,0.03485374204043518,-1.3189210778785396,-0.8789851639353,1.1758413567236055,0.0545647585524371,-0.4390358821128122,1.4242432292558669,-0.9920371371940933,-1.3749640879992764,6.299617860250349,-0.5237957129987955,1.2576440772916977,-0.5911925232177752,0
-0.5936269758308511,1.0474935052796888,0.8997051785456238,-1.1092591171731196,1.3449053686012549,0.8706591704910043,0.27587789045965005,1.88811232068876,0.517145163327906,2.2187536958110172,0.7367246712363097,0.0545647585524371,-0.4390358821128122,-0.03725250856529844,-1.278286886394963,1.1839598805820222,-0.15873978742581374,-0.5237957129987955,1.2576440772916977,-0.5911925232177752,0
1.1188184888492785,-1.326474945025091,-0.9373322538565467,1.2749842663004616,-1.272109129332575,-0.559742044878125,-0.35746650993044954,-0.8520028465040377,-1.3189210778785396,-0.8789851639353,0.7367246712363097,-1.2774216252220538,-0.4390358821128122,1.4242432292558669,-0.7057873879932234,-1.328812925413784,-0.15873978742581374,-0.5237957129987955,1.2576440772916977,-0.5911925232177752,0
0.5194625762112332,-0.30065138955120485,-0.9373322538565467,0.1692482043996703,-0.05358802790447786,-0.20400152794953944,-0.35746650993044954,-0.8520028465040377,-0.40088795727531673,-0.5692112779606683,-0.1415086997382818,0.0545647585524371,-0.4390358821128122,-0.03725250856529844,0.7254613580111255,-0.5037200053459058,-0.15873978742581374,1.9091412456869414,1.2576440772916977,-0.5911925232177752,0
-2.0492056208089613,0.9871045079778402,-0.9373322538565467,-1.5930186442547158,0.64923714145503,1.39409361762793,1.2407681723867288,-0.8520028465040377,0.517145163327906,-0.25943739198603655,-0.5806253852255776,-1.2774216252220538,1.0449053994284931,-0.03725250856529844,1.2979608564128653,2.1514134381826135,-0.15873978742581374,1.9091412456869414,-0.7951375258359844,1.6914963581696623,1
0.8619516691472591,-1.20150327005321,-0.9373322538565467,1.2058757624316623,-1.523931364251822,-0.7982085464030406,-0.6950756318834131,0.03485374204043518,0.13612699269759143,-1.1887590499099316,0.7367246712363097,0.0545647585524371,-0.4390358821128122,1.4242432292558669,-0.9920371371940933,-1.1922949821268394,-0.15873978742581374,-0.5237957129987955,1.2576440772916977,-0.5911925232177752,0
0.005728936807194294,-0.14035412465438604,0.8997051785456238,-1.4202473845827173,-0.2100919984699111,0.3202768665596402,1.0486490669872577,1.550945093966642,-0.40088795727531673,-0.25943739198603655,1.6149580422109011,1.3865511423269279,-0.4390358821128122,-1.4987482463864636,1.584210605613735,-0.1521494857831445,-0.15873978742581374,-0.5237957129987955,1.2576440772916977,-0.5911925232177752,1
-0.5936269758308511,0.9787171472414724,0.8997051785456238,-1.558464392320316,1.0512963477779993,0.8192099443684683,1.5775061211294403,0.6640885054221695,0.8126858168872018,0.36011037996322687,-0.5806253852255776,0.0545647585524371,2.5288466809697985,-0.03725250856529844,0.7254613580111255,1.1231696953534793,-0.15873978742581374,-0.5237957129987955,1.2576440772916977,-0.5911925232177752,0
-1.7923388011069417,1.936257718838105,-0.9373322538565467,0.2729109602028695,1.0985341367367913,0.4266314504892762,1.6114075869385516,-0.8520028465040377,1.7307189374904248,2.2187536958110172,-1.8979754416874648,-1.2774216252220538,-0.4390358821128122,-0.03725250856529844,0.152961859609386,3.036074668135833,-0.15873978742581374,-0.5237957129987955,-0.7951375258359844,-0.5911925232177752,0
0.7763293959132526,1.800826511653812,-0.9373322538565467,-0.8673793536323215,0.2332864671223721,1.3324083250121233,-1.5314094739873088,-0.8520028465040377,1.054160113300814,0.6698842659378585,1.6149580422109011,0.0545647585524371,4.012787962511103,-1.4987482463864636,0.4392116088102558,0.6677330626256324,-0.15873978742581374,-0.5237957129987955,1.2576440772916977,-0.5911925232177752,1
0.5194625762112332,0.017328257189329833,0.8997051785456238,0.06558544859647111,-0.1461451447342945,-0.07386822910271423,1.0486490669872577,0.03485374204043518,0.13612699269759143,-0.5692112779606683,-0.1415086997382818,0.0545647585524371,-0.4390358821128122,-0.03725250856529844,0.7254613580111255,-0.29292763960094936,-0.15873978742581374,-0.5237957129987955,1.2576440772916977,-0.5911925232177752,0
1.1188184888492785,0.9993895245858143,-0.9373322538565467,-0.694608093960323,0.6697867424884917,1.2351337156262387,1.458378265275997,-0.8520028465040377,1.5911750632737223,0.050336493988595146,-1.8979754416874648,-1.2774216252220538,-0.4390358821128122,-0.03725250856529844,-0.4195376387923536,-0.06371154055826288,-0.15873978742581374,-0.5237957129987955,-0.7951375258359844,1.6914963581696623,0
1.204440762083285,-0.7756226943101074,-0.9373322538565467,-1.2474761249107187,-0.2654570915461185,-0.26436990319599657,-0.5604559516442456,-0.8520028465040377,-0.40088795727531673,-0.8789851639353,0.2976079857490139,-1.2774216252220538,-0.4390358821128122,1.4242432292558669,-0.7057873879932234,-1.0592757786695697,-0.15873978742581374,-0.5237957129987955,1.2576440772916977,-0.5911925232177752,0
-1.4498497081709159,-0.5697376569403245,0.8997051785456238,-0.9019336055667213,-1.1377463706151563,-1.324090135280595,-1.5314094739873088,-0.8520028465040377,-1.3189210778785396,-0.8789851639353,0.2976079857490139,0.0545647585524371,-0.4390358821128122,-0.03725250856529844,1.0117111072119953,0.09037893254436002,-0.15873978742581374,-0.5237957129987955,-0.7951375258359844,-0.5911925232177752,0
1.1188184888492785,-0.588929911801778,-0.9373322538565467,-0.4527283304195248,0.1451324095703808,0.16096016026189175,0.305312378978912,0.6640885054221695,-0.40088795727531673,-0.8789851639353,1.6149580422109011,0.0545647585524371,-0.4390358821128122,-1.4987482463864636,0.4392116088102558,-0.92764198225895,-0.15873978742581374,-0.5237957129987955,-0.7951375258359844,-0.5911925232177752,1
-0.5936269758308511,-0.07251517752199889,0.8997051785456238,1.344092770169261,0.5212784437651681,-0.6680752475562154,-0.5604559516442456,-0.8520028465040377,-0.40088795727531673,0.050336493988595146,0.2976079857490139,0.0545647585524371,1.0449053994284931,1.4242432292558669,-0.4195376387923536,0.1940043605869344,-0.15873978742581374,-0.5237957129987955,-0.7951375258359844,1.6914963581696623,0
0.6907071226792462,-0.41116720160687553,0.8997051785456238,-1.6275728961891156,0.49642017176301934,0.0038218656145007695,-1.5314094739873088,0.6640885054221695,0.13612699269759143,0.050336493988595146,-0.1415086997382818,0.0545647585524371,-0.4390358821128122,-1.4987482463864636,1.2979608564128653,-0.6495449991193636,-0.15873978742581374,-0.5237957129987955,1.2576440772916977,-0.5911925232177752,0
-1.7067165278729353,0.55495808039051,0.8997051785456238,-1.5930186442547158,1.2936484310384992,-0.18974838735133803,-1.5314094739873088,3.067036445892849,0.8126858168872018,1.289432037887122,1.1758413567236055,1.3865511423269279,1.0449053994284931,-1.4987482463864636,1.0117111072119953,1.4337600086561977,-0.15873978742581374,-0.5237957129987955,1.2576440772916977,-0.5911925232177752,1
1.8037966747213303,-1.611743884893791,-0.9373322538565467,-1.1783676210419192,-0.6600203960772216,-1.2477088034530517,0.38587017807789625,-0.8520028465040377,-1.3189210778785396,-0.5692112779606683,0.2976079857490139,-1.2774216252220538,-0.4390358821128122,-0.03725250856529844,-1.278286886394963,-1.6109730424159723,-0.15873978742581374,-0.5237957129987955,1.2576440772916977,-0.5911925232177752,0
1.1188184888492785,-1.3434470161622118,-0.9373322538565467,0.30746521213726924,-1.9960009737071465,-1.9601498549418401,-1.5314094739873088,-0.8520028465040377,-1.3189210778785396,-1.1887590499099316,1.6149580422109011,0.0545647585524371,-0.4390358821128122,-0.03725250856529844,-0.9920371371940933,-1.338044499729475,6.299617860250349,-0.5237957129987955,-0.7951375258359844,-0.5911925232177752,0
0.5194625762112332,-0.9052320863950392,-0.9373322538565467,-1.316584628779518,-1.523931364251822,-0.6680752475562154,0.27587789045965005,0.03485374204043518,-0.40088795727531673,-0.8789851639353,0.2976079857490139,0.0545647585524371,-0.4390358821128122,-0.03725250856529844,-1.278286886394963,-0.9045035041571852,-0.15873978742581374,-0.5237957129987955,-0.7951375258359844,-0.5911925232177752,0
-0.8504937955328705,-1.2191167275995825,0.8997051785456238,-0.7637165978291224,-1.523931364251822,-1.6288836309271162,-0.6950756318834131,-0.8520028465040377,-1.3189210778785396,-0.8789851639353,0.2976079857490139,0.0545647585524371,-0.4390358821128122,-0.03725250856529844,-1.278286886394963,-0.7518118560871361,-0.15873978742581374,-0.5237957129987955,1.2576440772916977,-0.5911925232177752,0
1.204440762083285,-0.07138041695178442,-0.9373322538565467,-0.5909453381571238,0.12898208528586744,0.26676266005327803,0.996156204529315,0.03485374204043518,0.13612699269759143,0.36011037996322687,-0.1415086997382818,-1.2774216252220538,-0.4390358821128122,-0.03725250856529844,-0.1332878895914838,-0.6881896372045154,-0.15873978742581374,1.9091412456869414,1.2576440772916977,-0.5911925232177752,0
0.6050848494452397,0.5162775461710253,0.8997051785456238,-1.2820303768451184,0.9936374051746384,0.20843196689728108,-1.5314094739873088,0.6640885054221695,0.8126858168872018,0.36011037996322687,0.2976079857490139,0.0545647585524371,1.0449053994284931,-0.03725250856529844,0.4392116088102558,-0.014214267732980637,-0.15873978742581374,-0.5237957129987955,-0.7951375258359844,1.6914963581696623,0
-0.5936269758308511,1.68236737560664,-0.9373322538565467,1.344092770169261,1.053638946219479,1.2063071124713727,1.3415497873048123,-0.8520028465040377,1.2583237218588201,0.9796581519124903,-1.8979754416874648,-1.2774216252220538,-0.4390358821128122,-0.03725250856529844,-0.4195376387923536,1.7451134699083422,-0.15873978742581374,1.9091412456869414,-0.7951375258359844,-0.5911925232177752,1
-1.1073606152348898,1.2307326686612785,-0.9373322538565467,1.4477555259724604,1.1127297371385416,1.4470371129495225,-1.5314094739873088,-0.8520028465040377,1.5911750632737223,1.289432037887122,-1.4588587562001691,-1.2774216252220538,-0.4390358821128122,-0.03725250856529844,-0.9920371371940933,1.7310614841494651,-0.15873978742581374,1.9091412456869414,-0.7951375258359844,1.6914963581696623,0
2.0606634944233497,0.9333760618489896,-0.9373322538565467,-1.2820303768451184,0.758546107005907,1.293514936016803,1.6114075869385516,-0.8520028465040377,1.2583237218588201,-0.5692112779606683,-1.4588587562001691,-1.2774216252220538,-0.4390358821128122,-0.03725250856529844,1.0117111072119953,-0.7501094491230325,-0.15873978742581374,-0.5237957129987955,-0.7951375258359844,-0.5911925232177752,1
1.546929855019311,-1.6463787509933807,-0.9373322538565467,-0.9710421094355208,-2.2219047133258343,-1.324090135280595,-0.5604559516442456,-0.8520028465040377,-0.40088795727531673,-1.1887590499099316,1.1758413567236055,0.0545647585524371,-0.4390358821128122,-1.4987482463864636,1.2979608564128653,-1.5792453760746268,-0.15873978742581374,-0.5237957129987955,-0.7951375258359844,1.6914963581696623,0
-0.33676015612883164,0.8654877773005062,0.8997051785456238,-0.9019336055667213,-0.11992161401676193,0.13585411689210103,0.5959991983045402,-0.8520028465040377,-0.40088795727531673,-0.25943739198603655,-0.5806253852255776,0.0545647585524371,-0.4390358821128122,1.4242432292558669,-1.5645366355958328,0.849143393693577,-0.15873978742581374,-0.5237957129987955,1.2576440772916977,-0.5911925232177752,0
1.1188184888492785,0.8640076548176178,-0.9373322538565467,-1.3511388807139177,1.132691437489311,1.303459145202186,1.381451093041881,-0.8520028465040377,1.2583237218588201,0.36011037996322687,-0.5806253852255776,-1.2774216252220538,1.0449053994284931,-1.4987482463864636,1.2979608564128653,-0.13734944730900636,-0.15873978742581374,-0.5237957129987955,1.2576440772916977,-0.5911925232177752,1
-0.5936269758308511,0.8895644363554915,0.8997051785456238,-0.4872825823539246,0.42654463363788175,0.8132330191857708,1.5740087934030658,0.03485374204043518,0.13612699269759143,1.5992059238617538,-0.1415086997382818,0.0545647585524371,-0.4390358821128122,-0.03725250856529844,-0.9920371371940933,1.0443692185184885,-0.15873978742581374,-0.5237957129987955,-0.7951375258359844,-0.5911925232177752,0
0.7763293959132526,-0.6641201339325111,-0.9373322538565467,0.6875619834156662,-1.383912240451793,-0.5116836332350986,-1.5314094739873088,0.03485374204043518,-0.40088795727531673,-1.1887590499099316,1.1758413567236055,0.0545647585524371,1.0449053994284931,-0.03725250856529844,-0.7057873879932234,-0.8406129255560851,-0.15873978742581374,-0.5237957129987955,1.2576440772916977,-0.5911925232177752,0
-1.9635833475749547,0.5211126129484609,-0.9373322538565467,0.6530077314812666,0.29436078726031295,0.9334654876753987,1.0969378194473987,-0.8520028465040377,0.13612699269759143,1.289432037887122,-0.5806253852255776,-1.2774216252220538,-0.4390358821128122,1.4242432292558669,-0.7057873879932234,1.5527498692058372,-0.15873978742581374,1.9091412456869414,-0.7951375258359844,-0.5911925232177752,0
-0.5080047025968446,1.435630957709136,-0.9373322538565467,1.240430014366062,0.9155090237864211,1.7972306211670315,1.6466226794932401,-0.8520028465040377,1.5911750632737223,-0.25943739198603655,-1.4588587562001691,-1.2774216252220538,-0.4390358821128122,-0.03725250856529844,1.584210605613735,1.4593548168061692,-0.15873978742581374,-0.5237957129987955,-0.7951375258359844,-0.5911925232177752,0
0.17697348327520726,-0.9019264795165882,0.8997051785456238,-0.5218368342883243,-0.16665594586696583,-0.4250896211805721,-0.5604559516442456,0.6640885054221695,-0.40088795727531673,-0.5692112779606683,0.2976079857490139,1.3865511423269279,-0.4390358821128122,-0.03725250856529844,1.0117111072119953,-0.7905537745702367,-0.15873978742581374,-0.5237957129987955,-0.7951375258359844,-0.5911925232177752,0
-0.07989333642681218,0.34325122792136586,0.8997051785456238,0.20380245633407004,0.6850939463597474,0.07319240708743925,0.6787708983954508,1.88811232068876,0.13612699269759143,0.050336493988595146,0.7367246712363097,1.3865511423269279,-0.4390358821128122,-1.4987482463864636,0.7254613580111255,0.26686402415408766,-0.15873978742581374,-0.5237957129987955,-0.7951375258359844,1.6914963581696623,0
1.9750412211893433,-1.69428538202287,-0.9373322538565467,-1.3511388807139177,-1.523931364251822,-0.9164425794383279,-0.20585169616858562,0.03485374204043518,-0.40088795727531673,-1.1887590499099316,1.1758413567236055,0.0545647585524371,1.0449053994284931,-0.03725250856529844,1.2979608564128653,-1.6735880737301752,6.299617860250349,-0.5237957129987955,1.2576440772916977,-0.5911925232177752,0
0.4338403029772267,0.07090869106989162,0.8997051785456238,-0.6600538420259232,0.22300038096311894,0.7535233456635189,0.14125821022048246,2.437801682511115,-0.40088795727531673,0.36011037996322687,1.1758413567236055,1.3865511423269279,-0.4390358821128122,-0.03725250856529844,-0.4195376387923536,-0.2129329620187254,-0.15873978742581374,-0.5237957129987955,-0.7951375258359844,-0.5911925232177752,0
-1.6210942546389289,0.02990929829388163,-0.9373322538565467,-0.4527283304195248,0.8419675617721688,0.8788507546746205,0.9077121840706136,-0.8520028465040377,1.4351782839311287,1.5992059238617538,0.2976079857490139,-1.2774216252220538,-0.4390358821128122,-1.4987482463864636,0.152961859609386,0.8098798510076821,-0.15873978742581374,-0.5237957129987955,-0.7951375258359844,1.6914963581696623,0
0.6907071226792462,0.3949075025741726,0.8997051785456238,-1.212921872976319,1.0354221350916955,0.08252338521840286,-1.5314094739873088,1.1521609060229787,0.13612699269759143,0.36011037996322687,1.1758413567236055,0.0545647585524371,1.0449053994284931,-0.03725250856529844,0.152961859609386,-0.14259168668467712,-0.15873978742581374,-0.5237957129987955,-0.7951375258359844,-0.5911925232177752,0
-0.9361160687668769,1.1622523351196399,0.8997051785456238,1.0331045027596635,0.9013520725591986,0.7824930563532756,1.534137465421638,-0.8520028465040377,0.517145163327906,0.050336493988595146,-1.0197420707128733,0.0545647585524371,-0.4390358821128122,-1.4987482463864636,0.7254613580111255,1.5374969737067652,-0.15873978742581374,-0.5237957129987955,-0.7951375258359844,-0.5911925232177752,1
0.6050848494452397,-0.2255598422526643,0.8997051785456238,0.10013970053087085,0.4792096241800948,0.3697096873184568,0.305312378978912,0.6640885054221695,0.517145163327906,-0.25943739198603655,0.2976079857490139,0.0545647585524371,-0.4390358821128122,-0.03725250856529844,1.2979608564128653,-0.4933772540708862,-0.15873978742581374,-0.5237957129987955,-0.7951375258359844,-0.5911925232177752,0
0.3482180297432202,-0.6722608075883976,-0.9373322538565467,1.6550810375788587,-1.6098159800704808,-1.1175755046062268,-0.8686305850779471,-0.8520028465040377,-1.3189210778785396,-0.8789851639353,1.1758413567236055,0.0545647585524371,-0.4390358821128122,-0.03725250856529844,1.2979608564128653,-0.6863773704806593,-0.15873978742581374,-0.5237957129987955,1.2576440772916977,-0.5911925232177752,0
-0.07989333642681218,-0.5062897398405064,-0.9373322538565467,-0.8673793536323215,0.025761062238730974,-0.6680752475562154,0.1778322772525923,0.6640885054221695,-0.40088795727531673,-0.5692112779606683,0.7367246712363097,0.0545647585524371,-0.4390358821128122,-0.03725250856529844,1.584210605613735,-0.39738833726729084,-0.15873978742581374,-0.5237957129987955,-0.7951375258359844,-0.5911925232177752,0
-0.9361160687668769,0.7731281343682671,0.8997051785456238,-1.6966814000579151,0.12487027935243211,-0.017442065338305328,0.14125821022048246,-0.8520028465040377,0.13612699269759143,-0.25943739198603655,-1.4588587562001691,0.0545647585524371,-0.4390358821128122,1.4242432292558669,-0.4195376387923536,1.1671001812685546,-0.15873978742581374,-0.5237957129987955,1.2576440772916977,-0.5911925232177752,0
0.5194625762112332,0.28325692994828744,0.8997051785456238,1.620526785644459,0.16082773409487008,-0.09788918974245289,-0.03229674297405158,0.03485374204043518,-0.40088795727531673,-0.25943739198603655,-0.1415086997382818,0.0545647585524371,-0.4390358821128122,1.4242432292558669,-0.7057873879932234,-0.11664046328360025,-0.15873978742581374,-0.5237957129987955,-0.7951375258359844,-0.5911925232177752,0
-0.764871522298864,-0.0529775607478714,0.8997051785456238,1.3786470221036609,-0.4066654306859856,-0.5851763554236039,-0.5604559516442456,0.03485374204043518,-1.3189210778785396,-0.5692112779606683,0.2976079857490139,1.3865511423269279,-0.4390358821128122,-0.03725250856529844,1.584210605613735,0.2960129213256705,-0.15873978742581374,-0.5237957129987955,-0.7951375258359844,1.6914963581696623,0
-0.33676015612883164,-0.7798163746782913,0.8997051785456238,1.5514182817756594,-0.7515613769784906,-1.510649597891829,-1.5314094739873088,0.03485374204043518,-1.3189210778785396,-0.8789851639353,1.1758413567236055,2.718537526101419,-0.4390358821128122,-0.03725250856529844,-0.4195376387923536,-0.5212120272460402,-0.15873978742581374,-0.5237957129987955,-0.7951375258359844,-0.5911925232177752,0
-0.764871522298864,-0.04863586813139862,0.8997051785456238,1.6896352895132585,0.8079058120746438,-0.5851763554236039,-0.35746650993044954,1.88811232068876,1.054160113300814,0.36011037996322687,0.2976079857490139,0.0545647585524371,1.0449053994284931,-1.4987482463864636,1.0117111072119953,0.29999806314508937,-0.15873978742581374,1.9091412456869414,-0.7951375258359844,-0.5911925232177752,0
0.005728936807194294,0.22918312190676288,0.8997051785456238,0.7912247392188655,1.0338095516933312,0.6502576753037012,-0.03229674297405158,1.550945093966642,0.8126858168872018,1.5992059238617538,0.2976079857490139,0.0545647585524371,-0.4390358821128122,-0.03725250856529844,-0.9920371371940933,0.1305087739464712,-0.15873978742581374,1.9091412456869414,1.2576440772916977,-0.5911925232177752,0
-0.764871522298864,-0.13285483740775125,0.8997051785456238,-1.6621271481235154,0.5392203325238507,-0.29680125043934796,-1.5314094739873088,1.1521609060229787,0.13612699269759143,-0.5692112779606683,1.1758413567236055,0.0545647585524371,-0.4390358821128122,-1.4987482463864636,1.584210605613735,0.22269536898886175,-0.15873978742581374,-0.5237957129987955,-0.7951375258359844,-0.5911925232177752,0
0.5194625762112332,0.22923245932285916,2.736742610947794,-0.7982708497635221,0.6524483732565697,-0.3487082893530292,-0.5604559516442456,1.88811232068876,0.13612699269759143,0.6698842659378585,-0.1415086997382818,2.718537526101419,-0.4390358821128122,-0.03725250856529844,1.584210605613735,-0.15245390633879455,-0.15873978742581374,-0.5237957129987955,-0.7951375258359844,-0.5911925232177752,0
1.375685308551298,-1.492051313444212,-0.9373322538565467,-1.5239101403859165,-1.6098159800704808,-0.9164425794383279,-1.5314094739873088,0.03485374204043518,-0.40088795727531673,-1.1887590499099316,0.2976079857490139,0.0545647585524371,1.0449053994284931,-0.03725250856529844,0.4392116088102558,-1.4726009011991592,-0.15873978742581374,-0.5237957129987955,1.2576440772916977,-0.5911925232177752,1
0.17697348327520726,0.28730259806818254,0.8997051785456238,-0.9364878575011211,0.5333036697499445,-0.7631463972079218,-1.5314094739873088,0.6640885054221695,-0.40088795727531673,0.050336493988595146,0.7367246712363097,0.0545647585524371,1.0449053994284931,-0.03725250856529844,-0.1332878895914838,0.07865664459153235,-0.15873978742581374,-0.5237957129987955,-0.7951375258359844,1.6914963581696623,0
0.09135121004120077,-0.011040757066032067,0.8997051785456238,-0.34906557461632565,0.3093791406502544,0.044365803932572695,0.45692719274077576,0.03485374204043518,0.13612699269759143,0.050336493988595146,-0.1415086997382818,0.0545647585524371,-0.4390358821128122,-0.03725250856529844,-0.7057873879932234,-0.09632060084998925,-0.15873978742581374,-0.5237957129987955,-0.7951375258359844,1.6914963581696623,0
-1.1929828884688964,-0.2568891014738031,0.8997051785456238,0.23835670826846977,-0.06507600552381784,0.034464973575375916,-0.8686305850779471,-0.8520028465040377,0.13612699269759143,-0.8789851639353,0.7367246712363097,0.0545647585524371,-0.4390358821128122,1.4242432292558669,-0.4195376387923536,0.3033659776120057,-0.15873978742581374,-0.5237957129987955,-0.7951375258359844,-0.5911925232177752,0
-1.1073606152348898,0.1354420313238279,0.8997051785456238,0.8603332430876649,-0.13287910907525843,-0.3669768718316088,-0.03229674297405158,1.1521609060229787,-0.40088795727531673,-0.5692112779606683,0.2976079857490139,1.3865511423269279,-0.4390358821128122,-0.03725250856529844,0.152961859609386,0.6512490669180361,-0.15873978742581374,-0.5237957129987955,-0.7951375258359844,1.6914963581696623,0
-0.9361160687668769,-0.011040757066032067,0.8997051785456238,1.3095385182348613,-0.9390259331402973,-1.0092423019281362,-0.8686305850779471,-0.8520028465040377,-1.3189210778785396,-0.8789851639353,-0.1415086997382818,1.3865511423269279,-0.4390358821128122,-1.4987482463864636,0.7254613580111255,0.4206710423040667,-0.15873978742581374,-0.5237957129987955,-0.7951375258359844,1.6914963581696623,0
-0.4223824293628381,-0.011040757066032067,0.8997051785456238,-0.003523055272328344,-1.6098159800704808,-1.179383373877105,-0.8686305850779471,-0.8520028465040377,-1.3189210778785396,-1.1887590499099316,0.7367246712363097,1.3865511423269279,-0.4390358821128122,1.4242432292558669,-1.5645366355958328,0.16217522072703874,-0.15873978742581374,-0.5237957129987955,-0.7951375258359844,-0.5911925232177752,0
0.3482180297432202,-1.5147465248485015,-0.9373322538565467,-0.8673793536323215,-0.9676038472142717,-0.7982085464030406,-0.6950756318834131,-0.8520028465040377,-1.3189210778785396,-0.8789851639353,1.6149580422109011,0.0545647585524371,-0.4390358821128122,-1.4987482463864636,1.0117111072119953,-1.2735115350522648,-0.15873978742581374,-0.5237957129987955,1.2576440772916977,-0.5911925232177752,0
-1.7923388011069417,2.0103625178147198,-0.9373322538565467,-1.3856931326483175,1.2366328892252172,1.5710822111859837,0.8523258515899851,-2.368094198430245,1.8569517264925168,-0.25943739198603655,-1.8979754416874648,-1.2774216252220538,2.5288466809697985,1.4242432292558669,-1.5645366355958328,3.119209154424266,-0.15873978742581374,-0.5237957129987955,1.2576440772916977,-0.5911925232177752,0
0.26259575650921374,-0.011040757066032067,-0.9373322538565467,-1.1092591171731196,-0.7928504243226514,-0.96118389028511,-1.5314094739873088,-0.8520028465040377,-1.3189210778785396,-0.8789851639353,0.7367246712363097,0.0545647585524371,-0.4390358821128122,1.4242432292558669,-0.9920371371940933,-0.18248587470899857,-0.15873978742581374,1.9091412456869414,-0.7951375258359844,1.6914963581696623,0
0.6050848494452397,-1.2181299792776568,0.8997051785456238,-1.3511388807139177,-1.3252109267769627,-1.324090135280595,-1.5314094739873088,0.03485374204043518,-1.3189210778785396,-0.8789851639353,0.7367246712363097,1.3865511423269279,-0.4390358821128122,-0.03725250856529844,0.4392116088102558,-1.1344919760146202,-0.15873978742581374,-0.5237957129987955,-0.7951375258359844,1.6914963581696623,0
0.9475739423812656,-0.3272442568271006,0.8997051785456238,-0.4872825823539246,-0.9390259331402973,-0.7982085464030406,-0.8686305850779471,-0.8520028465040377,-1.3189210778785396,-0.8789851639353,1.1758413567236055,1.3865511423269279,-0.4390358821128122,-1.4987482463864636,1.584210605613735,-0.7098881976918142,-0.15873978742581374,-0.5237957129987955,-0.7951375258359844,1.6914963581696623,0
0.8619516691472591,1.179668443001627,-0.9373322538565467,0.23835670826846977,1.0497291254360566,1.170971971568697,1.276265901321975,-0.8520028465040377,1.2583237218588201,0.050336493988595146,-1.0197420707128733,-1.2774216252220538,-0.4390358821128122,1.4242432292558669,-0.4195376387923536,0.2243130749168203,-0.15873978742581374,-0.5237957129987955,-0.7951375258359844,1.6914963581696623,0
0.26259575650921374,0.1067769925718883,0.8997051785456238,-1.454801636517117,0.21603595058967015,0.14433125448928086,0.060700411121498196,1.88811232068876,0.8126858168872018,-0.8789851639353,-0.1415086997382818,1.3865511423269279,-0.4390358821128122,-0.03725250856529844,1.0117111072119953,-0.09837522994459705,-0.15873978742581374,-0.5237957129987955,1.2576440772916977,-0.5911925232177752,0
0.3482180297432202,-1.4265805622844463,-0.9373322538565467,0.06558544859647111,-1.272109129332575,-0.4669423223883164,-0.5604559516442456,0.6640885054221695,-0.40088795727531673,-0.5692112779606683,-0.5806253852255776,0.0545647585524371,-0.4390358821128122,-0.03725250856529844,1.0117111072119953,-1.2120680616340487,-0.15873978742581374,-0.5237957129987955,-0.7951375258359844,1.6914963581696623,0
0.26259575650921374,-0.6270677344442037,-0.9373322538565467,-1.1092591171731196,-0.7928504243226514,-0.96118389028511,-1.5314094739873088,-0.8520028465040377,-1.3189210778785396,-0.8789851639353,0.7367246712363097,0.0545647585524371,-0.4390358821128122,1.4242432292558669,-0.9920371371940933,-0.6222704268565352,-0.15873978742581374,1.9091412456869414,-0.7951375258359844,1.6914963581696623,0
0.5194625762112332,-0.49035375444140744,0.8997051785456238,-0.6600538420259232,-1.383912240451793,-1.0092423019281362,0.14125821022048246,0.03485374204043518,-0.40088795727531673,-1.1887590499099316,-0.5806253852255776,1.3865511423269279,-0.4390358821128122,-1.4987482463864636,1.2979608564128653,-0.6294758852977067,-0.15873978742581374,-0.5237957129987955,-0.7951375258359844,-0.5911925232177752,0
0.26259575650921374,-1.0758408712559808,-0.9373322538565467,-0.9710421094355208,-1.0993071871582751,-1.410684147335121,-1.5314094739873088,0.03485374204043518,-1.3189210778785396,-0.8789851639353,-0.1415086997382818,0.0545647585524371,-0.4390358821128122,1.4242432292558669,-0.4195376387923536,-0.9426516767631501,-0.15873978742581374,1.9091412456869414,1.2576440772916977,-0.5911925232177752,0
-1.1073606152348898,0.6077491156135313,2.736742610947794,-1.6275728961891156,0.97689970957868,0.4100733137233073,0.5402715434140909,0.03485374204043518,0.517145163327906,1.9089798098363855,-0.1415086997382818,1.3865511423269279,-0.4390358821128122,-0.03725250856529844,0.152961859609386,1.1168816916998592,-0.15873978742581374,-0.5237957129987955,1.2576440772916977,-0.5911925232177752,0
0.4338403029772267,-0.5723525399934274,0.8997051785456238,1.240430014366062,-1.223630986433815,-1.773590392330606,-1.5314094739873088,-0.8520028465040377,-1.3189210778785396,-1.1887590499099316,0.2976079857490139,1.3865511423269279,-0.4390358821128122,1.4242432292558669,-0.4195376387923536,-0.6502922132105046,-0.15873978742581374,-0.5237957129987955,-0.7951375258359844,-0.5911925232177752,0
0.26259575650921374,-1.2254319168599064,-0.9373322538565467,0.5493449756780673,-0.7928504243226514,-0.8352753086062314,-0.20585169616858562,0.03485374204043518,-0.40088795727531673,-0.8789851639353,0.2976079857490139,0.0545647585524371,-0.4390358821128122,1.4242432292558669,-1.278286886394963,-1.0494454267320217,-0.15873978742581374,-0.5237957129987955,-0.7951375258359844,-0.5911925232177752,0
-0.07989333642681218,0.6040981468224065,0.8997051785456238,0.5147907237436676,0.9884059378630018,0.3202768665596402,0.305312378978912,-0.8520028465040377,0.517145163327906,0.9796581519124903,0.2976079857490139,0.0545647585524371,-0.4390358821128122,-0.03725250856529844,-0.7057873879932234,0.47081908744666146,-0.15873978742581374,-0.5237957129987955,-0.7951375258359844,-0.5911925232177752,0
0.005728936807194294,-0.027519454042190108,0.8997051785456238,-1.316584628779518,-0.03678834786442325,0.16911739727292877,0.996156204529315,0.03485374204043518,0.13612699269759143,-0.5692112779606683,0.7367246712363097,1.3865511423269279,-0.4390358821128122,-1.4987482463864636,1.584210605613735,-0.06584248444781325,-0.15873978742581374,1.9091412456869414,1.2576440772916977,-0.5911925232177752,0
-0.6792492490648575,0.44143268595296614,0.8997051785456238,1.4823097779068601,0.34939664577224255,-0.2185749905062043,-0.6950756318834131,1.1521609060229787,-0.40088795727531673,-0.25943739198603655,0.2976079857490139,1.3865511423269279,-0.4390358821128122,-1.4987482463864636,0.4392116088102558,0.6990472872756958,-0.15873978742581374,-0.5237957129987955,1.2576440772916977,-0.5911925232177752,0
0.26259575650921374,0.6950763421039496,0.8997051785456238,0.1692482043996703,0.9945045604861665,-0.13567609837359254,-1.5314094739873088,-0.8520028465040377,0.13612699269759143,0.9796581519124903,-0.1415086997382818,0.0545647585524371,-0.4390358821128122,1.4242432292558669,-0.9920371371940933,0.3216144384686039,-0.15873978742581374,-0.5237957129987955,1.2576440772916977,-0.5911925232177752,0
-1.3642274349369095,-0.6848418486929494,0.8997051785456238,-1.558464392320316,-0.05358802790447786,-0.2487428387963213,-0.35746650993044954,0.03485374204043518,-0.40088795727531673,-0.8789851639353,0.7367246712363097,0.0545647585524371,-0.4390358821128122,1.4242432292558669,-0.7057873879932234,-0.06255423927232052,-0.15873978742581374,-0.5237957129987955,1.2576440772916977,-0.5911925232177752,0
-1.0217383420008834,-0.7268773272069813,0.8997051785456238,0.13469395246527058,0.35761026639791205,-0.2803828597770823,0.21231522488336196,0.6640885054221695,0.13612699269759143,-0.5692112779606683,1.1758413567236055,0.0545647585524371,-0.4390358821128122,-1.4987482463864636,0.4392116088102558,-0.22979937032515482,-0.15873978742581374,-0.5237957129987955,-0.7951375258359844,-0.5911925232177752,1
0.09135121004120077,-0.3495941063187161,-0.9373322538565467,-0.34906557461632565,0.8697473522621388,0.5036180010184462,0.7913358438282032,1.88811232068876,0.8126858168872018,0.6698842659378585,1.1758413567236055,0.0545647585524371,-0.4390358821128122,-1.4987482463864636,1.0117111072119953,-0.3495247042282519,-0.15873978742581374,-0.5237957129987955,1.2576440772916977,-0.5911925232177752,0
-0.16551560966081866,-0.7227823216709899,0.8997051785456238,-0.003523055272328344,-0.10725863313199818,-0.6680752475562154,-0.5604559516442456,1.1521609060229787,-1.3189210778785396,-0.5692112779606683,1.6149580422109011,1.3865511423269279,-0.4390358821128122,-1.4987482463864636,0.4392116088102558,-0.5356782933203197,-0.15873978742581374,1.9091412456869414,1.2576440772916977,-0.5911925232177752,0
-1.5354719814049222,-0.20942650718918024,0.8997051785456238,0.722116235350066,0.2630521478183642,0.39308129030207783,-0.20585169616858562,1.1521609060229787,-0.40088795727531673,-0.25943739198603655,0.7367246712363097,0.0545647585524371,-0.4390358821128122,-0.03725250856529844,-0.7057873879932234,0.5098067227969948,-0.15873978742581374,-0.5237957129987955,-0.7951375258359844,1.6914963581696623,0
-1.3642274349369095,0.7642473994709365,0.8997051785456238,-0.3145113226819259,0.6228583841083155,0.8339156038049559,1.4097353670215558,0.03485374204043518,1.054160113300814,0.6698842659378585,-0.5806253852255776,0.0545647585524371,-0.4390358821128122,-0.03725250856529844,1.584210605613735,1.4399507319118692,-0.15873978742581374,-0.5237957129987955,1.2576440772916977,-0.5911925232177752,0
-1.6210942546389289,0.26880106703207696,0.8997051785456238,-0.3145113226819259,0.5641570704334856,0.34546417965717957,-0.03229674297405158,0.6640885054221695,0.13612699269759143,0.9796581519124903,-1.0197420707128733,0.0545647585524371,-0.4390358821128122,-1.4987482463864636,0.7254613580111255,1.0697594023831194,-0.15873978742581374,-0.5237957129987955,1.2576440772916977,-0.5911925232177752,0
-1.3642274349369095,-0.722288947510027,0.8997051785456238,-0.21084856687872672,-0.03678834786442325,-0.8352753086062314,-0.8686305850779471,1.1521609060229787,0.13612699269759143,-1.1887590499099316,1.6149580422109011,1.3865511423269279,-0.4390358821128122,-1.4987482463864636,0.7254613580111255,-0.10138169741568642,-0.15873978742581374,1.9091412456869414,-0.7951375258359844,-0.5911925232177752,1
0.6907071226792462,0.8778221313245765,0.8997051785456238,-1.1092591171731196,0.7611866198876297,0.8788507546746205,1.0316539334645618,-0.8520028465040377,0.13612699269759143,1.9089798098363855,-0.5806253852255776,0.0545647585524371,-0.4390358821128122,-1.4987482463864636,0.7254613580111255,0.1611210702078869,-0.15873978742581374,1.9091412456869414,1.2576440772916977,-0.5911925232177752,0
0.26259575650921374,1.407952667279122,-0.9373322538565467,-0.3145113226819259,1.3508789625492572,0.9651055086561597,1.276265901321975,0.03485374204043518,0.517145163327906,0.050336493988595146,0.2976079857490139,0.0545647585524371,4.012787962511103,-0.03725250856529844,-0.4195376387923536,0.8305401948341138,-0.15873978742581374,-0.5237957129987955,1.2576440772916977,-0.5911925232177752,1
0.005728936807194294,-0.4171370289545256,0.8997051785456238,1.2058757624316623,-1.6098159800704808,-1.324090135280595,-0.8686305850779471,-0.8520028465040377,-1.3189210778785396,-1.1887590499099316,0.7367246712363097,1.3865511423269279,-0.4390358821128122,1.4242432292558669,-1.278286886394963,-0.36386014493977253,-0.15873978742581374,-0.5237957129987955,1.2576440772916977,-0.5911925232177752,0
-2.1348278940429677,1.43040119160293,-0.9373322538565467,-0.8328251016979219,0.8632054316006038,1.3842116467257874,1.7824849705594985,-0.8520028465040377,1.8569517264925168,-0.25943739198603655,-1.8979754416874648,-1.2774216252220538,1.0449053994284931,1.4242432292558669,-1.5645366355958328,2.7389149201188876,-0.15873978742581374,-0.5237957129987955,1.2576440772916977,-0.5911925232177752,1
1.8037966747213303,-0.8478526714750636,-0.9373322538565467,0.44568221987486817,-0.39605278266568333,-0.1228342571174431,-0.5604559516442456,0.6640885054221695,-1.3189210778785396,-0.8789851639353,1.6149580422109011,0.0545647585524371,-0.4390358821128122,-0.03725250856529844,-1.278286886394963,-1.2993470283247475,-0.15873978742581374,-0.5237957129987955,-0.7951375258359844,-0.5911925232177752,0
0.8619516691472591,0.2930750757514475,-0.9373322538565467,1.1713215104972625,0.321108988112848,0.5320236422684137,0.8523258515899851,1.1521609060229787,0.517145163327906,0.6698842659378585,-0.5806253852255776,0.0545647585524371,-0.4390358821128122,-0.03725250856529844,-0.1332878895914838,-0.30313956551321025,-0.15873978742581374,-0.5237957129987955,-0.7951375258359844,-0.5911925232177752,0
-0.25113788289482514,-1.428948758257068,-0.9373322538565467,-0.0726315591411278,-1.9960009737071465,-1.0611493408418176,-0.20585169616858562,-0.8520028465040377,-0.40088795727531673,-1.1887590499099316,1.1758413567236055,-1.2774216252220538,-0.4390358821128122,-0.03725250856529844,-1.5645366355958328,-1.0808485455388315,6.299617860250349,-0.5237957129987955,-0.7951375258359844,1.6914963581696623,0
-1.7923388011069417,-0.013902327199616397,-0.9373322538565467,-0.14174006300992725,-0.24906922849220556,-0.2803828597770823,0.1778322772525923,-0.8520028465040377,0.13612699269759143,-0.25943739198603655,-1.4588587562001691,-1.2774216252220538,-0.4390358821128122,1.4242432292558669,-1.278286886394963,0.8482871584668037,-0.15873978742581374,-0.5237957129987955,-0.7951375258359844,1.6914963581696623,0
0.26259575650921374,-0.7682220818956652,0.8997051785456238,-0.5218368342883243,-0.9118426309964685,-1.1175755046062268,-0.35746650993044954,0.03485374204043518,-1.3189210778785396,-0.8789851639353,0.2976079857490139,2.718537526101419,-0.4390358821128122,1.4242432292558669,-0.9920371371940933,-0.7230411783937851,-0.15873978742581374,-0.5237957129987955,1.2576440772916977,-0.5911925232177752,0
0.3482180297432202,-1.3300272389840233,0.8997051785456238,-1.5930186442547158,-0.9118426309964685,-0.8352753086062314,-1.5314094739873088,0.6640885054221695,-1.3189210778785396,-0.5692112779606683,0.2976079857490139,1.3865511423269279,-0.4390358821128122,1.4242432292558669,-1.5645366355958328,-1.1447793780977034,-0.15873978742581374,-0.5237957129987955,1.2576440772916977,-0.5911925232177752,0
0.26259575650921374,-0.8396626604030809,0.8997051785456238,-1.6621271481235154,-1.4495347260525029,-2.2230906493806173,-1.5314094739873088,-0.8520028465040377,-1.3189210778785396,-1.1887590499099316,0.2976079857490139,2.718537526101419,-0.4390358821128122,1.4242432292558669,-0.7057873879932234,-0.7740429428907925,-0.15873978742581374,1.9091412456869414,-0.7951375258359844,1.6914963581696623,0
0.26259575650921374,0.696013753009779,-0.9373322538565467,-1.0747048652387199,0.5313174032070466,0.12726469606518445,0.6787708983954508,-0.8520028465040377,1.8569517264925168,1.289432037887122,-1.8979754416874648,-1.2774216252220538,-0.4390358821128122,-0.03725250856529844,1.0117111072119953,0.3222836605165619,-0.15873978742581374,-0.5237957129987955,-0.7951375258359844,-0.5911925232177752,0
-0.25113788289482514,0.6025686869234217,0.8997051785456238,-0.14174006300992725,1.2281525554088346,0.9183249137649491,0.1778322772525923,1.1521609060229787,0.517145163327906,1.9089798098363855,1.1758413567236055,0.0545647585524371,1.0449053994284931,-1.4987482463864636,1.2979608564128653,0.5766484196772478,-0.15873978742581374,-0.5237957129987955,-0.7951375258359844,-0.5911925232177752,0
0.005728936807194294,0.12508117394360876,0.8997051785456238,1.102213006628463,-0.6948534363609518,-1.2477088034530517,-1.5314094739873088,-0.8520028465040377,-1.3189210778785396,-0.8789851639353,0.7367246712363097,0.0545647585524371,-0.4390358821128122,1.4242432292558669,-1.278286886394963,0.05088141372891591,-0.15873978742581374,1.9091412456869414,-0.7951375258359844,1.6914963581696623,0
-0.8504937955328705,-1.6235355273408023,-0.9373322538565467,0.9639959988908641,-1.523931364251822,-1.324090135280595,0.38587017807789625,-0.8520028465040377,-0.40088795727531673,-1.1887590499099316,1.1758413567236055,-1.2774216252220538,-0.4390358821128122,-1.4987482463864636,1.584210605613735,-1.1298929613391797,-0.15873978742581374,-0.5237957129987955,1.2576440772916977,-0.5911925232177752,0
0.09135121004120077,-1.156112847244631,-0.9373322538565467,-0.9019336055667213,-1.8357197196891686,-0.5352677519642633,-0.03229674297405158,0.6640885054221695,-1.3189210778785396,-0.5692112779606683,0.7367246712363097,0.0545647585524371,-0.4390358821128122,-0.03725250856529844,-0.4195376387923536,-0.9527201979508486,-0.15873978742581374,-0.5237957129987955,1.2576440772916977,-0.5911925232177752,0
0.4338403029772267,-0.8387745869133478,-0.9373322538565467,-0.03807730720672808,-1.0993071871582751,-1.9601498549418401,-1.5314094739873088,-0.8520028465040377,-1.3189210778785396,-1.1887590499099316,1.1758413567236055,0.0545647585524371,-0.4390358821128122,-0.03725250856529844,-0.7057873879932234,-0.8314350231840901,-0.15873978742581374,1.9091412456869414,1.2576440772916977,-0.5911925232177752,0
0.26259575650921374,-0.41087117711029786,-0.9373322538565467,0.4111279679404684,-1.272109129332575,-1.324090135280595,-1.5314094739873088,-0.8520028465040377,-1.3189210778785396,-1.1887590499099316,1.1758413567236055,0.0545647585524371,-0.4390358821128122,-0.03725250856529844,0.7254613580111255,-0.4679266892695974,-0.15873978742581374,1.9091412456869414,1.2576440772916977,-0.5911925232177752,0
-0.9361160687668769,-0.6342709971942607,0.8997051785456238,0.3765737160060687,-1.4495347260525029,-0.7982085464030406,-0.20585169616858562,0.03485374204043518,-1.3189210778785396,-0.8789851639353,0.7367246712363097,1.3865511423269279,-0.4390358821128122,1.4242432292558669,-0.9920371371940933,-0.1725649513664638,-0.15873978742581374,-0.5237957129987955,-0.7951375258359844,-0.5911925232177752,0
0.26259575650921374,-0.971442898796249,-0.9373322538565467,0.8948874950220647,-0.6433879019874642,0.034464973575375916,1.587878078775797,-0.8520028465040377,-0.40088795727531673,0.050336493988595146,0.7367246712363097,-1.2774216252220538,-0.4390358821128122,-0.03725250856529844,-0.9920371371940933,-0.8681214739484626,-0.15873978742581374,-0.5237957129987955,-0.7951375258359844,-0.5911925232177752,0
1.204440762083285,-1.2086078579710744,-0.9373322538565467,0.5147907237436676,-1.1790354179593172,-0.96118389028511,-0.8686305850779471,-0.8520028465040377,-1.3189210778785396,-0.8789851639353,0.7367246712363097,0.0545647585524371,-0.4390358821128122,-0.03725250856529844,-0.7057873879932234,-1.2874285023277816,-0.15873978742581374,-0.5237957129987955,1.2576440772916977,-0.5911925232177752,0
0.3482180297432202,-1.0081499363718824,-0.9373322538565467,0.1692482043996703,-1.9960009737071465,-1.1175755046062268,-0.03229674297405158,-0.8520028465040377,-1.3189210778785396,-0.8789851639353,0.2976079857490139,0.0545647585524371,-0.4390358821128122,1.4242432292558669,-1.278286886394963,-0.9204608439172657,-0.15873978742581374,-0.5237957129987955,-0.7951375258359844,-0.5911925232177752,0
1.375685308551298,2.019687289456917,-0.9373322538565467,1.2058757624316623,1.0370300645632482,0.4266314504892762,1.3097904891908174,-0.8520028465040377,1.054160113300814,1.5992059238617538,-1.4588587562001691,-1.2774216252220538,2.5288466809697985,-0.03725250856529844,1.584210605613735,0.2584551401003602,-0.15873978742581374,-0.5237957129987955,1.2576440772916977,-0.5911925232177752,0
0.3482180297432202,-0.8260948709766035,0.8997051785456238,0.8948874950220647,-1.3252109267769627,-0.8745898782305835,-0.8686305850779471,0.03485374204043518,-1.3189210778785396,-0.8789851639353,0.2976079857490139,1.3865511423269279,-0.4390358821128122,-0.03725250856529844,1.584210605613735,-0.7935854007649334,-0.15873978742581374,-0.5237957129987955,-0.7951375258359844,-0.5911925232177752,0
-0.16551560966081866,0.9496080717446662,0.8997051785456238,-1.1438133691075194,0.10384336222621991,0.06372520549379129,-0.6950756318834131,1.550945093966642,-0.40088795727531673,-0.25943739198603655,0.7367246712363097,1.3865511423269279,-0.4390358821128122,-0.03725250856529844,1.0117111072119953,0.8003832714699929,-0.15873978742581374,-0.5237957129987955,-0.7951375258359844,-0.5911925232177752,0
0.8619516691472591,-1.0119489174112961,0.8997051785456238,1.0331045027596635,-1.02957289562413,-1.0611493408418176,-0.6950756318834131,0.03485374204043518,-0.40088795727531673,-1.1887590499099316,1.1758413567236055,1.3865511423269279,1.0449053994284931,-0.03725250856529844,-0.4195376387923536,-1.07952519667708,-0.15873978742581374,-0.5237957129987955,1.2576440772916977,-0.5911925232177752,0
-0.6792492490648575,0.44143268595296614,0.8997051785456238,1.4823097779068601,0.34939664577224255,-0.2185749905062043,-0.6950756318834131,1.1521609060229787,-0.40088795727531673,-0.25943739198603655,0.2976079857490139,1.3865511423269279,-0.4390358821128122,-1.4987482463864636,0.4392116088102558,0.6990472872756958,-0.15873978742581374,-0.5237957129987955,1.2576440772916977,-0.5911925232177752,0
1.4613075817853045,-1.5346788409513994,-0.9373322538565467,-1.1438133691075194,-1.6098159800704808,-1.510649597891829,-0.5604559516442456,-0.8520028465040377,-0.40088795727531673,-1.1887590499099316,0.7367246712363097,-1.2774216252220538,-0.4390358821128122,-0.03725250856529844,-1.5645366355958328,-1.5107977140040985,-0.15873978742581374,-0.5237957129987955,-0.7951375258359844,1.6914963581696623,0
-0.4223824293628381,-0.4476768895181239,-0.9373322538565467,1.620526785644459,-1.0993071871582751,-1.0611493408418176,-0.6950756318834131,-0.8520028465040377,-0.40088795727531673,-0.5692112779606683,-1.4588587562001691,-1.2774216252220538,-0.4390358821128122,1.4242432292558669,-0.7057873879932234,-0.20891595248273712,-0.15873978742581374,-0.5237957129987955,1.2576440772916977,-0.5911925232177752,0
1.204440762083285,-0.5760035087845522,-0.9373322538565467,-0.6600538420259232,-0.7131221935216093,-0.017442065338305328,0.27587789045965005,0.03485374204043518,-1.3189210778785396,-0.5692112779606683,1.1758413567236055,0.0545647585524371,-0.4390358821128122,-0.03725250856529844,-1.278286886394963,-0.954090509763334,-0.15873978742581374,-0.5237957129987955,1.2576440772916977,-0.5911925232177752,0
-1.4498497081709159,-0.8976834617323081,0.8997051785456238,0.3765737160060687,-0.7718235071964394,-0.7298831168270937,-0.08478960543199393,0.6640885054221695,-0.40088795727531673,-0.8789851639353,1.1758413567236055,1.3865511423269279,-0.4390358821128122,-0.03725250856529844,0.152961859609386,-0.25522980814755764,-0.15873978742581374,-0.5237957129987955,-0.7951375258359844,1.6914963581696623,0
-1.7067165278729353,-0.7493751889468857,0.8997051785456238,-1.316584628779518,-1.3252109267769627,-1.6288836309271162,-0.6950756318834131,-0.8520028465040377,-1.3189210778785396,-1.1887590499099316,0.2976079857490139,1.3865511423269279,-0.4390358821128122,-0.03725250856529844,0.7254613580111255,-0.007335872698705876,-0.15873978742581374,-0.5237957129987955,1.2576440772916977,-0.5911925232177752,0
0.8619516691472591,-1.4777434627762904,-0.9373322538565467,0.8948874950220647,-1.0993071871582751,-0.6116490837918062,-0.5604559516442456,0.6640885054221695,-1.3189210778785396,-0.8789851639353,1.6149580422109011,0.0545647585524371,-0.4390358821128122,-1.4987482463864636,0.7254613580111255,-1.3566359578512546,-0.15873978742581374,-0.5237957129987955,-0.7951375258359844,1.6914963581696623,1
-1.7923388011069417,1.3237336980027694,-0.9373322538565467,-0.4527283304195248,1.2252968486177043,1.4714277133044857,1.6047779889783895,0.6640885054221695,1.4351782839311287,1.289432037887122,-1.0197420707128733,-1.2774216252220538,1.0449053994284931,-1.4987482463864636,1.0117111072119953,2.3489144502457577,-0.15873978742581374,-0.5237957129987955,-0.7951375258359844,-0.5911925232177752,1
-1.9635833475749547,1.5324309680900403,-0.9373322538565467,0.7566704872844657,1.2218505664427104,1.5502224896434509,1.7923347786346502,-0.8520028465040377,1.054160113300814,1.289432037887122,-0.5806253852255776,-1.2774216252220538,2.5288466809697985,-0.03725250856529844,0.7254613580111255,2.7216778399513086,-0.15873978742581374,-0.5237957129987955,-0.7951375258359844,1.6914963581696623,0
-0.9361160687668769,0.013775963230397559,-0.9373322538565467,1.344092770169261,-0.042332146591425396,0.33299279930326425,0.5000374812740657,-0.8520028465040377,0.13612699269759143,0.6698842659378585,-1.8979754416874648,-1.2774216252220538,-0.4390358821128122,-0.03725250856529844,1.0117111072119953,0.4442934065232147,-0.15873978742581374,-0.5237957129987955,1.2576440772916977,-0.5911925232177752,0
0.17697348327520726,1.3046894553896047,-0.9373322538565467,1.5168640298412597,0.8350891142184722,1.4240385398960085,1.056970403651279,-0.8520028465040377,0.8126858168872018,0.9796581519124903,-1.4588587562001691,-1.2774216252220538,-0.4390358821128122,-1.4987482463864636,1.584210605613735,0.8222671678878665,-0.15873978742581374,-0.5237957129987955,1.2576440772916977,-0.5911925232177752,0
-1.0217383420008834,0.06192928134036837,0.8997051785456238,1.5168640298412597,1.053638946219479,0.3138241586764191,-0.03229674297405158,1.1521609060229787,1.4351782839311287,-0.25943739198603655,1.1758413567236055,0.0545647585524371,1.0449053994284931,-1.4987482463864636,1.584210605613735,0.5344522084428454,-0.15873978742581374,-0.5237957129987955,1.2576440772916977,-0.5911925232177752,0
1.1188184888492785,0.9098421143710633,-0.9373322538565467,0.1692482043996703,0.9446856989875412,1.1243751750734488,1.0486490669872577,-0.8520028465040377,0.8126858168872018,0.6698842659378585,-1.4588587562001691,-1.2774216252220538,-0.4390358821128122,-0.03725250856529844,1.0117111072119953,-0.11241882946227141,-0.15873978742581374,1.9091412456869414,-0.7951375258359844,1.6914963581696623,0
0.3482180297432202,0.878414180317732,0.8997051785456238,-0.2799570707475262,0.7300378406819057,0.6186176543229401,0.928517257611974,1.1521609060229787,0.8126858168872018,-0.25943739198603655,-1.4588587562001691,0.0545647585524371,-0.4390358821128122,1.4242432292558669,-0.9920371371940933,0.3942988295946253,-0.15873978742581374,-0.5237957129987955,-0.7951375258359844,1.6914963581696623,0
0.26259575650921374,-0.27351581069825,-0.9373322538565467,-0.10718581107552753,-0.35551511395891805,0.26676266005327803,0.27587789045965005,0.6640885054221695,0.13612699269759143,-0.5692112779606683,-0.1415086997382818,0.0545647585524371,-0.4390358821128122,-0.03725250856529844,-1.278286886394963,-0.3698680481372298,-0.15873978742581374,-0.5237957129987955,-0.7951375258359844,1.6914963581696623,0
-0.33676015612883164,1.2702519389544,-0.9373322538565467,-0.7291623458947226,0.41685487331441357,1.4470371129495225,1.2407681723867288,-0.8520028465040377,0.8126858168872018,0.9796581519124903,-1.8979754416874648,-1.2774216252220538,-0.4390358821128122,1.4242432292558669,-0.1332878895914838,1.1862669355368245,-0.15873978742581374,-0.5237957129987955,1.2576440772916977,-0.5911925232177752,0
-0.16551560966081866,-0.5571566158357727,-0.9373322538565467,1.1367672585628628,-0.5814188535776059,-0.7982085464030406,-1.5314094739873088,-0.8520028465040377,-1.3189210778785396,-0.8789851639353,0.7367246712363097,0.0545647585524371,-0.4390358821128122,-0.03725250856529844,0.7254613580111255,-0.4033610182516977,-0.15873978742581374,1.9091412456869414,-0.7951375258359844,-0.5911925232177752,0
-0.33676015612883164,-0.930986217597298,-0.9373322538565467,-0.38361982655072535,0.24671234991352878,0.6985917476487425,1.162816370183427,0.03485374204043518,0.517145163327906,-0.25943739198603655,1.1758413567236055,-1.2774216252220538,-0.4390358821128122,-1.4987482463864636,0.4392116088102558,-0.6471196981636061,-0.15873978742581374,1.9091412456869414,-0.7951375258359844,1.6914963581696623,0
0.005728936807194294,0.8435819645537571,-0.9373322538565467,-1.5930186442547158,0.8066933041419306,1.1390725019780643,1.2876490190894119,-0.8520028465040377,0.8126858168872018,0.36011037996322687,-1.4588587562001691,-1.2774216252220538,-0.4390358821128122,1.4242432292558669,-0.1332878895914838,0.6004611515716921,-0.15873978742581374,-0.5237957129987955,-0.7951375258359844,1.6914963581696623,0
0.17697348327520726,-0.4093417172113131,0.8997051785456238,1.3095385182348613,-0.08878797447422768,-0.09788918974245289,-0.8686305850779471,0.6640885054221695,-1.3189210778785396,-0.5692112779606683,1.1758413567236055,0.0545647585524371,-0.4390358821128122,-1.4987482463864636,1.0117111072119953,-0.43052237625829254,-0.15873978742581374,-0.5237957129987955,-0.7951375258359844,-0.5911925232177752,1
0.26259575650921374,-1.2485711650090625,0.8997051785456238,-0.003523055272328344,-1.0633497324158372,-0.8352753086062314,-0.03229674297405158,1.1521609060229787,-1.3189210778785396,-0.5692112779606683,0.2976079857490139,1.3865511423269279,-0.4390358821128122,-0.03725250856529844,-1.5645366355958328,-1.0659646446526685,-0.15873978742581374,-0.5237957129987955,-0.7951375258359844,1.6914963581696623,0
0.09135121004120077,2.081704421489943,-0.9373322538565467,-1.1438133691075194,1.3880063854126117,1.6047186168887995,1.1832687472264252,-2.368094198430245,1.4351782839311287,1.9089798098363855,-1.4588587562001691,-1.2774216252220538,4.012787962511103,1.4242432292558669,-1.278286886394963,1.4688438487267763,-0.15873978742581374,-0.5237957129987955,-0.7951375258359844,-0.5911925232177752,1
0.4338403029772267,-0.65060168192213,-0.9373322538565467,0.5493449756780673,0.19823420701476896,0.45332212266451216,1.3415497873048123,0.03485374204043518,0.13612699269759143,0.9796581519124903,0.2976079857490139,-1.2774216252220538,-0.4390358821128122,-1.4987482463864636,0.7254613580111255,-0.7034945273990428,-0.15873978742581374,1.9091412456869414,1.2576440772916977,-0.5911925232177752,1
-1.6210942546389289,0.654668998321095,0.8997051785456238,-1.3856931326483175,0.8643010999481833,-0.6680752475562154,-0.2769087108314654,1.1521609060229787,0.517145163327906,0.36011037996322687,-0.1415086997382818,0.0545647585524371,1.0449053994284931,1.4242432292558669,-1.5645366355958328,1.489527674028575,-0.15873978742581374,-0.5237957129987955,-0.7951375258359844,-0.5911925232177752,0
-0.8504937955328705,0.31379679051188575,0.8997051785456238,-0.8673793536323215,0.5527863252554381,0.6877531924261301,1.0969378194473987,2.180179857348376,1.2583237218588201,0.6698842659378585,-1.0197420707128733,0.0545647585524371,-0.4390358821128122,-0.03725250856529844,0.4392116088102558,0.6812709717987971,-0.15873978742581374,-0.5237957129987955,-0.7951375258359844,1.6914963581696623,0
-1.1929828884688964,-0.2753906325099087,0.8997051785456238,-0.8328251016979219,-0.5669466847039637,-1.9601498549418401,-1.5314094739873088,-0.8520028465040377,-1.3189210778785396,-0.8789851639353,0.7367246712363097,1.3865511423269279,2.5288466809697985,1.4242432292558669,-0.7057873879932234,0.28481141895151685,-0.15873978742581374,1.9091412456869414,-0.7951375258359844,1.6914963581696623,0
0.7763293959132526,-1.7300550086926743,-0.9373322538565467,-0.21084856687872672,-1.9960009737071465,-1.410684147335121,-0.2769087108314654,0.6640885054221695,-1.3189210778785396,-0.8789851639353,0.7367246712363097,0.0545647585524371,-0.4390358821128122,1.4242432292558669,-0.1332878895914838,-1.4928779938026375,-0.15873978742581374,-0.5237957129987955,-0.7951375258359844,1.6914963581696623,0
1.4613075817853045,-1.1606518895254887,-0.9373322538565467,-1.3511388807139177,-0.6948534363609518,-1.1175755046062268,-0.8686305850779471,-0.8520028465040377,-1.3189210778785396,-0.8789851639353,0.7367246712363097,0.0545647585524371,-0.4390358821128122,-0.03725250856529844,0.152961859609386,-1.3327846492472788,-0.15873978742581374,-0.5237957129987955,1.2576440772916977,-0.5911925232177752,0
-1.3642274349369095,-0.04301140269642252,0.8997051785456238,-0.14174006300992725,0.7881817284221079,0.13585411689210103,-1.5314094739873088,1.1521609060229787,-0.40088795727531673,0.6698842659378585,1.1758413567236055,0.0545647585524371,-0.4390358821128122,-0.03725250856529844,-1.278286886394963,0.6029350927264239,-0.15873978742581374,-0.5237957129987955,1.2576440772916977,-0.5911925232177752,0
-1.4498497081709159,1.5909944809963266,-0.9373322538565467,0.2729109602028695,1.1830820511156313,1.1187766500133607,1.0812671372651477,-0.8520028465040377,0.8126858168872018,1.5992059238617538,-1.8979754416874648,-1.2774216252220538,1.0449053994284931,-0.03725250856529844,-0.4195376387923536,2.3674866200127718,-0.15873978742581374,-0.5237957129987955,-0.7951375258359844,1.6914963581696623,0
-1.6210942546389289,-0.5156638488987999,0.8997051785456238,-1.0055963613699206,-1.3252109267769627,-1.773590392330606,-1.5314094739873088,-0.8520028465040377,-1.3189210778785396,-0.8789851639353,-1.0197420707128733,1.3865511423269279,-0.4390358821128122,1.4242432292558669,-1.278286886394963,0.21637549761867222,-0.15873978742581374,1.9091412456869414,1.2576440772916977,-0.5911925232177752,0
0.09135121004120077,0.7806274216149018,0.8997051785456238,-0.694608093960323,1.1480297910080282,1.1317654749038026,1.1965283434686744,1.1521609060229787,0.8126858168872018,0.6698842659378585,-0.1415086997382818,0.0545647585524371,-0.4390358821128122,-0.03725250856529844,-1.5645366355958328,0.49576815502404187,-0.15873978742581374,-0.5237957129987955,-0.7951375258359844,1.6914963581696623,0
0.09135121004120077,-1.4028986025582313,0.8997051785456238,1.1367672585628628,-1.383912240451793,-1.179383373877105,0.27587789045965005,0.6640885054221695,-0.40088795727531673,-0.8789851639353,0.2976079857490139,1.3865511423269279,-0.4390358821128122,-0.03725250856529844,1.584210605613735,-1.1372913033280083,-0.15873978742581374,-0.5237957129987955,1.2576440772916977,-0.5911925232177752,0
0.6907071226792462,-0.8494314687901446,-0.9373322538565467,0.6530077314812666,-0.21767234907934332,-0.028341343609018455,0.060700411121498196,1.1521609060229787,-0.40088795727531673,-0.8789851639353,1.1758413567236055,0.0545647585524371,-0.4390358821128122,-0.03725250856529844,-0.4195376387923536,-0.9251764273454206,-0.15873978742581374,-0.5237957129987955,1.2576440772916977,-0.5911925232177752,0
-0.25113788289482514,-0.8334461459749495,0.8997051785456238,0.5493449756780673,-0.7131221935216093,-1.510649597891829,-1.5314094739873088,-0.8520028465040377,-1.3189210778785396,-0.8789851639353,-0.1415086997382818,0.0545647585524371,-0.4390358821128122,-0.03725250856529844,-0.7057873879932234,-0.5949832752319032,-0.15873978742581374,-0.5237957129987955,-0.7951375258359844,-0.5911925232177752,0
0.005728936807194294,2.1350381682900235,2.736742610947794,1.7241895414476582,0.25330588456140735,1.4240385398960085,1.6308701567976351,-0.8520028465040377,1.054160113300814,-0.5692112779606683,0.7367246712363097,1.3865511423269279,2.5288466809697985,-1.4987482463864636,0.7254613580111255,1.5882932752943117,-0.15873978742581374,1.9091412456869414,1.2576440772916977,-0.5911925232177752,1
-0.9361160687668769,0.6685821496602464,0.8997051785456238,-1.3856931326483175,0.8091156869804584,1.2490803131831731,0.5959991983045402,0.03485374204043518,1.2583237218588201,0.36011037996322687,-0.5806253852255776,0.0545647585524371,-0.4390358821128122,-1.4987482463864636,1.2979608564128653,1.0675856886634365,-0.15873978742581374,-0.5237957129987955,1.2576440772916977,-0.5911925232177752,0
-1.2786051617029028,-0.577187606770863,0.8997051785456238,-1.0055963613699206,-0.24105258406628452,-0.5352677519642633,0.015992009486089375,0.03485374204043518,-1.3189210778785396,-0.5692112779606683,0.7367246712363097,0.0545647585524371,-0.4390358821128122,-0.03725250856529844,-1.278286886394963,0.01560888323128162,-0.15873978742581374,-0.5237957129987955,-0.7951375258359844,1.6914963581696623,0
-1.1073606152348898,0.6542249615762286,-0.9373322538565467,0.9985502508252638,0.9145096563880937,1.5921956276222209,1.697298800891067,-0.8520028465040377,1.054160113300814,1.289432037887122,-0.5806253852255776,-1.2774216252220538,-0.4390358821128122,-1.4987482463864636,1.2979608564128653,1.1627007591337333,-0.15873978742581374,-0.5237957129987955,-0.7951375258359844,-0.5911925232177752,0
0.09135121004120077,0.40926469065819054,0.8997051785456238,-0.7982708497635221,-0.2100919984699111,-0.96118389028511,-1.5314094739873088,-0.8520028465040377,-0.40088795727531673,-0.8789851639353,-1.0197420707128733,0.0545647585524371,-0.4390358821128122,-0.03725250856529844,1.2979608564128653,0.21802590988732043,-0.15873978742581374,1.9091412456869414,1.2576440772916977,-0.5911925232177752,0
1.546929855019311,-0.5218310259108351,-0.9373322538565467,0.6530077314812666,0.025761062238730974,-0.07386822910271423,-0.2769087108314654,-0.8520028465040377,0.13612699269759143,-0.5692112779606683,-1.0197420707128733,-1.2774216252220538,-0.4390358821128122,-0.03725250856529844,1.0117111072119953,-1.0631468676086349,-0.15873978742581374,-0.5237957129987955,-0.7951375258359844,-0.5911925232177752,0
-0.6792492490648575,0.27013317726667657,0.8997051785456238,1.0331045027596635,1.2090286220631103,-0.006722948700011491,-1.5314094739873088,0.03485374204043518,1.054160113300814,2.2187536958110172,-0.1415086997382818,0.0545647585524371,1.0449053994284931,1.4242432292558669,-1.5645366355958328,0.5447270311641249,-0.15873978742581374,1.9091412456869414,1.2576440772916977,-0.5911925232177752,0
0.8619516691472591,0.43797906682622645,0.8997051785456238,-0.8328251016979219,0.5027394891330723,1.0348546309921238,1.7622893661712664,2.180179857348376,0.13612699269759143,1.9089798098363855,0.7367246712363097,0.0545647585524371,-0.4390358821128122,-0.03725250856529844,-0.7057873879932234,-0.21693319907230876,-0.15873978742581374,-0.5237957129987955,-0.7951375258359844,-0.5911925232177752,0
-0.764871522298864,0.5530832585788513,0.8997051785456238,1.1713215104972625,0.8836633749774184,0.5132254625438026,-0.08478960543199393,0.6640885054221695,0.517145163327906,1.9089798098363855,-0.1415086997382818,0.0545647585524371,-0.4390358821128122,-1.4987482463864636,0.4392116088102558,0.8523024907545516,-0.15873978742581374,-0.5237957129987955,-0.7951375258359844,1.6914963581696623,0
1.033196215615272,-1.5878152380870945,-0.9373322538565467,-0.5909453381571238,-1.9960009737071465,-1.0092423019281362,-0.6950756318834131,-0.8520028465040377,-1.3189210778785396,-0.8789851639353,1.1758413567236055,0.0545647585524371,-0.4390358821128122,-0.03725250856529844,1.0117111072119953,-1.4546820196218184,-0.15873978742581374,-0.5237957129987955,-0.7951375258359844,1.6914963581696623,0
0.9475739423812656,-1.602961824828653,-0.9373322538565467,-0.003523055272328344,-1.9960009737071465,-1.179383373877105,-0.08478960543199393,0.03485374204043518,-1.3189210778785396,-0.8789851639353,0.7367246712363097,0.0545647585524371,-0.4390358821128122,-0.03725250856529844,0.4392116088102558,-1.4471545295184718,-0.15873978742581374,-0.5237957129987955,1.2576440772916977,-0.5911925232177752,0
0.6050848494452397,1.1785336824314128,0.8997051785456238,0.031031196662071384,0.699991817259938,0.9334654876753987,1.6589350934386766,0.03485374204043518,0.517145163327906,0.050336493988595146,-0.5806253852255776,0.0545647585524371,-0.4390358821128122,-1.4987482463864636,0.4392116088102558,0.41354609177843904,-0.15873978742581374,-0.5237957129987955,-0.7951375258359844,1.6914963581696623,0
0.6050848494452397,0.9266661732598953,0.8997051785456238,1.2058757624316623,0.9115007534394182,0.5457730998962653,0.996156204529315,0.6640885054221695,0.517145163327906,2.2187536958110172,-0.5806253852255776,0.0545647585524371,-0.4390358821128122,-0.03725250856529844,-0.9920371371940933,0.2508613986915138,-0.15873978742581374,-0.5237957129987955,-0.7951375258359844,-0.5911925232177752,0
0.09135121004120077,1.3726764147702806,-0.9373322538565467,1.620526785644459,1.081749127923586,1.5645175238294262,0.305312378978912,-0.8520028465040377,1.2583237218588201,-0.5692112779606683,-1.4588587562001691,-1.2774216252220538,-0.4390358821128122,1.4242432292558669,-0.1332878895914838,0.9385616905150287,-0.15873978742581374,-0.5237957129987955,-0.7951375258359844,1.6914963581696623,0
-1.9635833475749547,0.6126335198070632,0.8997051785456238,0.23835670826846977,0.7397035855233476,-0.44567839143551063,-1.5314094739873088,2.180179857348376,0.13612699269759143,-0.25943739198603655,0.7367246712363097,2.718537526101419,1.0449053994284931,1.4242432292558669,-0.1332878895914838,1.6585339157339303,-0.15873978742581374,1.9091412456869414,-0.7951375258359844,1.6914963581696623,0
-1.1929828884688964,1.253230530401183,0.8997051785456238,1.240430014366062,1.4475622194622932,0.6266735565745362,1.0316539334645618,0.03485374204043518,1.5911750632737223,0.6698842659378585,0.2976079857490139,0.0545647585524371,1.0449053994284931,-0.03725250856529844,-1.5645366355958328,1.8178137948926483,-0.15873978742581374,-0.5237957129987955,1.2576440772916977,-0.5911925232177752,0
0.26259575650921374,-0.08598429211628376,-0.9373322538565467,0.4802364718092679,0.07751655091237991,0.6655170097294034,0.6940448115115979,1.550945093966642,0.13612699269759143,-0.25943739198603655,0.2976079857490139,0.0545647585524371,-0.4390358821128122,-0.03725250856529844,1.2979608564128653,-0.23598841633258566,-0.15873978742581374,-0.5237957129987955,-0.7951375258359844,1.6914963581696623,0
0.17697348327520726,0.4434555200129137,0.8997051785456238,-1.1092591171731196,0.5069128957272131,1.0475291411180134,0.8970342532253942,2.8767201611658426,0.8126858168872018,0.9796581519124903,-0.1415086997382818,1.3865511423269279,-0.4390358821128122,-0.03725250856529844,-0.1332878895914838,0.19278919423669494,-0.15873978742581374,1.9091412456869414,1.2576440772916977,-0.5911925232177752,1
-1.6210942546389289,-0.4304087938844254,0.8997051785456238,-1.316584628779518,0.3710361491890687,-0.26436990319599657,-0.6950756318834131,1.1521609060229787,-0.40088795727531673,-0.5692112779606683,1.1758413567236055,1.3865511423269279,-0.4390358821128122,-0.03725250856529844,-1.5645366355958328,0.309120616325148,-0.15873978742581374,1.9091412456869414,-0.7951375258359844,-0.5911925232177752,0
0.7763293959132526,0.3093564230632204,-0.9373322538565467,-0.03807730720672808,0.647624558056666,0.6913862091645848,0.14125821022048246,2.180179857348376,0.13612699269759143,0.9796581519124903,0.2976079857490139,0.0545647585524371,-0.4390358821128122,-0.03725250856529844,1.0117111072119953,-0.24492479495794922,-0.15873978742581374,-0.5237957129987955,-0.7951375258359844,1.6914963581696623,0
1.8037966747213303,-0.7810991474967947,-0.9373322538565467,1.2749842663004616,-0.8611579617475593,-0.44567839143551063,-1.5314094739873088,0.03485374204043518,-1.3189210778785396,-0.5692112779606683,0.2976079857490139,0.0545647585524371,-0.4390358821128122,-0.03725250856529844,1.584210605613735,-1.2721152258920516,-0.15873978742581374,-0.5237957129987955,1.2576440772916977,-0.5911925232177752,0
-0.8504937955328705,0.6855542207973673,-0.9373322538565467,0.8257789911532651,0.4637015445490457,1.0175604916596646,1.697298800891067,0.03485374204043518,1.4351782839311287,2.2187536958110172,-1.4588587562001691,-1.2774216252220538,-0.4390358821128122,1.4242432292558669,-1.5645366355958328,1.0288177728326082,-0.15873978742581374,-0.5237957129987955,1.2576440772916977,-0.5911925232177752,0
0.6907071226792462,-0.9198852989756348,-0.9373322538565467,-0.4527283304195248,-0.5669466847039637,-1.0092423019281362,-0.6950756318834131,-0.8520028465040377,-1.3189210778785396,-0.8789851639353,0.7367246712363097,0.0545647585524371,-0.4390358821128122,-0.03725250856529844,1.584210605613735,-0.9694859713628482,-0.15873978742581374,-0.5237957129987955,-0.7951375258359844,-0.5911925232177752,0
0.005728936807194294,0.08768341254262733,0.8997051785456238,-0.5218368342883243,1.1799850605109772,0.326665999932568,0.060700411121498196,1.88811232068876,0.13612699269759143,0.9796581519124903,1.6149580422109011,0.0545647585524371,1.0449053994284931,-1.4987482463864636,0.4392116088102558,0.022275944987253864,-0.15873978742581374,1.9091412456869414,-0.7951375258359844,1.6914963581696623,1
-0.8504937955328705,0.992136924419661,0.8997051785456238,-1.1438133691075194,1.2013109565416995,0.9183249137649491,1.1965283434686744,1.1521609060229787,1.054160113300814,0.36011037996322687,-0.1415086997382818,0.0545647585524371,-0.4390358821128122,-1.4987482463864636,1.2979608564128653,1.3154343384097948,-0.15873978742581374,-0.5237957129987955,-0.7951375258359844,1.6914963581696623,0
1.6325521282533173,0.8333197820057306,-0.9373322538565467,-0.03807730720672808,1.0869113491377196,1.1897207405125523,0.5959991983045402,-0.8520028465040377,1.4351782839311287,2.2187536958110172,-0.5806253852255776,-1.2774216252220538,-0.4390358821128122,-0.03725250856529844,-1.5645366355958328,-0.4986505225390061,-0.15873978742581374,-0.5237957129987955,1.2576440772916977,-0.5911925232177752,0
0.5194625762112332,0.08171358519497728,0.8997051785456238,0.4111279679404684,0.38930490634972653,-0.03942694332670407,0.305312378978912,2.180179857348376,0.517145163327906,-0.25943739198603655,-0.1415086997382818,1.3865511423269279,-0.4390358821128122,-0.03725250856529844,-1.278286886394963,-0.2502458650009233,-0.15873978742581374,-0.5237957129987955,-0.7951375258359844,1.6914963581696623,0
0.3482180297432202,-1.0081499363718824,-0.9373322538565467,0.1692482043996703,-1.9960009737071465,-1.1175755046062268,-0.03229674297405158,-0.8520028465040377,-1.3189210778785396,-0.8789851639353,0.2976079857490139,0.0545647585524371,-0.4390358821128122,1.4242432292558669,-1.278286886394963,-0.9204608439172657,-0.15873978742581374,-0.5237957129987955,-0.7951375258359844,-0.5911925232177752,0
0.6907071226792462,-0.4727896343111312,-0.9373322538565467,0.23835670826846977,0.4569207650077279,0.3697096873184568,-0.5604559516442456,1.88811232068876,-0.40088795727531673,0.050336493988595146,1.1758413567236055,0.0545647585524371,-0.4390358821128122,-1.4987482463864636,0.4392116088102558,-0.6883003355883881,-0.15873978742581374,-0.5237957129987955,1.2576440772916977,-0.5911925232177752,1
0.3482180297432202,0.12389707595729801,0.8997051785456238,0.8603332430876649,0.8972402666257637,0.25975186969867337,-0.20585169616858562,3.4042036726149667,0.13612699269759143,0.9796581519124903,1.1758413567236055,1.3865511423269279,-0.4390358821128122,-1.4987482463864636,1.2979608564128653,-0.13152939591448468,-0.15873978742581374,-0.5237957129987955,1.2576440772916977,-0.5911925232177752,0
-1.1929828884688964,-0.09521038892628841,-0.9373322538565467,-0.4872825823539246,1.3337060533246168,0.43743989721817517,0.21231522488336196,0.03485374204043518,1.8569517264925168,-0.25943739198603655,1.1758413567236055,-1.2774216252220538,1.0449053994284931,-1.4987482463864636,0.4392116088102558,0.4655080808931304,-0.15873978742581374,1.9091412456869414,-0.7951375258359844,-0.5911925232177752,1
0.4338403029772267,0.5727688876012677,-0.9373322538565467,0.5493449756780673,1.0810077476742224,0.4636982126924671,-0.03229674297405158,-0.8520028465040377,0.517145163327906,0.050336493988595146,-1.4588587562001691,-1.2774216252220538,1.0449053994284931,1.4242432292558669,-0.9920371371940933,0.1282864200278138,-0.15873978742581374,-0.5237957129987955,1.2576440772916977,-0.5911925232177752,0
0.26259575650921374,0.2732907718968386,0.8997051785456238,-0.03807730720672808,0.5826073383223114,0.37563202794729716,0.33337731561995393,2.6682522579491867,0.13612699269759143,1.289432037887122,0.2976079857490139,1.3865511423269279,-0.4390358821128122,-0.03725250856529844,0.152961859609386,0.020499739100568428,-0.15873978742581374,-0.5237957129987955,1.2576440772916977,-0.5911925232177752,0
0.5194625762112332,-0.23804220852502353,0.8997051785456238,1.344092770169261,0.6572307818067432,0.7300611353456022,1.6589350934386766,1.88811232068876,1.5911750632737223,-0.25943739198603655,1.1758413567236055,0.0545647585524371,1.0449053994284931,-1.4987482463864636,1.2979608564128653,-0.462215659010708,-0.15873978742581374,-0.5237957129987955,-0.7951375258359844,1.6914963581696623,0
0.17697348327520726,1.3485997557152953,-0.9373322538565467,-1.0401506133043203,0.6262248425390367,0.6617357057696556,0.928517257611974,-0.8520028465040377,1.5911750632737223,2.2187536958110172,-1.8979754416874648,-1.2774216252220538,-0.4390358821128122,-0.03725250856529844,1.0117111072119953,0.8543613129697606,-0.15873978742581374,1.9091412456869414,1.2576440772916977,-0.5911925232177752,0
-0.9361160687668769,0.11743387444868512,0.8997051785456238,-0.9710421094355208,0.9751082380185014,0.6424912137137836,-1.5314094739873088,1.550945093966642,1.054160113300814,1.9089798098363855,-0.1415086997382818,0.0545647585524371,-0.4390358821128122,-0.03725250856529844,-0.1332878895914838,0.5429625660151229,-0.15873978742581374,-0.5237957129987955,-0.7951375258359844,1.6914963581696623,0
1.6325521282533173,1.6094960120324322,-0.9373322538565467,-0.7637165978291224,0.7767721725321096,1.2144438790901444,0.7783614224167266,-0.8520028465040377,0.8126858168872018,1.289432037887122,-1.8979754416874648,-1.2774216252220538,-0.4390358821128122,1.4242432292558669,-1.278286886394963,-0.15562642138569305,-0.15873978742581374,-0.5237957129987955,1.2576440772916977,-0.5911925232177752,0
0.5194625762112332,-0.2712956269739173,0.8997051785456238,1.2749842663004616,-0.34582535363544986,-0.5116836332350986,-1.5314094739873088,1.1521609060229787,0.13612699269759143,-1.1887590499099316,1.1758413567236055,1.3865511423269279,-0.4390358821128122,-1.4987482463864636,0.4392116088102558,-0.48425973263554906,-0.15873978742581374,-0.5237957129987955,-0.7951375258359844,-0.5911925232177752,0
-0.33676015612883164,1.0825230707080489,0.8997051785456238,1.4823097779068601,1.1245179827118943,1.258214151385054,1.2468314128027136,0.6640885054221695,0.8126858168872018,0.9796581519124903,0.7367246712363097,0.0545647585524371,-0.4390358821128122,-1.4987482463864636,1.2979608564128653,1.0299096614371712,-0.15873978742581374,-0.5237957129987955,1.2576440772916977,-0.5911925232177752,0
1.4613075817853045,1.3781035305408715,-0.9373322538565467,-1.6621271481235154,0.7625021982443139,1.5821836256551478,1.0651785213334042,-0.8520028465040377,1.5911750632737223,0.9796581519124903,-1.4588587562001691,-1.2774216252220538,-0.4390358821128122,1.4242432292558669,-0.7057873879932234,-0.12449837129032477,-0.15873978742581374,-0.5237957129987955,1.2576440772916977,-0.5911925232177752,0
0.6907071226792462,-1.5105035070642214,-0.9373322538565467,-1.212921872976319,-1.9960009737071465,-1.1175755046062268,-0.35746650993044954,-0.8520028465040377,-0.40088795727531673,-1.1887590499099316,1.1758413567236055,-1.2774216252220538,-0.4390358821128122,-0.03725250856529844,-0.7057873879932234,-1.34093523707197,-0.15873978742581374,-0.5237957129987955,-0.7951375258359844,1.6914963581696623,1
0.9475739423812656,0.008348847459806588,-0.9373322538565467,0.8603332430876649,-0.3177279459950408,0.23092526654380738,-0.35746650993044954,0.03485374204043518,0.13612699269759143,-0.5692112779606683,-0.1415086997382818,0.0545647585524371,-0.4390358821128122,1.4242432292558669,-0.9920371371940933,-0.5159412746502811,-0.15873978742581374,-0.5237957129987955,-0.7951375258359844,-0.5911925232177752,0
-0.5936269758308511,0.20535314993225887,0.8997051785456238,1.2058757624316623,1.0223888583171974,0.21601675267939202,-0.08478960543199393,1.550945093966642,0.517145163327906,0.6698842659378585,1.1758413567236055,0.0545647585524371,-0.4390358821128122,-1.4987482463864636,1.2979608564128653,0.4396071749392684,-0.15873978742581374,-0.5237957129987955,1.2576440772916977,-0.5911925232177752,0
0.7763293959132526,-0.9155929437752582,-0.9373322538565467,-1.558464392320316,-0.6948534363609518,-1.0092423019281362,-0.20585169616858562,-0.8520028465040377,-1.3189210778785396,-0.5692112779606683,-0.1415086997382818,0.0545647585524371,-0.4390358821128122,-0.03725250856529844,0.7254613580111255,-0.994493742628646,-0.15873978742581374,-0.5237957129987955,1.2576440772916977,-0.5911925232177752,0
0.26259575650921374,-0.6813388921501133,-0.9373322538565467,0.031031196662071384,-0.5390835201509595,-0.26436990319599657,-0.5604559516442456,-0.8520028465040377,-1.3189210778785396,-0.8789851639353,1.1758413567236055,0.0545647585524371,-0.4390358821128122,-0.03725250856529844,0.7254613580111255,-0.6610148612119966,-0.15873978742581374,-0.5237957129987955,1.2576440772916977,-0.5911925232177752,0
0.09135121004120077,-1.2016019448854025,-0.9373322538565467,-1.6275728961891156,-1.8357197196891686,-0.5352677519642633,0.305312378978912,0.03485374204043518,-1.3189210778785396,-0.8789851639353,1.6149580422109011,0.0545647585524371,-0.4390358821128122,-1.4987482463864636,1.2979608564128653,-0.9867415012610727,-0.15873978742581374,-0.5237957129987955,-0.7951375258359844,-0.5911925232177752,1
1.204440762083285,1.755978800422292,-0.9373322538565467,0.8257789911532651,1.1886136184253009,1.5984873506303097,0.8286644917507655,-0.8520028465040377,0.13612699269759143,0.050336493988595146,-1.0197420707128733,-1.2774216252220538,-0.4390358821128122,-0.03725250856529844,-0.1332878895914838,0.27470012793368576,-0.15873978742581374,1.9091412456869414,-0.7951375258359844,-0.5911925232177752,1
0.17697348327520726,0.9045136734326649,-0.9373322538565467,-0.9710421094355208,0.47482261588236574,1.68463397267625,1.722497759014965,-0.8520028465040377,1.054160113300814,1.9089798098363855,-1.0197420707128733,-1.2774216252220538,-0.4390358821128122,-0.03725250856529844,-0.4195376387923536,0.5297777175965825,-0.15873978742581374,-0.5237957129987955,-0.7951375258359844,1.6914963581696623,0
0.6050848494452397,-0.6857792595987787,-0.9373322538565467,1.1367672585628628,-0.6272375777029506,-0.6680752475562154,-0.03229674297405158,-0.8520028465040377,-0.40088795727531673,-0.8789851639353,0.2976079857490139,0.0545647585524371,-0.4390358821128122,1.4242432292558669,-1.278286886394963,-0.7906393142305019,-0.15873978742581374,-0.5237957129987955,-0.7951375258359844,-0.5911925232177752,0
0.3482180297432202,-0.7003831347632781,-0.9373322538565467,-1.212921872976319,-0.9390259331402973,-0.7298831168270937,-0.6950756318834131,0.03485374204043518,-1.3189210778785396,-0.8789851639353,0.7367246712363097,0.0545647585524371,-0.4390358821128122,1.4242432292558669,-0.4195376387923536,-0.7059760161708569,-0.15873978742581374,1.9091412456869414,1.2576440772916977,-0.5911925232177752,0
0.6050848494452397,0.34537273681350594,0.8997051785456238,-1.0055963613699206,0.844241635032089,0.7127669960131431,-0.08478960543199393,3.242110456567717,0.8126858168872018,0.9796581519124903,0.7367246712363097,1.3865511423269279,-0.4390358821128122,-1.4987482463864636,1.2979608564128653,-0.12460403792947604,-0.15873978742581374,-0.5237957129987955,1.2576440772916977,-0.5911925232177752,0
-1.7923388011069417,1.5015950830298643,-0.9373322538565467,0.1692482043996703,0.62790047440413,1.1761392641812558,1.4914433806601268,-2.368094198430245,1.2583237218588201,0.36011037996322687,-1.8979754416874648,-1.2774216252220538,-0.4390358821128122,1.4242432292558669,-0.7057873879932234,2.5484482871763836,-0.15873978742581374,1.9091412456869414,-0.7951375258359844,-0.5911925232177752,0
-0.9361160687668769,-1.1599118282840446,0.8997051785456238,0.9639959988908641,-0.38563851355977363,-0.7982085464030406,0.060700411121498196,0.6640885054221695,0.13612699269759143,-1.1887590499099316,0.7367246712363097,1.3865511423269279,-0.4390358821128122,-1.4987482463864636,1.584210605613735,-0.6729082284853549,-0.15873978742581374,-0.5237957129987955,-0.7951375258359844,1.6914963581696623,0
1.546929855019311,1.105514306608916,-0.9373322538565467,-1.5239101403859165,1.1056771470789741,1.4321811447069586,0.7376749512991704,-0.8520028465040377,1.2583237218588201,-0.5692112779606683,-1.0197420707128733,-1.2774216252220538,2.5288466809697985,1.4242432292558669,-1.278286886394963,-0.3162950620875419,-0.15873978742581374,1.9091412456869414,-0.7951375258359844,-0.5911925232177752,1
-0.764871522298864,-1.5717312404397068,0.8997051785456238,0.5493449756780673,-1.4495347260525029,-1.773590392330606,-0.08478960543199393,0.03485374204043518,-0.40088795727531673,-0.8789851639353,-0.1415086997382818,0.0545647585524371,-0.4390358821128122,-0.03725250856529844,-0.9920371371940933,-1.0980168585285501,-0.15873978742581374,-0.5237957129987955,-0.7951375258359844,1.6914963581696623,0
0.5194625762112332,0.2683570302872104,0.8997051785456238,-0.556391086222724,1.3289724039899102,0.8251322849973085,0.27587789045965005,1.1521609060229787,0.517145163327906,2.2187536958110172,1.6149580422109011,0.0545647585524371,1.0449053994284931,-1.4987482463864636,1.584210605613735,-0.12651777817188214,-0.15873978742581374,-0.5237957129987955,1.2576440772916977,-0.5911925232177752,0
-0.9361160687668769,0.07332622445860941,0.8997051785456238,0.5493449756780673,0.386731473713558,-0.3857750515562201,-0.6950756318834131,1.88811232068876,-0.40088795727531673,-0.25943739198603655,0.7367246712363097,1.3865511423269279,1.0449053994284931,-0.03725250856529844,-0.4195376387923536,0.500977688059023,-0.15873978742581374,-0.5237957129987955,-0.7951375258359844,1.6914963581696623,0
0.5194625762112332,0.8725923652183707,0.8997051785456238,-0.2799570707475262,1.0215640659013037,0.5084395235392493,-1.5314094739873088,1.1521609060229787,0.517145163327906,2.2187536958110172,-0.1415086997382818,0.0545647585524371,-0.4390358821128122,1.4242432292558669,-0.1332878895914838,0.2740367762545695,-0.15873978742581374,1.9091412456869414,1.2576440772916977,-0.5911925232177752,0
0.5194625762112332,-0.2712956269739173,0.8997051785456238,1.2749842663004616,-0.34582535363544986,-0.5116836332350986,-1.5314094739873088,1.1521609060229787,0.13612699269759143,-1.1887590499099316,1.1758413567236055,1.3865511423269279,-0.4390358821128122,-1.4987482463864636,0.4392116088102558,-0.48425973263554906,-0.15873978742581374,-0.5237957129987955,-0.7951375258359844,-0.5911925232177752,1
1.6325521282533173,-1.3945605792379596,-0.9373322538565467,1.4823097779068601,-1.6098159800704808,-1.324090135280595,-1.5314094739873088,0.03485374204043518,-1.3189210778785396,-0.8789851639353,1.1758413567236055,0.0545647585524371,-0.4390358821128122,-1.4987482463864636,0.7254613580111255,-1.483242202660987,-0.15873978742581374,-0.5237957129987955,1.2576440772916977,-0.5911925232177752,0
1.6325521282533173,-1.3945605792379596,-0.9373322538565467,1.6550810375788587,-0.01514884444759711,0.326665999932568,0.4104975706988176,1.88811232068876,-0.40088795727531673,-0.25943739198603655,1.6149580422109011,0.0545647585524371,-0.4390358821128122,-1.4987482463864636,1.0117111072119953,-1.483242202660987,-0.15873978742581374,-0.5237957129987955,-0.7951375258359844,-0.5911925232177752,0
1.718174401487324,-2.089034048209219,-0.9373322538565467,1.4477555259724604,-1.3252109267769627,-1.324090135280595,-0.8686305850779471,-0.8520028465040377,-0.40088795727531673,-1.1887590499099316,1.1758413567236055,0.0545647585524371,-0.4390358821128122,-0.03725250856529844,1.584210605613735,-1.7979199699257948,-0.15873978742581374,-0.5237957129987955,-0.7951375258359844,-0.5911925232177752,0
-0.8504937955328705,0.7987342533222372,-0.9373322538565467,-1.6966814000579151,0.7729164673502238,1.277573552946272,1.1197060816501374,-0.8520028465040377,1.2583237218588201,0.050336493988595146,-1.8979754416874648,-1.2774216252220538,-0.4390358821128122,-0.03725250856529844,1.584210605613735,1.1346269780843086,-0.15873978742581374,1.9091412456869414,-0.7951375258359844,-0.5911925232177752,1
0.17697348327520726,1.005112664852983,0.8997051785456238,0.34201946407166894,1.2411035023812858,0.14433125448928086,-1.5314094739873088,0.6640885054221695,0.8126858168872018,0.9796581519124903,1.1758413567236055,0.0545647585524371,1.0449053994284931,-1.4987482463864636,1.0117111072119953,0.6033057645875736,-0.15873978742581374,1.9091412456869414,1.2576440772916977,-0.5911925232177752,0
-0.16551560966081866,0.3768500082829336,-0.9373322538565467,-1.558464392320316,0.7944208437353977,1.3174057427591204,1.1197060816501374,0.6640885054221695,0.13612699269759143,1.9089798098363855,0.7367246712363097,0.0545647585524371,-0.4390358821128122,-0.03725250856529844,-1.5645366355958328,0.34281066310787417,-0.15873978742581374,-0.5237957129987955,-0.7951375258359844,-0.5911925232177752,0
1.718174401487324,-0.9704068130582271,-0.9373322538565467,-1.5239101403859165,-0.6433879019874642,-0.5851763554236039,-0.5604559516442456,0.03485374204043518,-1.3189210778785396,-0.5692112779606683,0.7367246712363097,0.0545647585524371,-0.4390358821128122,1.4242432292558669,-0.9920371371940933,-1.3225668529661763,-0.15873978742581374,-0.5237957129987955,-0.7951375258359844,1.6914963581696623,0
-0.6792492490648575,1.148783220525355,0.8997051785456238,-0.03807730720672808,0.8610076095190315,0.9603371651744392,0.6470116002814561,1.1521609060229787,0.13612699269759143,1.9089798098363855,-0.1415086997382818,1.3865511423269279,-0.4390358821128122,-0.03725250856529844,-0.9920371371940933,1.3362850499115229,-0.15873978742581374,-0.5237957129987955,-0.7951375258359844,1.6914963581696623,0
0.7763293959132526,0.7016875558608514,-0.9373322538565467,1.7241895414476582,0.5069128957272131,1.5775811095882402,1.4914433806601268,-0.8520028465040377,0.8126858168872018,1.289432037887122,-1.0197420707128733,-1.2774216252220538,-0.4390358821128122,-1.4987482463864636,1.2979608564128653,-0.004850190806290565,-0.15873978742581374,-0.5237957129987955,1.2576440772916977,-0.5911925232177752,0
-1.3642274349369095,-0.009165935254373368,2.736742610947794,1.102213006628463,-1.0993071871582751,-1.773590392330606,-1.5314094739873088,-0.8520028465040377,-1.3189210778785396,-0.8789851639353,-0.1415086997382818,2.718537526101419,-0.4390358821128122,-0.03725250856529844,-0.4195376387923536,0.6380281576623251,-0.15873978742581374,1.9091412456869414,-0.7951375258359844,-0.5911925232177752,0
-0.4223824293628381,0.019055066752699686,0.8997051785456238,1.5859725337100592,0.984890802069208,0.4100733137233073,-0.08478960543199393,0.6640885054221695,0.13612699269759143,1.289432037887122,0.7367246712363097,0.0545647585524371,-0.4390358821128122,-1.4987482463864636,0.4392116088102558,0.18775325639460522,-0.15873978742581374,-0.5237957129987955,-0.7951375258359844,-0.5911925232177752,0
1.4613075817853045,-0.4544361155233145,-0.9373322538565467,-0.21084856687872672,-0.27383540244055604,-0.8352753086062314,-1.5314094739873088,-0.8520028465040377,-1.3189210778785396,-0.8789851639353,1.1758413567236055,0.0545647585524371,-0.4390358821128122,-0.03725250856529844,-1.5645366355958328,-0.99667081084481,-0.15873978742581374,-0.5237957129987955,-0.7951375258359844,1.6914963581696623,0
1.546929855019311,-1.046287759014308,-0.9373322538565467,-1.5239101403859165,-1.272109129332575,-1.0092423019281362,0.4341589305380372,-0.8520028465040377,-1.3189210778785396,-0.8789851639353,0.2976079857490139,-1.2774216252220538,-0.4390358821128122,-0.03725250856529844,0.7254613580111255,-1.3038403763610367,-0.15873978742581374,-0.5237957129987955,1.2576440772916977,-0.5911925232177752,0
-0.5080047025968446,-1.0170306712692132,-0.9373322538565467,0.031031196662071384,-0.4066654306859856,-0.1228342571174431,0.015992009486089375,-0.8520028465040377,-1.3189210778785396,-0.8789851639353,1.1758413567236055,-1.2774216252220538,-0.4390358821128122,-1.4987482463864636,1.2979608564128653,-0.6668189787482336,-0.15873978742581374,-0.5237957129987955,-0.7951375258359844,-0.5911925232177752,1
-1.0217383420008834,0.7122457629054556,0.8997051785456238,0.9294417469564643,0.5585007053508754,0.6949989861504834,0.7913358438282032,0.03485374204043518,0.517145163327906,0.36011037996322687,0.7367246712363097,0.0545647585524371,-0.4390358821128122,-0.03725250856529844,-1.5645366355958328,1.164524766595273,-0.15873978742581374,-0.5237957129987955,-0.7951375258359844,-0.5911925232177752,0
0.5194625762112332,-0.706155612446543,0.8997051785456238,-0.10718581107552753,-1.223630986433815,-1.9601498549418401,-0.8686305850779471,-0.8520028465040377,-1.3189210778785396,-0.8789851639353,0.2976079857490139,1.3865511423269279,-0.4390358821128122,-0.03725250856529844,-0.9920371371940933,-0.772533419474346,-0.15873978742581374,-0.5237957129987955,1.2576440772916977,-0.5911925232177752,0
-1.5354719814049222,0.2927297138387735,0.8997051785456238,0.6530077314812666,-0.4174841623687765,-0.5116836332350986,-0.35746650993044954,-0.8520028465040377,-0.40088795727531673,-0.5692112779606683,-1.8979754416874648,0.0545647585524371,-0.4390358821128122,-0.03725250856529844,1.0117111072119953,1.0475442494377478,-0.15873978742581374,-0.5237957129987955,-0.7951375258359844,-0.5911925232177752,0
-0.33676015612883164,1.2434617220141193,-0.9373322538565467,-0.556391086222724,0.2662633796199039,0.9234111499694617,0.6304821459353098,-0.8520028465040377,0.8126858168872018,0.36011037996322687,-1.8979754416874648,-1.2774216252220538,-0.4390358821128122,1.4242432292558669,-0.9920371371940933,1.163953663569384,-0.15873978742581374,-0.5237957129987955,1.2576440772916977,-0.5911925232177752,0
-1.1073606152348898,0.6091305632642272,0.8997051785456238,0.031031196662071384,0.7625021982443139,1.1605121997815802,0.060700411121498196,-0.8520028465040377,0.8126858168872018,0.050336493988595146,-0.1415086997382818,0.0545647585524371,-0.4390358821128122,-1.4987482463864636,0.7254613580111255,1.118243617271142,-0.15873978742581374,-0.5237957129987955,1.2576440772916977,-0.5911925232177752,0
-0.5936269758308511,1.2079881198408928,-0.9373322538565467,1.240430014366062,0.556602416716579,1.2382589833219202,0.9775920523243778,-0.8520028465040377,1.054160113300814,-0.5692112779606683,-1.4588587562001691,-1.2774216252220538,1.0449053994284931,1.4242432292558669,-0.4195376387923536,1.3258181822667066,-0.15873978742581374,-0.5237957129987955,-0.7951375258359844,1.6914963581696623,0
0.4338403029772267,0.7819101944334053,0.8997051785456238,0.4802364718092679,1.0861768108966037,0.8192099443684683,0.5204898583170638,1.550945093966642,1.2583237218588201,1.9089798098363855,0.2976079857490139,0.0545647585524371,-0.4390358821128122,-1.4987482463864636,0.4392116088102558,0.2704835258570784,-0.15873978742581374,-0.5237957129987955,1.2576440772916977,-0.5911925232177752,0
-0.16551560966081866,-0.7175032181486878,0.8997051785456238,1.3786470221036609,-1.1790354179593172,-1.410684147335121,-1.5314094739873088,0.03485374204043518,-1.3189210778785396,-0.8789851639353,0.7367246712363097,1.3865511423269279,-0.4390358821128122,-0.03725250856529844,0.7254613580111255,-0.5314608526195921,-0.15873978742581374,-0.5237957129987955,1.2576440772916977,-0.5911925232177752,0
-0.5936269758308511,-0.21815922983822206,0.8997051785456238,1.102213006628463,0.24671234991352878,-0.20400152794953944,-0.35746650993044954,2.180179857348376,0.13612699269759143,-0.5692112779606683,1.1758413567236055,1.3865511423269279,1.0449053994284931,-1.4987482463864636,1.0117111072119953,0.06527220363237297,-0.15873978742581374,-0.5237957129987955,-0.7951375258359844,1.6914963581696623,1
0.6050848494452397,-0.9738110947688705,-0.9373322538565467,0.9639959988908641,-1.8357197196891686,-1.773590392330606,-0.20585169616858562,-0.8520028465040377,-1.3189210778785396,-1.1887590499099316,0.7367246712363097,0.0545647585524371,-0.4390358821128122,-0.03725250856529844,-0.1332878895914838,-0.9766830435628172,-0.15873978742581374,-0.5237957129987955,-0.7951375258359844,-0.5911925232177752,0
-0.6792492490648575,-1.202934055120002,0.8997051785456238,0.031031196662071384,-0.6948534363609518,-0.6392486444013494,-0.20585169616858562,1.1521609060229787,-0.40088795727531673,-0.5692112779606683,0.2976079857490139,2.718537526101419,-0.4390358821128122,-0.03725250856529844,-1.5645366355958328,-0.7823293878229637,-0.15873978742581374,-0.5237957129987955,-0.7951375258359844,-0.5911925232177752,0
0.6050848494452397,0.916798690040639,0.8997051785456238,-1.3511388807139177,0.8899707688522231,0.6541063025743561,1.0316539334645618,0.6640885054221695,0.517145163327906,2.2187536958110172,-0.1415086997382818,0.0545647585524371,-0.4390358821128122,-0.03725250856529844,0.152961859609386,0.24448785537762838,-0.15873978742581374,1.9091412456869414,-0.7951375258359844,-0.5911925232177752,0
1.204440762083285,-0.5760035087845522,-0.9373322538565467,-0.6600538420259232,-0.7131221935216093,-0.017442065338305328,0.27587789045965005,0.03485374204043518,-1.3189210778785396,-0.5692112779606683,1.1758413567236055,0.0545647585524371,-0.4390358821128122,-0.03725250856529844,-1.278286886394963,-0.954090509763334,-0.15873978742581374,-0.5237957129987955,1.2576440772916977,-0.5911925232177752,0
0.6050848494452397,-0.09451966510094047,2.736742610947794,0.583899227612467,0.746506443852645,-0.5352677519642633,-1.5314094739873088,1.88811232068876,-0.40088795727531673,0.36011037996322687,0.7367246712363097,1.3865511423269279,-0.4390358821128122,-0.03725250856529844,1.2979608564128653,-0.40873659886248787,-0.15873978742581374,-0.5237957129987955,1.2576440772916977,-0.5911925232177752,0
1.6325521282533173,-1.3297312144874456,-0.9373322538565467,-1.1438133691075194,-1.6098159800704808,-1.6288836309271162,-0.5604559516442456,-0.8520028465040377,-1.3189210778785396,-1.1887590499099316,1.1758413567236055,0.0545647585524371,-0.4390358821128122,-1.4987482463864636,1.2979608564128653,-1.4545914482168316,-0.15873978742581374,-0.5237957129987955,1.2576440772916977,-0.5911925232177752,0
-1.2786051617029028,1.3946809023492222,0.8997051785456238,-1.2820303768451184,-0.22535725954179572,0.9792037115420662,1.6212173533754004,-0.8520028465040377,1.8569517264925168,-0.25943739198603655,-1.8979754416874648,0.0545647585524371,-0.4390358821128122,1.4242432292558669,-0.1332878895914838,2.0266462960685847,-0.15873978742581374,-0.5237957129987955,-0.7951375258359844,-0.5911925232177752,0
1.375685308551298,-0.3589188779609134,-0.9373322538565467,-0.6600538420259232,-0.46299084662307727,-0.26436990319599657,-0.6950756318834131,0.03485374204043518,-1.3189210778785396,-0.8789851639353,1.1758413567236055,0.0545647585524371,-0.4390358821128122,1.4242432292558669,-0.1332878895914838,-0.9140411762767666,-0.15873978742581374,-0.5237957129987955,1.2576440772916977,-0.5911925232177752,0
-1.4498497081709159,-0.1795280330348336,0.8997051785456238,-1.4202473845827173,0.508987934160017,0.23825293537611872,0.14125821022048246,0.03485374204043518,0.517145163327906,-0.25943739198603655,-0.1415086997382818,0.0545647585524371,-0.4390358821128122,-0.03725250856529844,-1.5645366355958328,0.5016049789009686,-0.15873978742581374,-0.5237957129987955,-0.7951375258359844,-0.5911925232177752,0
-0.4223824293628381,0.6105613483310194,0.8997051785456238,1.5168640298412597,1.1995146717771692,0.9208730183860692,-1.5314094739873088,1.1521609060229787,0.8126858168872018,1.289432037887122,-0.5806253852255776,0.0545647585524371,1.0449053994284931,-1.4987482463864636,1.584210605613735,0.6904664852773174,-0.15873978742581374,-0.5237957129987955,-0.7951375258359844,-0.5911925232177752,0
-1.2786051617029028,1.170195659111141,0.8997051785456238,-1.212921872976319,0.8079058120746438,0.6655170097294034,1.462611878041404,0.03485374204043518,0.8126858168872018,1.9089798098363855,-1.4588587562001691,0.0545647585524371,-0.4390358821128122,1.4242432292558669,-0.7057873879932234,1.7977019112408588,-0.15873978742581374,-0.5237957129987955,-0.7951375258359844,1.6914963581696623,0
-1.6210942546389289,0.19341349523695872,0.8997051785456238,0.13469395246527058,0.8362414355706815,0.3697096873184568,-1.5314094739873088,1.550945093966642,-0.40088795727531673,0.050336493988595146,1.6149580422109011,1.3865511423269279,-0.4390358821128122,-1.4987482463864636,0.7254613580111255,0.9877486724158191,-0.15873978742581374,1.9091412456869414,1.2576440772916977,-0.5911925232177752,1
-1.0217383420008834,1.1686168617960602,2.736742610947794,-0.7982708497635221,1.0682509587651285,0.6985917476487425,0.015992009486089375,3.067036445892849,0.517145163327906,-0.25943739198603655,-0.5806253852255776,2.718537526101419,-0.4390358821128122,-0.03725250856529844,-0.9920371371940933,1.6066893339960735,-0.15873978742581374,1.9091412456869414,1.2576440772916977,-0.5911925232177752,0
-1.9635833475749547,1.5394862185918086,-0.9373322538565467,-0.9019336055667213,1.2444330770825454,0.4100733137233073,0.9386567793690114,-0.8520028465040377,1.2583237218588201,1.9089798098363855,-1.0197420707128733,-1.2774216252220538,2.5288466809697985,-1.4987482463864636,1.2979608564128653,2.729832620896601,-0.15873978742581374,1.9091412456869414,-0.7951375258359844,-0.5911925232177752,1
-1.2786051617029028,-0.6215912812575164,0.8997051785456238,1.4823097779068601,-0.6272375777029506,-0.9164425794383279,-1.5314094739873088,0.6640885054221695,-1.3189210778785396,-0.8789851639353,1.1758413567236055,1.3865511423269279,-0.4390358821128122,-1.4987482463864636,1.2979608564128653,-0.029676819262114754,-0.15873978742581374,-0.5237957129987955,1.2576440772916977,-0.5911925232177752,0
1.8894189479553367,1.9261928859544635,-0.9373322538565467,-0.694608093960323,1.321795655871185,1.7501337254863925,1.2158868175043152,-0.8520028465040377,0.8126858168872018,1.289432037887122,-1.8979754416874648,-1.2774216252220538,1.0449053994284931,1.4242432292558669,-1.278286886394963,-0.2436987264941465,-0.15873978742581374,-0.5237957129987955,-0.7951375258359844,-0.5911925232177752,1
1.4613075817853045,-1.2055982755892012,-0.9373322538565467,-0.2799570707475262,-1.4495347260525029,-0.6116490837918062,-0.2769087108314654,-0.8520028465040377,-1.3189210778785396,-0.8789851639353,0.7367246712363097,0.0545647585524371,-0.4390358821128122,-0.03725250856529844,1.0117111072119953,-1.354176273306567,-0.15873978742581374,-0.5237957129987955,1.2576440772916977,-0.5911925232177752,0
0.6907071226792462,-0.4727896343111312,-0.9373322538565467,0.23835670826846977,0.4569207650077279,0.3697096873184568,-0.5604559516442456,1.88811232068876,-0.40088795727531673,0.050336493988595146,1.1758413567236055,0.0545647585524371,-0.4390358821128122,-1.4987482463864636,0.4392116088102558,-0.6883003355883881,-0.15873978742581374,-0.5237957129987955,1.2576440772916977,-0.5911925232177752,1
-0.764871522298864,-0.6609132018862528,0.8997051785456238,-1.0401506133043203,0.4313270421880558,-0.6116490837918062,-1.5314094739873088,1.1521609060229787,-0.40088795727531673,-0.25943739198603655,1.1758413567236055,0.0545647585524371,-0.4390358821128122,-0.03725250856529844,-0.9920371371940933,-0.26199750479795963,-0.15873978742581374,1.9091412456869414,-0.7951375258359844,1.6914963581696623,0
1.1188184888492785,-0.3154526143800893,-0.9373322538565467,-1.558464392320316,-0.6115422531784616,0.06372520549379129,-0.08478960543199393,-0.8520028465040377,-0.40088795727531673,-0.8789851639353,0.2976079857490139,1.3865511423269279,-0.4390358821128122,1.4242432292558669,-0.9920371371940933,-0.7788901903058264,-0.15873978742581374,-0.5237957129987955,-0.7951375258359844,1.6914963581696623,1
-1.8779610743409483,1.4789985464577675,-0.9373322538565467,1.3786470221036609,1.3662059840689538,1.311863044130619,0.7913358438282032,-0.8520028465040377,1.054160113300814,0.6698842659378585,-1.8979754416874648,-1.2774216252220538,2.5288466809697985,1.4242432292558669,-0.7057873879932234,2.591508281254642,-0.15873978742581374,1.9091412456869414,-0.7951375258359844,1.6914963581696623,0
1.9750412211893433,-0.8220492028567083,-0.9373322538565467,0.7566704872844657,-0.6272375777029506,0.05411774396843487,-0.6950756318834131,-0.8520028465040377,-0.40088795727531673,-0.5692112779606683,0.7367246712363097,-1.2774216252220538,-0.4390358821128122,-0.03725250856529844,-0.1332878895914838,-1.3474152856491268,-0.15873978742581374,-0.5237957129987955,1.2576440772916977,-0.5911925232177752,0
0.6050848494452397,0.4383737661549967,0.8997051785456238,1.102213006628463,0.4813902421308259,0.5084395235392493,0.6631002162131998,-0.8520028465040377,0.13612699269759143,0.36011037996322687,0.7367246712363097,0.0545647585524371,-0.4390358821128122,-0.03725250856529844,-1.5645366355958328,-0.06453339219610599,-0.15873978742581374,-0.5237957129987955,-0.7951375258359844,-0.5911925232177752,0
-1.1073606152348898,-0.8369491025177854,0.8997051785456238,-0.6254995900915234,-1.383912240451793,-1.510649597891829,-1.5314094739873088,-0.8520028465040377,-1.3189210778785396,-1.1887590499099316,0.2976079857490139,2.718537526101419,-0.4390358821128122,1.4242432292558669,-1.5645366355958328,-0.30740061466819074,-0.15873978742581374,-0.5237957129987955,-0.7951375258359844,1.6914963581696623,0
-1.8779610743409483,1.3072550010266113,-0.9373322538565467,0.13469395246527058,0.6850939463597474,1.5176181684229628,0.060700411121498196,-0.8520028465040377,1.4351782839311287,-0.25943739198603655,-1.8979754416874648,-1.2774216252220538,-0.4390358821128122,-0.03725250856529844,1.584210605613735,2.3959184935615427,-0.15873978742581374,-0.5237957129987955,-0.7951375258359844,1.6914963581696623,0
-1.6210942546389289,1.522711497119073,-0.9373322538565467,0.9985502508252638,0.4813902421308259,1.4470371129495225,0.8638173865278577,-0.8520028465040377,0.517145163327906,0.050336493988595146,-1.8979754416874648,-1.2774216252220538,-0.4390358821128122,-0.03725250856529844,1.584210605613735,2.433831851413838,-0.15873978742581374,-0.5237957129987955,-0.7951375258359844,-0.5911925232177752,0
-0.25113788289482514,-0.2809164231126922,0.8997051785456238,1.0676587546940632,-0.6433879019874642,-1.1175755046062268,-0.8686305850779471,0.03485374204043518,-0.40088795727531673,-0.8789851639353,-0.5806253852255776,0.0545647585524371,-0.4390358821128122,1.4242432292558669,-0.7057873879932234,-0.14417920214430674,-0.15873978742581374,-0.5237957129987955,-0.7951375258359844,1.6914963581696623,0
1.546929855019311,1.4684896768292595,-0.9373322538565467,-1.0747048652387199,0.2332864671223721,1.2521392424007936,0.47886733217344607,-0.8520028465040377,1.8569517264925168,2.2187536958110172,-1.8979754416874648,-1.2774216252220538,-0.4390358821128122,1.4242432292558669,-1.278286886394963,-0.14971160546558332,-0.15873978742581374,-0.5237957129987955,-0.7951375258359844,-0.5911925232177752,1
0.3482180297432202,-0.7764120929676479,0.8997051785456238,-0.4181740784851251,-1.0633497324158372,-1.2477088034530517,-0.5604559516442456,0.03485374204043518,-0.40088795727531673,-1.1887590499099316,-0.1415086997382818,1.3865511423269279,1.0449053994284931,1.4242432292558669,-0.4195376387923536,-0.7589611267122509,-0.15873978742581374,1.9091412456869414,-0.7951375258359844,-0.5911925232177752,1
-1.4498497081709159,-0.5503480524144858,0.8997051785456238,0.10013970053087085,-0.47497296811089346,-0.09788918974245289,0.4341589305380372,1.1521609060229787,-0.40088795727531673,-0.5692112779606683,0.7367246712363097,1.3865511423269279,-0.4390358821128122,-1.4987482463864636,0.4392116088102558,0.11081284785832476,-0.15873978742581374,-0.5237957129987955,-0.7951375258359844,1.6914963581696623,1
-0.33676015612883164,0.48771118225127824,-0.9373322538565467,-0.34906557461632565,-0.4397730215411439,0.07319240708743925,0.1778322772525923,-0.8520028465040377,0.13612699269759143,0.050336493988595146,-1.4588587562001691,-1.2774216252220538,-0.4390358821128122,1.4242432292558669,-0.1332878895914838,0.5344974941453388,-0.15873978742581374,-0.5237957129987955,1.2576440772916977,-0.5911925232177752,0
0.9475739423812656,-0.8204210681255311,-0.9373322538565467,-1.316584628779518,0.21603595058967015,-0.18974838735133803,-0.20585169616858562,2.180179857348376,0.13612699269759143,-0.25943739198603655,0.7367246712363097,0.0545647585524371,-0.4390358821128122,-0.03725250856529844,-0.7057873879932234,-0.994906345695808,-0.15873978742581374,-0.5237957129987955,1.2576440772916977,-0.5911925232177752,0
1.546929855019311,1.19382828142126,-0.9373322538565467,-0.556391086222724,1.0839673677822383,1.503274953265033,0.9775920523243778,-0.8520028465040377,1.054160113300814,1.9089798098363855,-1.0197420707128733,-1.2774216252220538,1.0449053994284931,-0.03725250856529844,1.584210605613735,-0.27576435835595214,-0.15873978742581374,-0.5237957129987955,1.2576440772916977,-0.5911925232177752,0
-0.5936269758308511,-0.9916712393957244,0.8997051785456238,-0.9364878575011211,0.005681513433257994,-0.48892720037671517,0.060700411121498196,0.03485374204043518,-0.40088795727531673,-0.5692112779606683,1.1758413567236055,0.0545647585524371,-0.4390358821128122,-1.4987482463864636,1.584210605613735,-0.6184211421445965,-0.15873978742581374,1.9091412456869414,-0.7951375258359844,1.6914963581696623,0
-1.1929828884688964,1.1185393844583342,-0.9373322538565467,1.1713215104972625,0.34385284704523994,1.0599606743619145,1.2346433751783576,-0.8520028465040377,0.517145163327906,-0.25943739198603655,-1.4588587562001691,-1.2774216252220538,-0.4390358821128122,-0.03725250856529844,-1.278286886394963,1.6827366078442898,-0.15873978742581374,-0.5237957129987955,1.2576440772916977,-0.5911925232177752,0
1.6325521282533173,-1.8685451356749367,-0.9373322538565467,-0.21084856687872672,-1.9960009737071465,-1.510649597891829,-0.8686305850779471,-0.8520028465040377,-1.3189210778785396,-1.1887590499099316,1.6149580422109011,0.0545647585524371,1.0449053994284931,-1.4987482463864636,0.4392116088102558,-1.6927154126647932,6.299617860250349,-0.5237957129987955,-0.7951375258359844,1.6914963581696623,0
-0.33676015612883164,-0.3184128593458662,0.8997051785456238,0.8603332430876649,0.35214799543856257,0.12726469606518445,-0.03229674297405158,0.6640885054221695,-0.40088795727531673,-0.25943739198603655,0.7367246712363097,0.0545647585524371,-0.4390358821128122,-0.03725250856529844,0.4392116088102558,-0.13691420139059762,-0.15873978742581374,-0.5237957129987955,-0.7951375258359844,1.6914963581696623,0
-0.16551560966081866,0.04796679258512068,0.8997051785456238,0.1692482043996703,-0.1263626935603412,-1.773590392330606,-1.5314094739873088,-0.8520028465040377,-1.3189210778785396,-0.5692112779606683,-1.0197420707128733,0.0545647585524371,-0.4390358821128122,1.4242432292558669,-0.7057873879932234,0.08006804898590987,-0.15873978742581374,1.9091412456869414,-0.7951375258359844,-0.5911925232177752,0
0.3482180297432202,-0.15614209780519614,0.8997051785456238,-1.5930186442547158,0.6109129641240983,-0.1228342571174431,-0.5604559516442456,1.550945093966642,-0.40088795727531673,0.050336493988595146,1.1758413567236055,0.0545647585524371,-0.4390358821128122,-1.4987482463864636,1.0117111072119953,-0.3266906466821371,-0.15873978742581374,1.9091412456869414,-0.7951375258359844,-0.5911925232177752,1
-0.764871522298864,-1.6998111726256537,0.8997051785456238,1.620526785644459,-0.9676038472142717,-0.7298831168270937,-1.5314094739873088,1.550945093966642,-1.3189210778785396,-0.5692112779606683,0.7367246712363097,1.3865511423269279,-0.4390358821128122,1.4242432292558669,-1.278286886394963,-1.2155785422014072,-0.15873978742581374,-0.5237957129987955,-0.7951375258359844,1.6914963581696623,0
1.2900630353172915,-0.7641764137757702,-0.9373322538565467,0.6530077314812666,0.15303533888718493,0.4839652306253873,-0.6950756318834131,0.6640885054221695,-0.40088795727531673,-0.5692112779606683,1.6149580422109011,0.0545647585524371,1.0449053994284931,-0.03725250856529844,1.0117111072119953,-1.0835254337306632,-0.15873978742581374,-0.5237957129987955,-0.7951375258359844,-0.5911925232177752,0
0.17697348327520726,1.2259469392999394,-0.9373322538565467,-1.6275728961891156,1.0727867817156258,1.0475291411180134,1.4541147327375648,-0.8520028465040377,1.054160113300814,2.2187536958110172,0.2976079857490139,0.0545647585524371,-0.4390358821128122,-1.4987482463864636,0.7254613580111255,0.7647140717634812,-0.15873978742581374,-0.5237957129987955,1.2576440772916977,-0.5911925232177752,0
0.5194625762112332,-0.7367941478423339,-0.9373322538565467,-0.3145113226819259,-0.9676038472142717,-1.410684147335121,-0.6950756318834131,-0.8520028465040377,-0.40088795727531673,-0.8789851639353,-1.4588587562001691,0.0545647585524371,-0.4390358821128122,1.4242432292558669,-0.7057873879932234,-0.7928440570426342,-0.15873978742581374,1.9091412456869414,1.2576440772916977,-0.5911925232177752,0
-0.33676015612883164,0.1108226606917834,0.8997051785456238,0.5147907237436676,0.699991817259938,0.23825293537611872,0.27587789045965005,1.1521609060229787,1.054160113300814,-0.8789851639353,0.7367246712363097,0.0545647585524371,-0.4390358821128122,-0.03725250856529844,-0.1332878895914838,0.2205912610711593,-0.15873978742581374,-0.5237957129987955,1.2576440772916977,-0.5911925232177752,0
-1.1073606152348898,1.9058658705227955,-0.9373322538565467,-0.7982708497635221,1.2854849564166608,1.5276725061288998,1.809194204735052,-0.8520028465040377,1.4351782839311287,1.9089798098363855,-1.4588587562001691,-1.2774216252220538,1.0449053994284931,-1.4987482463864636,0.7254613580111255,2.396653966915,-0.15873978742581374,-0.5237957129987955,1.2576440772916977,-0.5911925232177752,0
-1.1929828884688964,0.9394445640288323,-0.9373322538565467,0.6875619834156662,1.249938528749438,0.8132330191857708,0.1778322772525923,-0.8520028465040377,1.054160113300814,1.289432037887122,-1.0197420707128733,-1.2774216252220538,1.0449053994284931,-0.03725250856529844,-0.1332878895914838,1.5031284800107583,-0.15873978742581374,-0.5237957129987955,-0.7951375258359844,-0.5911925232177752,0
-0.764871522298864,-0.3495447689026199,0.8997051785456238,0.2729109602028695,-0.8374459927971493,-1.410684147335121,-1.5314094739873088,0.03485374204043518,-1.3189210778785396,-0.8789851639353,-0.5806253852255776,1.3865511423269279,-0.4390358821128122,-0.03725250856529844,0.4392116088102558,0.023800563637864876,-0.15873978742581374,-0.5237957129987955,-0.7951375258359844,1.6914963581696623,0
-0.6792492490648575,-1.207818459313534,0.8997051785456238,0.9985502508252638,-1.1790354179593172,-0.6680752475562154,-0.8686305850779471,0.03485374204043518,-1.3189210778785396,-0.8789851639353,0.7367246712363097,1.3865511423269279,-0.4390358821128122,1.4242432292558669,-0.9920371371940933,-0.7867296485819054,-0.15873978742581374,-0.5237957129987955,1.2576440772916977,-0.5911925232177752,0
-0.5080047025968446,0.12212092897783187,0.8997051785456238,0.7566704872844657,-0.6115422531784616,-1.6288836309271162,-1.5314094739873088,-0.8520028465040377,-1.3189210778785396,-1.1887590499099316,1.1758413567236055,1.3865511423269279,-0.4390358821128122,-0.03725250856529844,0.152961859609386,0.3206936291845715,-0.15873978742581374,1.9091412456869414,1.2576440772916977,-0.5911925232177752,0
0.6907071226792462,0.9994881994180069,0.8997051785456238,0.34201946407166894,0.9064495205156662,1.2490803131831731,-1.5314094739873088,1.1521609060229787,1.054160113300814,1.5992059238617538,-1.0197420707128733,0.0545647585524371,-0.4390358821128122,-0.03725250856529844,-1.5645366355958328,0.2376388121875623,-0.15873978742581374,-0.5237957129987955,1.2576440772916977,-0.5911925232177752,0
1.8037966747213303,-0.0171092592458747,-0.9373322538565467,-0.7291623458947226,0.6443853211695341,0.856772305978069,0.6134870124126136,1.550945093966642,1.054160113300814,-0.5692112779606683,1.6149580422109011,0.0545647585524371,1.0449053994284931,-0.03725250856529844,-0.9920371371940933,-0.960448957843055,-0.15873978742581374,-0.5237957129987955,-0.7951375258359844,-0.5911925232177752,0
0.3482180297432202,0.4359068953501826,0.8997051785456238,0.4111279679404684,0.6805457808969783,-0.8745898782305835,-0.5604559516442456,1.550945093966642,0.13612699269759143,-0.25943739198603655,0.2976079857490139,0.0545647585524371,-0.4390358821128122,1.4242432292558669,-0.9920371371940933,0.08591242047991875,-0.15873978742581374,-0.5237957129987955,1.2576440772916977,-0.5911925232177752,0
-0.4223824293628381,0.6872316929446409,0.8997051785456238,-0.9364878575011211,0.7272451171644198,0.08252338521840286,0.015992009486089375,-0.8520028465040377,0.8126858168872018,0.6698842659378585,-1.4588587562001691,0.0545647585524371,-0.4390358821128122,1.4242432292558669,-0.7057873879932234,0.7556275794205932,-0.15873978742581374,1.9091412456869414,1.2576440772916977,-0.5911925232177752,0
1.6325521282533173,0.841608467909906,-0.9373322538565467,1.5859725337100592,0.804260343178859,1.6885382095847838,1.0812671372651477,-0.8520028465040377,1.054160113300814,1.5992059238617538,-1.0197420707128733,-1.2774216252220538,-0.4390358821128122,-1.4987482463864636,0.4392116088102558,-0.4949874123817625,-0.15873978742581374,-0.5237957129987955,-0.7951375258359844,-0.5911925232177752,0
0.7763293959132526,-1.9342132364990874,-0.9373322538565467,-0.38361982655072535,-1.6098159800704808,-0.8745898782305835,-0.03229674297405158,-0.8520028465040377,-1.3189210778785396,-0.8789851639353,1.6149580422109011,-1.2774216252220538,-0.4390358821128122,-1.4987482463864636,1.584210605613735,-1.6178061517477538,-0.15873978742581374,-0.5237957129987955,1.2576440772916977,-0.5911925232177752,0
1.8037966747213303,0.6370555407747226,-0.9373322538565467,-1.0401506133043203,1.141412763405109,1.4492927388470163,0.4104975706988176,-0.8520028465040377,0.517145163327906,0.9796581519124903,-0.5806253852255776,-1.2774216252220538,1.0449053994284931,-0.03725250856529844,0.4392116088102558,-0.6935853447941915,-0.15873978742581374,-0.5237957129987955,-0.7951375258359844,-0.5911925232177752,1
0.5194625762112332,-0.8703998706310643,-0.9373322538565467,1.4823097779068601,-0.03678834786442325,0.4789575471181693,0.38587017807789625,1.1521609060229787,-0.40088795727531673,-0.25943739198603655,1.1758413567236055,0.0545647585524371,-0.4390358821128122,-0.03725250856529844,0.4392116088102558,-0.8814128276302745,-0.15873978742581374,-0.5237957129987955,-0.7951375258359844,-0.5911925232177752,0
0.6907071226792462,-0.9987758273135889,0.8997051785456238,-0.8673793536323215,-1.272109129332575,-1.1175755046062268,-0.6950756318834131,0.03485374204043518,-0.40088795727531673,-1.1887590499099316,1.1758413567236055,1.3865511423269279,-0.4390358821128122,-0.03725250856529844,1.584210605613735,-1.0191014901890854,-0.15873978742581374,-0.5237957129987955,1.2576440772916977,-0.5911925232177752,1
1.2900630353172915,0.18931848970096737,-0.9373322538565467,-0.9710421094355208,0.4431064910016892,0.8132330191857708,1.5669527206476035,0.6640885054221695,0.517145163327906,2.2187536958110172,-0.5806253852255776,0.0545647585524371,-0.4390358821128122,-0.03725250856529844,1.0117111072119953,-0.5973079412932308,-0.15873978742581374,-0.5237957129987955,1.2576440772916977,-0.5911925232177752,0
1.204440762083285,-1.146492051105856,-0.9373322538565467,-0.4872825823539246,-1.523931364251822,-1.510649597891829,-0.8686305850779471,-0.8520028465040377,-1.3189210778785396,-1.1887590499099316,0.7367246712363097,0.0545647585524371,-0.4390358821128122,-0.03725250856529844,1.0117111072119953,-1.2546978415386194,-0.15873978742581374,-0.5237957129987955,-0.7951375258359844,1.6914963581696623,0
1.546929855019311,0.27151462491737244,-0.9373322538565467,-1.3856931326483175,0.21603595058967015,0.3138241586764191,0.14125821022048246,0.03485374204043518,0.13612699269759143,0.36011037996322687,-1.0197420707128733,0.0545647585524371,-0.4390358821128122,1.4242432292558669,-0.4195376387923536,-0.6990498195617281,-0.15873978742581374,-0.5237957129987955,-0.7951375258359844,-0.5911925232177752,0
-0.33676015612883164,0.8654877773005062,0.8997051785456238,-0.9019336055667213,-0.11992161401676193,0.13585411689210103,0.5959991983045402,-0.8520028465040377,-0.40088795727531673,-0.25943739198603655,-0.5806253852255776,0.0545647585524371,-0.4390358821128122,1.4242432292558669,-1.5645366355958328,0.849143393693577,-0.15873978742581374,-0.5237957129987955,1.2576440772916977,-0.5911925232177752,0
-1.1073606152348898,0.06789910868801843,0.8997051785456238,1.4823097779068601,1.1545691521739068,0.14433125448928086,0.015992009486089375,2.180179857348376,1.2583237218588201,0.9796581519124903,1.1758413567236055,0.0545647585524371,-0.4390358821128122,-1.4987482463864636,1.2979608564128653,0.5846606345220979,-0.15873978742581374,-0.5237957129987955,1.2576440772916977,-0.5911925232177752,0
-0.33676015612883164,0.005931314071088791,0.8997051785456238,0.20380245633407004,-0.04793166282186812,-0.7982085464030406,-1.5314094739873088,-0.8520028465040377,-1.3189210778785396,-0.5692112779606683,0.7367246712363097,0.0545647585524371,1.0449053994284931,-0.03725250856529844,0.4392116088102558,0.13322843196843573,-0.15873978742581374,1.9091412456869414,-0.7951375258359844,1.6914963581696623,0
0.17697348327520726,-1.6184537734828854,-0.9373322538565467,-1.212921872976319,-1.7113959204136286,-0.6982430958463327,-1.5314094739873088,0.6640885054221695,-1.3189210778785396,-0.5692112779606683,1.1758413567236055,0.0545647585524371,-0.4390358821128122,-0.03725250856529844,-1.5645366355958328,-1.3142653127998405,-0.15873978742581374,-0.5237957129987955,1.2576440772916977,-0.5911925232177752,0
1.1188184888492785,0.7433776724622093,-0.9373322538565467,0.9985502508252638,0.7286432287517602,1.2863173949649467,1.72523376072599,-0.8520028465040377,1.4351782839311287,0.050336493988595146,-1.0197420707128733,-1.2774216252220538,-0.4390358821128122,-1.4987482463864636,0.7254613580111255,-0.20296339847721623,-0.15873978742581374,-0.5237957129987955,-0.7951375258359844,1.6914963581696623,0
-0.8504937955328705,-0.0460209850782957,0.8997051785456238,0.5147907237436676,0.5951683541667685,0.34546417965717957,-0.35746650993044954,2.6682522579491867,-0.40088795727531673,0.050336493988595146,1.6149580422109011,1.3865511423269279,-0.4390358821128122,-0.03725250856529844,-1.5645366355958328,0.34488625780548815,-0.15873978742581374,-0.5237957129987955,-0.7951375258359844,-0.5911925232177752,0
-0.5080047025968446,0.13899432528276018,0.8997051785456238,-0.003523055272328344,0.010769650852962285,-0.8352753086062314,0.4104975706988176,1.1521609060229787,-0.40088795727531673,-0.25943739198603655,-0.5806253852255776,1.3865511423269279,-0.4390358821128122,-0.03725250856529844,-1.5645366355958328,0.33532091108993856,-0.15873978742581374,-0.5237957129987955,-0.7951375258359844,1.6914963581696623,0
-1.4498497081709159,0.14565487645575817,0.8997051785456238,-1.4202473845827173,0.38930490634972653,-1.410684147335121,-1.5314094739873088,0.03485374204043518,-0.40088795727531673,-0.5692112779606683,0.7367246712363097,0.0545647585524371,-0.4390358821128122,1.4242432292558669,-0.9920371371940933,0.8443020166473848,-0.15873978742581374,1.9091412456869414,1.2576440772916977,-0.5911925232177752,0
0.17697348327520726,-0.22131682446838408,0.8997051785456238,-0.4872825823539246,0.9522148294475292,0.5938315115392923,1.3618302631233208,1.88811232068876,0.13612699269759143,1.289432037887122,1.6149580422109011,0.0545647585524371,-0.4390358821128122,-1.4987482463864636,0.7254613580111255,-0.29309452580087875,-0.15873978742581374,1.9091412456869414,-0.7951375258359844,-0.5911925232177752,0
-0.5080047025968446,-0.5226697619844719,-0.9373322538565467,-1.316584628779518,0.07751655091237991,0.5457730998962653,1.0486490669872577,-0.8520028465040377,0.13612699269759143,0.6698842659378585,0.2976079857490139,-1.2774216252220538,-0.4390358821128122,-0.03725250856529844,-0.9920371371940933,-0.2382652808190592,-0.15873978742581374,1.9091412456869414,-0.7951375258359844,-0.5911925232177752,0
1.1188184888492785,-1.586335115604206,-0.9373322538565467,-1.4202473845827173,-1.02957289562413,-0.6116490837918062,-0.6950756318834131,0.6640885054221695,-0.40088795727531673,-1.1887590499099316,0.7367246712363097,0.0545647585524371,-0.4390358821128122,1.4242432292558669,-1.278286886394963,-1.4701579891368766,-0.15873978742581374,-0.5237957129987955,-0.7951375258359844,1.6914963581696623,1
0.6050848494452397,-0.7546542924691878,-0.9373322538565467,0.13469395246527058,-1.223630986433815,-0.3487082893530292,-0.6950756318834131,-0.8520028465040377,-1.3189210778785396,-0.8789851639353,0.7367246712363097,0.0545647585524371,-0.4390358821128122,-0.03725250856529844,1.0117111072119953,-0.8351266465614222,-0.15873978742581374,-0.5237957129987955,-0.7951375258359844,1.6914963581696623,0
-1.8779610743409483,1.05889044839793,0.8997051785456238,-0.4527283304195248,0.7451525010838136,1.2460068866165395,-1.5314094739873088,-0.8520028465040377,0.517145163327906,2.2187536958110172,-0.5806253852255776,0.0545647585524371,-0.4390358821128122,-0.03725250856529844,0.4392116088102558,2.1130690275325104,-0.15873978742581374,1.9091412456869414,-0.7951375258359844,1.6914963581696623,0
0.005728936807194294,-0.4374147069700973,-0.9373322538565467,0.5147907237436676,0.21952904776969998,-0.11024178782811359,-0.35746650993044954,0.6640885054221695,-0.40088795727531673,-0.25943739198603655,-0.1415086997382818,0.0545647585524371,-0.4390358821128122,-0.03725250856529844,1.0117111072119953,-0.37937049804376083,-0.15873978742581374,1.9091412456869414,-0.7951375258359844,1.6914963581696623,0
-0.8504937955328705,0.062027956172560926,0.8997051785456238,-0.21084856687872672,-0.009867789029017759,-1.1175755046062268,-1.5314094739873088,0.03485374204043518,-0.40088795727531673,-0.5692112779606683,-0.1415086997382818,1.3865511423269279,-0.4390358821128122,1.4242432292558669,-0.9920371371940933,0.4458985330893695,-0.15873978742581374,1.9091412456869414,1.2576440772916977,-0.5911925232177752,0
0.7763293959132526,-1.4219921825874922,-0.9373322538565467,-0.3145113226819259,-1.6098159800704808,-1.2477088034530517,-1.5314094739873088,-0.8520028465040377,-1.3189210778785396,-1.1887590499099316,1.1758413567236055,0.0545647585524371,-0.4390358821128122,-0.03725250856529844,-0.1332878895914838,-1.3043687095567928,-0.15873978742581374,-0.5237957129987955,-0.7951375258359844,1.6914963581696623,0
-1.7923388011069417,-0.24253191338978516,2.736742610947794,0.10013970053087085,0.5110552729890979,0.08252338521840286,0.14125821022048246,0.03485374204043518,1.2583237218588201,-0.5692112779606683,-0.1415086997382818,1.3865511423269279,-0.4390358821128122,-0.03725250856529844,1.0117111072119953,0.5917990030336496,-0.15873978742581374,1.9091412456869414,-0.7951375258359844,1.6914963581696623,0
-1.1929828884688964,0.4057617341153546,0.8997051785456238,-1.316584628779518,0.9831248824444224,0.0917220045792926,-1.5314094739873088,1.88811232068876,0.13612699269759143,0.36011037996322687,1.1758413567236055,0.0545647585524371,-0.4390358821128122,-0.03725250856529844,-0.7057873879932234,0.9679160505960722,-0.15873978742581374,1.9091412456869414,1.2576440772916977,-0.5911925232177752,0
-1.2786051617029028,-0.07868235453403409,0.8997051785456238,-0.9710421094355208,0.7881817284221079,0.10079196769698218,0.33337731561995393,0.03485374204043518,0.13612699269759143,0.36011037996322687,0.7367246712363097,0.0545647585524371,-0.4390358821128122,-0.03725250856529844,-0.1332878895914838,0.5240163698904783,-0.15873978742581374,-0.5237957129987955,-0.7951375258359844,-0.5911925232177752,0
-2.0492056208089613,0.8958796256158156,-0.9373322538565467,-0.9019336055667213,0.3918665070699238,1.1692403502681818,1.3152011742773415,-0.8520028465040377,1.2583237218588201,1.9089798098363855,-1.8979754416874648,-1.2774216252220538,-0.4390358821128122,-0.03725250856529844,1.0117111072119953,2.044420934297243,-0.15873978742581374,-0.5237957129987955,1.2576440772916977,-0.5911925232177752,0
0.005728936807194294,-0.37095720748840605,0.8997051785456238,-1.1092591171731196,-0.8147021338647573,-1.1175755046062268,-0.8686305850779471,0.03485374204043518,-1.3189210778785396,-0.8789851639353,-0.1415086997382818,1.3865511423269279,-0.4390358821128122,1.4242432292558669,-0.1332878895914838,-0.3285372969949234,-0.15873978742581374,-0.5237957129987955,1.2576440772916977,-0.5911925232177752,0
0.6050848494452397,-1.0379003982779402,-0.9373322538565467,-1.4893558884515168,-1.3252109267769627,-1.510649597891829,-0.5604559516442456,-0.8520028465040377,-1.3189210778785396,-0.8789851639353,0.7367246712363097,0.0545647585524371,-0.4390358821128122,-0.03725250856529844,-0.1332878895914838,-1.018079207386503,-0.15873978742581374,-0.5237957129987955,-0.7951375258359844,1.6914963581696623,0
0.005728936807194294,-0.7732544983374859,0.8997051785456238,0.23835670826846977,-1.383912240451793,-0.9164425794383279,-0.8686305850779471,-0.8520028465040377,-1.3189210778785396,-0.8789851639353,-0.1415086997382818,1.3865511423269279,-0.4390358821128122,1.4242432292558669,-0.9920371371940933,-0.6362536454375517,-0.15873978742581374,-0.5237957129987955,-0.7951375258359844,1.6914963581696623,0
-0.4223824293628381,0.6188500342351947,2.736742610947794,0.7566704872844657,1.4513914247428599,0.0038218656145007695,-1.5314094739873088,1.550945093966642,1.054160113300814,0.050336493988595146,-0.1415086997382818,1.3865511423269279,4.012787962511103,-0.03725250856529844,0.7254613580111255,0.6975109278874012,-0.15873978742581374,1.9091412456869414,-0.7951375258359844,-0.5911925232177752,1
1.033196215615272,0.2362877098246274,0.8997051785456238,0.06558544859647111,0.4241379466334564,0.8102237711328932,0.060700411121498196,2.437801682511115,-0.40088795727531673,0.36011037996322687,1.6149580422109011,1.3865511423269279,-0.4390358821128122,-1.4987482463864636,1.0117111072119953,-0.4314968574860208,-0.15873978742581374,-0.5237957129987955,-0.7951375258359844,1.6914963581696623,0
0.8619516691472591,-1.332247422708356,-0.9373322538565467,1.5514182817756594,-2.2219047133258343,-1.410684147335121,-0.08478960543199393,-0.8520028465040377,-1.3189210778785396,-0.8789851639353,-0.1415086997382818,0.0545647585524371,-0.4390358821128122,-0.03725250856529844,1.584210605613735,-1.2700773692798488,6.299617860250349,-0.5237957129987955,-0.7951375258359844,1.6914963581696623,0
1.033196215615272,1.1928415330993343,-0.9373322538565467,-0.7637165978291224,0.6411271412689733,0.5084395235392493,1.8209545643383152,-0.8520028465040377,1.054160113300814,0.6698842659378585,-0.5806253852255776,0.0545647585524371,-0.4390358821128122,1.4242432292558669,-0.4195376387923536,0.10505820914518244,-0.15873978742581374,-0.5237957129987955,-0.7951375258359844,1.6914963581696623,0
-0.764871522298864,-0.6102436755553716,-0.9373322538565467,-1.6621271481235154,-1.4495347260525029,-1.410684147335121,-1.5314094739873088,-0.8520028465040377,-1.3189210778785396,-0.8789851639353,-0.5806253852255776,-1.2774216252220538,-0.4390358821128122,-0.03725250856529844,-0.4195376387923536,-0.21548908833724156,-0.15873978742581374,-0.5237957129987955,-0.7951375258359844,-0.5911925232177752,0
0.4338403029772267,0.34029098295558896,0.8997051785456238,0.23835670826846977,0.5678963272556239,0.07319240708743925,-0.5604559516442456,0.03485374204043518,0.13612699269759143,0.050336493988595146,0.2976079857490139,0.0545647585524371,-0.4390358821128122,-0.03725250856529844,1.584210605613735,-0.029777454156544526,-0.15873978742581374,-0.5237957129987955,1.2576440772916977,-0.5911925232177752,0
1.033196215615272,0.34966509201388246,-0.9373322538565467,0.7566704872844657,0.8316177810250537,0.6949989861504834,0.5000374812740657,-0.8520028465040377,0.517145163327906,1.9089798098363855,-1.4588587562001691,-1.2774216252220538,1.0449053994284931,1.4242432292558669,-0.1332878895914838,-0.3679006359511278,-0.15873978742581374,-0.5237957129987955,-0.7951375258359844,-0.5911925232177752,0
-0.16551560966081866,0.2732907718968386,-0.9373322538565467,-1.0747048652387199,0.5069128957272131,1.4757654672152185,0.6134870124126136,-0.8520028465040377,1.054160113300814,0.36011037996322687,0.2976079857490139,-1.2774216252220538,-0.4390358821128122,-0.03725250856529844,-0.4195376387923536,0.2600778777730402,-0.15873978742581374,-0.5237957129987955,-0.7951375258359844,-0.5911925232177752,1
-1.6210942546389289,0.24442838348051388,0.8997051785456238,-0.03807730720672808,-0.2572029083507984,-0.4051344531174384,0.21231522488336196,0.6640885054221695,-0.40088795727531673,-0.5692112779606683,-0.5806253852255776,1.3865511423269279,-0.4390358821128122,1.4242432292558669,-0.4195376387923536,1.0432454621973561,-0.15873978742581374,1.9091412456869414,-0.7951375258359844,-0.5911925232177752,0
1.1188184888492785,-1.4381255176509762,-0.9373322538565467,1.2749842663004616,-1.8357197196891686,-1.2477088034530517,0.38587017807789625,0.6640885054221695,-0.40088795727531673,-0.8789851639353,-1.0197420707128733,0.0545647585524371,-0.4390358821128122,1.4242432292558669,-1.278286886394963,-1.389542729705669,-0.15873978742581374,-0.5237957129987955,1.2576440772916977,-0.5911925232177752,0
-0.6792492490648575,1.5007070095401314,-0.9373322538565467,-0.03807730720672808,1.2298589799439654,0.9482606189375973,0.6304821459353098,-0.8520028465040377,1.2583237218588201,1.9089798098363855,0.2976079857490139,-1.2774216252220538,-0.4390358821128122,-1.4987482463864636,0.4392116088102558,1.6533260599471895,-0.15873978742581374,-0.5237957129987955,-0.7951375258359844,-0.5911925232177752,1
-0.5080047025968446,-0.8576708172782237,0.8997051785456238,-1.6275728961891156,-0.4174841623687765,-0.48892720037671517,-0.35746650993044954,0.6640885054221695,-0.40088795727531673,-1.1887590499099316,1.6149580422109011,1.3865511423269279,-0.4390358821128122,-1.4987482463864636,0.7254613580111255,-0.5286724274197672,-0.15873978742581374,-0.5237957129987955,-0.7951375258359844,-0.5911925232177752,1
-1.8779610743409483,-1.2945536368107968,0.8997051785456238,0.2729109602028695,-0.9390259331402973,-1.510649597891829,-1.5314094739873088,0.03485374204043518,-1.3189210778785396,-0.8789851639353,0.2976079857490139,0.0545647585524371,-0.4390358821128122,-0.03725250856529844,0.152961859609386,-0.5671459861843884,-0.15873978742581374,1.9091412456869414,-0.7951375258359844,-0.5911925232177752,0
0.7763293959132526,-0.7920027164540729,-0.9373322538565467,0.9639959988908641,-0.6948534363609518,-0.6116490837918062,-0.5604559516442456,-0.8520028465040377,-1.3189210778785396,-0.8789851639353,0.7367246712363097,0.0545647585524371,-0.4390358821128122,1.4242432292558669,-0.9920371371940933,-0.9188666194646741,-0.15873978742581374,-0.5237957129987955,-0.7951375258359844,-0.5911925232177752,0
-1.2786051617029028,-0.738224932909126,0.8997051785456238,-1.6966814000579151,0.3815486719192847,0.14433125448928086,-0.5604559516442456,0.6640885054221695,0.13612699269759143,-0.25943739198603655,0.7367246712363097,0.0545647585524371,-0.4390358821128122,-0.03725250856529844,-0.4195376387923536,-0.14862726447810257,-0.15873978742581374,-0.5237957129987955,-0.7951375258359844,1.6914963581696623,0
-1.2786051617029028,0.5463240325736608,0.8997051785456238,0.2729109602028695,0.8972402666257637,0.26676266005327803,1.1197060816501374,-0.8520028465040377,0.517145163327906,2.2187536958110172,-1.0197420707128733,0.0545647585524371,-0.4390358821128122,1.4242432292558669,-1.278286886394963,1.1614377912086395,-0.15873978742581374,1.9091412456869414,1.2576440772916977,-0.5911925232177752,0
0.26259575650921374,-0.06230233239006861,0.8997051785456238,-0.8673793536323215,0.5411786725899536,0.6226581146941582,1.1487857995956556,1.88811232068876,0.8126858168872018,0.050336493988595146,0.2976079857490139,0.0545647585524371,-0.4390358821128122,-0.03725250856529844,0.152961859609386,-0.21908175406838434,-0.15873978742581374,-0.5237957129987955,-0.7951375258359844,1.6914963581696623,0
1.033196215615272,1.0098983942143223,-0.9373322538565467,0.20380245633407004,1.242770776967714,1.4038272606533735,1.427880715083839,-0.8520028465040377,1.2583237218588201,0.050336493988595146,-1.4588587562001691,-1.2774216252220538,2.5288466809697985,1.4242432292558669,-0.1332878895914838,0.0024408072951462518,-0.15873978742581374,-0.5237957129987955,-0.7951375258359844,-0.5911925232177752,1
-0.9361160687668769,-0.04281405303203739,0.8997051785456238,0.44568221987486817,0.4454327873883879,0.5502922247469936,0.7783614224167266,2.6682522579491867,0.13612699269759143,0.36011037996322687,0.2976079857490139,1.3865511423269279,-0.4390358821128122,-0.03725250856529844,-0.4195376387923536,0.3904269020314399,-0.15873978742581374,1.9091412456869414,-0.7951375258359844,-0.5911925232177752,0
-0.07989333642681218,-0.8229866137625378,-0.9373322538565467,1.3786470221036609,-0.4066654306859856,0.1929909566637722,0.5959991983045402,1.1521609060229787,-0.40088795727531673,-0.8789851639353,1.6149580422109011,1.3865511423269279,-0.4390358821128122,-0.03725250856529844,-0.4195376387923536,-0.6450122357494227,-0.15873978742581374,-0.5237957129987955,-0.7951375258359844,1.6914963581696623,0
0.6050848494452397,0.6559517711395983,0.8997051785456238,0.9639959988908641,0.8847195784694414,0.856772305978069,0.5779892834773674,0.03485374204043518,0.8126858168872018,1.9089798098363855,-0.5806253852255776,0.0545647585524371,-0.4390358821128122,1.4242432292558669,-0.4195376387923536,0.07600323787506742,-0.15873978742581374,-0.5237957129987955,-0.7951375258359844,-0.5911925232177752,0
-0.25113788289482514,-0.3944418175502361,0.8997051785456238,-0.14174006300992725,-0.9390259331402973,-1.0092423019281362,-0.08478960543199393,0.6640885054221695,-0.40088795727531673,-1.1887590499099316,0.2976079857490139,1.3865511423269279,-0.4390358821128122,1.4242432292558669,-1.5645366355958328,-0.2368035589774668,-0.15873978742581374,-0.5237957129987955,-0.7951375258359844,-0.5911925232177752,0
1.718174401487324,-0.8683770365711168,-0.9373322538565467,-0.10718581107552753,-0.5390835201509595,-0.8745898782305835,-0.20585169616858562,-0.8520028465040377,-0.40088795727531673,-0.8789851639353,-0.5806253852255776,-1.2774216252220538,-0.4390358821128122,-0.03725250856529844,0.7254613580111255,-1.2792099859493504,-0.15873978742581374,1.9091412456869414,-0.7951375258359844,-0.5911925232177752,0
1.375685308551298,-0.4994811764192195,-0.9373322538565467,1.0676587546940632,-0.8859241356959092,-0.6982430958463327,0.14125821022048246,-0.8520028465040377,-1.3189210778785396,-0.8789851639353,0.7367246712363097,0.0545647585524371,-0.4390358821128122,-0.03725250856529844,-0.1332878895914838,-0.9833291397157833,-0.15873978742581374,-0.5237957129987955,-0.7951375258359844,-0.5911925232177752,0
-0.16551560966081866,0.5747423842451189,2.736742610947794,0.3765737160060687,0.9503420640701514,0.25975186969867337,0.5204898583170638,-0.8520028465040377,0.517145163327906,1.9089798098363855,-0.5806253852255776,1.3865511423269279,-0.4390358821128122,-0.03725250856529844,0.4392116088102558,0.5009055663846816,-0.15873978742581374,1.9091412456869414,1.2576440772916977,-0.5911925232177752,0
-0.8504937955328705,-0.7333898661316904,0.8997051785456238,0.7566704872844657,-0.8859241356959092,-1.773590392330606,-0.08478960543199393,0.6640885054221695,-0.40088795727531673,-0.5692112779606683,-1.4588587562001691,1.3865511423269279,-0.4390358821128122,-0.03725250856529844,1.584210605613735,-0.2977178605758064,-0.15873978742581374,1.9091412456869414,1.2576440772916977,-0.5911925232177752,0
0.09135121004120077,0.8627742194152107,-0.9373322538565467,-0.21084856687872672,1.3337060533246168,0.76332441572643,0.6940448115115979,0.03485374204043518,0.517145163327906,2.2187536958110172,1.1758413567236055,0.0545647585524371,-0.4390358821128122,-0.03725250856529844,1.2979608564128653,0.5572057580734163,-0.15873978742581374,1.9091412456869414,1.2576440772916977,-0.5911925232177752,0
-0.16551560966081866,1.2911216659631273,0.8997051785456238,1.6550810375788587,1.2433254282581068,0.9482606189375973,1.336371323377961,0.03485374204043518,1.8569517264925168,1.5992059238617538,0.2976079857490139,0.0545647585524371,1.0449053994284931,-0.03725250856529844,-1.278286886394963,1.073216211006782,-0.15873978742581374,1.9091412456869414,1.2576440772916977,-0.5911925232177752,1
1.375685308551298,-0.6743329790644415,-0.9373322538565467,-0.003523055272328344,0.35214799543856257,-0.1758017897944036,-0.6950756318834131,0.03485374204043518,0.13612699269759143,-0.25943739198603655,0.7367246712363097,-1.2774216252220538,2.5288466809697985,-0.03725250856529844,0.152961859609386,-1.0695195722984001,-0.15873978742581374,1.9091412456869414,-0.7951375258359844,-0.5911925232177752,1
-1.5354719814049222,1.7274617739186413,-0.9373322538565467,0.583899227612467,0.7919335754295512,1.6366960425554886,0.5959991983045402,-0.8520028465040377,1.2583237218588201,0.050336493988595146,-1.4588587562001691,-1.2774216252220538,-0.4390358821128122,-0.03725250856529844,0.7254613580111255,2.583937182697042,-0.15873978742581374,-0.5237957129987955,-0.7951375258359844,1.6914963581696623,0
1.4613075817853045,1.408298029191796,-0.9373322538565467,-1.0055963613699206,1.3351183409634353,1.551185358107982,0.8638173865278577,-0.8520028465040377,0.8126858168872018,1.289432037887122,0.2976079857490139,-1.2774216252220538,1.0449053994284931,-0.03725250856529844,-1.5645366355958328,-0.11012770836575367,-0.15873978742581374,-0.5237957129987955,1.2576440772916977,-0.5911925232177752,1
-1.1929828884688964,1.0379713839731066,-0.9373322538565467,0.1692482043996703,0.7173588495908109,1.0761738136245476,1.276265901321975,-0.8520028465040377,1.5911750632737223,0.050336493988595146,-1.0197420707128733,-1.2774216252220538,1.0449053994284931,-0.03725250856529844,-0.1332878895914838,1.601937689730748,-0.15873978742581374,-0.5237957129987955,1.2576440772916977,-0.5911925232177752,0
0.09135121004120077,0.8594192751206635,0.8997051785456238,0.4111279679404684,1.0629120674992822,1.1516649712673939,1.3766053855179865,1.1521609060229787,1.7307189374904248,2.2187536958110172,-0.1415086997382818,0.0545647585524371,-0.4390358821128122,-1.4987482463864636,1.2979608564128653,0.554696594705634,-0.15873978742581374,-0.5237957129987955,1.2576440772916977,-0.5911925232177752,0
1.8894189479553367,-1.5493813909480911,-0.9373322538565467,-1.0747048652387199,-1.383912240451793,-0.6392486444013494,0.4104975706988176,-0.8520028465040377,-0.40088795727531673,-0.5692112779606683,-0.5806253852255776,-1.2774216252220538,-0.4390358821128122,-1.4987482463864636,1.2979608564128653,-1.602466877964296,-0.15873978742581374,-0.5237957129987955,-0.7951375258359844,1.6914963581696623,0
0.5194625762112332,-1.1852712601575333,-0.9373322538565467,-0.14174006300992725,-0.4174841623687765,0.38150077199841914,0.6940448115115979,1.1521609060229787,-0.40088795727531673,-0.5692112779606683,1.1758413567236055,0.0545647585524371,-0.4390358821128122,-0.03725250856529844,-0.9920371371940933,-1.0901446939117814,-0.15873978742581374,-0.5237957129987955,1.2576440772916977,-0.5911925232177752,0
0.8619516691472591,-1.7630617400610866,-0.9373322538565467,-0.7982708497635221,-2.2219047133258343,-1.6288836309271162,-0.03229674297405158,-0.8520028465040377,-1.3189210778785396,-0.8789851639353,1.1758413567236055,0.0545647585524371,-0.4390358821128122,-0.03725250856529844,-0.1332878895914838,-1.5263776729100673,6.299617860250349,-0.5237957129987955,-0.7951375258359844,-0.5911925232177752,0
0.6050848494452397,-0.10127889110613104,-0.9373322538565467,-1.6966814000579151,0.5862251898346671,0.11855997755964244,-1.5314094739873088,0.03485374204043518,-0.40088795727531673,0.6698842659378585,0.7367246712363097,0.0545647585524371,-0.4390358821128122,-0.03725250856529844,-1.278286886394963,-0.4131024760324994,-0.15873978742581374,1.9091412456869414,1.2576440772916977,-0.5911925232177752,0
0.9475739423812656,-0.906268172133061,-0.9373322538565467,-0.7291623458947226,-0.8611579617475593,-0.4250896211805721,-0.2769087108314654,-0.8520028465040377,-1.3189210778785396,-0.8789851639353,0.7367246712363097,0.0545647585524371,-0.4390358821128122,1.4242432292558669,-1.5645366355958328,-1.0445193486496844,-0.15873978742581374,-0.5237957129987955,1.2576440772916977,-0.5911925232177752,0
0.7763293959132526,0.9296757556417685,-0.9373322538565467,-0.003523055272328344,1.0346164268165228,1.3575314341799312,1.0891533586248654,-0.8520028465040377,1.8569517264925168,0.36011037996322687,-1.0197420707128733,-1.2774216252220538,1.0449053994284931,-0.03725250856529844,1.0117111072119953,0.1346599633416992,-0.15873978742581374,-0.5237957129987955,-0.7951375258359844,1.6914963581696623,0
0.17697348327520726,-0.6593837419872681,0.8997051785456238,1.2058757624316623,-0.4997391420592437,-0.48892720037671517,-0.2769087108314654,1.1521609060229787,-0.40088795727531673,-0.8789851639353,-0.1415086997382818,1.3865511423269279,-0.4390358821128122,1.4242432292558669,-1.5645366355958328,-0.6132786990392353,-0.15873978742581374,-0.5237957129987955,-0.7951375258359844,1.6914963581696623,0
-1.1929828884688964,-1.4328957515447704,0.8997051785456238,-0.38361982655072535,-0.7515613769784906,-1.1175755046062268,-1.5314094739873088,1.1521609060229787,-1.3189210778785396,-0.5692112779606683,-0.1415086997382818,1.3865511423269279,-0.4390358821128122,-1.4987482463864636,1.2979608564128653,-0.8760112496717566,-0.15873978742581374,1.9091412456869414,1.2576440772916977,-0.5911925232177752,0
1.204440762083285,-1.384446408938222,-0.9373322538565467,0.13469395246527058,-1.523931364251822,-1.773590392330606,-1.5314094739873088,-0.8520028465040377,-1.3189210778785396,-0.8789851639353,-1.0197420707128733,0.0545647585524371,-0.4390358821128122,1.4242432292558669,-0.1332878895914838,-1.3800830496292706,-0.15873978742581374,1.9091412456869414,1.2576440772916977,-0.5911925232177752,0
-1.4498497081709159,-0.10774209261474393,0.8997051785456238,1.344092770169261,0.36032145021597917,-0.2487428387963213,-0.6950756318834131,0.03485374204043518,0.13612699269759143,-0.25943739198603655,-0.1415086997382818,0.0545647585524371,-0.4390358821128122,-0.03725250856529844,1.0117111072119953,0.5772572607885479,-0.15873978742581374,-0.5237957129987955,1.2576440772916977,-0.5911925232177752,0
0.005728936807194294,-0.46208341501823813,0.8997051785456238,1.7241895414476582,-0.8147021338647573,-1.2477088034530517,-1.5314094739873088,-0.8520028465040377,-1.3189210778785396,-0.8789851639353,-0.1415086997382818,1.3865511423269279,-0.4390358821128122,1.4242432292558669,-0.9920371371940933,-0.39823954074934265,-0.15873978742581374,-0.5237957129987955,1.2576440772916977,-0.5911925232177752,0
0.9475739423812656,1.3415938426296232,-0.9373322538565467,-1.2820303768451184,1.0157560755149446,1.7024019825389103,0.33337731561995393,-0.8520028465040377,1.2583237218588201,-0.25943739198603655,-1.4588587562001691,-1.2774216252220538,-0.4390358821128122,-1.4987482463864636,0.4392116088102558,0.2545714717994913,-0.15873978742581374,-0.5237957129987955,-0.7951375258359844,-0.5911925232177752,1
-0.07989333642681218,0.24358964740687708,0.8997051785456238,-0.4872825823539246,1.0354221350916955,0.0038218656145007695,-0.08478960543199393,1.1521609060229787,0.8126858168872018,0.36011037996322687,1.1758413567236055,0.0545647585524371,2.5288466809697985,-0.03725250856529844,0.152961859609386,0.188939070900636,-0.15873978742581374,-0.5237957129987955,-0.7951375258359844,1.6914963581696623,1
0.17697348327520726,0.3331863950377244,0.8997051785456238,-1.5239101403859165,0.8476354354255772,0.7856334585762274,1.3415497873048123,1.1521609060229787,0.517145163327906,1.9089798098363855,0.2976079857490139,0.0545647585524371,-0.4390358821128122,-0.03725250856529844,-1.5645366355958328,0.11219322316025311,-0.15873978742581374,-0.5237957129987955,-0.7951375258359844,-0.5911925232177752,0
1.718174401487324,1.4613850889113948,-0.9373322538565467,0.9639959988908641,0.8476354354255772,1.0781722490788885,1.479255343035771,-0.8520028465040377,1.4351782839311287,1.5992059238617538,-1.8979754416874648,-1.2774216252220538,-0.4390358821128122,-0.03725250856529844,0.152961859609386,-0.28919324639348465,-0.15873978742581374,-0.5237957129987955,-0.7951375258359844,-0.5911925232177752,0
-1.5354719814049222,-0.12367807801384287,0.8997051785456238,-0.14174006300992725,0.8487621237270034,0.1929909566637722,-0.2769087108314654,0.6640885054221695,0.13612699269759143,0.9796581519124903,0.7367246712363097,0.0545647585524371,-0.4390358821128122,-0.03725250856529844,0.152961859609386,0.6016310322194381,-0.15873978742581374,-0.5237957129987955,-0.7951375258359844,-0.5911925232177752,0
1.546929855019311,0.5027590941606441,-0.9373322538565467,0.7566704872844657,0.9760046938437401,1.2366982321672841,1.1046231124644543,-0.8520028465040377,0.8126858168872018,0.050336493988595146,-0.1415086997382818,-1.2774216252220538,-0.4390358821128122,-0.03725250856529844,0.152961859609386,-0.5929227757684536,-0.15873978742581374,-0.5237957129987955,-0.7951375258359844,-0.5911925232177752,0
1.375685308551298,-1.649240321126965,-0.9373322538565467,-0.3145113226819259,-1.3252109267769627,-1.510649597891829,-1.5314094739873088,-0.8520028465040377,-1.3189210778785396,-1.1887590499099316,1.1758413567236055,0.0545647585524371,-0.4390358821128122,-0.03725250856529844,-1.278286886394963,-1.5500847381653604,-0.15873978742581374,1.9091412456869414,1.2576440772916977,-0.5911925232177752,0
1.033196215615272,-1.3449764760611966,-0.9373322538565467,1.1367672585628628,-2.2219047133258343,-1.9601498549418401,-0.20585169616858562,-0.8520028465040377,-1.3189210778785396,-1.1887590499099316,0.7367246712363097,0.0545647585524371,-0.4390358821128122,-1.4987482463864636,0.4392116088102558,-1.3184676582664037,-0.15873978742581374,-0.5237957129987955,-0.7951375258359844,-0.5911925232177752,0
1.8037966747213303,-1.646625438073862,-0.9373322538565467,0.722116235350066,-1.1790354179593172,-0.7298831168270937,0.015992009486089375,-0.8520028465040377,-1.3189210778785396,-0.8789851639353,1.1758413567236055,-1.2774216252220538,-0.4390358821128122,-1.4987482463864636,1.584210605613735,-1.6252028164883419,-0.15873978742581374,-0.5237957129987955,1.2576440772916977,-0.5911925232177752,0
-1.4498497081709159,0.5297959981814064,0.8997051785456238,1.3095385182348613,0.45464204127829083,0.8192099443684683,1.155841872351118,0.03485374204043518,0.517145163327906,2.2187536958110172,-1.4588587562001691,0.0545647585524371,-0.4390358821128122,-0.03725250856529844,-0.4195376387923536,1.2491327154629814,-0.15873978742581374,-0.5237957129987955,-0.7951375258359844,-0.5911925232177752,0
0.17697348327520726,-0.47185222340530186,0.8997051785456238,1.5859725337100592,-1.223630986433815,-1.6288836309271162,-0.8686305850779471,-0.8520028465040377,-1.3189210778785396,-1.1887590499099316,0.7367246712363097,1.3865511423269279,-0.4390358821128122,-1.4987482463864636,0.7254613580111255,-0.47621145695352823,-0.15873978742581374,-0.5237957129987955,-0.7951375258359844,1.6914963581696623,0
1.204440762083285,1.7259816514357529,-0.9373322538565467,0.7912247392188655,0.8899707688522231,0.4739108929194504,0.45692719274077576,-2.368094198430245,0.13612699269759143,-0.25943739198603655,-1.8979754416874648,-1.2774216252220538,1.0449053994284931,-0.03725250856529844,-1.278286886394963,0.25889374051524994,-0.15873978742581374,1.9091412456869414,1.2576440772916977,-0.5911925232177752,0
-1.0217383420008834,-0.5012573233986857,0.8997051785456238,-1.5239101403859165,-0.7131221935216093,-1.9601498549418401,-1.5314094739873088,-0.8520028465040377,-1.3189210778785396,-0.8789851639353,0.7367246712363097,1.3865511423269279,-0.4390358821128122,-1.4987482463864636,0.7254613580111255,-0.011202768517169778,-0.15873978742581374,1.9091412456869414,-0.7951375258359844,-0.5911925232177752,0
-1.5354719814049222,1.0907624191961278,2.736742610947794,1.2749842663004616,0.967884186403083,1.3842116467257874,1.8209545643383152,0.03485374204043518,1.2583237218588201,0.6698842659378585,-0.1415086997382818,1.3865511423269279,-0.4390358821128122,1.4242432292558669,-0.9920371371940933,1.9021231935735485,-0.15873978742581374,-0.5237957129987955,-0.7951375258359844,-0.5911925232177752,0
0.6050848494452397,0.4670881423230326,0.8997051785456238,1.0676587546940632,0.713067579273416,1.1131293708558936,-1.5314094739873088,1.550945093966642,0.8126858168872018,1.5992059238617538,0.2976079857490139,0.0545647585524371,-0.4390358821128122,-1.4987482463864636,0.4392116088102558,-0.045986381152699436,-0.15873978742581374,-0.5237957129987955,1.2576440772916977,-0.5911925232177752,0
-1.1929828884688964,-0.6485295104460861,0.8997051785456238,0.44568221987486817,-0.35551511395891805,-0.9164425794383279,-1.5314094739873088,0.6640885054221695,-1.3189210778785396,-0.8789851639353,0.7367246712363097,1.3865511423269279,-0.4390358821128122,1.4242432292558669,-0.9920371371940933,-0.0893969201132211,-0.15873978742581374,-0.5237957129987955,1.2576440772916977,-0.5911925232177752,0
1.718174401487324,-1.639915549484768,-0.9373322538565467,-0.003523055272328344,-1.523931364251822,-0.7298831168270937,0.1778322772525923,0.6640885054221695,-1.3189210778785396,-0.5692112779606683,0.7367246712363097,0.0545647585524371,-0.4390358821128122,-0.03725250856529844,1.2979608564128653,-1.6070700857603377,-0.15873978742581374,-0.5237957129987955,-0.7951375258359844,-0.5911925232177752,0
0.3482180297432202,0.16849810010833655,0.8997051785456238,1.240430014366062,0.9399277949642415,0.044365803932572695,-1.5314094739873088,1.88811232068876,0.13612699269759143,0.9796581519124903,-0.1415086997382818,0.0545647585524371,-0.4390358821128122,1.4242432292558669,-0.9920371371940933,-0.10044663152160982,-0.15873978742581374,1.9091412456869414,-0.7951375258359844,1.6914963581696623,0
0.3482180297432202,-2.0659934748922555,-0.9373322538565467,-1.454801636517117,-1.523931364251822,-0.8352753086062314,-0.35746650993044954,1.1521609060229787,-0.40088795727531673,-0.8789851639353,1.1758413567236055,0.0545647585524371,-0.4390358821128122,-1.4987482463864636,1.0117111072119953,-1.657679374169069,6.299617860250349,-0.5237957129987955,-0.7951375258359844,1.6914963581696623,1
1.2900630353172915,-0.6621959747047561,-0.9373322538565467,-1.4893558884515168,-0.23314965474948088,0.08252338521840286,-0.8686305850779471,0.6640885054221695,-0.40088795727531673,-0.5692112779606683,0.7367246712363097,0.0545647585524371,-0.4390358821128122,-0.03725250856529844,0.7254613580111255,-1.0315223520340797,-0.15873978742581374,1.9091412456869414,1.2576440772916977,-0.5911925232177752,0
-1.1073606152348898,0.34828364436318654,0.8997051785456238,-0.8328251016979219,1.2195411447933264,0.7469060250641646,0.1778322772525923,1.1521609060229787,1.5911750632737223,2.2187536958110172,0.2976079857490139,0.0545647585524371,1.0449053994284931,-1.4987482463864636,0.7254613580111255,0.8610828852935489,-0.15873978742581374,-0.5237957129987955,-0.7951375258359844,1.6914963581696623,0
-0.33676015612883164,0.025666280509601416,0.8997051785456238,0.20380245633407004,0.025761062238730974,0.36373276213575945,0.5402715434140909,0.03485374204043518,0.13612699269759143,-0.5692112779606683,0.7367246712363097,0.0545647585524371,-0.4390358821128122,-1.4987482463864636,0.4392116088102558,0.14966546472529813,-0.15873978742581374,-0.5237957129987955,-0.7951375258359844,1.6914963581696623,0
0.7763293959132526,0.6520541152679922,-0.9373322538565467,1.102213006628463,0.5585007053508754,0.4585309200799089,1.601435668278373,-0.8520028465040377,0.13612699269759143,1.289432037887122,-0.1415086997382818,0.0545647585524371,-0.4390358821128122,1.4242432292558669,-1.5645366355958328,-0.035221801945195065,-0.15873978742581374,-0.5237957129987955,1.2576440772916977,-0.5911925232177752,0
0.3482180297432202,0.12952154139227412,0.8997051785456238,1.6896352895132585,0.34385284704523994,-0.4250896211805721,-0.6950756318834131,-0.8520028465040377,0.517145163327906,-0.25943739198603655,-1.0197420707128733,0.0545647585524371,-0.4390358821128122,1.4242432292558669,-0.9920371371940933,-0.12760966677644517,-0.15873978742581374,1.9091412456869414,1.2576440772916977,-0.5911925232177752,0
1.4613075817853045,1.5746144588523612,-0.9373322538565467,-0.6254995900915234,1.2735363539254663,1.690869518716503,1.1197060816501374,-0.8520028465040377,1.4351782839311287,1.289432037887122,-1.8979754416874648,-1.2774216252220538,5.496729244052409,1.4242432292558669,-0.1332878895914838,-0.030971654903777793,-0.15873978742581374,-0.5237957129987955,1.2576440772916977,-0.5911925232177752,1
-0.8504937955328705,1.278984661603442,0.8997051785456238,-0.6600538420259232,1.20666532191223,1.2079426537966442,-1.5314094739873088,-0.8520028465040377,1.4351782839311287,0.36011037996322687,-0.5806253852255776,0.0545647585524371,4.012787962511103,-0.03725250856529844,0.4392116088102558,1.5836011733415236,-0.15873978742581374,-0.5237957129987955,1.2576440772916977,-0.5911925232177752,1
0.7763293959132526,-0.5152198121539333,0.8997051785456238,1.6896352895132585,-0.4872184539029216,-1.0611493408418176,-0.8686305850779471,-0.8520028465040377,-1.3189210778785396,-0.5692112779606683,-0.1415086997382818,0.0545647585524371,-0.4390358821128122,-0.03725250856529844,-0.7057873879932234,-0.7494980921393716,-0.15873978742581374,-0.5237957129987955,-0.7951375258359844,1.6914963581696623,0
-0.25113788289482514,1.4209777451285404,-0.9373322538565467,1.4823097779068601,0.6443853211695341,1.7648330354705288,1.6886596936938805,-0.8520028465040377,1.5911750632737223,1.9089798098363855,-1.0197420707128733,-1.2774216252220538,1.0449053994284931,-1.4987482463864636,1.2979608564128653,1.244381071197656,-0.15873978742581374,-0.5237957129987955,1.2576440772916977,-0.5911925232177752,0
1.9750412211893433,-1.6207726320394107,-0.9373322538565467,-0.2799570707475262,-1.9960009737071465,-1.0611493408418176,0.015992009486089375,0.03485374204043518,-1.3189210778785396,-0.8789851639353,0.2976079857490139,0.0545647585524371,-0.4390358821128122,1.4242432292558669,-0.4195376387923536,-1.646097975068443,6.299617860250349,-0.5237957129987955,-0.7951375258359844,-0.5911925232177752,0
1.2900630353172915,-0.8091721372555789,-0.9373322538565467,0.6530077314812666,-0.19523385994094014,0.541222261629304,0.7515442366719015,1.88811232068876,-0.40088795727531673,-0.25943739198603655,1.1758413567236055,0.0545647585524371,-0.4390358821128122,-1.4987482463864636,1.2979608564128653,-1.1064701896606508,-0.15873978742581374,-0.5237957129987955,-0.7951375258359844,1.6914963581696623,0
-1.1073606152348898,0.4259407372987337,0.8997051785456238,0.9985502508252638,0.877283757466046,1.1587523837986962,0.6940448115115979,0.03485374204043518,0.517145163327906,0.050336493988595146,-0.1415086997382818,0.0545647585524371,-0.4390358821128122,-0.03725250856529844,-0.4195376387923536,0.9376425584792367,-0.15873978742581374,-0.5237957129987955,-0.7951375258359844,-0.5911925232177752,0
0.6907071226792462,-1.454900239123712,0.8997051785456238,-0.10718581107552753,-1.6098159800704808,-1.179383373877105,-0.35746650993044954,0.03485374204043518,-1.3189210778785396,-0.8789851639353,0.7367246712363097,1.3865511423269279,-0.4390358821128122,1.4242432292558669,-0.4195376387923536,-1.3059654498817452,-0.15873978742581374,-0.5237957129987955,1.2576440772916977,-0.5911925232177752,0
0.4338403029772267,-0.3554652588341737,0.8997051785456238,0.7566704872844657,-0.11355414842257765,0.10079196769698218,-0.2769087108314654,1.550945093966642,-0.40088795727531673,-0.5692112779606683,0.7367246712363097,1.3865511423269279,-0.4390358821128122,-0.03725250856529844,0.7254613580111255,-0.5028285479060821,-0.15873978742581374,-0.5237957129987955,-0.7951375258359844,1.6914963581696623,0
0.6050848494452397,0.18882511554000456,0.8997051785456238,-1.4893558884515168,0.8115275832803671,0.7127669960131431,-0.08478960543199393,1.1521609060229787,1.054160113300814,0.9796581519124903,0.2976079857490139,0.0545647585524371,1.0449053994284931,-1.4987482463864636,1.2979608564128653,-0.22572030260426815,-0.15873978742581374,1.9091412456869414,1.2576440772916977,-0.5911925232177752,1
0.8619516691472591,-1.6729716182692764,-0.9373322538565467,1.1367672585628628,-1.9960009737071465,-2.2230906493806173,-0.6950756318834131,-0.8520028465040377,-1.3189210778785396,-1.1887590499099316,1.1758413567236055,0.0545647585524371,-0.4390358821128122,-0.03725250856529844,-1.5645366355958328,-1.4727812053850124,-0.15873978742581374,-0.5237957129987955,1.2576440772916977,-0.5911925232177752,0
1.204440762083285,2.0176151179808732,-0.9373322538565467,0.7566704872844657,1.229290752281059,1.7641405721994743,0.5204898583170638,-0.8520028465040377,1.054160113300814,1.9089798098363855,-1.0197420707128733,-1.2774216252220538,4.012787962511103,-0.03725250856529844,-0.4195376387923536,0.4125640629336285,-0.15873978742581374,1.9091412456869414,1.2576440772916977,-0.5911925232177752,1
1.8894189479553367,1.9081847290793208,-0.9373322538565467,-0.5909453381571238,1.045791673181148,1.7046840674455075,1.3618302631233208,-0.8520028465040377,1.2583237218588201,0.36011037996322687,-1.4588587562001691,-1.2774216252220538,4.012787962511103,-0.03725250856529844,1.584210605613735,-0.25073897598362915,-0.15873978742581374,-0.5237957129987955,-0.7951375258359844,-0.5911925232177752,1
-0.5936269758308511,1.52818795030576,-0.9373322538565467,-0.7291623458947226,1.1578102734444888,1.4298651001318734,0.9680912678882734,-2.368094198430245,1.054160113300814,2.2187536958110172,-1.4588587562001691,-1.2774216252220538,1.0449053994284931,1.4242432292558669,-0.7057873879932234,1.608837050368029,-0.15873978742581374,1.9091412456869414,-0.7951375258359844,-0.5911925232177752,0
1.1188184888492785,-0.645519928064213,-0.9373322538565467,-1.0055963613699206,0.2630521478183642,0.4100733137233073,0.1778322772525923,1.550945093966642,-0.40088795727531673,-0.25943739198603655,1.1758413567236055,0.0545647585524371,-0.4390358821128122,1.4242432292558669,-1.5645366355958328,-0.9584228419685356,-0.15873978742581374,1.9091412456869414,-0.7951375258359844,-0.5911925232177752,1
0.8619516691472591,-1.7240358439289278,-0.9373322538565467,-1.3511388807139177,-1.6098159800704808,-0.4250896211805721,0.14125821022048246,0.6640885054221695,-0.40088795727531673,-0.8789851639353,0.2976079857490139,0.0545647585524371,-0.4390358821128122,1.4242432292558669,-0.7057873879932234,-1.5031603641409992,-0.15873978742581374,-0.5237957129987955,-0.7951375258359844,-0.5911925232177752,1
-1.1929828884688964,-0.4445686323040582,0.8997051785456238,-1.454801636517117,0.32974710184490785,-0.05070534571913307,-1.5314094739873088,1.550945093966642,-0.40088795727531673,0.050336493988595146,1.1758413567236055,1.3865511423269279,-0.4390358821128122,-1.4987482463864636,1.0117111072119953,0.11514853456000734,-0.15873978742581374,-0.5237957129987955,-0.7951375258359844,1.6914963581696623,1
-0.33676015612883164,-1.3847917708508959,0.8997051785456238,0.6184534795468668,-1.3252109267769627,-0.96118389028511,-0.6950756318834131,-0.8520028465040377,-0.40088795727531673,-1.1887590499099316,0.2976079857490139,0.0545647585524371,-0.4390358821128122,-0.03725250856529844,-1.5645366355958328,-1.0250892664076567,6.299617860250349,-0.5237957129987955,-0.7951375258359844,-0.5911925232177752,0
-0.6792492490648575,1.148783220525355,0.8997051785456238,-0.03807730720672808,0.8610076095190315,0.9603371651744392,0.6470116002814561,1.1521609060229787,0.13612699269759143,1.9089798098363855,-0.1415086997382818,1.3865511423269279,-0.4390358821128122,-0.03725250856529844,-0.9920371371940933,1.3362850499115229,-0.15873978742581374,-0.5237957129987955,-0.7951375258359844,1.6914963581696623,0
-1.5354719814049222,0.9625838121779883,0.8997051785456238,0.4111279679404684,0.8910150937600213,0.8192099443684683,1.661974330814928,0.03485374204043518,1.2583237218588201,2.2187536958110172,-0.5806253852255776,0.0545647585524371,-0.4390358821128122,-0.03725250856529844,-1.278286886394963,1.764862229316064,-0.15873978742581374,-0.5237957129987955,1.2576440772916977,-0.5911925232177752,0
-0.4223824293628381,-0.23123364510373667,0.8997051785456238,-0.4527283304195248,-0.4397730215411439,-0.9164425794383279,-1.5314094739873088,0.03485374204043518,-1.3189210778785396,-0.8789851639353,0.2976079857490139,1.3865511423269279,-0.4390358821128122,1.4242432292558669,-0.9920371371940933,-0.02496375170632054,-0.15873978742581374,1.9091412456869414,-0.7951375258359844,1.6914963581696623,0
-0.8504937955328705,-1.6235355273408023,-0.9373322538565467,0.9639959988908641,-1.523931364251822,-1.324090135280595,0.38587017807789625,-0.8520028465040377,-0.40088795727531673,-1.1887590499099316,1.1758413567236055,-1.2774216252220538,-0.4390358821128122,-1.4987482463864636,1.584210605613735,-1.1298929613391797,-0.15873978742581374,-0.5237957129987955,1.2576440772916977,-0.5911925232177752,0
-1.1929828884688964,-0.7081291090903943,0.8997051785456238,1.4132012740380606,-0.9676038472142717,-1.1175755046062268,-1.5314094739873088,-0.8520028465040377,-0.40088795727531673,-1.1887590499099316,0.7367246712363097,1.3865511423269279,1.0449053994284931,-0.03725250856529844,-0.7057873879932234,-0.14916733841154234,-0.15873978742581374,-0.5237957129987955,-0.7951375258359844,-0.5911925232177752,0
-0.25113788289482514,1.5210833623878957,-0.9373322538565467,-0.4872825823539246,0.8350891142184722,1.3703732754360805,1.276265901321975,-0.8520028465040377,1.054160113300814,1.9089798098363855,-1.8979754416874648,-1.2774216252220538,1.0449053994284931,1.4242432292558669,-0.9920371371940933,1.3260563515168569,-0.15873978742581374,-0.5237957129987955,-0.7951375258359844,1.6914963581696623,0
-0.9361160687668769,1.1715277693457407,0.8997051785456238,-0.38361982655072535,0.35761026639791205,0.30072286881039795,0.33337731561995393,-0.8520028465040377,0.13612699269759143,1.289432037887122,-0.5806253852255776,0.0545647585524371,-0.4390358821128122,-0.03725250856529844,-0.4195376387923536,1.546326008444737,-0.15873978742581374,-0.5237957129987955,-0.7951375258359844,-0.5911925232177752,0
-1.2786051617029028,0.910138138867641,0.8997051785456238,-0.10718581107552753,1.280321368250295,0.9106199701556038,1.5073202796768133,1.1521609060229787,1.8569517264925168,-0.25943739198603655,-0.1415086997382818,0.0545647585524371,-0.4390358821128122,-0.03725250856529844,-1.278286886394963,1.5324786469712006,-0.15873978742581374,-0.5237957129987955,-0.7951375258359844,-0.5911925232177752,0
-0.16551560966081866,1.359207300175996,0.8997051785456238,-0.556391086222724,0.45919020674105954,0.8368171379149353,0.33337731561995393,0.03485374204043518,-0.40088795727531673,0.6698842659378585,0.2976079857490139,1.3865511423269279,-0.4390358821128122,1.4242432292558669,-0.7057873879932234,1.1276093714460727,-0.15873978742581374,-0.5237957129987955,-0.7951375258359844,-0.5911925232177752,0
-0.5080047025968446,1.2748896560674505,-0.9373322538565467,0.722116235350066,0.9184964152611482,1.2790390717433722,0.5204898583170638,-0.8520028465040377,1.054160113300814,2.2187536958110172,-1.8979754416874648,-1.2774216252220538,1.0449053994284931,-0.03725250856529844,1.2979608564128653,1.3200107102339886,-0.15873978742581374,-0.5237957129987955,1.2576440772916977,-0.5911925232177752,0
-0.8504937955328705,0.16711665245764065,0.8997051785456238,0.06558544859647111,0.2662633796199039,0.49386606098258407,0.5779892834773674,1.1521609060229787,-0.40088795727531673,0.050336493988595146,0.7367246712363097,0.0545647585524371,1.0449053994284931,1.4242432292558669,-0.4195376387923536,0.5441433487764322,-0.15873978742581374,-0.5237957129987955,1.2576440772916977,-0.5911925232177752,0
0.17697348327520726,-0.4535973794496777,-0.9373322538565467,-1.0747048652387199,-0.8611579617475593,-1.0611493408418176,-1.5314094739873088,-0.8520028465040377,-1.3189210778785396,-0.8789851639353,1.1758413567236055,0.0545647585524371,-0.4390358821128122,-0.03725250856529844,1.584210605613735,-0.46286894720038124,-0.15873978742581374,1.9091412456869414,1.2576440772916977,-0.5911925232177752,0
-0.4223824293628381,0.20545182476445142,0.8997051785456238,1.6550810375788587,0.13306376782846038,-1.0092423019281362,-1.5314094739873088,0.03485374204043518,-0.40088795727531673,-0.8789851639353,0.2976079857490139,0.0545647585524371,1.0449053994284931,1.4242432292558669,-0.7057873879932234,0.3461693527094677,-0.15873978742581374,-0.5237957129987955,-0.7951375258359844,1.6914963581696623,0
1.204440762083285,-0.7057609131177728,-0.9373322538565467,-0.5909453381571238,0.5233007587811256,0.2235138511120732,-0.08478960543199393,1.550945093966642,0.517145163327906,-0.25943739198603655,1.1758413567236055,0.0545647585524371,-0.4390358821128122,-0.03725250856529844,-0.7057873879932234,-1.02246353428716,-0.15873978742581374,-0.5237957129987955,-0.7951375258359844,1.6914963581696623,0
-2.0492056208089613,-0.2970497581761763,-0.9373322538565467,-1.3856931326483175,-0.35551511395891805,-0.4669423223883164,-0.8686305850779471,-0.8520028465040377,-0.40088795727531673,-0.8789851639353,1.1758413567236055,-1.2774216252220538,-0.4390358821128122,1.4242432292558669,-0.4195376387923536,0.6453015446572368,-0.15873978742581374,1.9091412456869414,-0.7951375258359844,-0.5911925232177752,1
-1.8779610743409483,0.923804603126311,-0.9373322538565467,-1.4893558884515168,0.5771361273323915,1.6221992384056418,1.1344211366037953,-0.8520028465040377,1.054160113300814,2.2187536958110172,-0.5806253852255776,-1.2774216252220538,-0.4390358821128122,-0.03725250856529844,-1.5645366355958328,1.9592267871694808,-0.15873978742581374,-0.5237957129987955,-0.7951375258359844,1.6914963581696623,1
0.005728936807194294,0.32016131718830604,0.8997051785456238,1.0676587546940632,1.0489438579696464,0.01419795564245568,-1.5314094739873088,0.03485374204043518,0.517145163327906,0.36011037996322687,1.1758413567236055,0.0545647585524371,-0.4390358821128122,-0.03725250856529844,-1.5645366355958328,0.20009780344465697,-0.15873978742581374,1.9091412456869414,-0.7951375258359844,-0.5911925232177752,0
-1.8779610743409483,-1.1450119286229674,-0.9373322538565467,-0.003523055272328344,-2.2219047133258343,-1.773590392330606,-0.2769087108314654,-0.8520028465040377,-1.3189210778785396,-1.1887590499099316,0.7367246712363097,-1.2774216252220538,-0.4390358821128122,-1.4987482463864636,1.2979608564128653,-0.3968407157167688,6.299617860250349,-0.5237957129987955,-0.7951375258359844,1.6914963581696623,0
-1.9635833475749547,0.7518143706146735,-0.9373322538565467,-0.9710421094355208,0.9751082380185014,0.7502231258604087,0.6134870124126136,-0.8520028465040377,0.8126858168872018,2.2187536958110172,-1.4588587562001691,-1.2774216252220538,-0.4390358821128122,-0.03725250856529844,0.7254613580111255,1.819405503472879,-0.15873978742581374,-0.5237957129987955,1.2576440772916977,-0.5911925232177752,0
0.005728936807194294,0.9030828883658727,0.8997051785456238,1.5859725337100592,0.5933911686880121,0.7856334585762274,1.2646638640771235,0.6640885054221695,0.517145163327906,1.289432037887122,-0.1415086997382818,0.0545647585524371,-0.4390358821128122,-0.03725250856529844,-0.4195376387923536,0.6459732825775554,-0.15873978742581374,-0.5237957129987955,-0.7951375258359844,-0.5911925232177752,0
-1.7067165278729353,1.4191029233168817,-0.9373322538565467,0.23835670826846977,1.4642173154130782,1.2963717326708837,1.3205637637491185,0.03485374204043518,0.8126858168872018,-0.25943739198603655,-1.4588587562001691,-1.2774216252220538,4.012787962511103,-0.03725250856529844,-0.9920371371940933,2.3885126039556317,-0.15873978742581374,1.9091412456869414,1.2576440772916977,-0.5911925232177752,0
-0.6792492490648575,0.5794787761903619,0.8997051785456238,-0.03807730720672808,1.1934848815893957,0.4266314504892762,0.060700411121498196,0.6640885054221695,0.517145163327906,-0.25943739198603655,0.2976079857490139,0.0545647585524371,1.0449053994284931,-1.4987482463864636,1.0117111072119953,0.8234102125637647,-0.15873978742581374,1.9091412456869414,-0.7951375258359844,1.6914963581696623,1
0.4338403029772267,-0.32601082142469356,0.8997051785456238,-0.7982708497635221,-0.04793166282186812,0.3577002368508518,0.8286644917507655,1.550945093966642,-0.40088795727531673,-0.25943739198603655,0.2976079857490139,0.0545647585524371,-0.4390358821128122,-1.4987482463864636,0.7254613580111255,-0.48280220391455786,-0.15873978742581374,-0.5237957129987955,1.2576440772916977,-0.5911925232177752,0
0.9475739423812656,-0.9738110947688705,-0.9373322538565467,-1.5930186442547158,-1.8357197196891686,-1.324090135280595,0.14125821022048246,-0.8520028465040377,-1.3189210778785396,-0.8789851639353,0.7367246712363097,0.0545647585524371,-0.4390358821128122,1.4242432292558669,-1.278286886394963,-1.0835539469507518,-0.15873978742581374,-0.5237957129987955,-0.7951375258359844,-0.5911925232177752,0
-1.7067165278729353,-0.0013706235111608804,0.8997051785456238,-0.34906557461632565,0.7029241775826259,-0.16214882674179482,-0.35746650993044954,1.1521609060229787,-0.40088795727531673,0.36011037996322687,1.1758413567236055,0.0545647585524371,1.0449053994284931,-0.03725250856529844,-1.278286886394963,0.8190988459615692,-0.15873978742581374,1.9091412456869414,-0.7951375258359844,-0.5911925232177752,1
0.17697348327520726,-1.0471758325040412,0.8997051785456238,-0.556391086222724,-1.0633497324158372,-1.0092423019281362,-0.2769087108314654,0.6640885054221695,-1.3189210778785396,-0.8789851639353,0.7367246712363097,1.3865511423269279,-0.4390358821128122,-1.4987482463864636,1.584210605613735,-0.8967168792006818,-0.15873978742581374,-0.5237957129987955,-0.7951375258359844,-0.5911925232177752,0
0.8619516691472591,-1.7555624528144518,0.8997051785456238,-0.24540281881312645,-1.8357197196891686,-1.6288836309271162,-0.2769087108314654,1.1521609060229787,-0.40088795727531673,-0.5692112779606683,-1.0197420707128733,1.3865511423269279,-0.4390358821128122,-0.03725250856529844,-0.9920371371940933,-1.5219161925903477,6.299617860250349,-0.5237957129987955,-0.7951375258359844,-0.5911925232177752,0
-0.07989333642681218,-0.516897284301207,0.8997051785456238,1.0676587546940632,-0.8147021338647573,-0.6116490837918062,-1.5314094739873088,0.6640885054221695,-0.40088795727531673,-0.8789851639353,0.2976079857490139,1.3865511423269279,-0.4390358821128122,-0.03725250856529844,1.2979608564128653,-0.40568232981654434,-0.15873978742581374,-0.5237957129987955,1.2576440772916977,-0.5911925232177752,0
0.17697348327520726,-0.583848157943861,-0.9373322538565467,-1.3856931326483175,-0.1597347739410857,-0.006722948700011491,-0.5604559516442456,0.03485374204043518,-0.40088795727531673,-1.1887590499099316,1.6149580422109011,0.0545647585524371,-0.4390358821128122,-0.03725250856529844,0.4392116088102558,-0.5580695573309434,-0.15873978742581374,-0.5237957129987955,-0.7951375258359844,-0.5911925232177752,1
-1.1929828884688964,-0.6350603958518013,0.8997051785456238,0.10013970053087085,-0.6771647387791713,-1.410684147335121,-0.8686305850779471,0.03485374204043518,-1.3189210778785396,-0.5692112779606683,-0.5806253852255776,1.3865511423269279,-0.4390358821128122,1.4242432292558669,-0.4195376387923536,-0.07588920140838526,-0.15873978742581374,1.9091412456869414,1.2576440772916977,-0.5911925232177752,0
0.26259575650921374,1.3017292104238278,-0.9373322538565467,0.9985502508252638,0.14113850590702598,0.779337372307516,0.1778322772525923,0.6640885054221695,0.8126858168872018,0.36011037996322687,-0.1415086997382818,0.0545647585524371,-0.4390358821128122,-0.03725250856529844,-0.4195376387923536,0.7547067701365608,-0.15873978742581374,-0.5237957129987955,1.2576440772916977,-0.5911925232177752,0
-0.4223824293628381,0.5579183253562869,0.8997051785456238,0.6530077314812666,0.2433860882416136,0.29407161264015597,1.3568237004209593,0.6640885054221695,0.13612699269759143,0.6698842659378585,-0.5806253852255776,0.0545647585524371,-0.4390358821128122,-0.03725250856529844,0.7254613580111255,0.6457258884620822,-0.15873978742581374,-0.5237957129987955,1.2576440772916977,-0.5911925232177752,0
0.8619516691472591,-1.8779685821493264,-0.9373322538565467,-0.14174006300992725,-1.1790354179593172,-1.2477088034530517,-0.20585169616858562,0.03485374204043518,-1.3189210778785396,-0.8789851639353,0.7367246712363097,0.0545647585524371,-0.4390358821128122,-0.03725250856529844,-0.9920371371940933,-1.5947381180720896,-0.15873978742581374,-0.5237957129987955,-0.7951375258359844,-0.5911925232177752,0
0.5194625762112332,0.38898701264261887,0.8997051785456238,-0.0726315591411278,0.28204764135827554,0.21601675267939202,1.0486490669872577,0.03485374204043518,0.517145163327906,0.6698842659378585,-1.4588587562001691,0.0545647585524371,-0.4390358821128122,-0.03725250856529844,1.0117111072119953,-0.04655077518562639,-0.15873978742581374,-0.5237957129987955,-0.7951375258359844,1.6914963581696623,0
0.6907071226792462,1.0124146024352327,0.8997051785456238,-0.5218368342883243,1.0481574821507635,0.6655170097294034,0.996156204529315,-0.8520028465040377,1.4351782839311287,0.9796581519124903,-0.1415086997382818,0.0545647585524371,-0.4390358821128122,-0.03725250856529844,0.4392116088102558,0.2457684344092472,-0.15873978742581374,-0.5237957129987955,1.2576440772916977,-0.5911925232177752,0
1.4613075817853045,-1.462448863786443,-0.9373322538565467,1.102213006628463,-1.6098159800704808,-1.324090135280595,0.21231522488336196,0.03485374204043518,-0.40088795727531673,-0.8789851639353,0.2976079857490139,0.0545647585524371,-0.4390358821128122,-0.03725250856529844,0.7254613580111255,-1.4764208340668892,-0.15873978742581374,-0.5237957129987955,1.2576440772916977,-0.5911925232177752,0
-1.1073606152348898,0.7664182457791728,0.8997051785456238,0.7912247392188655,0.8151259629050337,0.9106199701556038,1.209502764880151,0.6640885054221695,0.13612699269759143,1.9089798098363855,0.2976079857490139,0.0545647585524371,-0.4390358821128122,-0.03725250856529844,-0.9920371371940933,1.2733085716014931,-0.15873978742581374,-0.5237957129987955,1.2576440772916977,-0.5911925232177752,0
0.9475739423812656,-0.7299362470049507,-0.9373322538565467,-0.9019336055667213,-1.02957289562413,-1.9601498549418401,-1.5314094739873088,-0.8520028465040377,-1.3189210778785396,-0.8789851639353,-0.1415086997382818,0.0545647585524371,-0.4390358821128122,1.4242432292558669,-0.1332878895914838,-0.9426131000536188,-0.15873978742581374,1.9091412456869414,-0.7951375258359844,-0.5911925232177752,0
1.1188184888492785,0.9993895245858143,-0.9373322538565467,-0.694608093960323,0.6697867424884917,1.2351337156262387,1.458378265275997,-0.8520028465040377,1.5911750632737223,0.050336493988595146,-1.8979754416874648,-1.2774216252220538,-0.4390358821128122,-0.03725250856529844,-0.4195376387923536,-0.06371154055826288,-0.15873978742581374,-0.5237957129987955,-0.7951375258359844,1.6914963581696623,0
-0.6792492490648575,-1.151919166876447,-0.9373322538565467,1.0676587546940632,-2.2219047133258343,-1.324090135280595,-0.8686305850779471,-0.8520028465040377,-1.3189210778785396,-0.8789851639353,0.2976079857490139,-1.2774216252220538,-0.4390358821128122,1.4242432292558669,-0.1332878895914838,-0.7363711087851283,6.299617860250349,-0.5237957129987955,1.2576440772916977,-0.5911925232177752,0
0.5194625762112332,-0.18692864544927584,0.8997051785456238,-0.6600538420259232,0.07751655091237991,-0.5352677519642633,-0.8686305850779471,0.03485374204043518,0.13612699269759143,-0.8789851639353,0.7367246712363097,0.0545647585524371,1.0449053994284931,-0.03725250856529844,1.0117111072119953,-0.42833189005620453,-0.15873978742581374,-0.5237957129987955,1.2576440772916977,-0.5911925232177752,0
0.4338403029772267,-1.2871036869802583,-0.9373322538565467,-1.1783676210419192,-0.5390835201509595,-0.44567839143551063,-0.08478960543199393,0.6640885054221695,-1.3189210778785396,-0.8789851639353,1.6149580422109011,0.0545647585524371,-0.4390358821128122,-1.4987482463864636,0.7254613580111255,-1.1362581184118625,-0.15873978742581374,1.9091412456869414,-0.7951375258359844,-0.5911925232177752,1
-1.9635833475749547,-0.028851564276789712,-0.9373322538565467,1.2749842663004616,-0.025863543420686627,0.02441063586943899,-0.8686305850779471,-0.8520028465040377,-0.40088795727531673,-0.5692112779606683,0.2976079857490139,-1.2774216252220538,-0.4390358821128122,-0.03725250856529844,-0.7057873879932234,0.9170761405542728,-0.15873978742581374,1.9091412456869414,1.2576440772916977,-0.5911925232177752,0
1.375685308551298,0.9373723925527884,-0.9373322538565467,0.6530077314812666,0.6524483732565697,1.4014075123543643,0.21231522488336196,-0.8520028465040377,1.054160113300814,1.9089798098363855,-1.4588587562001691,-1.2774216252220538,-0.4390358821128122,-1.4987482463864636,1.0117111072119953,-0.27505488235022224,-0.15873978742581374,-0.5237957129987955,-0.7951375258359844,-0.5911925232177752,0
-1.4498497081709159,1.6692929603411255,-0.9373322538565467,0.1692482043996703,0.6970439417310675,1.3076747079888658,1.5633934929594875,-0.8520028465040377,1.4351782839311287,0.36011037996322687,-2.3370921271747607,-1.2774216252220538,-0.4390358821128122,-0.03725250856529844,-0.1332878895914838,2.4500022017004617,-0.15873978742581374,1.9091412456869414,-0.7951375258359844,1.6914963581696623,0
-0.16551560966081866,-0.4407203138485482,0.8997051785456238,-0.17629431494432699,-0.8859241356959092,-1.773590392330606,-1.5314094739873088,-0.8520028465040377,-1.3189210778785396,-0.8789851639353,0.2976079857490139,0.0545647585524371,-0.4390358821128122,1.4242432292558669,-0.9920371371940933,-0.3103408308337805,-0.15873978742581374,-0.5237957129987955,1.2576440772916977,-0.5911925232177752,0
-1.1929828884688964,-0.4445686323040582,0.8997051785456238,-1.454801636517117,0.32974710184490785,-0.05070534571913307,-1.5314094739873088,1.550945093966642,-0.40088795727531673,0.050336493988595146,1.1758413567236055,1.3865511423269279,-0.4390358821128122,-1.4987482463864636,1.0117111072119953,0.11514853456000734,-0.15873978742581374,-0.5237957129987955,-0.7951375258359844,1.6914963581696623,1
1.375685308551298,-1.0773703311549654,-0.9373322538565467,1.3095385182348613,-0.2823416314104459,0.07319240708743925,-0.2769087108314654,1.1521609060229787,-0.40088795727531673,-0.5692112779606683,1.1758413567236055,0.0545647585524371,-0.4390358821128122,-1.4987482463864636,0.4392116088102558,-1.2681904650092908,-0.15873978742581374,-0.5237957129987955,-0.7951375258359844,-0.5911925232177752,0
0.6907071226792462,-1.1161988776227392,-0.9373322538565467,0.34201946407166894,0.36301950476314765,-0.1758017897944036,-0.6950756318834131,0.03485374204043518,-0.40088795727531673,-0.25943739198603655,1.1758413567236055,-1.2774216252220538,-0.4390358821128122,-1.4987482463864636,1.0117111072119953,-1.0929507302181314,-0.15873978742581374,1.9091412456869414,1.2576440772916977,-0.5911925232177752,0
0.3482180297432202,-0.6000308304234414,-0.9373322538565467,-1.1438133691075194,-0.22535725954179572,-0.7631463972079218,-1.5314094739873088,-0.8520028465040377,-0.40088795727531673,-1.1887590499099316,0.7367246712363097,0.0545647585524371,-0.4390358821128122,-0.03725250856529844,0.4392116088102558,-0.6360397962868884,-0.15873978742581374,1.9091412456869414,-0.7951375258359844,1.6914963581696623,0
1.2900630353172915,0.679535056033621,-0.9373322538565467,-1.6621271481235154,-0.22535725954179572,0.39308129030207783,1.4454961955437307,-0.8520028465040377,0.517145163327906,2.2187536958110172,-1.8979754416874648,-1.2774216252220538,-0.4390358821128122,-0.03725250856529844,0.4392116088102558,-0.3473308635296829,-0.15873978742581374,-0.5237957129987955,1.2576440772916977,-0.5911925232177752,0
0.8619516691472591,-1.549332053531995,-0.9373322538565467,0.5147907237436676,-2.6080897069625,-1.324090135280595,-0.03229674297405158,0.03485374204043518,-1.3189210778785396,-0.8789851639353,0.2976079857490139,0.0545647585524371,-0.4390358821128122,-1.4987482463864636,1.584210605613735,-1.3992254837980533,6.299617860250349,-0.5237957129987955,-0.7951375258359844,-0.5911925232177752,0
0.6050848494452397,-0.45014376032293796,0.8997051785456238,0.7912247392188655,-0.07680585298641143,-0.6680752475562154,-1.5314094739873088,0.6640885054221695,-0.40088795727531673,-0.5692112779606683,-0.1415086997382818,1.3865511423269279,-0.4390358821128122,1.4242432292558669,-1.278286886394963,-0.6384390998949182,-0.15873978742581374,1.9091412456869414,-0.7951375258359844,-0.5911925232177752,0
-0.07989333642681218,0.6410518714785214,-0.9373322538565467,1.6896352895132585,1.194696071577665,0.6541063025743561,0.6470116002814561,-0.8520028465040377,0.8126858168872018,1.289432037887122,0.2976079857490139,-1.2774216252220538,-0.4390358821128122,-1.4987482463864636,1.0117111072119953,0.49971304288568885,-0.15873978742581374,-0.5237957129987955,1.2576440772916977,-0.5911925232177752,0
-0.8504937955328705,0.9687509891900234,0.8997051785456238,1.4477555259724604,1.0039552403252776,0.6617357057696556,0.6134870124126136,0.03485374204043518,0.13612699269759143,1.289432037887122,0.7367246712363097,0.0545647585524371,-0.4390358821128122,-0.03725250856529844,1.2979608564128653,1.2935714075949274,-0.15873978742581374,-0.5237957129987955,-0.7951375258359844,1.6914963581696623,0
0.17697348327520726,-0.8385772372489627,0.8997051785456238,-1.4202473845827173,0.34385284704523994,-0.006722948700011491,-0.20585169616858562,1.550945093966642,0.13612699269759143,-0.25943739198603655,1.1758413567236055,1.3865511423269279,-0.4390358821128122,-0.03725250856529844,-1.5645366355958328,-0.7442516596430996,-0.15873978742581374,-0.5237957129987955,-0.7951375258359844,1.6914963581696623,1
-0.16551560966081866,-0.23152966960031438,0.8997051785456238,-1.0055963613699206,0.19823420701476896,-0.05070534571913307,-1.5314094739873088,1.1521609060229787,-0.40088795727531673,-0.5692112779606683,1.1758413567236055,1.3865511423269279,-0.4390358821128122,-1.4987482463864636,1.2979608564128653,-0.14321981615074295,-0.15873978742581374,-0.5237957129987955,-0.7951375258359844,-0.5911925232177752,0
0.3482180297432202,-0.12348072834945775,0.8997051785456238,-1.4893558884515168,0.6970439417310675,-0.29680125043934796,-0.03229674297405158,1.550945093966642,0.517145163327906,0.050336493988595146,0.2976079857490139,0.0545647585524371,-0.4390358821128122,-1.4987482463864636,0.7254613580111255,-0.3039287108103637,-0.15873978742581374,-0.5237957129987955,1.2576440772916977,-0.5911925232177752,0
1.204440762083285,-0.7658045485069475,-0.9373322538565467,0.1692482043996703,-0.46299084662307727,-0.44567839143551063,0.015992009486089375,-0.8520028465040377,-1.3189210778785396,-0.5692112779606683,0.2976079857490139,0.0545647585524371,-0.4390358821128122,-0.03725250856529844,1.584210605613735,-1.0541023064717594,-0.15873978742581374,-0.5237957129987955,-0.7951375258359844,1.6914963581696623,0
0.8619516691472591,0.4559872237013692,0.8997051785456238,0.7912247392188655,0.9568693859691032,0.4789575471181693,1.7333680953292894,3.4042036726149667,0.13612699269759143,1.9089798098363855,1.1758413567236055,1.3865511423269279,-0.4390358821128122,-1.4987482463864636,0.4392116088102558,-0.20621977593613952,-0.15873978742581374,-0.5237957129987955,-0.7951375258359844,1.6914963581696623,0
0.8619516691472591,1.2680317552300675,0.8997051785456238,-0.10718581107552753,0.7651240721425386,1.0109544060945141,0.38587017807789625,-0.8520028465040377,1.2583237218588201,1.5992059238617538,-1.0197420707128733,0.0545647585524371,-0.4390358821128122,-0.03725250856529844,1.2979608564128653,0.27688222789457123,-0.15873978742581374,-0.5237957129987955,-0.7951375258359844,1.6914963581696623,0
-1.6210942546389289,-0.8668969140882283,0.8997051785456238,-1.316584628779518,-0.9676038472142717,-0.8745898782305835,0.015992009486089375,0.6640885054221695,-0.40088795727531673,-0.8789851639353,-0.1415086997382818,1.3865511423269279,-0.4390358821128122,-0.03725250856529844,0.4392116088102558,-0.16571506955227747,-0.15873978742581374,-0.5237957129987955,-0.7951375258359844,1.6914963581696623,0
-0.5080047025968446,-0.1321641135824033,0.8997051785456238,-0.9710421094355208,-0.39605278266568333,-1.179383373877105,-1.5314094739873088,0.03485374204043518,-1.3189210778785396,-0.5692112779606683,-0.5806253852255776,1.3865511423269279,-0.4390358821128122,1.4242432292558669,-0.7057873879932234,0.10025792468088242,-0.15873978742581374,1.9091412456869414,-0.7951375258359844,-0.5911925232177752,0
-0.5936269758308511,1.5060354504785296,-0.9373322538565467,1.3786470221036609,1.0690094982630811,1.1280808525382289,1.4994340583170955,-0.8520028465040377,1.7307189374904248,2.2187536958110172,-1.8979754416874648,-1.2774216252220538,1.0449053994284931,-0.03725250856529844,0.4392116088102558,1.5892568544084766,-0.15873978742581374,-0.5237957129987955,-0.7951375258359844,1.6914963581696623,0
0.6050848494452397,-0.6857792595987787,-0.9373322538565467,1.1367672585628628,-0.6272375777029506,-0.6680752475562154,-0.03229674297405158,-0.8520028465040377,-0.40088795727531673,-0.8789851639353,0.2976079857490139,0.0545647585524371,-0.4390358821128122,1.4242432292558669,-1.278286886394963,-0.7906393142305019,-0.15873978742581374,-0.5237957129987955,-0.7951375258359844,-0.5911925232177752,0
-1.4498497081709159,-0.8645287181156068,0.8997051785456238,0.6875619834156662,0.12898208528586744,-0.2487428387963213,-0.08478960543199393,1.550945093966642,0.517145163327906,-0.8789851639353,0.2976079857490139,1.3865511423269279,1.0449053994284931,-0.03725250856529844,0.152961859609386,-0.2202893728015416,-0.15873978742581374,-0.5237957129987955,-0.7951375258359844,1.6914963581696623,0
-0.764871522298864,-1.1385487271143546,0.8997051785456238,0.20380245633407004,-1.223630986433815,-1.1175755046062268,-1.5314094739873088,-0.8520028465040377,-0.40088795727531673,-1.1887590499099316,0.2976079857490139,1.3865511423269279,-0.4390358821128122,-0.03725250856529844,-0.1332878895914838,-0.7004083906365299,-0.15873978742581374,-0.5237957129987955,1.2576440772916977,-0.5911925232177752,0
-1.1929828884688964,0.5396634814006628,0.8997051785456238,-1.2474761249107187,0.2332864671223721,0.252664457167371,-1.5314094739873088,-0.8520028465040377,0.13612699269759143,0.6698842659378585,-1.0197420707128733,0.0545647585524371,-0.4390358821128122,-0.03725250856529844,1.0117111072119953,1.1022015764749165,-0.15873978742581374,-0.5237957129987955,-0.7951375258359844,-0.5911925232177752,0
0.6907071226792462,-0.7560357401198836,-0.9373322538565467,1.0676587546940632,-0.7131221935216093,-0.44567839143551063,-0.6950756318834131,0.03485374204043518,-1.3189210778785396,-0.8789851639353,0.2976079857490139,0.0545647585524371,-0.4390358821128122,1.4242432292558669,-0.7057873879932234,-0.8664383553391247,-0.15873978742581374,-0.5237957129987955,-0.7951375258359844,-0.5911925232177752,0
-0.4223824293628381,0.5825376959883314,2.736742610947794,1.6550810375788587,1.0690094982630811,0.0917220045792926,-0.03229674297405158,0.03485374204043518,0.517145163327906,-0.5692112779606683,-0.5806253852255776,1.3865511423269279,1.0449053994284931,1.4242432292558669,-0.1332878895914838,0.6666495602622718,-0.15873978742581374,-0.5237957129987955,-0.7951375258359844,1.6914963581696623,0
1.033196215615272,1.1928415330993343,-0.9373322538565467,-0.7637165978291224,0.6411271412689733,0.5084395235392493,1.8209545643383152,-0.8520028465040377,1.054160113300814,0.6698842659378585,-0.5806253852255776,0.0545647585524371,-0.4390358821128122,1.4242432292558669,-0.4195376387923536,0.10505820914518244,-0.15873978742581374,-0.5237957129987955,-0.7951375258359844,1.6914963581696623,0
0.6050848494452397,1.3231909864257103,0.8997051785456238,1.7241895414476582,0.8005908644356639,0.9815238993184251,1.6308701567976351,0.03485374204043518,1.4351782839311287,1.289432037887122,-1.0197420707128733,0.0545647585524371,-0.4390358821128122,1.4242432292558669,-0.1332878895914838,0.5069822367599992,-0.15873978742581374,-0.5237957129987955,-0.7951375258359844,1.6914963581696623,0
0.4338403029772267,1.1892892391404022,0.8997051785456238,1.3095385182348613,1.280321368250295,1.5074054881959795,1.475137324703227,-0.8520028465040377,1.054160113300814,2.2187536958110172,0.2976079857490139,0.0545647585524371,1.0449053994284931,-1.4987482463864636,1.0117111072119953,0.5474643002926146,-0.15873978742581374,-0.5237957129987955,-0.7951375258359844,1.6914963581696623,0
-1.5354719814049222,0.3842506206973758,0.8997051785456238,1.240430014366062,0.12898208528586744,-1.1175755046062268,-1.5314094739873088,0.03485374204043518,-0.40088795727531673,-0.5692112779606683,-0.1415086997382818,1.3865511423269279,-0.4390358821128122,-0.03725250856529844,-0.7057873879932234,1.1455500572505397,-0.15873978742581374,-0.5237957129987955,-0.7951375258359844,1.6914963581696623,0
-0.25113788289482514,-0.7167138194911472,0.8997051785456238,-0.6600538420259232,0.42654463363788175,0.5226926641374506,-0.5604559516442456,2.6682522579491867,-0.40088795727531673,0.6698842659378585,0.7367246712363097,1.3865511423269279,-0.4390358821128122,-0.03725250856529844,-0.9920371371940933,-0.4997424111435691,-0.15873978742581374,-0.5237957129987955,-0.7951375258359844,-0.5911925232177752,1
-1.5354719814049222,-0.340812046253578,0.8997051785456238,1.1367672585628628,-0.9676038472142717,-1.510649597891829,-1.5314094739873088,0.03485374204043518,-0.40088795727531673,-1.1887590499099316,0.7367246712363097,1.3865511423269279,1.0449053994284931,1.4242432292558669,-1.5645366355958328,0.3691115927670945,-0.15873978742581374,-0.5237957129987955,1.2576440772916977,-0.5911925232177752,0
-0.9361160687668769,0.11743387444868512,0.8997051785456238,-0.9710421094355208,0.9751082380185014,0.6424912137137836,-1.5314094739873088,1.550945093966642,1.054160113300814,1.9089798098363855,-0.1415086997382818,0.0545647585524371,-0.4390358821128122,-0.03725250856529844,-0.1332878895914838,0.5429625660151229,-0.15873978742581374,-0.5237957129987955,-0.7951375258359844,1.6914963581696623,0
-0.4223824293628381,-1.6229928157637432,0.8997051785456238,1.5859725337100592,-1.1790354179593172,-1.9601498549418401,-0.08478960543199393,1.1521609060229787,-1.3189210778785396,-0.5692112779606683,-0.1415086997382818,1.3865511423269279,-0.4390358821128122,-0.03725250856529844,-0.1332878895914838,-1.2078011421102264,-0.15873978742581374,-0.5237957129987955,-0.7951375258359844,-0.5911925232177752,0
-1.1073606152348898,1.9129211210245638,-0.9373322538565467,-1.6275728961891156,0.556602416716579,1.7952525053727753,1.7360553485175407,-0.8520028465040377,1.2583237218588201,0.050336493988595146,-1.8979754416874648,-1.2774216252220538,-0.4390358821128122,1.4242432292558669,-0.7057873879932234,2.4036095153683377,-0.15873978742581374,-0.5237957129987955,1.2576440772916977,-0.5911925232177752,1
0.4338403029772267,0.5704500290447424,-0.9373322538565467,0.8603332430876649,1.221274107855138,1.461560361266995,1.1832687472264252,-0.8520028465040377,1.054160113300814,0.6698842659378585,-1.0197420707128733,-1.2774216252220538,1.0449053994284931,-1.4987482463864636,1.2979608564128653,0.1267098066817474,-0.15873978742581374,1.9091412456869414,-0.7951375258359844,-0.5911925232177752,0
-0.25113788289482514,-0.6827696772169055,0.8997051785456238,-0.003523055272328344,-0.7515613769784906,-1.1175755046062268,-1.5314094739873088,0.03485374204043518,-1.3189210778785396,-0.8789851639353,1.1758413567236055,1.3865511423269279,-0.4390358821128122,-1.4987482463864636,1.0117111072119953,-0.4720476881964965,-0.15873978742581374,-0.5237957129987955,-0.7951375258359844,1.6914963581696623,0
-0.5080047025968446,-0.23878226976646777,0.8997051785456238,0.7566704872844657,1.100686671964908,0.6346306109040262,-1.5314094739873088,1.88811232068876,0.8126858168872018,0.36011037996322687,1.6149580422109011,0.0545647585524371,-0.4390358821128122,-1.4987482463864636,1.2979608564128653,0.007832321764221165,-0.15873978742581374,1.9091412456869414,-0.7951375258359844,-0.5911925232177752,0
0.005728936807194294,1.3882177008406094,-0.9373322538565467,0.7912247392188655,0.9302883300301269,0.8623627870806075,0.38587017807789625,-0.8520028465040377,0.517145163327906,0.050336493988595146,-1.8979754416874648,-1.2774216252220538,1.0449053994284931,1.4242432292558669,-0.1332878895914838,1.0170518764255276,-0.15873978742581374,-0.5237957129987955,1.2576440772916977,-0.5911925232177752,0
1.9750412211893433,0.5728182250173639,-0.9373322538565467,0.6530077314812666,0.7818719534492735,1.4379353243568074,1.1965283434686744,-0.8520028465040377,0.517145163327906,0.050336493988595146,0.7367246712363097,-1.2774216252220538,1.0449053994284931,-0.03725250856529844,-1.5645366355958328,-0.8258045008407445,-0.15873978742581374,-0.5237957129987955,-0.7951375258359844,1.6914963581696623,0
-1.2786051617029028,1.0101450812948036,0.8997051785456238,-1.558464392320316,0.8889244827697381,1.0284232547248884,1.4954519491840863,0.6640885054221695,0.8126858168872018,0.6698842659378585,-1.4588587562001691,0.0545647585524371,-0.4390358821128122,-0.03725250856529844,-1.278286886394963,1.6344721124757722,-0.15873978742581374,-0.5237957129987955,-0.7951375258359844,-0.5911925232177752,0
1.204440762083285,-1.4681226666375156,-0.9373322538565467,1.0676587546940632,-0.9977272468151274,-1.179383373877105,-1.5314094739873088,-0.8520028465040377,-1.3189210778785396,-0.8789851639353,1.6149580422109011,0.0545647585524371,-0.4390358821128122,-0.03725250856529844,0.152961859609386,-1.4241745513754338,-0.15873978742581374,1.9091412456869414,-0.7951375258359844,1.6914963581696623,0
1.1188184888492785,0.34463267557206173,0.8997051785456238,-1.1783676210419192,0.734200852642231,0.3577002368508518,1.2587780872139012,0.03485374204043518,0.13612699269759143,0.9796581519124903,-0.1415086997382818,0.0545647585524371,1.0449053994284931,-0.03725250856529844,0.7254613580111255,-0.4198517229522559,-0.15873978742581374,-0.5237957129987955,-0.7951375258359844,1.6914963581696623,0
-1.5354719814049222,1.0205552760911192,-0.9373322538565467,0.722116235350066,0.8588010831688825,1.2444646937572024,1.1899349735429483,-0.8520028465040377,1.4351782839311287,0.9796581519124903,0.7367246712363097,-1.2774216252220538,-0.4390358821128122,-0.03725250856529844,0.152961859609386,1.8269413798174283,-0.15873978742581374,-0.5237957129987955,-0.7951375258359844,-0.5911925232177752,1
-1.1073606152348898,-0.05968744933696569,2.736742610947794,1.4477555259724604,0.68660178807896,0.23092526654380738,0.015992009486089375,0.6640885054221695,0.13612699269759143,0.6698842659378585,-0.1415086997382818,1.3865511423269279,-0.4390358821128122,-0.03725250856529844,0.4392116088102558,0.4588770799743288,-0.15873978742581374,-0.5237957129987955,1.2576440772916977,-0.5911925232177752,0
-0.6792492490648575,-0.9380908055151627,0.8997051785456238,-1.3511388807139177,-1.6098159800704808,-1.773590392330606,-1.5314094739873088,-0.8520028465040377,-1.3189210778785396,-1.1887590499099316,0.7367246712363097,1.3865511423269279,-0.4390358821128122,1.4242432292558669,-0.1332878895914838,-0.5437374711159036,-0.15873978742581374,1.9091412456869414,-0.7951375258359844,1.6914963581696623,0
-0.5936269758308511,0.5412916161318401,0.8997051785456238,1.7241895414476582,0.6759601815527032,1.2112014133763747,1.1197060816501374,0.6640885054221695,0.517145163327906,-0.25943739198603655,-0.5806253852255776,0.0545647585524371,1.0449053994284931,1.4242432292558669,-0.7057873879932234,0.736537139947266,-0.15873978742581374,-0.5237957129987955,-0.7951375258359844,1.6914963581696623,0
0.17697348327520726,-0.34347626672277726,0.8997051785456238,-0.8328251016979219,-0.35551511395891805,-1.179383373877105,-1.5314094739873088,0.03485374204043518,-1.3189210778785396,-0.8789851639353,0.7367246712363097,1.3865511423269279,-0.4390358821128122,-0.03725250856529844,1.0117111072119953,-0.3823811586354514,-0.15873978742581374,-0.5237957129987955,-0.7951375258359844,-0.5911925232177752,0
0.17697348327520726,-0.9019264795165882,0.8997051785456238,-0.5218368342883243,-0.16665594586696583,-0.4250896211805721,-0.5604559516442456,0.6640885054221695,-0.40088795727531673,-0.5692112779606683,0.2976079857490139,1.3865511423269279,-0.4390358821128122,-0.03725250856529844,1.0117111072119953,-0.7905537745702367,-0.15873978742581374,-0.5237957129987955,-0.7951375258359844,-0.5911925232177752,0
-0.07989333642681218,0.6103146612505379,0.8997051785456238,0.2729109602028695,0.713067579273416,0.541222261629304,1.0651785213334042,0.6640885054221695,0.8126858168872018,1.9089798098363855,-1.4588587562001691,0.0545647585524371,-0.4390358821128122,-0.03725250856529844,0.4392116088102558,0.4756797528476194,-0.15873978742581374,-0.5237957129987955,1.2576440772916977,-0.5911925232177752,0
0.7763293959132526,0.045203897283728915,-0.9373322538565467,1.2058757624316623,0.6835820127991039,0.8869401542681865,1.276265901321975,0.03485374204043518,1.054160113300814,0.9796581519124903,0.7367246712363097,-1.2774216252220538,-0.4390358821128122,-1.4987482463864636,0.7254613580111255,-0.4065645623910453,-0.15873978742581374,-0.5237957129987955,-0.7951375258359844,1.6914963581696623,0
0.005728936807194294,-1.2977605688570553,-0.9373322538565467,0.06558544859647111,-1.0633497324158372,-1.0611493408418176,-1.5314094739873088,-0.8520028465040377,-0.40088795727531673,-1.1887590499099316,1.1758413567236055,0.0545647585524371,-0.4390358821128122,-0.03725250856529844,0.7254613580111255,-1.0374472314436325,-0.15873978742581374,-0.5237957129987955,1.2576440772916977,-0.5911925232177752,0
-0.33676015612883164,0.12404508820558685,0.8997051785456238,1.6550810375788587,0.5069128957272131,-0.07386822910271423,-0.20585169616858562,0.03485374204043518,0.13612699269759143,0.050336493988595146,-0.1415086997382818,0.0545647585524371,-0.4390358821128122,-0.03725250856529844,0.4392116088102558,0.2316040730182571,-0.15873978742581374,1.9091412456869414,-0.7951375258359844,-0.5911925232177752,0
1.4613075817853045,1.3221055632715921,-0.9373322538565467,-1.2474761249107187,0.5678963272556239,1.5738754321234603,1.71421450747095,-0.8520028465040377,1.2583237218588201,-0.25943739198603655,-1.4588587562001691,-1.2774216252220538,-0.4390358821128122,-0.03725250856529844,-1.278286886394963,-0.1511498458318088,-0.15873978742581374,-0.5237957129987955,-0.7951375258359844,1.6914963581696623,1
0.5194625762112332,-1.4272219486936981,-0.9373322538565467,-0.6600538420259232,-1.02957289562413,-0.33094027949036925,0.6631002162131998,0.6640885054221695,-0.40088795727531673,-1.1887590499099316,1.6149580422109011,0.0545647585524371,-0.4390358821128122,-0.03725250856529844,-0.4195376387923536,-1.2505365886539483,-0.15873978742581374,-0.5237957129987955,-0.7951375258359844,1.6914963581696623,1
1.546929855019311,-1.103223137189417,-0.9373322538565467,-0.6600538420259232,-0.5814188535776059,-0.5851763554236039,0.1778322772525923,0.03485374204043518,-1.3189210778785396,-0.8789851639353,1.6149580422109011,0.0545647585524371,-0.4390358821128122,-0.03725250856529844,1.0117111072119953,-1.3299702266997264,-0.15873978742581374,-0.5237957129987955,-0.7951375258359844,-0.5911925232177752,0
-0.8504937955328705,-0.32985913988020354,0.8997051785456238,-1.316584628779518,0.21952904776969998,-0.6392486444013494,-0.8686305850779471,0.6640885054221695,-0.40088795727531673,-0.5692112779606683,0.7367246712363097,0.0545647585524371,-0.4390358821128122,-0.03725250856529844,-0.9920371371940933,0.0795330067971916,-0.15873978742581374,-0.5237957129987955,-0.7951375258359844,1.6914963581696623,0
-0.5936269758308511,0.15275946437362273,0.8997051785456238,0.7912247392188655,1.0313818913155977,0.5457730998962653,0.38587017807789625,2.437801682511115,0.8126858168872018,2.2187536958110172,0.2976079857490139,0.0545647585524371,-0.4390358821128122,-0.03725250856529844,-1.278286886394963,0.39312056270567675,-0.15873978742581374,1.9091412456869414,1.2576440772916977,-0.5911925232177752,0
0.4338403029772267,-0.1682791021648814,-0.9373322538565467,-0.34906557461632565,-0.05358802790447786,0.05411774396843487,0.015992009486089375,0.6640885054221695,-0.40088795727531673,-0.5692112779606683,0.7367246712363097,0.0545647585524371,-0.4390358821128122,1.4242432292558669,-0.9920371371940933,-0.3755589514172333,-0.15873978742581374,-0.5237957129987955,-0.7951375258359844,1.6914963581696623,0
0.6907071226792462,0.1584826046407914,0.8997051785456238,-1.6966814000579151,-0.29097974514250574,-0.03942694332670407,0.060700411121498196,1.1521609060229787,-0.40088795727531673,-0.25943739198603655,-0.5806253852255776,1.3865511423269279,-0.4390358821128122,-0.03725250856529844,0.7254613580111255,-0.29128309770114286,-0.15873978742581374,-0.5237957129987955,1.2576440772916977,-0.5911925232177752,1
0.7763293959132526,-0.4942020728969174,0.8997051785456238,-1.1783676210419192,-0.35551511395891805,-0.5851763554236039,-0.5604559516442456,0.6640885054221695,-0.40088795727531673,-0.8789851639353,-0.1415086997382818,1.3865511423269279,-0.4390358821128122,-1.4987482463864636,1.584210605613735,-0.7366369526312471,-0.15873978742581374,-0.5237957129987955,-0.7951375258359844,1.6914963581696623,0
0.09135121004120077,1.4179188253305708,-0.9373322538565467,-1.2820303768451184,0.3710361491890687,1.2992159994748178,1.534137465421638,-0.8520028465040377,1.7307189374904248,2.2187536958110172,-1.8979754416874648,-1.2774216252220538,-0.4390358821128122,-0.03725250856529844,0.7254613580111255,0.9723984965187983,-0.15873978742581374,1.9091412456869414,1.2576440772916977,-0.5911925232177752,0
-1.0217383420008834,-0.19013557749553414,0.8997051785456238,0.23835670826846977,0.3410601235277539,-0.2185749905062043,-1.5314094739873088,0.6640885054221695,-0.40088795727531673,0.050336493988595146,0.2976079857490139,0.0545647585524371,1.0449053994284931,-0.03725250856529844,-0.9920371371940933,0.29023396251304096,-0.15873978742581374,-0.5237957129987955,1.2576440772916977,-0.5911925232177752,0
-1.1929828884688964,0.5612239322347378,0.8997051785456238,-0.34906557461632565,0.5951683541667685,-0.16214882674179482,0.305312378978912,0.03485374204043518,0.8126858168872018,-0.8789851639353,0.2976079857490139,0.0545647585524371,-0.4390358821128122,-1.4987482463864636,0.4392116088102558,1.1238238221672727,-0.15873978742581374,-0.5237957129987955,1.2576440772916977,-0.5911925232177752,0
-1.2786051617029028,0.28301024286780607,0.8997051785456238,0.20380245633407004,1.2072570874221222,1.2095740805481978,1.0891533586248654,3.067036445892849,1.054160113300814,0.9796581519124903,0.2976079857490139,0.0545647585524371,-0.4390358821128122,-1.4987482463864636,0.7254613580111255,0.8928935754227991,-0.15873978742581374,1.9091412456869414,-0.7951375258359844,-0.5911925232177752,1
1.1188184888492785,-0.9514119078611587,-0.9373322538565467,0.3765737160060687,-0.11992161401676193,-0.05070534571913307,-0.8686305850779471,0.6640885054221695,-1.3189210778785396,-0.5692112779606683,1.6149580422109011,0.0545647585524371,-0.4390358821128122,-0.03725250856529844,-1.278286886394963,-1.1248058674257548,-0.15873978742581374,1.9091412456869414,-0.7951375258359844,1.6914963581696623,0
-1.3642274349369095,1.6457096754471028,-0.9373322538565467,0.8257789911532651,0.24671234991352878,1.4789998469460122,0.9775920523243778,-0.8520028465040377,1.8569517264925168,-0.5692112779606683,-1.4588587562001691,-1.2774216252220538,4.012787962511103,-0.03725250856529844,-0.1332878895914838,2.353905102385354,-0.15873978742581374,-0.5237957129987955,-0.7951375258359844,-0.5911925232177752,1
-0.07989333642681218,-1.2100386430378667,-0.9373322538565467,1.4132012740380606,-1.383912240451793,-0.7298831168270937,-1.5314094739873088,0.03485374204043518,-1.3189210778785396,-0.8789851639353,0.2976079857490139,0.0545647585524371,-0.4390358821128122,1.4242432292558669,-0.7057873879932234,-0.9476465220233476,-0.15873978742581374,-0.5237957129987955,-0.7951375258359844,-0.5911925232177752,0
-1.0217383420008834,0.8165943979490912,-0.9373322538565467,1.2749842663004616,0.7159320954815737,1.2272540100315412,0.6631002162131998,-0.8520028465040377,0.8126858168872018,0.050336493988595146,-1.4588587562001691,-1.2774216252220538,-0.4390358821128122,-0.03725250856529844,0.4392116088102558,1.2656250974117802,-0.15873978742581374,-0.5237957129987955,-0.7951375258359844,1.6914963581696623,0
-0.33676015612883164,0.6975432129087638,0.8997051785456238,-0.4181740784851251,0.4454327873883879,0.43205819171170606,-0.5604559516442456,1.550945093966642,0.13612699269759143,0.050336493988595146,0.7367246712363097,1.3865511423269279,-0.4390358821128122,-0.03725250856529844,1.584210605613735,0.7092642449326781,-0.15873978742581374,-0.5237957129987955,-0.7951375258359844,1.6914963581696623,0
0.5194625762112332,1.738612029956401,-0.9373322538565467,-1.454801636517117,0.28515153337041,0.9674765964593668,-1.5314094739873088,-0.8520028465040377,1.8569517264925168,0.050336493988595146,-0.1415086997382818,-1.2774216252220538,4.012787962511103,-1.4987482463864636,0.7254613580111255,0.8481311743804376,-0.15873978742581374,1.9091412456869414,1.2576440772916977,-0.5911925232177752,1
1.8037966747213303,-1.0609409715949036,-0.9373322538565467,-1.0401506133043203,-1.9960009737071465,-0.48892720037671517,0.060700411121498196,-0.8520028465040377,-1.3189210778785396,-0.8789851639353,0.7367246712363097,-1.2774216252220538,-0.4390358821128122,-0.03725250856529844,0.152961859609386,-1.3862754501331824,-0.15873978742581374,-0.5237957129987955,1.2576440772916977,-0.5911925232177752,0
-0.25113788289482514,0.3013637616556228,0.8997051785456238,-1.212921872976319,0.7072939817495137,-0.08576749491425192,-0.35746650993044954,0.6640885054221695,-0.40088795727531673,0.050336493988595146,0.2976079857490139,0.0545647585524371,-0.4390358821128122,1.4242432292558669,-1.5645366355958328,0.3308980074797502,-0.15873978742581374,1.9091412456869414,1.2576440772916977,-0.5911925232177752,0
1.6325521282533173,-1.3118217324444954,-0.9373322538565467,0.7912247392188655,-1.9960009737071465,-1.2477088034530517,-0.35746650993044954,0.03485374204043518,-1.3189210778785396,-0.8789851639353,1.1758413567236055,0.0545647585524371,-0.4390358821128122,1.4242432292558669,-1.278286886394963,-1.4466765137699302,-0.15873978742581374,-0.5237957129987955,-0.7951375258359844,-0.5911925232177752,0
2.2319080408913625,1.5620334177478092,-0.9373322538565467,0.23835670826846977,0.8941363746136293,1.4659643971523075,0.6787708983954508,-0.8520028465040377,1.8569517264925168,1.9089798098363855,0.2976079857490139,-1.2774216252220538,2.5288466809697985,-1.4987482463864636,0.7254613580111255,-0.6653513865377995,-0.15873978742581374,-0.5237957129987955,-0.7951375258359844,-0.5911925232177752,1
0.5194625762112332,-1.4464142035551515,-0.9373322538565467,1.240430014366062,-1.9960009737071465,-1.6288836309271162,-0.6950756318834131,-0.8520028465040377,-1.3189210778785396,-1.1887590499099316,1.1758413567236055,0.0545647585524371,-0.4390358821128122,-0.03725250856529844,-0.4195376387923536,-1.263259355182232,-0.15873978742581374,-0.5237957129987955,-0.7951375258359844,1.6914963581696623,0
0.7763293959132526,1.0144867739112764,-0.9373322538565467,0.44568221987486817,0.6109129641240983,1.7387062616539959,0.6134870124126136,-0.8520028465040377,1.2583237218588201,1.289432037887122,-1.4588587562001691,-1.2774216252220538,-0.4390358821128122,-1.4987482463864636,1.0117111072119953,0.18655737839913145,-0.15873978742581374,1.9091412456869414,1.2576440772916977,-0.5911925232177752,0
-0.6792492490648575,0.6247705241667484,-0.9373322538565467,-1.6621271481235154,0.8972402666257637,1.675961004852088,0.305312378978912,-0.8520028465040377,1.054160113300814,-0.5692112779606683,-1.0197420707128733,-1.2774216252220538,-0.4390358821128122,-0.03725250856529844,-1.5645366355958328,0.8642126305103148,-0.15873978742581374,-0.5237957129987955,-0.7951375258359844,1.6914963581696623,1
1.2900630353172915,1.5361806117133578,-0.9373322538565467,-0.7291623458947226,1.0520783088539891,1.2460068866165395,0.996156204529315,-0.8520028465040377,0.8126858168872018,0.36011037996322687,-0.5806253852255776,-1.2774216252220538,-0.4390358821128122,-0.03725250856529844,0.7254613580111255,0.08950005446634003,-0.15873978742581374,1.9091412456869414,-0.7951375258359844,-0.5911925232177752,1
0.17697348327520726,1.1196248076124524,0.8997051785456238,0.722116235350066,1.304681408897814,0.10973682388041187,-1.5314094739873088,1.1521609060229787,1.5911750632737223,1.289432037887122,0.2976079857490139,0.0545647585524371,2.5288466809697985,-0.03725250856529844,0.4392116088102558,0.6870029676606928,-0.15873978742581374,-0.5237957129987955,-0.7951375258359844,-0.5911925232177752,0
-1.5354719814049222,0.32662451869691894,0.8997051785456238,1.2058757624316623,-0.24906922849220556,-0.96118389028511,-0.6950756318834131,-0.8520028465040377,-1.3189210778785396,-0.5692112779606683,0.2976079857490139,2.718537526101419,-0.4390358821128122,-1.4987482463864636,1.2979608564128653,1.083840739986205,-0.15873978742581374,-0.5237957129987955,-0.7951375258359844,-0.5911925232177752,0
0.6050848494452397,-1.5083819981720812,-0.9373322538565467,1.3786470221036609,-0.5962769921065771,-0.7631463972079218,-0.35746650993044954,-0.8520028465040377,-1.3189210778785396,-0.5692112779606683,0.7367246712363097,-1.2774216252220538,-0.4390358821128122,-0.03725250856529844,0.152961859609386,-1.3219697525925596,-0.15873978742581374,-0.5237957129987955,-0.7951375258359844,1.6914963581696623,0
0.26259575650921374,0.9136904328265733,-0.9373322538565467,0.8257789911532651,1.0481574821507635,1.4800743986280371,1.2222040201817916,-0.8520028465040377,1.5911750632737223,1.9089798098363855,-1.8979754416874648,-1.2774216252220538,-0.4390358821128122,-0.03725250856529844,-1.5645366355958328,0.4776840644950123,-0.15873978742581374,1.9091412456869414,1.2576440772916977,-0.5911925232177752,0
1.375685308551298,0.11886465951547728,-0.9373322538565467,-0.24540281881312645,0.2694562088459212,0.7761662569825794,-0.35746650993044954,0.03485374204043518,-0.40088795727531673,0.36011037996322687,0.7367246712363097,0.0545647585524371,-0.4390358821128122,-1.4987482463864636,0.7254613580111255,-0.6785253328427765,-0.15873978742581374,-0.5237957129987955,-0.7951375258359844,1.6914963581696623,0
-0.25113788289482514,0.8617381336771888,0.8997051785456238,-1.1438133691075194,1.014921397942825,0.4585309200799089,1.0316539334645618,-0.8520028465040377,0.517145163327906,-0.25943739198603655,-1.0197420707128733,0.0545647585524371,-0.4390358821128122,-1.4987482463864636,1.2979608564128653,0.7881024598530799,-0.15873978742581374,1.9091412456869414,1.2576440772916977,-0.5911925232177752,0
0.5194625762112332,-1.9808370947100735,-0.9373322538565467,-1.1438133691075194,-2.6080897069625,-2.672590906430629,-0.35746650993044954,-0.8520028465040377,-1.3189210778785396,-1.1887590499099316,0.2976079857490139,-1.2774216252220538,-0.4390358821128122,-0.03725250856529844,1.584210605613735,-1.6175344375327934,-0.15873978742581374,-0.5237957129987955,-0.7951375258359844,-0.5911925232177752,0
0.8619516691472591,0.5046339159723028,0.8997051785456238,0.23835670826846977,0.22987882851681507,0.3202768665596402,0.8970342532253942,-0.8520028465040377,0.13612699269759143,0.6698842659378585,-0.5806253852255776,0.0545647585524371,-0.4390358821128122,-0.03725250856529844,0.4392116088102558,-0.17727885754637826,-0.15873978742581374,-0.5237957129987955,-0.7951375258359844,-0.5911925232177752,0
0.17697348327520726,0.9516802432207101,-0.9373322538565467,0.5493449756780673,0.7410708185412207,0.8815584487617174,1.2704927726419326,-0.8520028465040377,0.8126858168872018,-0.5692112779606683,-1.4588587562001691,0.0545647585524371,-0.4390358821128122,-0.03725250856529844,1.0117111072119953,0.5642518779317407,-0.15873978742581374,-0.5237957129987955,1.2576440772916977,-0.5911925232177752,0
1.1188184888492785,0.8640076548176178,-0.9373322538565467,-1.3511388807139177,1.132691437489311,1.303459145202186,1.381451093041881,-0.8520028465040377,1.2583237218588201,0.36011037996322687,-0.5806253852255776,-1.2774216252220538,1.0449053994284931,-1.4987482463864636,1.2979608564128653,-0.13734944730900636,-0.15873978742581374,-0.5237957129987955,1.2576440772916977,-0.5911925232177752,1
0.3482180297432202,0.4248553141446155,0.8997051785456238,-1.2474761249107187,0.8419675617721688,0.10079196769698218,0.14125821022048246,3.067036445892849,0.517145163327906,0.36011037996322687,0.7367246712363097,1.3865511423269279,1.0449053994284931,-1.4987482463864636,1.0117111072119953,0.07821049655956037,-0.15873978742581374,-0.5237957129987955,-0.7951375258359844,-0.5911925232177752,1
-0.07989333642681218,-0.9229935561897005,0.8997051785456238,0.9985502508252638,-0.7320103472721154,-0.96118389028511,-0.5604559516442456,0.6640885054221695,-0.40088795727531673,-0.8789851639353,-0.1415086997382818,1.3865511423269279,-0.4390358821128122,-0.03725250856529844,0.7254613580111255,-0.7232072259695943,-0.15873978742581374,-0.5237957129987955,-0.7951375258359844,1.6914963581696623,0
1.2900630353172915,-0.8317686738276758,-0.9373322538565467,0.06558544859647111,-1.8357197196891686,-1.1175755046062268,-0.6950756318834131,-0.8520028465040377,-1.3189210778785396,-0.8789851639353,0.2976079857490139,0.0545647585524371,-0.4390358821128122,1.4242432292558669,-0.4195376387923536,-1.1179928850728593,-0.15873978742581374,-0.5237957129987955,-0.7951375258359844,-0.5911925232177752,0
0.17697348327520726,-1.0389858214320584,-0.9373322538565467,-0.7637165978291224,0.5411786725899536,-0.09788918974245289,-0.20585169616858562,1.1521609060229787,-1.3189210778785396,-0.5692112779606683,2.0540747276981968,0.0545647585524371,-0.4390358821128122,-1.4987482463864636,1.0117111072119953,-0.8907307802303509,-0.15873978742581374,-0.5237957129987955,-0.7951375258359844,1.6914963581696623,0
0.6907071226792462,1.516100283362171,-0.9373322538565467,-0.6600538420259232,1.205479901943366,1.624781160031527,1.5303786536154933,-0.8520028465040377,1.8569517264925168,0.050336493988595146,-1.4588587562001691,-1.2774216252220538,4.012787962511103,1.4242432292558669,-0.9920371371940933,0.5625444392229156,-0.15873978742581374,-0.5237957129987955,-0.7951375258359844,1.6914963581696623,1
-0.16551560966081866,-1.2312043945431714,-0.9373322538565467,0.7566704872844657,-1.1377463706151563,-0.8745898782305835,-0.8686305850779471,0.03485374204043518,-1.3189210778785396,-0.8789851639353,0.2976079857490139,0.0545647585524371,-0.4390358821128122,1.4242432292558669,-0.9920371371940933,-0.9418533066006739,-0.15873978742581374,1.9091412456869414,-0.7951375258359844,-0.5911925232177752,0
-0.4223824293628381,0.9046123482648575,0.8997051785456238,1.6550810375788587,0.747857104332757,0.5938315115392923,1.4954519491840863,0.03485374204043518,1.2583237218588201,1.5992059238617538,-0.5806253852255776,0.0545647585524371,-0.4390358821128122,-0.03725250856529844,-0.1332878895914838,0.9403764731112455,-0.15873978742581374,-0.5237957129987955,-0.7951375258359844,-0.5911925232177752,0
0.26259575650921374,-0.3499888056474864,0.8997051785456238,1.1713215104972625,-0.6771647387791713,-1.2477088034530517,-1.5314094739873088,0.03485374204043518,-1.3189210778785396,-0.8789851639353,0.2976079857490139,1.3865511423269279,-0.4390358821128122,1.4242432292558669,-0.7057873879932234,-0.42446247836537987,-0.15873978742581374,-0.5237957129987955,-0.7951375258359844,-0.5911925232177752,0
-1.7923388011069417,0.4244606148158453,0.8997051785456238,-1.5930186442547158,0.8576945342943477,0.49876036188758593,-1.5314094739873088,1.88811232068876,0.13612699269759143,1.5992059238617538,0.2976079857490139,0.0545647585524371,-0.4390358821128122,-0.03725250856529844,-1.5645366355958328,1.3400647288214809,-0.15873978742581374,1.9091412456869414,-0.7951375258359844,-0.5911925232177752,0
-1.4498497081709159,-0.09664117399308057,0.8997051785456238,0.7566704872844657,-0.9676038472142717,-1.773590392330606,-0.6950756318834131,-0.8520028465040377,-1.3189210778785396,-0.8789851639353,-1.4588587562001691,0.0545647585524371,-0.4390358821128122,1.4242432292558669,-0.7057873879932234,0.5889560672660087,-0.15873978742581374,-0.5237957129987955,-0.7951375258359844,-0.5911925232177752,0
1.546929855019311,-1.369941208605915,-0.9373322538565467,-1.5930186442547158,-2.2219047133258343,-1.410684147335121,-0.5604559516442456,-0.8520028465040377,-1.3189210778785396,-0.8789851639353,0.7367246712363097,-1.2774216252220538,-0.4390358821128122,1.4242432292558669,-1.278286886394963,-1.4523774805393768,-0.15873978742581374,-0.5237957129987955,-0.7951375258359844,-0.5911925232177752,0
-0.8504937955328705,-0.9150008947821029,-0.9373322538565467,-1.1783676210419192,-0.03678834786442325,0.8922775654000112,1.2988213262167148,0.6640885054221695,-0.40088795727531673,0.6698842659378585,1.6149580422109011,-1.2774216252220538,-0.4390358821128122,-1.4987482463864636,0.4392116088102558,-0.46750150684063163,-0.15873978742581374,-0.5237957129987955,-0.7951375258359844,-0.5911925232177752,1
-0.9361160687668769,1.0512924863191024,-0.9373322538565467,0.10013970053087085,0.7410708185412207,1.2834158608549673,1.6081018945948962,-0.8520028465040377,1.4351782839311287,0.9796581519124903,-1.8979754416874648,-1.2774216252220538,1.0449053994284931,1.4242432292558669,-1.5645366355958328,1.4318772975062408,-0.15873978742581374,-0.5237957129987955,1.2576440772916977,-0.5911925232177752,0
-1.5354719814049222,0.8932647425627127,0.8997051785456238,-1.4202473845827173,1.013248282045278,0.8842548842130323,0.8406111661619536,0.03485374204043518,1.4351782839311287,1.289432037887122,-0.5806253852255776,0.0545647585524371,-0.4390358821128122,-0.03725250856529844,-1.278286886394963,1.6906314153123052,-0.15873978742581374,1.9091412456869414,-0.7951375258359844,1.6914963581696623,0
0.5194625762112332,0.922768517388289,-0.9373322538565467,1.3786470221036609,1.2656034172205375,1.105522341790866,0.9486286980291899,0.6640885054221695,1.054160113300814,2.2187536958110172,1.1758413567236055,0.0545647585524371,-0.4390358821128122,-0.03725250856529844,0.152961859609386,0.30729912473596915,-0.15873978742581374,-0.5237957129987955,-0.7951375258359844,-0.5911925232177752,0
1.2900630353172915,0.9396912511093136,-0.9373322538565467,0.583899227612467,1.3508789625492572,1.036984326803501,0.38587017807789625,-0.8520028465040377,1.5911750632737223,-0.5692112779606683,0.2976079857490139,-1.2774216252220538,-0.4390358821128122,-1.4987482463864636,1.0117111072119953,-0.21466891394763896,-0.15873978742581374,1.9091412456869414,1.2576440772916977,-0.5911925232177752,1
0.005728936807194294,-1.0459917345177303,-0.9373322538565467,-0.9364878575011211,-1.0633497324158372,-1.410684147335121,-1.5314094739873088,0.03485374204043518,-0.40088795727531673,-1.1887590499099316,0.7367246712363097,0.0545647585524371,1.0449053994284931,1.4242432292558669,-0.7057873879932234,-0.8448697815904643,-0.15873978742581374,1.9091412456869414,1.2576440772916977,-0.5911925232177752,1
-0.07989333642681218,-0.04838918105091721,0.8997051785456238,0.23835670826846977,0.09954104605834672,-0.8352753086062314,-1.5314094739873088,0.03485374204043518,-1.3189210778785396,-0.5692112779606683,0.7367246712363097,0.0545647585524371,-0.4390358821128122,1.4242432292558669,-0.7057873879932234,-0.0393578961062586,-0.15873978742581374,1.9091412456869414,-0.7951375258359844,-0.5911925232177752,0
0.005728936807194294,0.5513564490154814,0.8997051785456238,0.8603332430876649,0.938971318892104,0.6104604173119031,0.7515442366719015,-0.8520028465040377,1.2583237218588201,1.5992059238617538,-1.4588587562001691,0.0545647585524371,1.0449053994284931,-0.03725250856529844,-0.4195376387923536,0.3769384716813698,-0.15873978742581374,-0.5237957129987955,-0.7951375258359844,-0.5911925232177752,0
1.375685308551298,-1.050826801295166,-0.9373322538565467,-0.03807730720672808,-1.523931364251822,-1.0092423019281362,-0.35746650993044954,-0.8520028465040377,-0.40088795727531673,-0.8789851639353,-1.0197420707128733,-1.2774216252220538,-0.4390358821128122,1.4242432292558669,-0.4195376387923536,-1.25510625148518,-0.15873978742581374,1.9091412456869414,-0.7951375258359844,-0.5911925232177752,0
1.2900630353172915,0.040270155674100756,-0.9373322538565467,0.6184534795468668,0.30342029053106784,0.5036180010184462,0.9077121840706136,0.03485374204043518,-0.40088795727531673,0.36011037996322687,0.7367246712363097,0.0545647585524371,-0.4390358821128122,-1.4987482463864636,1.2979608564128653,-0.6733124453113144,-0.15873978742581374,-0.5237957129987955,-0.7951375258359844,-0.5911925232177752,0
-1.0217383420008834,-0.3671582264489924,0.8997051785456238,-0.8673793536323215,-0.8611579617475593,-1.179383373877105,-1.5314094739873088,-0.8520028465040377,-0.40088795727531673,-1.1887590499099316,-0.5806253852255776,1.3865511423269279,-0.4390358821128122,1.4242432292558669,-1.5645366355958328,0.11872191193638441,-0.15873978742581374,1.9091412456869414,1.2576440772916977,-0.5911925232177752,0
0.17697348327520726,1.7456672804581692,-0.9373322538565467,0.6184534795468668,0.9418358351002616,1.690869518716503,0.996156204529315,-0.8520028465040377,1.054160113300814,-0.25943739198603655,-1.4588587562001691,-1.2774216252220538,1.0449053994284931,-0.03725250856529844,1.2979608564128653,1.1445789305192924,-0.15873978742581374,1.9091412456869414,-0.7951375258359844,-0.5911925232177752,1
0.5194625762112332,1.2302392945003158,0.8997051785456238,-0.38361982655072535,0.6651113541413335,0.6877531924261301,1.1899349735429483,1.1521609060229787,1.054160113300814,0.36011037996322687,-0.1415086997382818,1.3865511423269279,-0.4390358821128122,-0.03725250856529844,0.7254613580111255,0.5111250399140247,-0.15873978742581374,-0.5237957129987955,-0.7951375258359844,1.6914963581696623,0
1.1188184888492785,-0.46948402743268036,-0.9373322538565467,1.2749842663004616,0.27263084521408765,0.38150077199841914,0.8861639169110693,0.03485374204043518,0.517145163327906,-0.5692112779606683,0.2976079857490139,0.0545647585524371,1.0449053994284931,-0.03725250856529844,-1.278286886394963,-0.8626720944150906,-0.15873978742581374,-0.5237957129987955,1.2576440772916977,-0.5911925232177752,0
1.6325521282533173,0.7868932734591296,-0.9373322538565467,1.4132012740380606,1.1597459343672354,1.6366960425554886,1.4954519491840863,-0.8520028465040377,1.8569517264925168,-0.25943739198603655,-1.0197420707128733,-1.2774216252220538,-0.4390358821128122,-1.4987482463864636,0.4392116088102558,-0.5191683002649957,-0.15873978742581374,1.9091412456869414,1.2576440772916977,-0.5911925232177752,0
1.718174401487324,1.816762497052911,-0.9373322538565467,1.3095385182348613,1.216640840611416,1.4896660708154885,1.2468314128027136,-0.8520028465040377,1.4351782839311287,0.6698842659378585,-1.8979754416874648,-1.2774216252220538,4.012787962511103,1.4242432292558669,-0.4195376387923536,-0.13817800793981147,-0.15873978742581374,-0.5237957129987955,-0.7951375258359844,1.6914963581696623,0
1.375685308551298,-1.0083966234523638,-0.9373322538565467,0.44568221987486817,-0.7928504243226514,-0.8352753086062314,0.305312378978912,0.03485374204043518,-1.3189210778785396,-0.8789851639353,1.1758413567236055,0.0545647585524371,-0.4390358821128122,-0.03725250856529844,-1.5645366355958328,-1.234190965926193,-0.15873978742581374,-0.5237957129987955,1.2576440772916977,-0.5911925232177752,0
-0.07989333642681218,0.4970359538934755,0.8997051785456238,-0.9019336055667213,0.9936374051746384,-0.05070534571913307,-1.5314094739873088,2.437801682511115,0.8126858168872018,0.050336493988595146,1.1758413567236055,0.0545647585524371,2.5288466809697985,1.4242432292558669,-0.1332878895914838,0.38710762776349805,-0.15873978742581374,-0.5237957129987955,-0.7951375258359844,-0.5911925232177752,0
0.4338403029772267,0.8941034786363495,-0.9373322538565467,1.7241895414476582,0.5192487614651262,0.7918690046164802,1.5946949574450238,-0.8520028465040377,0.517145163327906,-0.25943739198603655,-1.8979754416874648,-1.2774216252220538,-0.4390358821128122,1.4242432292558669,-0.4195376387923536,0.34676477583484383,-0.15873978742581374,-0.5237957129987955,-0.7951375258359844,-0.5911925232177752,0
-1.7067165278729353,-0.12022445888710316,0.8997051785456238,-0.694608093960323,0.07300521310439373,-0.2185749905062043,0.4341589305380372,0.03485374204043518,-0.40088795727531673,0.050336493988595146,0.2976079857490139,0.0545647585524371,-0.4390358821128122,-0.03725250856529844,1.0117111072119953,0.6877828880925235,-0.15873978742581374,-0.5237957129987955,-0.7951375258359844,-0.5911925232177752,0
0.7763293959132526,-1.318038246872627,-0.9373322538565467,0.10013970053087085,-2.2219047133258343,-1.1175755046062268,0.5204898583170638,-0.8520028465040377,-0.40088795727531673,-1.1887590499099316,0.2976079857490139,0.0545647585524371,1.0449053994284931,-1.4987482463864636,0.7254613580111255,-1.2407573927877356,6.299617860250349,-0.5237957129987955,-0.7951375258359844,1.6914963581696623,0
-1.2786051617029028,1.9407474237028666,-0.9373322538565467,1.4132012740380606,1.2521255665928361,1.2612303977144201,0.9680912678882734,-0.8520028465040377,1.2583237218588201,-0.5692112779606683,-1.8979754416874648,-1.2774216252220538,1.0449053994284931,1.4242432292558669,-0.9920371371940933,2.5835598018429304,-0.15873978742581374,1.9091412456869414,-0.7951375258359844,-0.5911925232177752,0
-1.6210942546389289,0.3796622410004216,0.8997051785456238,0.7566704872844657,0.699991817259938,0.07319240708743925,0.27587789045965005,0.03485374204043518,1.054160113300814,0.6698842659378585,-1.0197420707128733,0.0545647585524371,-0.4390358821128122,-0.03725250856529844,-0.1332878895914838,1.1903602598677554,-0.15873978742581374,1.9091412456869414,-0.7951375258359844,1.6914963581696623,0
-0.4223824293628381,-0.2880210110305568,0.8997051785456238,-1.2474761249107187,-0.5125476871970067,-0.7631463972079218,-0.6950756318834131,0.03485374204043518,-1.3189210778785396,-0.8789851639353,0.7367246712363097,1.3865511423269279,-0.4390358821128122,-0.03725250856529844,-1.278286886394963,-0.0732265698265976,-0.15873978742581374,1.9091412456869414,1.2576440772916977,-0.5911925232177752,0
1.204440762083285,-1.4529267424798606,-0.9373322538565467,-1.1438133691075194,-1.0633497324158372,-0.9164425794383279,-1.5314094739873088,-0.8520028465040377,-1.3189210778785396,-0.8789851639353,0.7367246712363097,-1.2774216252220538,-0.4390358821128122,1.4242432292558669,-0.7057873879932234,-1.416167368275305,-0.15873978742581374,-0.5237957129987955,-0.7951375258359844,-0.5911925232177752,0
1.546929855019311,1.0754678202062806,-0.9373322538565467,1.5514182817756594,0.5172116580067145,0.17717329952452537,0.305312378978912,-0.8520028465040377,0.8126858168872018,0.050336493988595146,-1.4588587562001691,-1.2774216252220538,-0.4390358821128122,1.4242432292558669,-0.9920371371940933,-0.3300845584967811,-0.15873978742581374,-0.5237957129987955,1.2576440772916977,-0.5911925232177752,0
0.17697348327520726,-1.074459423605285,-0.9373322538565467,0.9639959988908641,-1.3252109267769627,-0.5851763554236039,-0.8686305850779471,0.6640885054221695,-1.3189210778785396,-0.8789851639353,0.2976079857490139,0.0545647585524371,-0.4390358821128122,-0.03725250856529844,1.0117111072119953,-0.9166585221560608,-0.15873978742581374,-0.5237957129987955,-0.7951375258359844,-0.5911925232177752,0
-0.07989333642681218,-0.2915239675733928,0.8997051785456238,-1.0055963613699206,0.5313174032070466,-0.7631463972079218,-1.5314094739873088,0.03485374204043518,-0.40088795727531673,0.6698842659378585,-0.5806253852255776,0.0545647585524371,1.0449053994284931,1.4242432292558669,-1.5645366355958328,-0.2294639206770556,-0.15873978742581374,-0.5237957129987955,1.2576440772916977,-0.5911925232177752,0
-1.2786051617029028,0.553724644988103,-0.9373322538565467,0.06558544859647111,0.7286432287517602,0.9482606189375973,1.4454961955437307,-0.8520028465040377,0.8126858168872018,0.050336493988595146,-1.8979754416874648,-1.2774216252220538,-0.4390358821128122,-0.03725250856529844,-0.4195376387923536,1.1689854082908724,-0.15873978742581374,-0.5237957129987955,1.2576440772916977,-0.5911925232177752,0
1.4613075817853045,-0.905922810220387,-0.9373322538565467,0.7566704872844657,-0.47497296811089346,-0.8352753086062314,-0.8686305850779471,-0.8520028465040377,-1.3189210778785396,-0.8789851639353,0.7367246712363097,0.0545647585524371,-0.4390358821128122,1.4242432292558669,-1.278286886394963,-1.2115497919277354,-0.15873978742581374,-0.5237957129987955,-0.7951375258359844,1.6914963581696623,0
-0.8504937955328705,-0.7842567421269567,-0.9373322538565467,-0.4527283304195248,-0.8859241356959092,-1.179383373877105,-0.2769087108314654,-0.8520028465040377,-1.3189210778785396,-0.8789851639353,0.2976079857490139,-1.2774216252220538,-0.4390358821128122,-0.03725250856529844,-0.9920371371940933,-0.34527204131447387,-0.15873978742581374,-0.5237957129987955,1.2576440772916977,-0.5911925232177752,0
0.9475739423812656,-0.9897964175840657,-0.9373322538565467,1.5859725337100592,-1.0633497324158372,-0.96118389028511,-1.5314094739873088,-0.8520028465040377,-0.40088795727531673,-1.1887590499099316,0.7367246712363097,0.0545647585524371,1.0449053994284931,-0.03725250856529844,0.7254613580111255,-1.0927922302594046,-0.15873978742581374,-0.5237957129987955,1.2576440772916977,-0.5911925232177752,0
-0.764871522298864,2.0208220500271317,-0.9373322538565467,-0.5909453381571238,0.8476354354255772,1.1317654749038026,1.617965122624519,-2.368094198430245,1.054160113300814,2.2187536958110172,-2.3370921271747607,-1.2774216252220538,-0.4390358821128122,1.4242432292558669,-0.7057873879932234,2.1995068542306004,-0.15873978742581374,-0.5237957129987955,-0.7951375258359844,1.6914963581696623,0
0.09135121004120077,0.778900612051532,0.8997051785456238,-0.5909453381571238,1.216640840611416,0.6804255235938181,1.526596275437219,0.03485374204043518,1.5911750632737223,-0.25943739198603655,-0.1415086997382818,0.0545647585524371,1.0449053994284931,-1.4987482463864636,1.2979608564128653,0.49447667387885985,-0.15873978742581374,-0.5237957129987955,-0.7951375258359844,-0.5911925232177752,0
0.17697348327520726,1.4296117929453895,-0.9373322538565467,1.240430014366062,1.1367336354512423,1.2612303977144201,0.9486286980291899,-0.8520028465040377,1.2583237218588201,2.2187536958110172,-1.4588587562001691,-1.2774216252220538,-0.4390358821128122,-1.4987482463864636,1.0117111072119953,0.9135732076039966,-0.15873978742581374,-0.5237957129987955,-0.7951375258359844,1.6914963581696623,0
-0.16551560966081866,1.2962527572371405,0.8997051785456238,1.5168640298412597,1.2504860935848492,1.358827122506518,0.996156204529315,0.6640885054221695,1.054160113300814,-0.25943739198603655,1.1758413567236055,0.0545647585524371,2.5288466809697985,-1.4987482463864636,0.4392116088102558,1.0773154057065546,-0.15873978742581374,-0.5237957129987955,1.2576440772916977,-0.5911925232177752,1
-0.5080047025968446,0.03360960450110275,0.8997051785456238,-0.8673793536323215,1.2143096774816897,0.10079196769698218,-1.5314094739873088,1.88811232068876,1.054160113300814,1.289432037887122,1.1758413567236055,0.0545647585524371,-0.4390358821128122,-0.03725250856529844,-1.5645366355958328,0.24396455392659358,-0.15873978742581374,1.9091412456869414,-0.7951375258359844,-0.5911925232177752,0
-0.07989333642681218,0.2718599868300464,0.8997051785456238,-0.17629431494432699,0.21952904776969998,0.43743989721817517,-1.5314094739873088,2.180179857348376,0.8126858168872018,0.6698842659378585,1.1758413567236055,0.0545647585524371,2.5288466809697985,-1.4987482463864636,0.4392116088102558,0.21104352546213492,-0.15873978742581374,-0.5237957129987955,-0.7951375258359844,-0.5911925232177752,1
1.8037966747213303,-1.611743884893791,-0.9373322538565467,-1.1783676210419192,-0.6600203960772216,-1.2477088034530517,0.38587017807789625,-0.8520028465040377,-1.3189210778785396,-0.5692112779606683,0.2976079857490139,-1.2774216252220538,-0.4390358821128122,-0.03725250856529844,-1.278286886394963,-1.6109730424159723,-0.15873978742581374,-0.5237957129987955,1.2576440772916977,-0.5911925232177752,0
1.033196215615272,-0.7676300329025099,-0.9373322538565467,1.1367672585628628,-0.8374459927971493,-0.8745898782305835,-1.5314094739873088,0.03485374204043518,-1.3189210778785396,-0.8789851639353,0.2976079857490139,0.0545647585524371,-0.4390358821128122,-0.03725250856529844,-0.4195376387923536,-0.9946195362466832,-0.15873978742581374,1.9091412456869414,-0.7951375258359844,-0.5911925232177752,0
0.6050848494452397,-1.550022777357343,-0.9373322538565467,-0.7637165978291224,-0.9676038472142717,-0.5851763554236039,0.14125821022048246,-0.8520028465040377,-0.40088795727531673,-0.5692112779606683,0.7367246712363097,-1.2774216252220538,-0.4390358821128122,-0.03725250856529844,-1.278286886394963,-1.348866105377156,-0.15873978742581374,-0.5237957129987955,-0.7951375258359844,-0.5911925232177752,0
-0.33676015612883164,-0.8568320812045869,0.8997051785456238,0.7912247392188655,-1.0633497324158372,-1.6288836309271162,-1.5314094739873088,-0.8520028465040377,-1.3189210778785396,-1.1887590499099316,0.7367246712363097,1.3865511423269279,-0.4390358821128122,-1.4987482463864636,1.584210605613735,-0.5853575475796957,-0.15873978742581374,1.9091412456869414,-0.7951375258359844,1.6914963581696623,0
0.6907071226792462,-0.9728736838630412,0.8997051785456238,-1.454801636517117,-0.8374459927971493,-1.510649597891829,-0.08478960543199393,-0.8520028465040377,-1.3189210778785396,-0.5692112779606683,-1.0197420707128733,0.0545647585524371,-0.4390358821128122,1.4242432292558669,-0.1332878895914838,-1.0028112166532666,-0.15873978742581374,-0.5237957129987955,-0.7951375258359844,-0.5911925232177752,0
0.26259575650921374,0.953949764361139,0.8997051785456238,0.2729109602028695,0.3466316417092352,0.3202768665596402,0.7913358438282032,0.03485374204043518,0.13612699269759143,1.9089798098363855,-1.0197420707128733,0.0545647585524371,-0.4390358821128122,1.4242432292558669,-1.5645366355958328,0.5064253903441545,-0.15873978742581374,-0.5237957129987955,1.2576440772916977,-0.5911925232177752,0
-1.1073606152348898,1.9563380471892915,-0.9373322538565467,1.2058757624316623,1.3973347904320594,0.43205819171170606,1.0486490669872577,-2.368094198430245,1.7307189374904248,0.050336493988595146,-0.5806253852255776,-1.2774216252220538,5.496729244052409,-1.4987482463864636,1.0117111072119953,2.4464128904658,-0.15873978742581374,-0.5237957129987955,-0.7951375258359844,-0.5911925232177752,1
-2.220450167276974,1.282832980058952,-0.9373322538565467,0.13469395246527058,1.3393338504197734,0.9861395187443964,1.4051124528811003,-0.8520028465040377,1.054160113300814,2.2187536958110172,-1.0197420707128733,-1.2774216252220538,1.0449053994284931,-0.03725250856529844,1.0117111072119953,2.628407742545557,-0.15873978742581374,-0.5237957129987955,-0.7951375258359844,-0.5911925232177752,0
-0.8504937955328705,1.4497907961287688,0.8997051785456238,-0.03807730720672808,0.8610076095190315,1.216059052507235,1.276265901321975,0.6640885054221695,1.054160113300814,1.5992059238617538,-0.1415086997382818,1.3865511423269279,-0.4390358821128122,-0.03725250856529844,-1.5645366355958328,1.7432835920779608,-0.15873978742581374,-0.5237957129987955,-0.7951375258359844,-0.5911925232177752,0
0.6907071226792462,-1.425643151378617,-0.9373322538565467,-1.6275728961891156,-1.9960009737071465,-1.179383373877105,-1.5314094739873088,-0.8520028465040377,-1.3189210778785396,-0.8789851639353,-0.1415086997382818,0.0545647585524371,-0.4390358821128122,-0.03725250856529844,0.7254613580111255,-1.287565198059382,-0.15873978742581374,-0.5237957129987955,1.2576440772916977,-0.5911925232177752,0
0.005728936807194294,0.17836558332759286,0.8997051785456238,0.5493449756780673,1.2956707460544572,-0.18974838735133803,-1.5314094739873088,0.6640885054221695,0.13612699269759143,1.5992059238617538,1.1758413567236055,0.0545647585524371,2.5288466809697985,-1.4987482463864636,1.2979608564128653,0.09163854597297265,-0.15873978742581374,1.9091412456869414,1.2576440772916977,-0.5911925232177752,0
0.09135121004120077,0.9384084782908103,-0.9373322538565467,-0.14174006300992725,0.6619724885140978,1.6239216611757885,0.7089415521595263,-0.8520028465040377,0.517145163327906,0.36011037996322687,-1.4588587562001691,-1.2774216252220538,-0.4390358821128122,-0.03725250856529844,-0.1332878895914838,0.6137726322323899,-0.15873978742581374,-0.5237957129987955,1.2576440772916977,-0.5911925232177752,0
-1.0217383420008834,0.6538302622474583,-0.9373322538565467,-0.24540281881312645,1.0031026813598567,1.1280808525382289,1.2158868175043152,-0.8520028465040377,0.517145163327906,0.050336493988595146,-0.1415086997382818,-1.2774216252220538,-0.4390358821128122,-1.4987482463864636,1.2979608564128653,1.1079277019679703,-0.15873978742581374,-0.5237957129987955,-0.7951375258359844,-0.5911925232177752,1
-0.33676015612883164,0.5475081305599715,0.8997051785456238,-0.694608093960323,0.7014599266079314,0.6104604173119031,0.4341589305380372,1.550945093966642,0.517145163327906,0.36011037996322687,0.7367246712363097,1.3865511423269279,-0.4390358821128122,-0.03725250856529844,-0.1332878895914838,0.5843017033986317,-0.15873978742581374,-0.5237957129987955,1.2576440772916977,-0.5911925232177752,0
0.4338403029772267,0.5091729582531608,0.8997051785456238,1.1713215104972625,-0.46299084662307727,-0.33094027949036925,-0.8686305850779471,-0.8520028465040377,-1.3189210778785396,-0.5692112779606683,-0.1415086997382818,1.3865511423269279,-0.4390358821128122,-0.03725250856529844,1.2979608564128653,0.08504696038782272,-0.15873978742581374,1.9091412456869414,1.2576440772916977,-0.5911925232177752,0
-1.8779610743409483,0.7832423046680048,0.8997051785456238,1.5168640298412597,0.22987882851681507,0.4739108929194504,-0.20585169616858562,0.03485374204043518,0.13612699269759143,0.36011037996322687,-1.0197420707128733,0.0545647585524371,-0.4390358821128122,-0.03725250856529844,0.7254613580111255,1.7991476992241664,-0.15873978742581374,1.9091412456869414,1.2576440772916977,-0.5911925232177752,0
1.1188184888492785,-1.5066551886087114,-0.9373322538565467,-0.3145113226819259,-1.383912240451793,-0.7298831168270937,-0.6950756318834131,0.6640885054221695,-1.3189210778785396,-0.8789851639353,0.2976079857490139,0.0545647585524371,-0.4390358821128122,1.4242432292558669,-1.5645366355958328,-1.4268178946024557,-0.15873978742581374,-0.5237957129987955,1.2576440772916977,-0.5911925232177752,0
-0.07989333642681218,-1.0880765504478587,-0.9373322538565467,-0.0726315591411278,-0.9977272468151274,-0.7631463972079218,-0.6950756318834131,0.03485374204043518,-0.40088795727531673,-1.1887590499099316,0.7367246712363097,1.3865511423269279,-0.4390358821128122,1.4242432292558669,-0.7057873879932234,-0.8522848960616979,-0.15873978742581374,-0.5237957129987955,1.2576440772916977,-0.5911925232177752,0
-1.5354719814049222,1.1992060597757546,0.8997051785456238,0.031031196662071384,0.6411271412689733,0.7162629171032895,1.4097353670215558,0.03485374204043518,1.2583237218588201,0.9796581519124903,-1.0197420707128733,0.0545647585524371,-0.4390358821128122,-0.03725250856529844,-0.7057873879932234,2.018250830000781,-0.15873978742581374,-0.5237957129987955,1.2576440772916977,-0.5911925232177752,0
0.5194625762112332,-0.8196316694679906,0.8997051785456238,-0.3145113226819259,-1.383912240451793,-0.8745898782305835,-0.6950756318834131,0.03485374204043518,-1.3189210778785396,-0.8789851639353,0.7367246712363097,1.3865511423269279,-0.4390358821128122,-1.4987482463864636,0.7254613580111255,-0.8477580030605988,-0.15873978742581374,-0.5237957129987955,-0.7951375258359844,1.6914963581696623,0
-1.1073606152348898,0.16780737628298859,0.8997051785456238,-1.5930186442547158,0.20184035018791985,0.7729795587187922,0.6940448115115979,1.550945093966642,0.13612699269759143,0.9796581519124903,-0.5806253852255776,0.0545647585524371,-0.4390358821128122,-0.03725250856529844,-0.9920371371940933,0.683157037445235,-0.15873978742581374,1.9091412456869414,-0.7951375258359844,-0.5911925232177752,1
-1.7067165278729353,0.13613275514917583,0.8997051785456238,0.44568221987486817,1.0505132876699175,-0.44567839143551063,0.305312378978912,0.6640885054221695,0.13612699269759143,0.6698842659378585,1.1758413567236055,0.0545647585524371,-0.4390358821128122,-1.4987482463864636,1.2979608564128653,0.9710197984651104,-0.15873978742581374,1.9091412456869414,-0.7951375258359844,-0.5911925232177752,1
-0.8504937955328705,-0.8562400322114315,0.8997051785456238,-0.8328251016979219,-1.383912240451793,-1.6288836309271162,-1.5314094739873088,-0.8520028465040377,-1.3189210778785396,-0.8789851639353,-0.1415086997382818,0.0545647585524371,-0.4390358821128122,1.4242432292558669,-0.9920371371940933,-0.4125674338437811,-0.15873978742581374,-0.5237957129987955,1.2576440772916977,-0.5911925232177752,0
0.3482180297432202,-1.2919880911737902,-0.9373322538565467,-0.03807730720672808,-1.9960009737071465,-1.6288836309271162,0.060700411121498196,-0.8520028465040377,-1.3189210778785396,-0.5692112779606683,-0.5806253852255776,0.0545647585524371,-0.4390358821128122,-0.03725250856529844,0.4392116088102558,-1.1182696310325413,-0.15873978742581374,-0.5237957129987955,1.2576440772916977,-0.5911925232177752,0
-1.6210942546389289,-1.1484162103336109,0.8997051785456238,0.6530077314812666,-0.9390259331402973,-0.9164425794383279,-0.6950756318834131,-0.8520028465040377,-1.3189210778785396,-0.8789851639353,1.1758413567236055,0.0545647585524371,-0.4390358821128122,-0.03725250856529844,-1.5645366355958328,-0.4719671802809527,-0.15873978742581374,-0.5237957129987955,-0.7951375258359844,1.6914963581696623,0
0.6907071226792462,-1.373246815484366,-0.9373322538565467,0.5147907237436676,-0.8611579617475593,-1.410684147335121,-0.35746650993044954,-0.8520028465040377,-1.3189210778785396,-0.8789851639353,0.7367246712363097,0.0545647585524371,-0.4390358821128122,-1.4987482463864636,0.4392116088102558,-1.254612301878354,-0.15873978742581374,-0.5237957129987955,-0.7951375258359844,-0.5911925232177752,0
1.2900630353172915,1.0347644519268482,-0.9373322538565467,0.6184534795468668,0.5212784437651681,0.8162283676599971,1.4994340583170955,-0.8520028465040377,1.2583237218588201,1.9089798098363855,-1.8979754416874648,-1.2774216252220538,-0.4390358821128122,1.4242432292558669,-0.7057873879932234,-0.1661880535560974,-0.15873978742581374,-0.5237957129987955,1.2576440772916977,-0.5911925232177752,0
0.6050848494452397,-0.8420801937917987,-0.9373322538565467,1.5514182817756594,-0.24906922849220556,-0.29680125043934796,-0.6950756318834131,0.03485374204043518,0.13612699269759143,-0.8789851639353,0.7367246712363097,0.0545647585524371,-0.4390358821128122,-1.4987482463864636,0.7254613580111255,-0.891596240322447,-0.15873978742581374,-0.5237957129987955,1.2576440772916977,-0.5911925232177752,0
-1.5354719814049222,0.9470425261076596,-0.9373322538565467,1.1367672585628628,0.647624558056666,1.5326418162054296,1.276265901321975,0.03485374204043518,0.8126858168872018,1.289432037887122,-1.0197420707128733,-1.2774216252220538,-0.4390358821128122,-0.03725250856529844,-1.278286886394963,1.748219733649741,-0.15873978742581374,-0.5237957129987955,-0.7951375258359844,-0.5911925232177752,0
1.1188184888492785,0.5730155746817491,-0.9373322538565467,-1.5930186442547158,0.16851264455732248,1.303459145202186,1.6828307851290714,0.03485374204043518,1.5911750632737223,0.36011037996322687,-1.4588587562001691,-1.2774216252220538,-0.4390358821128122,-1.4987482463864636,1.2979608564128653,-0.2956280092681482,-0.15873978742581374,-0.5237957129987955,1.2576440772916977,-0.5911925232177752,1
0.4338403029772267,1.5933133395528518,0.8997051785456238,-0.8673793536323215,0.3918665070699238,1.1280808525382289,1.3152011742773415,-0.8520028465040377,1.4351782839311287,1.289432037887122,-1.8979754416874648,0.0545647585524371,-0.4390358821128122,1.4242432292558669,-0.1332878895914838,0.822164017121076,-0.15873978742581374,-0.5237957129987955,1.2576440772916977,-0.5911925232177752,0
-0.07989333642681218,-0.7662979226679102,0.8997051785456238,0.1692482043996703,-0.9676038472142717,-0.3669768718316088,-0.08478960543199393,0.6640885054221695,-1.3189210778785396,-0.8789851639353,1.1758413567236055,1.3865511423269279,-0.4390358821128122,-0.03725250856529844,-0.9920371371940933,-0.6006875964978307,-0.15873978742581374,-0.5237957129987955,-0.7951375258359844,-0.5911925232177752,0
-1.2786051617029028,-0.577187606770863,0.8997051785456238,-1.0055963613699206,-0.24105258406628452,-0.5352677519642633,0.015992009486089375,0.03485374204043518,-1.3189210778785396,-0.5692112779606683,0.7367246712363097,0.0545647585524371,-0.4390358821128122,-0.03725250856529844,-1.278286886394963,0.01560888323128162,-0.15873978742581374,-0.5237957129987955,-0.7951375258359844,1.6914963581696623,0
-2.4773169869789937,-0.02248703760036939,-0.9373322538565467,1.620526785644459,0.16468343927675588,-1.324090135280595,-1.5314094739873088,-0.8520028465040377,-0.40088795727531673,-0.5692112779606683,-0.1415086997382818,-1.2774216252220538,-0.4390358821128122,-0.03725250856529844,0.152961859609386,1.1817610081387317,-0.15873978742581374,1.9091412456869414,-0.7951375258359844,-0.5911925232177752,0
0.6050848494452397,0.2635713009258711,0.8997051785456238,-1.0401506133043203,0.48356235862547303,0.3392584692218975,1.1899349735429483,0.03485374204043518,0.517145163327906,1.289432037887122,-1.0197420707128733,0.0545647585524371,-0.4390358821128122,-0.03725250856529844,0.7254613580111255,-0.17744071200158612,-0.15873978742581374,-0.5237957129987955,1.2576440772916977,-0.5911925232177752,0
-1.5354719814049222,1.4443636803581779,-0.9373322538565467,0.3765737160060687,0.8362414355706815,1.4402227757293267,1.2158868175043152,-0.8520028465040377,0.8126858168872018,1.289432037887122,-1.8979754416874648,-1.2774216252220538,-0.4390358821128122,1.4242432292558669,-0.4195376387923536,2.280779594972082,-0.15873978742581374,-0.5237957129987955,-0.7951375258359844,-0.5911925232177752,0
0.6050848494452397,1.0231701591442222,-0.9373322538565467,-1.6275728961891156,1.3806895541228323,1.5316509958572568,0.5000374812740657,-0.8520028465040377,0.8126858168872018,0.6698842659378585,1.1758413567236055,-1.2774216252220538,-0.4390358821128122,-1.4987482463864636,0.4392116088102558,0.31319465230131316,-0.15873978742581374,1.9091412456869414,-0.7951375258359844,1.6914963581696623,1
-0.4223824293628381,0.5033018057377032,-0.9373322538565467,-1.2474761249107187,0.6378497954940842,0.24549872910047196,-0.03229674297405158,-0.8520028465040377,0.13612699269759143,0.9796581519124903,-0.5806253852255776,-1.2774216252220538,-0.4390358821128122,-0.03725250856529844,1.2979608564128653,0.5993080434063509,-0.15873978742581374,1.9091412456869414,-0.7951375258359844,-0.5911925232177752,0
-1.6210942546389289,1.245533893490163,-0.9373322538565467,-0.4181740784851251,0.9614853790275958,1.1187766500133607,1.1487857995956556,-0.8520028465040377,1.5911750632737223,0.36011037996322687,-2.3370921271747607,-1.2774216252220538,-0.4390358821128122,1.4242432292558669,-0.4195376387923536,2.1323028717304,-0.15873978742581374,1.9091412456869414,-0.7951375258359844,-0.5911925232177752,0
0.6050848494452397,-1.0912834824941169,-0.9373322538565467,0.34201946407166894,-1.383912240451793,-1.324090135280595,-0.6950756318834131,-0.8520028465040377,-1.3189210778785396,-0.8789851639353,0.2976079857490139,0.0545647585524371,-0.4390358821128122,1.4242432292558669,-1.5645366355958328,-1.052560076714623,-0.15873978742581374,-0.5237957129987955,-0.7951375258359844,1.6914963581696623,0
-1.1073606152348898,-0.2268919524872639,0.8997051785456238,0.20380245633407004,0.2630521478183642,0.2235138511120732,0.7783614224167266,1.550945093966642,0.517145163327906,-0.25943739198603655,0.7367246712363097,0.0545647585524371,1.0449053994284931,-1.4987482463864636,1.0117111072119953,0.2940354456501255,-0.15873978742581374,-0.5237957129987955,-0.7951375258359844,-0.5911925232177752,0
-1.6210942546389289,0.24442838348051388,0.8997051785456238,-0.03807730720672808,-0.2572029083507984,-0.4051344531174384,0.21231522488336196,0.6640885054221695,-0.40088795727531673,-0.5692112779606683,-0.5806253852255776,1.3865511423269279,-0.4390358821128122,1.4242432292558669,-0.4195376387923536,1.0432454621973561,-0.15873978742581374,1.9091412456869414,-0.7951375258359844,-0.5911925232177752,0
-0.33676015612883164,0.9105821756125075,0.8997051785456238,-0.38361982655072535,0.8686623525517889,0.30730659837135,1.127108473211474,0.6640885054221695,1.054160113300814,1.289432037887122,-0.1415086997382818,0.0545647585524371,-0.4390358821128122,-0.03725250856529844,0.152961859609386,0.8867020135430076,-0.15873978742581374,-0.5237957129987955,1.2576440772916977,-0.5911925232177752,0
-0.5936269758308511,0.9903607774401948,-0.9373322538565467,-1.4202473845827173,1.4525350731263316,0.4789575471181693,-1.5314094739873088,-0.8520028465040377,0.517145163327906,0.050336493988595146,0.2976079857490139,-1.2774216252220538,4.012787962511103,-0.03725250856529844,0.152961859609386,1.1334612905571637,-0.15873978742581374,1.9091412456869414,-0.7951375258359844,-0.5911925232177752,1
0.7763293959132526,-0.35709339356535097,0.8997051785456238,-1.0401506133043203,-0.9118426309964685,-0.9164425794383279,-0.2769087108314654,0.6640885054221695,-1.3189210778785396,-0.5692112779606683,-1.0197420707128733,1.3865511423269279,-0.4390358821128122,1.4242432292558669,-0.1332878895914838,-0.652737641145148,-0.15873978742581374,-0.5237957129987955,1.2576440772916977,-0.5911925232177752,0
-1.4498497081709159,-0.5283929022516405,0.8997051785456238,-0.5909453381571238,-0.4174841623687765,-0.20400152794953944,-0.08478960543199393,0.6640885054221695,-0.40088795727531673,-0.8789851639353,1.6149580422109011,1.3865511423269279,-0.4390358821128122,-0.03725250856529844,-0.4195376387923536,0.13395048733596931,-0.15873978742581374,-0.5237957129987955,-0.7951375258359844,-0.5911925232177752,1
-0.25113788289482514,-0.13418694764235084,0.8997051785456238,-0.7637165978291224,-0.025863543420686627,-0.8745898782305835,-0.8686305850779471,-0.8520028465040377,-1.3189210778785396,-0.5692112779606683,0.7367246712363097,0.0545647585524371,-0.4390358821128122,1.4242432292558669,-1.5645366355958328,-0.024463931730652682,-0.15873978742581374,-0.5237957129987955,-0.7951375258359844,-0.5911925232177752,0
-1.8779610743409483,1.1292456037512275,-0.9373322538565467,0.30746521213726924,0.8543616399574456,1.6751667710826021,1.580983291235375,-0.8520028465040377,1.4351782839311287,1.9089798098363855,-1.0197420707128733,-1.2774216252220538,-0.4390358821128122,-0.03725250856529844,0.4392116088102558,2.1931928532292524,-0.15873978742581374,-0.5237957129987955,-0.7951375258359844,1.6914963581696623,0
0.26259575650921374,0.6353287312113527,0.8997051785456238,0.34201946407166894,0.704384590411439,0.6692763929633493,0.9077121840706136,0.03485374204043518,0.13612699269759143,1.289432037887122,-0.1415086997382818,0.0545647585524371,-0.4390358821128122,-0.03725250856529844,1.0117111072119953,0.278960338464546,-0.15873978742581374,-0.5237957129987955,-0.7951375258359844,1.6914963581696623,0
-0.5080047025968446,1.2644794612711352,0.8997051785456238,-0.694608093960323,0.984890802069208,0.8815584487617174,1.4004538402085318,0.03485374204043518,1.5911750632737223,1.9089798098363855,-1.0197420707128733,0.0545647585524371,-0.4390358821128122,1.4242432292558669,-1.278286886394963,1.310986276075999,-0.15873978742581374,-0.5237957129987955,-0.7951375258359844,1.6914963581696623,0
-1.7067165278729353,1.0383660833018769,-0.9373322538565467,0.3765737160060687,0.8836633749774184,1.4240385398960085,1.3766053855179865,-0.8520028465040377,1.8569517264925168,0.36011037996322687,-1.4588587562001691,-1.2774216252220538,1.0449053994284931,-0.03725250856529844,-1.278286886394963,1.967854552118593,-0.15873978742581374,-0.5237957129987955,-0.7951375258359844,-0.5911925232177752,1
0.7763293959132526,1.6844395470826838,-0.9373322538565467,-0.2799570707475262,1.1904453368155243,1.1744214041257772,0.21231522488336196,-0.8520028465040377,1.2583237218588201,1.5992059238617538,-1.8979754416874648,-1.2774216252220538,2.5288466809697985,1.4242432292558669,-1.5645366355958328,0.5965137478376844,-0.15873978742581374,-0.5237957129987955,-0.7951375258359844,1.6914963581696623,0
-0.25113788289482514,0.2017515185572303,0.8997051785456238,-0.7637165978291224,1.020738050664479,0.76332441572643,0.6631002162131998,0.03485374204043518,0.517145163327906,-0.25943739198603655,-0.5806253852255776,0.0545647585524371,1.0449053994284931,-0.03725250856529844,-1.278286886394963,0.24962526673826813,-0.15873978742581374,-0.5237957129987955,-0.7951375258359844,-0.5911925232177752,0
1.204440762083285,-0.6184336866273544,-0.9373322538565467,-0.7291623458947226,-0.8374459927971493,-1.179383373877105,-1.5314094739873088,-0.8520028465040377,-1.3189210778785396,-0.8789851639353,-0.5806253852255776,0.0545647585524371,1.0449053994284931,1.4242432292558669,-0.9920371371940933,-0.9764482288091478,-0.15873978742581374,-0.5237957129987955,-0.7951375258359844,-0.5911925232177752,0
0.17697348327520726,-0.8385772372489627,0.8997051785456238,-1.4202473845827173,0.34385284704523994,-0.006722948700011491,-0.20585169616858562,1.550945093966642,0.13612699269759143,-0.25943739198603655,1.1758413567236055,1.3865511423269279,-0.4390358821128122,-0.03725250856529844,-1.5645366355958328,-0.7442516596430996,-0.15873978742581374,-0.5237957129987955,-0.7951375258359844,1.6914963581696623,1
0.5194625762112332,-0.5329812819485947,0.8997051785456238,-1.0747048652387199,0.4942977037668843,0.11855997755964244,-0.5604559516442456,0.03485374204043518,0.517145163327906,-0.25943739198603655,0.7367246712363097,0.0545647585524371,-0.4390358821128122,-0.03725250856529844,-0.7057873879932234,-0.6577341636535861,-0.15873978742581374,-0.5237957129987955,1.2576440772916977,-0.5911925232177752,0
0.17697348327520726,0.1526114521253339,0.8997051785456238,0.9294417469564643,0.02080861029484085,-0.31364614015791037,-0.2769087108314654,0.6640885054221695,-0.40088795727531673,-0.25943739198603655,-1.0197420707128733,1.3865511423269279,-0.4390358821128122,-0.03725250856529844,1.2979608564128653,-0.01978944088438988,-0.15873978742581374,-0.5237957129987955,1.2576440772916977,-0.5911925232177752,0
-0.5080047025968446,-0.9356732721264448,-0.9373322538565467,-0.5909453381571238,-0.29097974514250574,0.5226926641374506,1.5073202796768133,0.03485374204043518,0.8126858168872018,0.6698842659378585,-0.1415086997382818,-1.2774216252220538,-0.4390358821128122,-1.4987482463864636,0.4392116088102558,-0.5962915288594902,-0.15873978742581374,-0.5237957129987955,1.2576440772916977,-0.5911925232177752,0
-0.07989333642681218,-0.659186392322883,0.8997051785456238,-1.6275728961891156,-0.33630123837792125,-0.7631463972079218,-0.8686305850779471,1.1521609060229787,-1.3189210778785396,-0.5692112779606683,0.7367246712363097,1.3865511423269279,-0.4390358821128122,-0.03725250856529844,0.7254613580111255,-0.5169375601051358,-0.15873978742581374,1.9091412456869414,-0.7951375258359844,-0.5911925232177752,0
0.8619516691472591,-0.7309723327429727,-0.9373322538565467,-1.1438133691075194,-0.7131221935216093,-0.7982085464030406,-1.5314094739873088,-0.8520028465040377,-0.40088795727531673,-1.1887590499099316,1.1758413567236055,0.0545647585524371,-0.4390358821128122,1.4242432292558669,-0.7057873879932234,-0.9123664439086312,-0.15873978742581374,-0.5237957129987955,1.2576440772916977,-0.5911925232177752,1
1.2900630353172915,-0.9971970299985079,-0.9373322538565467,0.23835670826846977,-1.8357197196891686,-1.0092423019281362,-1.5314094739873088,-0.8520028465040377,-1.3189210778785396,-1.1887590499099316,1.1758413567236055,0.0545647585524371,1.0449053994284931,-1.4987482463864636,1.584210605613735,-1.2023500853286138,-0.15873978742581374,-0.5237957129987955,-0.7951375258359844,-0.5911925232177752,1
1.2900630353172915,-1.3334315206946667,-0.9373322538565467,1.6550810375788587,-0.7320103472721154,0.01419795564245568,-0.03229674297405158,0.6640885054221695,-1.3189210778785396,-0.5692112779606683,1.6149580422109011,0.0545647585524371,-0.4390358821128122,-0.03725250856529844,-1.278286886394963,-1.3738067867133341,-0.15873978742581374,-0.5237957129987955,1.2576440772916977,-0.5911925232177752,0
0.4338403029772267,-1.2871036869802583,-0.9373322538565467,-1.1783676210419192,-0.5390835201509595,-0.44567839143551063,-0.08478960543199393,0.6640885054221695,-1.3189210778785396,-0.8789851639353,1.6149580422109011,0.0545647585524371,-0.4390358821128122,-1.4987482463864636,0.7254613580111255,-1.1362581184118625,-0.15873978742581374,1.9091412456869414,-0.7951375258359844,-0.5911925232177752,1
-1.5354719814049222,2.123739900003975,-0.9373322538565467,-0.4872825823539246,1.1693246317629593,1.660701670426386,1.2876490190894119,-2.368094198430245,1.4351782839311287,0.9796581519124903,-1.8979754416874648,-1.2774216252220538,2.5288466809697985,1.4242432292558669,-1.278286886394963,3.008294405528495,-0.15873978742581374,-0.5237957129987955,1.2576440772916977,-0.5911925232177752,0
-0.5936269758308511,0.34779027020222375,0.8997051785456238,-1.5930186442547158,-0.29975389774111494,-0.20400152794953944,-0.35746650993044954,-0.8520028465040377,-0.40088795727531673,-0.5692112779606683,-0.5806253852255776,0.0545647585524371,-0.4390358821128122,-0.03725250856529844,-0.1332878895914838,0.5655047823673913,-0.15873978742581374,-0.5237957129987955,1.2576440772916977,-0.5911925232177752,0
0.5194625762112332,0.07914803955797063,0.8997051785456238,-0.003523055272328344,0.5333036697499445,0.18513035385401483,0.305312378978912,2.437801682511115,0.517145163327906,-0.25943739198603655,0.7367246712363097,1.3865511423269279,-0.4390358821128122,-0.03725250856529844,-1.278286886394963,-0.2519465947167864,-0.15873978742581374,-0.5237957129987955,-0.7951375258359844,-0.5911925232177752,0
-1.0217383420008834,-1.4605247045586882,0.8997051785456238,-1.558464392320316,-1.3252109267769627,-1.410684147335121,-0.6950756318834131,-0.8520028465040377,-1.3189210778785396,-0.8789851639353,-0.1415086997382818,0.0545647585524371,-0.4390358821128122,-1.4987482463864636,1.584210605613735,-0.9406087884062257,-0.15873978742581374,-0.5237957129987955,-0.7951375258359844,1.6914963581696623,0
0.7763293959132526,0.2721560113266241,0.8997051785456238,-0.14174006300992725,0.29436078726031295,-0.3857750515562201,-1.5314094739873088,1.88811232068876,-0.40088795727531673,-0.25943739198603655,0.7367246712363097,1.3865511423269279,-0.4390358821128122,-0.03725250856529844,-1.278286886394963,-0.2676884080779631,-0.15873978742581374,-0.5237957129987955,1.2576440772916977,-0.5911925232177752,0
1.8894189479553367,-0.011040757066032067,-0.9373322538565467,-0.4181740784851251,-0.13947264372313706,0.326665999932568,0.9869455318291523,-0.8520028465040377,1.054160113300814,-0.8789851639353,-0.5806253852255776,-1.2774216252220538,-0.4390358821128122,-0.03725250856529844,-0.1332878895914838,-1.0010559763695872,-0.15873978742581374,-0.5237957129987955,1.2576440772916977,-0.5911925232177752,0
1.4613075817853045,-1.3873573164879025,-0.9373322538565467,-0.34906557461632565,-0.5669466847039637,-0.07386822910271423,-0.6950756318834131,0.6640885054221695,-1.3189210778785396,-0.5692112779606683,1.1758413567236055,0.0545647585524371,-0.4390358821128122,-0.03725250856529844,1.0117111072119953,-1.440682028558397,-0.15873978742581374,-0.5237957129987955,1.2576440772916977,-0.5911925232177752,0
-1.1073606152348898,0.3216414396711945,0.8997051785456238,-0.38361982655072535,0.4192931580602445,0.48893454070191716,-0.5604559516442456,0.03485374204043518,0.517145163327906,0.6698842659378585,-1.4588587562001691,0.0545647585524371,-0.4390358821128122,1.4242432292558669,-0.7057873879932234,0.8348171778473791,-0.15873978742581374,-0.5237957129987955,1.2576440772916977,-0.5911925232177752,0
-0.5080047025968446,1.0544007435331684,-0.9373322538565467,-1.4202473845827173,1.2900916198467145,1.4681552498837906,1.475137324703227,-0.8520028465040377,1.054160113300814,0.6698842659378585,-1.0197420707128733,-1.2774216252220538,1.0449053994284931,-0.03725250856529844,1.584210605613735,1.1288723393711662,-0.15873978742581374,1.9091412456869414,-0.7951375258359844,-0.5911925232177752,1
0.17697348327520726,-0.5824667102931651,0.8997051785456238,1.3786470221036609,-0.1263626935603412,-0.5116836332350986,0.060700411121498196,0.03485374204043518,-0.40088795727531673,-0.5692112779606683,0.7367246712363097,0.0545647585524371,-0.4390358821128122,-0.03725250856529844,-0.9920371371940933,-0.5570598538901647,-0.15873978742581374,-0.5237957129987955,1.2576440772916977,-0.5911925232177752,0
-1.8779610743409483,1.97918127084187,-0.9373322538565467,-0.0726315591411278,1.3767766823422096,1.6178730596413489,1.2158868175043152,-2.368094198430245,1.4351782839311287,1.5992059238617538,-1.0197420707128733,-1.2774216252220538,1.0449053994284931,-0.03725250856529844,1.0117111072119953,3.16114036043667,-0.15873978742581374,-0.5237957129987955,-0.7951375258359844,-0.5911925232177752,1
-0.9361160687668769,2.115352539267607,0.8997051785456238,0.8948874950220647,1.2504860935848492,1.2413692616664915,1.2988213262167148,-0.8520028465040377,1.054160113300814,-0.25943739198603655,-0.1415086997382818,0.0545647585524371,2.5288466809697985,1.4242432292558669,-0.7057873879932234,2.4447272559841013,-0.15873978742581374,-0.5237957129987955,-0.7951375258359844,-0.5911925232177752,0
-0.764871522298864,-1.8711106813119434,0.8997051785456238,1.2749842663004616,-1.523931364251822,-1.179383373877105,-0.8686305850779471,0.03485374204043518,-1.3189210778785396,-0.8789851639353,1.1758413567236055,1.3865511423269279,-0.4390358821128122,-0.03725250856529844,-0.7057873879932234,-1.3728105012584793,-0.15873978742581374,-0.5237957129987955,-0.7951375258359844,1.6914963581696623,0
0.9475739423812656,2.217727677667391,-0.9373322538565467,-1.558464392320316,0.7944208437353977,0.4636982126924671,0.8638173865278577,-2.368094198430245,1.2583237218588201,0.6698842659378585,-1.4588587562001691,-1.2774216252220538,4.012787962511103,1.4242432292558669,-0.4195376387923536,0.7609092341299156,-0.15873978742581374,-0.5237957129987955,1.2576440772916977,-0.5911925232177752,1
0.5194625762112332,1.3621182077256764,-0.9373322538565467,0.8257789911532651,0.8599054386844484,0.42115891344099293,1.601435668278373,-0.8520028465040377,1.054160113300814,-0.5692112779606683,-0.5806253852255776,-1.2774216252220538,1.0449053994284931,-1.4987482463864636,0.4392116088102558,0.5985490885775264,-0.15873978742581374,-0.5237957129987955,1.2576440772916977,-0.5911925232177752,1
0.5194625762112332,0.2448230828092841,0.8997051785456238,-0.10718581107552753,0.41440587079899804,0.5036180010184462,0.7234793000308598,0.6640885054221695,0.517145163327906,0.6698842659378585,-0.5806253852255776,0.0545647585524371,-0.4390358821128122,-1.4987482463864636,1.584210605613735,-0.14211870268085722,-0.15873978742581374,1.9091412456869414,-0.7951375258359844,1.6914963581696623,0
0.3482180297432202,-0.9350812231332895,-0.9373322538565467,-0.38361982655072535,0.4454327873883879,0.541222261629304,-1.5314094739873088,1.1521609060229787,-0.40088795727531673,0.050336493988595146,1.1758413567236055,0.0545647585524371,1.0449053994284931,-0.03725250856529844,-1.5645366355958328,-0.8695387487116819,-0.15873978742581374,1.9091412456869414,1.2576440772916977,-0.5911925232177752,0
0.9475739423812656,0.7849197768152784,0.8997051785456238,0.8257789911532651,-0.09487707524863923,0.06372520549379129,0.5959991983045402,-0.8520028465040377,-0.40088795727531673,0.050336493988595146,-1.0197420707128733,0.0545647585524371,-0.4390358821128122,1.4242432292558669,-1.5645366355958328,-0.06714319045831803,-0.15873978742581374,-0.5237957129987955,-0.7951375258359844,-0.5911925232177752,0
0.09135121004120077,-1.3513903401537133,-0.9373322538565467,0.583899227612467,-1.4495347260525029,-1.2477088034530517,-0.6950756318834131,-0.8520028465040377,-1.3189210778785396,-0.8789851639353,0.2976079857490139,0.0545647585524371,-0.4390358821128122,-0.03725250856529844,-0.9920371371940933,-1.0987682657402924,-0.15873978742581374,-0.5237957129987955,-0.7951375258359844,-0.5911925232177752,0
-0.16551560966081866,-1.1434824687239828,-0.9373322538565467,-0.4527283304195248,-1.7113959204136286,-1.510649597891829,-0.8686305850779471,-0.8520028465040377,-1.3189210778785396,-1.1887590499099316,0.2976079857490139,0.0545647585524371,-0.4390358821128122,-0.03725250856529844,1.584210605613735,-0.8717728433680229,-0.15873978742581374,1.9091412456869414,-0.7951375258359844,-0.5911925232177752,0
0.09135121004120077,-1.4119273497038507,-0.9373322538565467,-0.694608093960323,-1.02957289562413,-0.7298831168270937,0.305312378978912,0.6640885054221695,0.13612699269759143,-1.1887590499099316,1.1758413567236055,0.0545647585524371,-0.4390358821128122,-1.4987482463864636,0.7254613580111255,-1.1440439047442459,-0.15873978742581374,-0.5237957129987955,1.2576440772916977,-0.5911925232177752,1
-0.25113788289482514,-0.9037519639121506,-0.9373322538565467,-0.694608093960323,-1.272109129332575,-1.773590392330606,-1.5314094739873088,-0.8520028465040377,-1.3189210778785396,-0.8789851639353,-1.0197420707128733,-1.2774216252220538,-0.4390358821128122,1.4242432292558669,-0.1332878895914838,-0.6523451650568719,-0.15873978742581374,-0.5237957129987955,-0.7951375258359844,-0.5911925232177752,0
0.26259575650921374,-0.2552609667426258,0.8997051785456238,-1.4893558884515168,-0.24906922849220556,-0.8352753086062314,-1.5314094739873088,0.6640885054221695,-1.3189210778785396,-0.5692112779606683,0.7367246712363097,1.3865511423269279,-0.4390358821128122,-0.03725250856529844,0.7254613580111255,-0.3568358293085746,-0.15873978742581374,-0.5237957129987955,-0.7951375258359844,-0.5911925232177752,0
0.6907071226792462,-1.0473731821684262,0.8997051785456238,1.6550810375788587,-0.6115422531784616,-0.96118389028511,-0.8686305850779471,0.03485374204043518,-1.3189210778785396,-0.8789851639353,1.1758413567236055,0.0545647585524371,-0.4390358821128122,-0.03725250856529844,1.2979608564128653,-1.0496651462515267,-0.15873978742581374,-0.5237957129987955,1.2576440772916977,-0.5911925232177752,0
0.09135121004120077,0.5963521724952903,0.8997051785456238,0.4111279679404684,0.9331977213682017,1.258214151385054,1.6915531637165666,0.6640885054221695,0.8126858168872018,0.6698842659378585,-0.1415086997382818,0.0545647585524371,-0.4390358821128122,-1.4987482463864636,1.2979608564128653,0.35794866710247225,-0.15873978742581374,-0.5237957129987955,1.2576440772916977,-0.5911925232177752,0
-0.4223824293628381,-0.4913405027633331,0.8997051785456238,0.6530077314812666,0.5987058084325422,-0.4250896211805721,-0.5604559516442456,1.1521609060229787,1.054160113300814,-0.8789851639353,1.1758413567236055,0.0545647585524371,1.0449053994284931,-0.03725250856529844,-1.278286886394963,-0.2460250698037147,-0.15873978742581374,-0.5237957129987955,-0.7951375258359844,-0.5911925232177752,0
-0.8504937955328705,0.8490090803243482,0.8997051785456238,0.8257789911532651,0.29436078726031295,-0.13567609837359254,0.21231522488336196,-0.8520028465040377,-0.40088795727531673,0.36011037996322687,-1.4588587562001691,0.0545647585524371,-0.4390358821128122,-0.03725250856529844,0.7254613580111255,1.1816276669036123,-0.15873978742581374,1.9091412456869414,-0.7951375258359844,-0.5911925232177752,0
-0.25113788289482514,0.7014408687803699,0.8997051785456238,1.4132012740380606,0.9194886633866103,0.3987949113308783,-0.08478960543199393,0.6640885054221695,0.13612699269759143,1.289432037887122,-0.1415086997382818,0.0545647585524371,-0.4390358821128122,1.4242432292558669,-0.9920371371940933,0.6573173510521512,-0.15873978742581374,1.9091412456869414,-0.7951375258359844,1.6914963581696623,0
-0.9361160687668769,1.0048659777725015,-0.9373322538565467,1.102213006628463,0.9446856989875412,1.762058734804086,1.6047779889783895,-0.8520028465040377,1.2583237218588201,-0.25943739198603655,-1.0197420707128733,-1.2774216252220538,-0.4390358821128122,-0.03725250856529844,-0.4195376387923536,1.387685160865648,-0.15873978742581374,-0.5237957129987955,-0.7951375258359844,-0.5911925232177752,0
1.4613075817853045,-0.6142893436752668,-0.9373322538565467,-1.6621271481235154,-0.0709100606654002,-0.3857750515562201,0.060700411121498196,0.6640885054221695,-1.3189210778785396,-0.5692112779606683,1.1758413567236055,0.0545647585524371,-0.4390358821128122,-0.03725250856529844,-1.278286886394963,-1.072750791033716,-0.15873978742581374,-0.5237957129987955,-0.7951375258359844,-0.5911925232177752,0
0.6907071226792462,2.233959687563068,-0.9373322538565467,1.0331045027596635,1.1873891186462837,1.6082526408487074,0.7089415521595263,-0.8520028465040377,1.4351782839311287,0.9796581519124903,-1.4588587562001691,-1.2774216252220538,4.012787962511103,-0.03725250856529844,0.4392116088102558,1.01401773435847,-0.15873978742581374,-0.5237957129987955,-0.7951375258359844,1.6914963581696623,1
1.033196215615272,-0.8462245367438863,-0.9373322538565467,1.4823097779068601,0.4192931580602445,0.44807114829279154,1.6915531637165666,1.88811232068876,0.13612699269759143,0.6698842659378585,1.6149580422109011,-1.2774216252220538,-0.4390358821128122,-0.03725250856529844,-1.5645366355958328,-1.0387051676240047,6.299617860250349,-0.5237957129987955,1.2576440772916977,-0.5911925232177752,0
-0.9361160687668769,0.8231562742898966,-0.9373322538565467,-0.6254995900915234,1.2383135757943904,1.2413692616664915,0.7376749512991704,-0.8520028465040377,1.7307189374904248,2.2187536958110172,-0.1415086997382818,-1.2774216252220538,-0.4390358821128122,-1.4987482463864636,0.4392116088102558,1.2147206133127217,-0.15873978742581374,-0.5237957129987955,-0.7951375258359844,-0.5911925232177752,1
0.5194625762112332,-0.706155612446543,0.8997051785456238,-0.10718581107552753,-1.223630986433815,-1.9601498549418401,-0.8686305850779471,-0.8520028465040377,-1.3189210778785396,-0.8789851639353,0.2976079857490139,1.3865511423269279,-0.4390358821128122,-0.03725250856529844,-0.9920371371940933,-0.772533419474346,-0.15873978742581374,-0.5237957129987955,1.2576440772916977,-0.5911925232177752,0
1.204440762083285,-0.7305282959981061,-0.9373322538565467,-1.212921872976319,-1.8357197196891686,-0.9164425794383279,0.14125821022048246,-0.8520028465040377,-0.40088795727531673,-1.1887590499099316,1.6149580422109011,-1.2774216252220538,-0.4390358821128122,-0.03725250856529844,-0.9920371371940933,-1.0355142028464606,-0.15873978742581374,-0.5237957129987955,1.2576440772916977,-0.5911925232177752,1
-0.16551560966081866,-1.167016416201909,0.8997051785456238,1.3786470221036609,-1.1790354179593172,-0.8352753086062314,-0.5604559516442456,0.6640885054221695,-1.3189210778785396,-0.8789851639353,1.1758413567236055,1.3865511423269279,-0.4390358821128122,-0.03725250856529844,-0.7057873879932234,-0.8905739575198646,-0.15873978742581374,-0.5237957129987955,-0.7951375258359844,1.6914963581696623,0
-1.5354719814049222,-1.4472529396287883,0.8997051785456238,-0.6254995900915234,-0.9977272468151274,-1.9601498549418401,-1.5314094739873088,0.03485374204043518,-1.3189210778785396,-0.8789851639353,0.2976079857490139,1.3865511423269279,-0.4390358821128122,1.4242432292558669,-0.9920371371940933,-0.8157284320359638,-0.15873978742581374,-0.5237957129987955,-0.7951375258359844,-0.5911925232177752,0
0.26259575650921374,-1.0526522856907283,2.736742610947794,0.8948874950220647,-1.383912240451793,-1.510649597891829,-1.5314094739873088,-0.8520028465040377,-1.3189210778785396,-0.8789851639353,1.1758413567236055,2.718537526101419,-0.4390358821128122,-1.4987482463864636,0.7254613580111255,-0.926097236629453,-0.15873978742581374,-0.5237957129987955,-0.7951375258359844,1.6914963581696623,0
0.7763293959132526,-1.1352431202359037,-0.9373322538565467,-0.24540281881312645,-0.8611579617475593,-0.7982085464030406,0.015992009486089375,0.6640885054221695,-1.3189210778785396,-0.5692112779606683,0.2976079857490139,0.0545647585524371,-0.4390358821128122,1.4242432292558669,-1.278286886394963,-1.1289017076290464,-0.15873978742581374,-0.5237957129987955,-0.7951375258359844,1.6914963581696623,0
1.1188184888492785,-0.3839329479217281,-0.9373322538565467,0.13469395246527058,-1.0993071871582751,-0.4669423223883164,-0.5604559516442456,-0.8520028465040377,-1.3189210778785396,-0.8789851639353,0.2976079857490139,0.0545647585524371,-0.4390358821128122,-0.03725250856529844,-0.7057873879932234,-0.8161385192307651,-0.15873978742581374,-0.5237957129987955,1.2576440772916977,-0.5911925232177752,0
-1.1073606152348898,-0.16783506542001486,0.8997051785456238,0.13469395246527058,-0.004636321717381105,0.07319240708743925,0.8638173865278577,1.88811232068876,0.13612699269759143,-0.25943739198603655,0.2976079857490139,1.3865511423269279,-0.4390358821128122,1.4242432292558669,-1.5645366355958328,0.35225776382246876,-0.15873978742581374,-0.5237957129987955,1.2576440772916977,-0.5911925232177752,0
-1.4498497081709159,1.254661315467975,0.8997051785456238,-0.9019336055667213,1.1306592874849553,0.8896143510133134,0.7783614224167266,0.03485374204043518,0.517145163327906,0.050336493988595146,-0.5806253852255776,0.0545647585524371,-0.4390358821128122,1.4242432292558669,-1.278286886394963,2.0130387810934396,-0.15873978742581374,-0.5237957129987955,1.2576440772916977,-0.5911925232177752,0
-0.33676015612883164,0.9731913566386888,0.8997051785456238,0.2729109602028695,1.0832289353677333,0.845444650421015,1.0316539334645618,0.03485374204043518,1.054160113300814,2.2187536958110172,-0.5806253852255776,0.0545647585524371,-0.4390358821128122,-0.03725250856529844,-1.278286886394963,0.9388484999641535,-0.15873978742581374,1.9091412456869414,1.2576440772916977,-0.5911925232177752,0
0.8619516691472591,-0.9291113957856394,-0.9373322538565467,-0.003523055272328344,-1.1377463706151563,-0.7982085464030406,-0.2769087108314654,0.03485374204043518,-1.3189210778785396,-0.5692112779606683,-0.1415086997382818,0.0545647585524371,-0.4390358821128122,1.4242432292558669,-1.278286886394963,-1.0302434502507014,-0.15873978742581374,-0.5237957129987955,1.2576440772916977,-0.5911925232177752,0
-0.33676015612883164,-1.0817120237714382,0.8997051785456238,-1.4893558884515168,-1.3252109267769627,-1.773590392330606,-1.5314094739873088,-0.8520028465040377,-1.3189210778785396,-0.8789851639353,0.2976079857490139,1.3865511423269279,-0.4390358821128122,-0.03725250856529844,-0.9920371371940933,-0.7726575358441427,-0.15873978742581374,-0.5237957129987955,-0.7951375258359844,1.6914963581696623,0
-1.3642274349369095,-1.3974714867876403,-0.9373322538565467,-0.694608093960323,-0.9390259331402973,-1.410684147335121,-0.5604559516442456,-0.8520028465040377,-1.3189210778785396,-0.8789851639353,-0.5806253852255776,-1.2774216252220538,-0.4390358821128122,-0.03725250856529844,1.0117111072119953,-0.8014525336369808,-0.15873978742581374,-0.5237957129987955,-0.7951375258359844,-0.5911925232177752,0
-1.7067165278729353,-0.08312272198269943,0.8997051785456238,-1.5239101403859165,0.877283757466046,0.8368171379149353,0.5779892834773674,1.1521609060229787,1.054160113300814,0.36011037996322687,1.1758413567236055,0.0545647585524371,1.0449053994284931,-1.4987482463864636,0.7254613580111255,0.7287748350902497,-0.15873978742581374,-0.5237957129987955,-0.7951375258359844,1.6914963581696623,1
1.375685308551298,-2.175621213458193,-0.9373322538565467,1.6896352895132585,-1.6098159800704808,-0.7982085464030406,0.060700411121498196,1.1521609060229787,-0.40088795727531673,-0.8789851639353,1.6149580422109011,0.0545647585524371,-0.4390358821128122,-1.4987482463864636,0.4392116088102558,-1.809555879594237,-0.15873978742581374,-0.5237957129987955,-0.7951375258359844,1.6914963581696623,0
-1.8779610743409483,0.8150649380501064,0.8997051785456238,1.0676587546940632,0.9733109875077997,0.8132330191857708,-1.5314094739873088,0.03485374204043518,1.5911750632737223,-0.5692112779606683,0.2976079857490139,0.0545647585524371,1.0449053994284931,-0.03725250856529844,-0.9920371371940933,1.8353888405806873,-0.15873978742581374,1.9091412456869414,-0.7951375258359844,-0.5911925232177752,1
-1.1929828884688964,0.7710559628922232,0.8997051785456238,-1.558464392320316,0.5987058084325422,1.0741692006164756,0.7913358438282032,0.6640885054221695,0.13612699269759143,1.5992059238617538,-0.1415086997382818,0.0545647585524371,-0.4390358821128122,-0.03725250856529844,1.2979608564128653,1.334257256788763,-0.15873978742581374,-0.5237957129987955,1.2576440772916977,-0.5911925232177752,0
0.6050848494452397,-1.6748957774970314,-0.9373322538565467,0.722116235350066,-1.0633497324158372,-0.6116490837918062,-1.5314094739873088,0.6640885054221695,-1.3189210778785396,-0.8789851639353,1.1758413567236055,0.0545647585524371,-0.4390358821128122,-0.03725250856529844,1.2979608564128653,-1.429523296014376,-0.15873978742581374,-0.5237957129987955,1.2576440772916977,-0.5911925232177752,0
0.5194625762112332,0.21300044942718252,0.8997051785456238,-0.5909453381571238,0.7087429999269748,1.1534440993839243,1.3568237004209593,1.1521609060229787,1.2583237218588201,0.6698842659378585,0.7367246712363097,0.0545647585524371,-0.4390358821128122,-0.03725250856529844,-0.7057873879932234,-0.16321429242569768,-0.15873978742581374,-0.5237957129987955,-0.7951375258359844,1.6914963581696623,0
1.2900630353172915,-0.5692442827793617,-0.9373322538565467,1.1367672585628628,0.015811741148776304,0.26676266005327803,0.5000374812740657,-0.8520028465040377,0.13612699269759143,-0.8789851639353,1.1758413567236055,0.0545647585524371,1.0449053994284931,-0.03725250856529844,0.7254613580111255,-0.9841233167576582,-0.15873978742581374,-0.5237957129987955,1.2576440772916977,-0.5911925232177752,0
-1.6210942546389289,0.4592434931637238,0.8997051785456238,-0.7637165978291224,0.3683767304156533,0.14433125448928086,0.6470116002814561,0.03485374204043518,0.517145163327906,0.36011037996322687,-1.4588587562001691,0.0545647585524371,-0.4390358821128122,-0.03725250856529844,1.584210605613735,1.2769331050492054,-0.15873978742581374,-0.5237957129987955,-0.7951375258359844,1.6914963581696623,0
0.6907071226792462,1.1709357203525854,0.8997051785456238,1.5514182817756594,0.9135084931803575,0.9284578041681807,1.209502764880151,1.1521609060229787,0.517145163327906,1.9089798098363855,0.2976079857490139,1.3865511423269279,-0.4390358821128122,-1.4987482463864636,1.0117111072119953,0.34546490844845934,-0.15873978742581374,-0.5237957129987955,1.2576440772916977,-0.5911925232177752,0
-1.5354719814049222,0.44858661128692695,0.8997051785456238,-0.9019336055667213,0.44774941099710786,0.8162283676599971,0.9775920523243778,1.1521609060229787,0.8126858168872018,1.289432037887122,-1.0197420707128733,0.0545647585524371,-0.4390358821128122,-0.03725250856529844,-0.1332878895914838,1.2144447059771601,-0.15873978742581374,-0.5237957129987955,-0.7951375258359844,-0.5911925232177752,0
1.2900630353172915,-0.6372805795761339,-0.9373322538565467,1.6550810375788587,-1.223630986433815,-0.33094027949036925,0.14125821022048246,-0.8520028465040377,-1.3189210778785396,-0.8789851639353,0.7367246712363097,0.0545647585524371,-0.4390358821128122,-0.03725250856529844,-0.9920371371940933,-1.0188171966123214,-0.15873978742581374,-0.5237957129987955,1.2576440772916977,-0.5911925232177752,0
1.1188184888492785,0.48445491278892366,-0.9373322538565467,-0.8328251016979219,1.1493438179737014,1.0761738136245476,1.6710012425196814,-0.8520028465040377,0.517145163327906,1.289432037887122,0.2976079857490139,-1.2774216252220538,1.0449053994284931,-0.03725250856529844,-1.278286886394963,-0.343798578735198,-0.15873978742581374,-0.5237957129987955,-0.7951375258359844,1.6914963581696623,0
1.8894189479553367,-0.09027664731666026,-0.9373322538565467,1.4823097779068601,0.35214799543856257,0.7568068554213614,0.8970342532253942,-0.8520028465040377,0.8126858168872018,0.6698842659378585,-0.5806253852255776,-1.2774216252220538,-0.4390358821128122,-0.03725250856529844,-0.4195376387923536,-1.0320330741233108,-0.15873978742581374,-0.5237957129987955,-0.7951375258359844,-0.5911925232177752,0
0.09135121004120077,1.5628228164053497,2.736742610947794,1.6896352895132585,0.7754898999863923,1.528669419148785,0.1778322772525923,2.8767201611658426,1.2583237218588201,0.9796581519124903,0.7367246712363097,2.718537526101419,-0.4390358821128122,-1.4987482463864636,0.7254613580111255,1.0807722143302172,-0.15873978742581374,-0.5237957129987955,-0.7951375258359844,-0.5911925232177752,0
1.033196215615272,-1.114422730643273,-0.9373322538565467,-1.0401506133043203,-1.523931364251822,-0.8745898782305835,-0.08478960543199393,0.03485374204043518,-1.3189210778785396,-0.8789851639353,0.2976079857490139,0.0545647585524371,-0.4390358821128122,-0.03725250856529844,1.2979608564128653,-1.1891442713070672,-0.15873978742581374,-0.5237957129987955,1.2576440772916977,-0.5911925232177752,0
0.8619516691472591,-0.32265587713014643,-0.9373322538565467,1.0676587546940632,-0.5814188535776059,-1.324090135280595,-0.6950756318834131,-0.8520028465040377,-1.3189210778785396,-0.8789851639353,-0.1415086997382818,0.0545647585524371,-0.4390358821128122,-0.03725250856529844,1.584210605613735,-0.6694505812375721,-0.15873978742581374,-0.5237957129987955,1.2576440772916977,-0.5911925232177752,0
0.17697348327520726,-0.7127668262034448,-0.9373322538565467,1.0676587546940632,0.24671234991352878,0.034464973575375916,0.8286644917507655,2.437801682511115,0.517145163327906,0.050336493988595146,0.7367246712363097,0.0545647585524371,-0.4390358821128122,-1.4987482463864636,0.7254613580111255,-0.6522965248578976,-0.15873978742581374,-0.5237957129987955,1.2576440772916977,-0.5911925232177752,0
0.09135121004120077,-0.42315619371827196,-0.9373322538565467,1.0331045027596635,-0.47497296811089346,0.3138241586764191,-0.5604559516442456,0.6640885054221695,-0.40088795727531673,-0.5692112779606683,0.2976079857490139,0.0545647585524371,-0.4390358821128122,-0.03725250856529844,1.2979608564128653,-0.40454180101300696,-0.15873978742581374,-0.5237957129987955,-0.7951375258359844,-0.5911925232177752,0
-0.8504937955328705,0.0768291810014454,0.8997051785456238,0.031031196662071384,0.10384336222621991,-0.6680752475562154,-1.5314094739873088,-0.8520028465040377,-0.40088795727531673,-0.5692112779606683,-0.5806253852255776,0.0545647585524371,-0.4390358821128122,1.4242432292558669,-0.1332878895914838,0.45973583107346283,-0.15873978742581374,-0.5237957129987955,1.2576440772916977,-0.5911925232177752,0
0.3482180297432202,0.6764761362356515,-0.9373322538565467,0.3765737160060687,1.0528591739785673,0.9458180857610594,1.3618302631233208,-0.8520028465040377,1.5911750632737223,1.9089798098363855,-0.5806253852255776,-1.2774216252220538,2.5288466809697985,-0.03725250856529844,0.7254613580111255,0.25356680010343413,-0.15873978742581374,-0.5237957129987955,1.2576440772916977,-0.5911925232177752,0
0.09135121004120077,1.2270323624540576,-0.9373322538565467,-0.17629431494432699,1.0232124315273017,1.2551838103954962,1.697298800891067,0.03485374204043518,1.054160113300814,-0.25943739198603655,0.2976079857490139,0.0545647585524371,-0.4390358821128122,-1.4987482463864636,0.4392116088102558,0.829634480784246,-0.15873978742581374,-0.5237957129987955,-0.7951375258359844,-0.5911925232177752,1
-1.8779610743409483,1.4528497159267382,-0.9373322538565467,-1.6966814000579151,0.7968970574789656,1.402618515118469,1.0651785213334042,-0.8520028465040377,1.2583237218588201,1.289432037887122,-1.8979754416874648,-1.2774216252220538,-0.4390358821128122,-0.03725250856529844,1.584210605613735,2.5617287387446326,-0.15873978742581374,-0.5237957129987955,1.2576440772916977,-0.5911925232177752,0
-1.5354719814049222,-0.9238816296794335,0.8997051785456238,-0.7291623458947226,-0.8611579617475593,-1.0092423019281362,-1.5314094739873088,-0.8520028465040377,-1.3189210778785396,-0.8789851639353,-0.5806253852255776,1.3865511423269279,-0.4390358821128122,-0.03725250856529844,-0.9920371371940933,-0.25527257797769026,-0.15873978742581374,-0.5237957129987955,1.2576440772916977,-0.5911925232177752,0
0.5194625762112332,0.2074253214083027,0.8997051785456238,-0.4872825823539246,0.6835820127991039,-0.11024178782811359,-0.35746650993044954,1.88811232068876,0.13612699269759143,0.050336493988595146,0.7367246712363097,1.3865511423269279,1.0449053994284931,-0.03725250856529844,0.7254613580111255,-0.16691010892363098,-0.15873978742581374,-0.5237957129987955,-0.7951375258359844,-0.5911925232177752,0
-0.8504937955328705,1.219779762287904,0.8997051785456238,-0.003523055272328344,0.8836633749774184,0.8102237711328932,1.0316539334645618,0.03485374204043518,0.517145163327906,-0.5692112779606683,-1.4588587562001691,0.0545647585524371,-0.4390358821128122,1.4242432292558669,-0.1332878895914838,1.5282519814051503,-0.15873978742581374,-0.5237957129987955,-0.7951375258359844,-0.5911925232177752,0
-1.1929828884688964,-0.7237690699929156,0.8997051785456238,-0.10718581107552753,-0.4066654306859856,-0.8352753086062314,-1.5314094739873088,0.03485374204043518,-1.3189210778785396,-0.8789851639353,1.1758413567236055,1.3865511423269279,-0.4390358821128122,1.4242432292558669,-0.1332878895914838,-0.16485212533254218,-0.15873978742581374,-0.5237957129987955,-0.7951375258359844,-0.5911925232177752,0
-1.3642274349369095,-0.13828195317834222,0.8997051785456238,1.6550810375788587,-0.7928504243226514,-1.0611493408418176,-0.6950756318834131,-0.8520028465040377,-1.3189210778785396,-0.8789851639353,-0.5806253852255776,1.3865511423269279,-0.4390358821128122,1.4242432292558669,-0.1332878895914838,0.5041527189782822,-0.15873978742581374,-0.5237957129987955,-0.7951375258359844,1.6914963581696623,0
-0.33676015612883164,-1.3873079790718064,-0.9373322538565467,0.06558544859647111,-0.7320103472721154,-0.5116836332350986,0.015992009486089375,-0.8520028465040377,-1.3189210778785396,-0.8789851639353,1.1758413567236055,-1.2774216252220538,-0.4390358821128122,-0.03725250856529844,-0.9920371371940933,-1.0271849880841566,-0.15873978742581374,-0.5237957129987955,-0.7951375258359844,-0.5911925232177752,0
0.3482180297432202,0.9636198979160102,-0.9373322538565467,1.0676587546940632,1.2172221105391385,1.2863173949649467,0.305312378978912,0.6640885054221695,1.8569517264925168,1.9089798098363855,0.7367246712363097,0.0545647585524371,-0.4390358821128122,-1.4987482463864636,1.0117111072119953,0.4536792876770312,-0.15873978742581374,-0.5237957129987955,-0.7951375258359844,-0.5911925232177752,0
0.6050848494452397,0.916798690040639,0.8997051785456238,-1.3511388807139177,0.8899707688522231,0.6541063025743561,1.0316539334645618,0.6640885054221695,0.517145163327906,2.2187536958110172,-0.1415086997382818,0.0545647585524371,-0.4390358821128122,-0.03725250856529844,0.152961859609386,0.24448785537762838,-0.15873978742581374,1.9091412456869414,-0.7951375258359844,-0.5911925232177752,0
-1.6210942546389289,0.3880496017367895,0.8997051785456238,-0.694608093960323,1.0613772258256275,0.5502922247469936,-1.5314094739873088,0.03485374204043518,0.13612699269759143,1.9089798098363855,0.7367246712363097,0.0545647585524371,-0.4390358821128122,-0.03725250856529844,-1.5645366355958328,1.1994844902960546,-0.15873978742581374,-0.5237957129987955,1.2576440772916977,-0.5911925232177752,0
0.005728936807194294,-0.011040757066032067,0.8997051785456238,0.10013970053087085,0.6955641342869202,-0.1487773882396137,1.2158868175043152,2.180179857348376,1.8569517264925168,-0.5692112779606683,-1.0197420707128733,1.3865511423269279,-0.4390358821128122,-0.03725250856529844,-0.4195376387923536,-0.05323796392048459,-0.15873978742581374,-0.5237957129987955,-0.7951375258359844,1.6914963581696623,0
0.005728936807194294,-0.6530192153108477,-0.9373322538565467,0.8603332430876649,-0.5528409395036313,-0.05070534571913307,0.305312378978912,0.6640885054221695,-0.40088795727531673,-0.8789851639353,0.7367246712363097,0.0545647585524371,-0.4390358821128122,-0.03725250856529844,1.584210605613735,-0.5442859312905459,-0.15873978742581374,-0.5237957129987955,-0.7951375258359844,1.6914963581696623,0
1.033196215615272,-0.011040757066032067,-0.9373322538565467,1.1367672585628628,-0.8374459927971493,-0.8745898782305835,-1.5314094739873088,0.03485374204043518,-1.3189210778785396,-0.8789851639353,0.2976079857490139,0.0545647585524371,-0.4390358821128122,-0.03725250856529844,-0.4195376387923536,-0.5702296070745406,-0.15873978742581374,1.9091412456869414,-0.7951375258359844,-0.5911925232177752,0
1.1188184888492785,0.9098421143710633,-0.9373322538565467,0.1692482043996703,0.9446856989875412,1.1243751750734488,1.0486490669872577,-0.8520028465040377,0.8126858168872018,0.6698842659378585,-1.4588587562001691,-1.2774216252220538,-0.4390358821128122,-0.03725250856529844,1.0117111072119953,-0.11241882946227141,-0.15873978742581374,1.9091412456869414,-0.7951375258359844,1.6914963581696623,0
0.7763293959132526,-0.44614742961913917,0.8997051785456238,1.5168640298412597,-0.7131221935216093,-1.0611493408418176,-1.5314094739873088,0.03485374204043518,-1.3189210778785396,-0.8789851639353,-0.5806253852255776,1.3865511423269279,-0.4390358821128122,-0.03725250856529844,-1.5645366355958328,-0.7072314364788683,-0.15873978742581374,-0.5237957129987955,-0.7951375258359844,1.6914963581696623,0
0.4338403029772267,0.7819101944334053,0.8997051785456238,0.4802364718092679,1.0861768108966037,0.8192099443684683,0.5204898583170638,1.550945093966642,1.2583237218588201,1.9089798098363855,0.2976079857490139,0.0545647585524371,-0.4390358821128122,-1.4987482463864636,0.4392116088102558,0.2704835258570784,-0.15873978742581374,-0.5237957129987955,1.2576440772916977,-0.5911925232177752,0
-1.5354719814049222,0.7622245654109888,0.8997051785456238,1.4823097779068601,0.9023752999821295,0.5036180010184462,0.38587017807789625,0.03485374204043518,1.054160113300814,-0.5692112779606683,-1.4588587562001691,0.0545647585524371,-0.4390358821128122,-0.03725250856529844,-1.5645366355958328,1.5503061185194342,-0.15873978742581374,-0.5237957129987955,-0.7951375258359844,-0.5911925232177752,0
-1.7923388011069417,-0.4640075742459931,-0.9373322538565467,-0.3145113226819259,-0.5390835201509595,-0.8745898782305835,0.21231522488336196,-0.8520028465040377,-0.40088795727531673,-0.8789851639353,-0.5806253852255776,-1.2774216252220538,-0.4390358821128122,-0.03725250856529844,0.7254613580111255,0.3433364804312697,-0.15873978742581374,-0.5237957129987955,1.2576440772916977,-0.5911925232177752,0
-1.4498497081709159,1.2834250290521072,0.8997051785456238,0.722116235350066,1.363084703215346,1.0939418234872078,0.33337731561995393,0.03485374204043518,1.4351782839311287,-0.5692112779606683,0.7367246712363097,0.0545647585524371,-0.4390358821128122,-1.4987482463864636,1.0117111072119953,2.0433516885439267,-0.15873978742581374,1.9091412456869414,1.2576440772916977,-0.5911925232177752,0
1.2900630353172915,-0.9786461615463061,-0.9373322538565467,1.620526785644459,-0.9390259331402973,-0.6982430958463327,0.1778322772525923,0.03485374204043518,-1.3189210778785396,-0.5692112779606683,-0.1415086997382818,0.0545647585524371,-0.4390358821128122,1.4242432292558669,-0.7057873879932234,-1.1928904052522156,-0.15873978742581374,-0.5237957129987955,1.2576440772916977,-0.5911925232177752,0
0.8619516691472591,-0.8509115912730331,-0.9373322538565467,1.102213006628463,-1.02957289562413,-0.8745898782305835,-0.8686305850779471,-0.8520028465040377,-1.3189210778785396,-0.8789851639353,0.7367246712363097,0.0545647585524371,-0.4390358821128122,-0.03725250856529844,1.0117111072119953,-0.9837207771799391,-0.15873978742581374,-0.5237957129987955,-0.7951375258359844,1.6914963581696623,0
-1.7067165278729353,0.147727047931802,0.8997051785456238,0.4802364718092679,0.6970439417310675,0.2805608782955908,0.015992009486089375,0.6640885054221695,0.13612699269759143,0.6698842659378585,-0.1415086997382818,0.0545647585524371,-0.4390358821128122,-0.03725250856529844,0.4392116088102558,0.9838297819018998,-0.15873978742581374,-0.5237957129987955,-0.7951375258359844,1.6914963581696623,0
-1.1073606152348898,1.000030910995066,0.8997051785456238,1.240430014366062,0.30041679444229413,0.6913862091645848,1.2704927726419326,-0.8520028465040377,0.517145163327906,1.289432037887122,-1.0197420707128733,0.0545647585524371,-0.4390358821128122,-0.03725250856529844,1.584210605613735,1.5036199137452237,-0.15873978742581374,-0.5237957129987955,1.2576440772916977,-0.5911925232177752,0
0.005728936807194294,-1.2977605688570553,-0.9373322538565467,0.06558544859647111,-1.0633497324158372,-1.0611493408418176,-1.5314094739873088,-0.8520028465040377,-0.40088795727531673,-1.1887590499099316,1.1758413567236055,0.0545647585524371,-0.4390358821128122,-0.03725250856529844,0.7254613580111255,-1.0374472314436325,-0.15873978742581374,-0.5237957129987955,1.2576440772916977,-0.5911925232177752,0
1.546929855019311,-0.47348035813647915,-0.9373322538565467,-0.9019336055667213,0.08199165268411454,0.9531182580684576,1.155841872351118,0.03485374204043518,0.13612699269759143,1.5992059238617538,-0.1415086997382818,-1.2774216252220538,-0.4390358821128122,-0.03725250856529844,-1.5645366355958328,-1.0409568733868706,-0.15873978742581374,1.9091412456869414,-0.7951375258359844,-0.5911925232177752,1
1.204440762083285,0.8842853328331894,-0.9373322538565467,1.5859725337100592,0.9813533478034343,1.2366982321672841,1.3667956190811377,-0.8520028465040377,1.2583237218588201,-0.25943739198603655,-0.1415086997382818,-1.2774216252220538,-0.4390358821128122,-0.03725250856529844,0.152961859609386,-0.1846210117191502,-0.15873978742581374,-0.5237957129987955,1.2576440772916977,-0.5911925232177752,0
0.09135121004120077,0.647120373658364,-0.9373322538565467,-1.316584628779518,0.2882382292167016,0.8869401542681865,0.060700411121498196,0.03485374204043518,1.054160113300814,0.36011037996322687,-0.5806253852255776,0.0545647585524371,-0.4390358821128122,1.4242432292558669,-1.278286886394963,0.3959182127708244,-0.15873978742581374,-0.5237957129987955,-0.7951375258359844,-0.5911925232177752,1
0.6907071226792462,-1.1696806366711083,-0.9373322538565467,-0.24540281881312645,-1.0993071871582751,-1.6288836309271162,-1.5314094739873088,-0.8520028465040377,-0.40088795727531673,-1.1887590499099316,0.2976079857490139,0.0545647585524371,-0.4390358821128122,-0.03725250856529844,0.152961859609386,-1.1265862664330415,-0.15873978742581374,-0.5237957129987955,1.2576440772916977,-0.5911925232177752,0
-0.764871522298864,-1.4541601778822677,-0.9373322538565467,0.9639959988908641,-1.8357197196891686,-0.5851763554236039,0.6134870124126136,-0.8520028465040377,-0.40088795727531673,-0.8789851639353,-0.1415086997382818,-1.2774216252220538,-0.4390358821128122,1.4242432292558669,-0.9920371371940933,-0.9901010294867866,6.299617860250349,-0.5237957129987955,-0.7951375258359844,-0.5911925232177752,0
0.17697348327520726,-0.011040757066032067,0.8997051785456238,1.1367672585628628,-0.22535725954179572,-0.8352753086062314,-1.5314094739873088,1.1521609060229787,-0.40088795727531673,-0.8789851639353,1.1758413567236055,1.3865511423269279,-0.4390358821128122,-0.03725250856529844,-0.9920371371940933,-0.13940323777949393,-0.15873978742581374,-0.5237957129987955,1.2576440772916977,-0.5911925232177752,0
-1.2786051617029028,-0.011040757066032067,0.8997051785456238,1.1713215104972625,0.2264502196955796,-0.6392486444013494,-1.5314094739873088,0.03485374204043518,-0.40088795727531673,-0.5692112779606683,0.2976079857490139,0.0545647585524371,-0.4390358821128122,-0.03725250856529844,-0.1332878895914838,0.5930015900220854,-0.15873978742581374,-0.5237957129987955,-0.7951375258359844,1.6914963581696623,0
0.3482180297432202,-1.1739236544553886,-0.9373322538565467,-0.3145113226819259,-1.383912240451793,-0.1758017897944036,0.6787708983954508,0.03485374204043518,-1.3189210778785396,-0.5692112779606683,1.1758413567236055,0.0545647585524371,-0.4390358821128122,-1.4987482463864636,0.4392116088102558,-1.0359897027226412,-0.15873978742581374,-0.5237957129987955,1.2576440772916977,-0.5911925232177752,0
-1.1929828884688964,-0.011040757066032067,0.8997051785456238,1.5859725337100592,0.500641003883188,-0.6680752475562154,0.015992009486089375,0.6640885054221695,-0.40088795727531673,-0.25943739198603655,0.7367246712363097,0.0545647585524371,-0.4390358821128122,-0.03725250856529844,1.0117111072119953,0.5499189530925808,-0.15873978742581374,-0.5237957129987955,-0.7951375258359844,-0.5911925232177752,0
-0.764871522298864,0.0026750446087342077,0.8997051785456238,-0.5909453381571238,0.5585007053508754,-0.6116490837918062,0.060700411121498196,1.1521609060229787,0.13612699269759143,-0.25943739198603655,1.1758413567236055,0.0545647585524371,-0.4390358821128122,-1.4987482463864636,1.2979608564128653,0.34709519373822156,-0.15873978742581374,-0.5237957129987955,1.2576440772916977,-0.5911925232177752,0
1.6325521282533173,0.8333197820057306,-0.9373322538565467,-0.03807730720672808,1.0869113491377196,1.1897207405125523,0.5959991983045402,-0.8520028465040377,1.4351782839311287,2.2187536958110172,-0.5806253852255776,-1.2774216252220538,-0.4390358821128122,-0.03725250856529844,-1.5645366355958328,-0.4986505225390061,-0.15873978742581374,-0.5237957129987955,1.2576440772916977,-0.5911925232177752,0
-2.220450167276974,-0.011040757066032067,-0.9373322538565467,0.8948874950220647,0.8899707688522231,1.345752248322764,1.5489428058204304,-0.8520028465040377,1.054160113300814,1.5992059238617538,-1.8979754416874648,-1.2774216252220538,1.0449053994284931,-0.03725250856529844,1.0117111072119953,1.0669105962466368,-0.15873978742581374,-0.5237957129987955,-0.7951375258359844,-0.5911925232177752,1
0.005728936807194294,0.25651605042410286,0.8997051785456238,-0.8673793536323215,1.0065051174313637,0.6266735565745362,0.9680912678882734,0.6640885054221695,1.7307189374904248,0.36011037996322687,0.7367246712363097,0.0545647585524371,-0.4390358821128122,-0.03725250856529844,-1.278286886394963,0.15141567326425587,-0.15873978742581374,-0.5237957129987955,1.2576440772916977,-0.5911925232177752,0
1.9750412211893433,1.7467033661961913,-0.9373322538565467,0.4111279679404684,0.33543232643259724,1.4843548880421351,1.014166119356488,-0.8520028465040377,1.2583237218588201,0.36011037996322687,-1.4588587562001691,-1.2774216252220538,-0.4390358821128122,-1.4987482463864636,1.584210605613735,-0.38683005959336747,-0.15873978742581374,-0.5237957129987955,1.2576440772916977,-0.5911925232177752,0
-0.8504937955328705,1.3926087308731785,0.8997051785456238,-1.4893558884515168,1.140746717688985,1.1812657082037263,1.3311480237078421,-0.8520028465040377,1.7307189374904248,0.36011037996322687,-1.4588587562001691,0.0545647585524371,1.0449053994284931,1.4242432292558669,-0.9920371371940933,1.689825497532747,-0.15873978742581374,-0.5237957129987955,1.2576440772916977,-0.5911925232177752,0
0.9475739423812656,-1.0246779707641367,-0.9373322538565467,-1.1438133691075194,-1.02957289562413,-0.8745898782305835,-0.8686305850779471,0.03485374204043518,-0.40088795727531673,-0.5692112779606683,-1.0197420707128733,0.0545647585524371,-0.4390358821128122,-0.03725250856529844,1.0117111072119953,-1.112951076861928,-0.15873978742581374,-0.5237957129987955,-0.7951375258359844,-0.5911925232177752,0
0.17697348327520726,-0.8628019085522369,0.8997051785456238,-0.34906557461632565,-1.3252109267769627,-1.510649597891829,-0.8686305850779471,-0.8520028465040377,-1.3189210778785396,-0.8789851639353,-0.5806253852255776,0.0545647585524371,-0.4390358821128122,-0.03725250856529844,1.2979608564128653,-0.7619575306938974,-0.15873978742581374,-0.5237957129987955,1.2576440772916977,-0.5911925232177752,0
0.4338403029772267,0.08733805062995337,0.8997051785456238,-1.6275728961891156,0.4217208184379781,0.536639261694385,-0.08478960543199393,2.180179857348376,-0.40088795727531673,0.6698842659378585,0.7367246712363097,1.3865511423269279,-0.4390358821128122,-0.03725250856529844,0.4392116088102558,-0.201762488737021,-0.15873978742581374,-0.5237957129987955,-0.7951375258359844,-0.5911925232177752,1
0.005728936807194294,-1.4409870877845605,-0.9373322538565467,-0.003523055272328344,-2.6080897069625,-1.6288836309271162,0.14125821022048246,-0.8520028465040377,-1.3189210778785396,-1.1887590499099316,0.7367246712363097,-1.2774216252220538,-0.4390358821128122,-0.03725250856529844,1.0117111072119953,-1.1470008933922404,6.299617860250349,-0.5237957129987955,-0.7951375258359844,1.6914963581696623,0
0.6050848494452397,0.9731913566386888,0.8997051785456238,-0.6254995900915234,0.06845704764162502,0.4585309200799089,0.4104975706988176,-0.8520028465040377,-0.40088795727531673,0.36011037996322687,-1.4588587562001691,0.0545647585524371,-0.4390358821128122,1.4242432292558669,-0.4195376387923536,0.2809126554164835,-0.15873978742581374,-0.5237957129987955,-0.7951375258359844,1.6914963581696623,0
2.0606634944233497,1.3640423669534314,-0.9373322538565467,0.30746521213726924,0.8222537425320757,0.4636982126924671,1.7029902331334108,-0.8520028465040377,1.8569517264925168,0.36011037996322687,-1.8979754416874648,-1.2774216252220538,2.5288466809697985,-1.4987482463864636,1.584210605613735,-0.596382100264477,-0.15873978742581374,-0.5237957129987955,-0.7951375258359844,-0.5911925232177752,1
-1.7067165278729353,-0.08312272198269943,0.8997051785456238,-1.5239101403859165,0.877283757466046,0.8368171379149353,0.5779892834773674,1.1521609060229787,1.054160113300814,0.36011037996322687,1.1758413567236055,0.0545647585524371,1.0449053994284931,-1.4987482463864636,0.7254613580111255,0.7287748350902497,-0.15873978742581374,-0.5237957129987955,-0.7951375258359844,1.6914963581696623,1
-1.6210942546389289,-0.14296900770748897,0.8997051785456238,1.4132012740380606,-0.7718235071964394,-1.1175755046062268,-0.8686305850779471,-0.8520028465040377,-1.3189210778785396,-0.8789851639353,-0.1415086997382818,1.3865511423269279,-0.4390358821128122,-0.03725250856529844,-0.4195376387923536,0.6218133602973285,-0.15873978742581374,1.9091412456869414,1.2576440772916977,-0.5911925232177752,0
0.5194625762112332,1.4084460414400848,-0.9373322538565467,-0.0726315591411278,0.44774941099710786,1.2834158608549673,1.8020263499997868,-0.8520028465040377,1.4351782839311287,0.6698842659378585,-1.8979754416874648,-1.2774216252220538,-0.4390358821128122,-0.03725250856529844,0.7254613580111255,0.6292603424851314,-0.15873978742581374,-0.5237957129987955,-0.7951375258359844,1.6914963581696623,0
-1.1073606152348898,0.13100166387516254,0.8997051785456238,-0.8328251016979219,0.28204764135827554,-0.5352677519642633,-0.20585169616858562,1.550945093966642,-0.40088795727531673,-0.25943739198603655,0.2976079857490139,1.3865511423269279,-0.4390358821128122,-0.03725250856529844,-0.4195376387923536,0.6468714490103411,-0.15873978742581374,-0.5237957129987955,-0.7951375258359844,-0.5911925232177752,0
0.6050848494452397,1.4965133291719475,-0.9373322538565467,0.3765737160060687,1.4616007187041447,0.9792037115420662,0.8286644917507655,0.03485374204043518,0.8126858168872018,1.289432037887122,0.2976079857490139,0.0545647585524371,2.5288466809697985,-1.4987482463864636,0.7254613580111255,0.6189335250683966,-0.15873978742581374,-0.5237957129987955,1.2576440772916977,-0.5911925232177752,1
0.5194625762112332,1.2073467334316412,0.8997051785456238,0.6184534795468668,1.3016940174230869,0.4789575471181693,0.5959991983045402,-0.8520028465040377,0.517145163327906,-0.5692112779606683,0.2976079857490139,0.0545647585524371,2.5288466809697985,-1.4987482463864636,1.2979608564128653,0.4959492978340155,-0.15873978742581374,-0.5237957129987955,1.2576440772916977,-0.5911925232177752,0
0.6050848494452397,0.07929605180625947,0.8997051785456238,-0.3145113226819259,-0.7131221935216093,-1.2477088034530517,-0.8686305850779471,-0.8520028465040377,-1.3189210778785396,-0.8789851639353,-0.5806253852255776,1.3865511423269279,-0.4390358821128122,1.4242432292558669,-0.9920371371940933,-0.2964666333883963,-0.15873978742581374,-0.5237957129987955,1.2576440772916977,-0.5911925232177752,0
-1.7067165278729353,0.8049014303342724,0.8997051785456238,0.4802364718092679,0.8868259975198538,1.1390725019780643,0.9775920523243778,0.6640885054221695,1.4351782839311287,1.5992059238617538,-1.0197420707128733,0.0545647585524371,-0.4390358821128122,1.4242432292558669,-0.4195376387923536,1.7099105452126884,-0.15873978742581374,1.9091412456869414,-0.7951375258359844,1.6914963581696623,0
1.2900630353172915,-1.8156554256197228,-0.9373322538565467,-1.6621271481235154,-1.1377463706151563,-1.2477088034530517,-0.2769087108314654,0.03485374204043518,-1.3189210778785396,-0.8789851639353,1.6149580422109011,0.0545647585524371,-0.4390358821128122,-1.4987482463864636,0.7254613580111255,-1.6197081512524762,-0.15873978742581374,-0.5237957129987955,1.2576440772916977,-0.5911925232177752,1
0.4338403029772267,1.308981810589981,0.8997051785456238,1.3786470221036609,1.2031014685546666,0.856772305978069,0.1778322772525923,0.03485374204043518,0.8126858168872018,0.050336493988595146,-1.0197420707128733,0.0545647585524371,2.5288466809697985,1.4242432292558669,-1.278286886394963,0.6288443849214884,-0.15873978742581374,1.9091412456869414,1.2576440772916977,-0.5911925232177752,0
0.26259575650921374,-1.845652574606262,-0.9373322538565467,-0.3145113226819259,-1.9960009737071465,-1.0611493408418176,0.1778322772525923,-0.8520028465040377,-1.3189210778785396,-0.5692112779606683,0.2976079857490139,-1.2774216252220538,-0.4390358821128122,-0.03725250856529844,-1.278286886394963,-1.4922238669888441,6.299617860250349,-0.5237957129987955,1.2576440772916977,-0.5911925232177752,0
1.4613075817853045,-1.537935110413754,-0.9373322538565467,-1.5239101403859165,-1.7113959204136286,-1.510649597891829,-0.6950756318834131,0.03485374204043518,-1.3189210778785396,-0.8789851639353,0.7367246712363097,0.0545647585524371,-0.4390358821128122,-1.4987482463864636,1.0117111072119953,-1.512347491378317,6.299617860250349,-0.5237957129987955,1.2576440772916977,-0.5911925232177752,0
-0.5936269758308511,0.34779027020222375,0.8997051785456238,-1.5930186442547158,-0.29975389774111494,-0.20400152794953944,-0.35746650993044954,-0.8520028465040377,-0.40088795727531673,-0.5692112779606683,-0.5806253852255776,0.0545647585524371,-0.4390358821128122,-0.03725250856529844,-0.1332878895914838,0.5655047823673913,-0.15873978742581374,-0.5237957129987955,1.2576440772916977,-0.5911925232177752,0
0.09135121004120077,1.054351406117072,0.8997051785456238,-1.6621271481235154,0.21603595058967015,0.6949989861504834,-1.5314094739873088,0.03485374204043518,0.13612699269759143,0.6698842659378585,-0.1415086997382818,0.0545647585524371,1.0449053994284931,-1.4987482463864636,1.584210605613735,0.7004863662660414,-0.15873978742581374,-0.5237957129987955,-0.7951375258359844,-0.5911925232177752,1
-1.7067165278729353,-0.17005524914434755,0.8997051785456238,-0.8673793536323215,0.2662633796199039,-0.2803828597770823,-0.6950756318834131,0.6640885054221695,-0.40088795727531673,-0.5692112779606683,0.7367246712363097,0.0545647585524371,-0.4390358821128122,-0.03725250856529844,-0.1332878895914838,0.632727214598237,-0.15873978742581374,-0.5237957129987955,1.2576440772916977,-0.5911925232177752,0
-0.6792492490648575,1.5163963078587488,-0.9373322538565467,1.3786470221036609,1.137404493058106,1.7866102521052643,0.8523258515899851,-0.8520028465040377,0.517145163327906,1.9089798098363855,-1.4588587562001691,-1.2774216252220538,1.0449053994284931,-1.4987482463864636,0.7254613580111255,1.6674602308698507,-0.15873978742581374,-0.5237957129987955,-0.7951375258359844,-0.5911925232177752,1
-1.1929828884688964,0.3294860888305033,0.8997051785456238,-0.03807730720672808,0.31527493297126563,0.9183249137649491,0.9077121840706136,1.88811232068876,0.13612699269759143,0.36011037996322687,0.7367246712363097,1.3865511423269279,-0.4390358821128122,-0.03725250856529844,-0.1332878895914838,0.8914217900917638,-0.15873978742581374,-0.5237957129987955,-0.7951375258359844,-0.5911925232177752,0
1.033196215615272,-0.3277869684041597,-0.9373322538565467,-0.6254995900915234,1.0644426925696213,0.5036180010184462,-0.03229674297405158,-0.8520028465040377,0.517145163327906,2.2187536958110172,0.2976079857490139,-1.2774216252220538,1.0449053994284931,-1.4987482463864636,1.584210605613735,-0.747900513190299,-0.15873978742581374,1.9091412456869414,-0.7951375258359844,1.6914963581696623,0
-1.3642274349369095,-0.8392186236582144,0.8997051785456238,0.6530077314812666,-1.4495347260525029,-1.179383373877105,-0.8686305850779471,0.03485374204043518,-1.3189210778785396,-0.8789851639353,-0.5806253852255776,1.3865511423269279,-0.4390358821128122,1.4242432292558669,-0.4195376387923536,-0.2226215864799515,-0.15873978742581374,-0.5237957129987955,-0.7951375258359844,1.6914963581696623,0
0.4338403029772267,-0.4232548685504645,0.8997051785456238,-0.10718581107552753,-0.6115422531784616,-0.7982085464030406,-0.2769087108314654,-0.8520028465040377,0.13612699269759143,-1.1887590499099316,-0.1415086997382818,0.0545647585524371,-0.4390358821128122,-0.03725250856529844,1.2979608564128653,-0.5489193295549166,-0.15873978742581374,-0.5237957129987955,-0.7951375258359844,1.6914963581696623,0
-1.2786051617029028,-0.2891557716007712,0.8997051785456238,1.4823097779068601,0.3123348355142388,0.6985917476487425,0.305312378978912,1.550945093966642,-0.40088795727531673,0.050336493988595146,0.7367246712363097,0.0545647585524371,-0.4390358821128122,-0.03725250856529844,0.152961859609386,0.3093621400717794,-0.15873978742581374,-0.5237957129987955,1.2576440772916977,-0.5911925232177752,0
0.005728936807194294,0.7341022382361084,0.8997051785456238,1.0676587546940632,1.0750409203609892,0.5896067943713453,0.4341589305380372,0.03485374204043518,1.5911750632737223,1.289432037887122,-0.5806253852255776,0.0545647585524371,-0.4390358821128122,-0.03725250856529844,1.584210605613735,0.51672034004432,-0.15873978742581374,-0.5237957129987955,-0.7951375258359844,1.6914963581696623,0
1.033196215615272,-1.1773772735821282,-0.9373322538565467,-1.1438133691075194,-2.6080897069625,-1.510649597891829,0.45692719274077576,0.03485374204043518,-1.3189210778785396,-0.8789851639353,0.7367246712363097,0.0545647585524371,-0.4390358821128122,-0.03725250856529844,0.4392116088102558,-1.2244570557624734,-0.15873978742581374,-0.5237957129987955,1.2576440772916977,-0.5911925232177752,0
-1.4498497081709159,0.8983464964206297,0.8997051785456238,0.031031196662071384,1.0810077476742224,0.6767304036719041,0.060700411121498196,0.03485374204043518,1.5911750632737223,1.5992059238617538,-1.4588587562001691,0.0545647585524371,-0.4390358821128122,1.4242432292558669,-1.5645366355958328,1.6375330905146777,-0.15873978742581374,1.9091412456869414,-0.7951375258359844,1.6914963581696623,0
-0.5936269758308511,1.0173483440448607,-0.9373322538565467,1.5168640298412597,1.1279381725512219,1.2906454986284055,0.8970342532253942,-0.8520028465040377,1.8569517264925168,0.6698842659378585,-1.4588587562001691,-1.2774216252220538,-0.4390358821128122,-0.03725250856529844,-0.7057873879932234,1.1573151150335002,-0.15873978742581374,-0.5237957129987955,-0.7951375258359844,-0.5911925232177752,0
0.17697348327520726,-1.2718584254065075,-0.9373322538565467,0.06558544859647111,-1.6098159800704808,-1.2477088034530517,-0.8686305850779471,-0.8520028465040377,-0.40088795727531673,-1.1887590499099316,0.7367246712363097,0.0545647585524371,-0.4390358821128122,-1.4987482463864636,1.0117111072119953,-1.0609379316759016,-0.15873978742581374,-0.5237957129987955,-0.7951375258359844,-0.5911925232177752,0
0.6050848494452397,-0.6950546938248796,-0.9373322538565467,-0.8673793536323215,-0.5814188535776059,-0.05070534571913307,0.015992009486089375,0.03485374204043518,-1.3189210778785396,-0.5692112779606683,0.7367246712363097,0.0545647585524371,-0.4390358821128122,-1.4987482463864636,0.7254613580111255,-0.7966304449455542,-0.15873978742581374,-0.5237957129987955,-0.7951375258359844,1.6914963581696623,0
0.6050848494452397,-1.30353304654032,0.8997051785456238,1.0331045027596635,-1.7113959204136286,-1.6288836309271162,-1.5314094739873088,-0.8520028465040377,-1.3189210778785396,-1.1887590499099316,0.7367246712363097,1.3865511423269279,-0.4390358821128122,-0.03725250856529844,0.4392116088102558,-1.1896549933962983,-0.15873978742581374,-0.5237957129987955,-0.7951375258359844,1.6914963581696623,0
0.9475739423812656,-0.39523121620777657,0.8997051785456238,-0.7982708497635221,-0.042332146591425396,-1.0611493408418176,-0.5604559516442456,0.6640885054221695,-1.3189210778785396,-0.5692112779606683,1.1758413567236055,0.0545647585524371,-0.4390358821128122,-1.4987482463864636,0.4392116088102558,-0.7491794149736773,-0.15873978742581374,-0.5237957129987955,1.2576440772916977,-0.5911925232177752,0
-1.1073606152348898,0.08057882462476279,0.8997051785456238,1.2749842663004616,0.275787494877432,0.30730659837135,1.4367527476722386,1.1521609060229787,0.13612699269759143,1.9089798098363855,-0.1415086997382818,0.0545647585524371,-0.4390358821128122,-1.4987482463864636,0.4392116088102558,0.5971611656585158,-0.15873978742581374,-0.5237957129987955,1.2576440772916977,-0.5911925232177752,0
-1.0217383420008834,-0.07305788909905798,0.8997051785456238,0.6530077314812666,-0.37541534278370353,-1.1175755046062268,-1.5314094739873088,0.03485374204043518,-1.3189210778785396,-0.5692112779606683,-0.1415086997382818,1.3865511423269279,1.0449053994284931,1.4242432292558669,-0.1332878895914838,0.40366709964191666,-0.15873978742581374,-0.5237957129987955,-0.7951375258359844,1.6914963581696623,0
0.26259575650921374,1.6433908168905775,-0.9373322538565467,1.6896352895132585,1.2394312234614326,1.2366982321672841,1.2468314128027136,-0.8520028465040377,1.2583237218588201,1.9089798098363855,-1.4588587562001691,-1.2774216252220538,4.012787962511103,-0.03725250856529844,1.0117111072119953,0.9986205955107152,-0.15873978742581374,-0.5237957129987955,-0.7951375258359844,1.6914963581696623,0
-0.25113788289482514,0.47804104869640707,0.8997051785456238,-0.5218368342883243,0.6666741803419015,0.36373276213575945,0.27587789045965005,0.03485374204043518,-0.40088795727531673,0.6698842659378585,-0.1415086997382818,0.0545647585524371,-0.4390358821128122,-0.03725250856529844,0.4392116088102558,0.4750474302609523,-0.15873978742581374,-0.5237957129987955,1.2576440772916977,-0.5911925232177752,0
1.4613075817853045,1.5164456452748452,-0.9373322538565467,0.3765737160060687,1.391841448032369,1.1444992432004948,0.7913358438282032,-0.8520028465040377,0.517145163327906,1.289432037887122,-1.4588587562001691,-1.2774216252220538,1.0449053994284931,-0.03725250856529844,-0.9920371371940933,-0.05865631436140744,-0.15873978742581374,1.9091412456869414,1.2576440772916977,-0.5911925232177752,1
-0.33676015612883164,0.6721344436191787,-0.9373322538565467,-1.5930186442547158,1.1762458036888388,1.0109544060945141,-1.5314094739873088,1.1521609060229787,0.8126858168872018,0.36011037996322687,0.2976079857490139,-1.2774216252220538,-0.4390358821128122,-1.4987482463864636,0.7254613580111255,0.6881015652582178,-0.15873978742581374,1.9091412456869414,-0.7951375258359844,1.6914963581696623,1
0.4338403029772267,-0.8884080275062071,0.8997051785456238,0.5493449756780673,-1.7113959204136286,-1.9601498549418401,-1.5314094739873088,-0.8520028465040377,-1.3189210778785396,-1.1887590499099316,0.7367246712363097,2.718537526101419,-0.4390358821128122,-0.03725250856529844,1.2979608564128653,-0.8651812577828729,-0.15873978742581374,-0.5237957129987955,-0.7951375258359844,1.6914963581696623,0
0.6050848494452397,-1.0165866345243466,-0.9373322538565467,1.1713215104972625,-0.9977272468151274,-0.9164425794383279,-0.2769087108314654,-0.8520028465040377,-1.3189210778785396,-0.8789851639353,0.7367246712363097,0.0545647585524371,-0.4390358821128122,-0.03725250856529844,-0.7057873879932234,-1.0043123538285106,-0.15873978742581374,-0.5237957129987955,-0.7951375258359844,-0.5911925232177752,0
0.6050848494452397,1.0218873863257187,-0.9373322538565467,0.5147907237436676,1.2183828342405967,1.7270738099962835,0.8406111661619536,-0.8520028465040377,1.2583237218588201,0.6698842659378585,-1.0197420707128733,-1.2774216252220538,1.0449053994284931,-0.03725250856529844,-0.9920371371940933,0.31236609167050805,-0.15873978742581374,-0.5237957129987955,-0.7951375258359844,-0.5911925232177752,1
0.9475739423812656,-1.7560064895593184,-0.9373322538565467,0.6875619834156662,-2.2219047133258343,-1.9601498549418401,0.305312378978912,0.6640885054221695,-0.40088795727531673,-1.1887590499099316,1.1758413567236055,0.0545647585524371,-0.4390358821128122,-1.4987482463864636,0.4392116088102558,-1.5356025382327962,6.299617860250349,-0.5237957129987955,1.2576440772916977,-0.5911925232177752,0
-1.0217383420008834,0.6853075337168859,-0.9373322538565467,-0.03807730720672808,0.44774941099710786,1.358827122506518,1.6649983338546608,0.6640885054221695,1.054160113300814,0.050336493988595146,-1.4588587562001691,-1.2774216252220538,-0.4390358821128122,1.4242432292558669,-1.5645366355958328,1.138425106724912,-0.15873978742581374,-0.5237957129987955,-0.7951375258359844,-0.5911925232177752,0
-0.33676015612883164,0.3500597913426527,0.8997051785456238,-0.9710421094355208,0.5734585748700326,0.0038218656145007695,-0.5604559516442456,-0.8520028465040377,0.13612699269759143,-0.5692112779606683,0.7367246712363097,0.0545647585524371,-0.4390358821128122,1.4242432292558669,-0.7057873879932234,0.4198491906662236,-0.15873978742581374,-0.5237957129987955,1.2576440772916977,-0.5911925232177752,0
0.005728936807194294,-0.5430461148322362,0.8997051785456238,-0.6600538420259232,0.20184035018791985,-0.1228342571174431,-0.35746650993044954,1.550945093966642,0.8126858168872018,-0.8789851639353,0.2976079857490139,1.3865511423269279,1.0449053994284931,-0.03725250856529844,1.0117111072119953,-0.46016773890906215,-0.15873978742581374,-0.5237957129987955,-0.7951375258359844,-0.5911925232177752,0
0.09135121004120077,-1.5299424490061562,-0.9373322538565467,-0.34906557461632565,-1.9960009737071465,-1.410684147335121,-0.5604559516442456,-0.8520028465040377,-0.40088795727531673,-1.1887590499099316,0.7367246712363097,0.0545647585524371,-0.4390358821128122,1.4242432292558669,-0.4195376387923536,-1.232307416152116,-0.15873978742581374,-0.5237957129987955,-0.7951375258359844,-0.5911925232177752,0
-1.2786051617029028,0.5446958978424835,0.8997051785456238,0.9294417469564643,-0.01514884444759711,-0.1487773882396137,-0.5604559516442456,-0.8520028465040377,0.13612699269759143,-0.25943739198603655,-1.4588587562001691,0.0545647585524371,-0.4390358821128122,1.4242432292558669,-0.9920371371940933,1.1597773154505484,-0.15873978742581374,-0.5237957129987955,-0.7951375258359844,-0.5911925232177752,0
-0.25113788289482514,-1.093404991386257,0.8997051785456238,-1.316584628779518,-0.23314965474948088,-0.31364614015791037,-0.5604559516442456,1.1521609060229787,0.13612699269759143,-1.1887590499099316,1.6149580422109011,1.3865511423269279,-0.4390358821128122,-1.4987482463864636,0.4392116088102558,-0.8070813787320859,-0.15873978742581374,-0.5237957129987955,-0.7951375258359844,-0.5911925232177752,1
0.4338403029772267,-1.5911701823816418,-0.9373322538565467,-0.7982708497635221,-1.9960009737071465,-1.179383373877105,-0.6950756318834131,-0.8520028465040377,-1.3189210778785396,-0.8789851639353,1.1758413567236055,0.0545647585524371,-0.4390358821128122,1.4242432292558669,-1.5645366355958328,-1.3429957365354195,-0.15873978742581374,-0.5237957129987955,-0.7951375258359844,-0.5911925232177752,0
0.17697348327520726,-0.7799643869265802,0.8997051785456238,-0.5218368342883243,-0.8374459927971493,-1.0611493408418176,-0.6950756318834131,0.03485374204043518,-1.3189210778785396,-0.8789851639353,0.2976079857490139,1.3865511423269279,-0.4390358821128122,1.4242432292558669,-1.5645366355958328,-0.7014113850843466,-0.15873978742581374,-0.5237957129987955,1.2576440772916977,-0.5911925232177752,0
-0.07989333642681218,-0.7203154508661758,0.8997051785456238,0.7912247392188655,-0.4997391420592437,-1.0092423019281362,-0.20585169616858562,1.550945093966642,-0.40088795727531673,-0.5692112779606683,-0.1415086997382818,1.3865511423269279,-0.4390358821128122,-0.03725250856529844,-1.278286886394963,-0.5647341032145549,-0.15873978742581374,-0.5237957129987955,-0.7951375258359844,-0.5911925232177752,0
-1.0217383420008834,-1.3842983966899332,-0.9373322538565467,-1.2474761249107187,-1.7113959204136286,-1.0611493408418176,0.1778322772525923,-0.8520028465040377,-1.3189210778785396,-0.5692112779606683,0.2976079857490139,-1.2774216252220538,-0.4390358821128122,1.4242432292558669,-1.278286886394963,-0.8667553552565785,-0.15873978742581374,-0.5237957129987955,1.2576440772916977,-0.5911925232177752,0
0.3482180297432202,0.6777095716380586,0.8997051785456238,0.30746521213726924,1.0048064966790902,0.26676266005327803,-1.5314094739873088,2.180179857348376,0.8126858168872018,0.6698842659378585,0.2976079857490139,0.0545647585524371,2.5288466809697985,1.4242432292558669,-1.5645366355958328,0.2544263898266884,-0.15873978742581374,-0.5237957129987955,-0.7951375258359844,-0.5911925232177752,0
-1.0217383420008834,1.3272859919617017,-0.9373322538565467,-1.2820303768451184,1.18983543289563,0.6617357057696556,0.8040370991298441,-0.8520028465040377,0.517145163327906,-0.5692112779606683,-0.5806253852255776,-1.2774216252220538,1.0449053994284931,-0.03725250856529844,1.2979608564128653,1.7604191987269897,-0.15873978742581374,-0.5237957129987955,-0.7951375258359844,-0.5911925232177752,1
0.17697348327520726,-1.0787517788056613,-0.9373322538565467,-0.9019336055667213,-0.7928504243226514,-1.2477088034530517,-1.5314094739873088,-0.8520028465040377,-1.3189210778785396,-1.1887590499099316,1.6149580422109011,0.0545647585524371,-0.4390358821128122,1.4242432292558669,-0.9920371371940933,-0.9197958149899089,-0.15873978742581374,1.9091412456869414,-0.7951375258359844,1.6914963581696623,0
-0.764871522298864,-0.5092499848062833,2.736742610947794,-0.556391086222724,-0.8147021338647573,-0.6392486444013494,-1.5314094739873088,1.1521609060229787,-0.40088795727531673,-0.8789851639353,-0.1415086997382818,2.718537526101419,-0.4390358821128122,1.4242432292558669,-0.9920371371940933,-0.12278925533325918,-0.15873978742581374,-0.5237957129987955,-0.7951375258359844,1.6914963581696623,0
0.3482180297432202,0.588063486591115,0.8997051785456238,-0.6600538420259232,0.15303533888718493,0.4044586311021631,0.14125821022048246,1.1521609060229787,-0.40088795727531673,0.36011037996322687,-0.1415086997382818,1.3865511423269279,-0.4390358821128122,-0.03725250856529844,0.152961859609386,0.1919514087405671,-0.15873978742581374,1.9091412456869414,-0.7951375258359844,1.6914963581696623,0
-0.5936269758308511,-0.4355398851584386,0.8997051785456238,-1.1783676210419192,-0.22535725954179572,-0.96118389028511,-0.6950756318834131,0.03485374204043518,-0.40088795727531673,-0.5692112779606683,-0.5806253852255776,0.0545647585524371,-0.4390358821128122,-0.03725250856529844,1.0117111072119953,-0.12686664580590537,-0.15873978742581374,1.9091412456869414,1.2576440772916977,-0.5911925232177752,0
-0.9361160687668769,-0.09989744345543516,0.8997051785456238,-0.8328251016979219,-0.6115422531784616,-0.8352753086062314,-1.5314094739873088,0.03485374204043518,-1.3189210778785396,-0.8789851639353,0.7367246712363097,1.3865511423269279,-0.4390358821128122,-0.03725250856529844,1.584210605613735,0.3360907680323263,-0.15873978742581374,-0.5237957129987955,1.2576440772916977,-0.5911925232177752,0
0.26259575650921374,0.8689413964272459,-0.9373322538565467,-1.558464392320316,0.8510086879611973,1.701639499450805,1.7493149447597898,0.03485374204043518,0.517145163327906,0.050336493988595146,-0.5806253852255776,-1.2774216252220538,1.0449053994284931,-1.4987482463864636,0.7254613580111255,0.44573751725828187,-0.15873978742581374,-0.5237957129987955,1.2576440772916977,-0.5911925232177752,0
0.6050848494452397,-1.6996138229612685,-0.9373322538565467,1.0676587546940632,-1.3252109267769627,-1.0611493408418176,0.060700411121498196,1.1521609060229787,-0.40088795727531673,-0.8789851639353,1.1758413567236055,0.0545647585524371,-0.4390358821128122,1.4242432292558669,-1.5645366355958328,-1.445489022015659,-0.15873978742581374,-0.5237957129987955,1.2576440772916977,-0.5911925232177752,0
0.005728936807194294,-0.5430461148322362,0.8997051785456238,-0.6600538420259232,0.20184035018791985,-0.1228342571174431,-0.35746650993044954,1.550945093966642,0.8126858168872018,-0.8789851639353,0.2976079857490139,1.3865511423269279,1.0449053994284931,-0.03725250856529844,1.0117111072119953,-0.46016773890906215,-0.15873978742581374,-0.5237957129987955,-0.7951375258359844,-0.5911925232177752,0
0.6050848494452397,-1.0379003982779402,-0.9373322538565467,-1.4893558884515168,-1.3252109267769627,-1.510649597891829,-0.5604559516442456,-0.8520028465040377,-1.3189210778785396,-0.8789851639353,0.7367246712363097,0.0545647585524371,-0.4390358821128122,-0.03725250856529844,-0.1332878895914838,-1.018079207386503,-0.15873978742581374,-0.5237957129987955,-0.7951375258359844,1.6914963581696623,0
1.204440762083285,-0.9596512563492376,-0.9373322538565467,-1.1438133691075194,-0.7718235071964394,-0.6116490837918062,-0.5604559516442456,0.03485374204043518,-1.3189210778785396,-0.5692112779606683,0.2976079857490139,0.0545647585524371,-0.4390358821128122,1.4242432292558669,-0.4195376387923536,-1.1562458856938553,-0.15873978742581374,-0.5237957129987955,1.2576440772916977,-0.5911925232177752,0
-0.4223824293628381,-0.48764019655611196,0.8997051785456238,0.2729109602028695,-0.18076169106729792,-0.20400152794953944,-0.08478960543199393,1.550945093966642,-0.40088795727531673,-0.5692112779606683,0.2976079857490139,1.3865511423269279,-0.4390358821128122,1.4242432292558669,-0.7057873879932234,-0.2428802293527844,-0.15873978742581374,-0.5237957129987955,-0.7951375258359844,-0.5911925232177752,0
0.5194625762112332,-0.8594963016737861,0.8997051785456238,-1.3856931326483175,-1.223630986433815,-1.324090135280595,-0.5604559516442456,-0.8520028465040377,-1.3189210778785396,-0.8789851639353,-1.0197420707128733,0.0545647585524371,-0.4390358821128122,1.4242432292558669,-1.5645366355958328,-0.8741847263378563,-0.15873978742581374,-0.5237957129987955,-0.7951375258359844,1.6914963581696623,0
-1.1929828884688964,0.33969893396243356,0.8997051785456238,0.34201946407166894,0.9341641520965337,0.4100733137233073,0.27587789045965005,0.03485374204043518,0.8126858168872018,0.9796581519124903,0.2976079857490139,0.0545647585524371,1.0449053994284931,1.4242432292558669,-0.9920371371940933,0.9016639064723536,-0.15873978742581374,1.9091412456869414,1.2576440772916977,-0.5911925232177752,0
-0.33676015612883164,0.3991011829423566,0.8997051785456238,0.9985502508252638,-0.1010334602662558,0.24549872910047196,0.6134870124126136,-0.8520028465040377,-0.40088795727531673,0.050336493988595146,-0.5806253852255776,0.0545647585524371,-0.4390358821128122,1.4242432292558669,-1.5645366355958328,0.46069521706702665,-0.15873978742581374,-0.5237957129987955,-0.7951375258359844,-0.5911925232177752,0
-0.4223824293628381,0.4587994564188573,0.8997051785456238,1.4132012740380606,1.2482925979358852,1.2128246727764413,0.9486286980291899,0.6640885054221695,1.8569517264925168,-0.5692112779606683,0.2976079857490139,0.0545647585524371,-0.4390358821128122,-1.4987482463864636,1.0117111072119953,0.5614860955831625,-0.15873978742581374,1.9091412456869414,1.2576440772916977,-0.5911925232177752,1
0.9475739423812656,0.562309355388856,-0.9373322538565467,0.8603332430876649,0.40947533264594993,-0.1487773882396137,-0.5604559516442456,-0.8520028465040377,0.13612699269759143,-0.5692112779606683,0.2976079857490139,0.0545647585524371,-0.4390358821128122,1.4242432292558669,-0.9920371371940933,-0.19579483949733564,-0.15873978742581374,-0.5237957129987955,-0.7951375258359844,1.6914963581696623,0
-1.0217383420008834,-0.21100530450426125,0.8997051785456238,-1.3511388807139177,0.3466316417092352,0.3873168808649239,0.8406111661619536,1.88811232068876,-0.40088795727531673,0.6698842659378585,0.2976079857490139,0.0545647585524371,-0.4390358821128122,-0.03725250856529844,0.4392116088102558,0.2700138963497395,-0.15873978742581374,-0.5237957129987955,-0.7951375258359844,1.6914963581696623,0
-1.7067165278729353,1.1476977973712368,-0.9373322538565467,0.4802364718092679,0.9283402609993402,1.491778423796304,1.4233952866648683,-0.8520028465040377,1.054160113300814,1.5992059238617538,-1.0197420707128733,-1.2774216252220538,1.0449053994284931,-0.03725250856529844,-0.1332878895914838,2.0886499703991266,-0.15873978742581374,-0.5237957129987955,-0.7951375258359844,-0.5911925232177752,0
1.9750412211893433,-1.7931082264637221,-0.9373322538565467,-1.2474761249107187,-2.2219047133258343,-1.773590392330606,-0.20585169616858562,0.03485374204043518,-1.3189210778785396,-0.8789851639353,0.7367246712363097,0.0545647585524371,-0.4390358821128122,-0.03725250856529844,1.0117111072119953,-1.710542884213027,6.299617860250349,-0.5237957129987955,-0.7951375258359844,-0.5911925232177752,0
0.4338403029772267,-0.9885629821816587,-0.9373322538565467,1.6896352895132585,-0.29975389774111494,-0.6982430958463327,-0.5604559516442456,0.03485374204043518,-0.40088795727531673,-0.8789851639353,1.1758413567236055,0.0545647585524371,-0.4390358821128122,-0.03725250856529844,-0.1332878895914838,-0.933277536347017,-0.15873978742581374,1.9091412456869414,-0.7951375258359844,-0.5911925232177752,0
-1.2786051617029028,1.0101450812948036,0.8997051785456238,-1.558464392320316,0.8889244827697381,1.0284232547248884,1.4954519491840863,0.6640885054221695,0.8126858168872018,0.6698842659378585,-1.4588587562001691,0.0545647585524371,-0.4390358821128122,-0.03725250856529844,-1.278286886394963,1.6344721124757722,-0.15873978742581374,-0.5237957129987955,-0.7951375258359844,-0.5911925232177752,0
1.8037966747213303,1.9525390661498778,-0.9373322538565467,1.5514182817756594,0.22987882851681507,1.6775465601449484,-1.5314094739873088,-2.368094198430245,0.517145163327906,0.36011037996322687,-1.0197420707128733,-1.2774216252220538,5.496729244052409,-0.03725250856529844,-0.9920371371940933,-0.15693970675800153,-0.15873978742581374,-0.5237957129987955,-0.7951375258359844,-0.5911925232177752,1
1.2900630353172915,1.894715614485036,-0.9373322538565467,1.4477555259724604,1.0223888583171974,0.5036180010184462,1.2158868175043152,-0.8520028465040377,1.5911750632737223,-0.25943739198603655,-1.8979754416874648,-1.2774216252220538,4.012787962511103,-0.03725250856529844,1.584210605613735,0.2723284989216242,-0.15873978742581374,-0.5237957129987955,1.2576440772916977,-0.5911925232177752,0
1.033196215615272,-0.47510849286765644,0.8997051785456238,0.583899227612467,-0.8374459927971493,-1.1175755046062268,-1.5314094739873088,-0.8520028465040377,-1.3189210778785396,-0.8789851639353,-0.5806253852255776,1.3865511423269279,-0.4390358821128122,-0.03725250856529844,1.2979608564128653,-0.8305368567513044,-0.15873978742581374,-0.5237957129987955,-0.7951375258359844,-0.5911925232177752,0
-0.33676015612883164,0.8716056168964451,0.8997051785456238,-1.212921872976319,0.8465064640662544,-0.4051344531174384,0.060700411121498196,-0.8520028465040377,-0.40088795727531673,0.36011037996322687,0.2976079857490139,0.0545647585524371,1.0449053994284931,1.4242432292558669,-0.9920371371940933,0.8542388738482044,-0.15873978742581374,-0.5237957129987955,-0.7951375258359844,-0.5911925232177752,0
0.09135121004120077,0.6961124278419716,-0.9373322538565467,0.9639959988908641,1.1934848815893957,0.4839652306253873,0.060700411121498196,-0.8520028465040377,0.517145163327906,1.9089798098363855,0.7367246712363097,-1.2774216252220538,4.012787962511103,-0.03725250856529844,-0.1332878895914838,0.43255937783270354,-0.15873978742581374,-0.5237957129987955,-0.7951375258359844,-0.5911925232177752,1
0.5194625762112332,0.46067427823051593,0.8997051785456238,-0.2799570707475262,0.40947533264594993,0.6021992636606748,1.6435049085062783,0.03485374204043518,0.8126858168872018,1.5992059238617538,-0.5806253852255776,0.0545647585524371,-0.4390358821128122,1.4242432292558669,-1.5645366355958328,0.0009715378364716137,-0.15873978742581374,-0.5237957129987955,-0.7951375258359844,1.6914963581696623,0
-1.5354719814049222,1.004915315188598,0.8997051785456238,-0.9710421094355208,0.9302883300301269,0.9975368558995111,0.8406111661619536,0.6640885054221695,0.517145163327906,-0.25943739198603655,-1.0197420707128733,0.0545647585524371,-0.4390358821128122,-0.03725250856529844,0.152961859609386,1.810193217511954,-0.15873978742581374,-0.5237957129987955,1.2576440772916977,-0.5911925232177752,0
-1.1929828884688964,0.6716410694582159,0.8997051785456238,-0.8328251016979219,0.9804654636710071,0.0917220045792926,-1.5314094739873088,0.03485374204043518,0.517145163327906,0.6698842659378585,0.2976079857490139,0.0545647585524371,2.5288466809697985,1.4242432292558669,-0.9920371371940933,1.2345574282530698,-0.15873978742581374,-0.5237957129987955,1.2576440772916977,-0.5911925232177752,0
0.5194625762112332,1.3605887478266916,-0.9373322538565467,-1.6275728961891156,1.2808398859007362,1.3817174444521374,1.6466226794932401,-0.8520028465040377,1.2583237218588201,0.36011037996322687,-1.4588587562001691,-1.2774216252220538,2.5288466809697985,-0.03725250856529844,-1.5645366355958328,0.5975351920161465,-0.15873978742581374,1.9091412456869414,1.2576440772916977,-0.5911925232177752,1
-0.16551560966081866,1.4694270877350888,-0.9373322538565467,0.06558544859647111,1.0742905536816605,1.5663999396409627,1.7360553485175407,-0.8520028465040377,0.13612699269759143,1.289432037887122,-1.4588587562001691,-1.2774216252220538,-0.4390358821128122,-1.4987482463864636,1.584210605613735,1.2156632268238805,-0.15873978742581374,-0.5237957129987955,-0.7951375258359844,-0.5911925232177752,0
0.3482180297432202,-0.15614209780519614,0.8997051785456238,-1.5930186442547158,0.6109129641240983,-0.1228342571174431,-0.5604559516442456,1.550945093966642,-0.40088795727531673,0.050336493988595146,1.1758413567236055,0.0545647585524371,-0.4390358821128122,-1.4987482463864636,1.0117111072119953,-0.3266906466821371,-0.15873978742581374,1.9091412456869414,-0.7951375258359844,-0.5911925232177752,0
0.17697348327520726,0.06498820113833782,0.8997051785456238,-0.5909453381571238,0.4792096241800948,-0.20400152794953944,0.5402715434140909,0.03485374204043518,0.517145163327906,-0.8789851639353,0.7367246712363097,0.0545647585524371,1.0449053994284931,-0.03725250856529844,-1.5645366355958328,-0.08383348769949533,-0.15873978742581374,-0.5237957129987955,1.2576440772916977,-0.5911925232177752,0
-1.1929828884688964,-0.624156826894523,0.8997051785456238,1.2058757624316623,0.04514204855139,0.1929909566637722,-0.35746650993044954,0.03485374204043518,-0.40088795727531673,0.050336493988595146,-0.1415086997382818,0.0545647585524371,-0.4390358821128122,-0.03725250856529844,1.0117111072119953,-0.06495438150447053,-0.15873978742581374,-0.5237957129987955,-0.7951375258359844,1.6914963581696623,0
0.4338403029772267,-1.2595734087985333,-0.9373322538565467,-0.003523055272328344,-0.8611579617475593,-0.7631463972079218,-1.5314094739873088,0.6640885054221695,-1.3189210778785396,-0.8789851639353,1.1758413567236055,0.0545647585524371,-0.4390358821128122,-0.03725250856529844,1.2979608564128653,-1.1175400280479255,-0.15873978742581374,-0.5237957129987955,1.2576440772916977,-0.5911925232177752,0
0.26259575650921374,-0.3587708657126245,0.8997051785456238,0.6875619834156662,0.8729897310068478,-0.6680752475562154,-1.5314094739873088,1.1521609060229787,0.13612699269759143,0.36011037996322687,1.1758413567236055,0.0545647585524371,1.0449053994284931,-0.03725250856529844,-0.9920371371940933,-0.43073203228835455,-0.15873978742581374,1.9091412456869414,1.2576440772916977,-0.5911925232177752,0
-0.4223824293628381,-0.4476768895181239,-0.9373322538565467,1.620526785644459,-1.0993071871582751,-1.0611493408418176,-0.6950756318834131,-0.8520028465040377,-0.40088795727531673,-0.5692112779606683,-1.4588587562001691,-1.2774216252220538,-0.4390358821128122,1.4242432292558669,-0.7057873879932234,-0.20891595248273712,-0.15873978742581374,-0.5237957129987955,1.2576440772916977,-0.5911925232177752,0
0.7763293959132526,-1.2388516940380951,-0.9373322538565467,-0.9019336055667213,-1.9960009737071465,-1.1175755046062268,0.015992009486089375,0.6640885054221695,-0.40088795727531673,-0.8789851639353,-0.1415086997382818,0.0545647585524371,-0.4390358821128122,-0.03725250856529844,-0.4195376387923536,-1.1923016911198014,6.299617860250349,-0.5237957129987955,-0.7951375258359844,-0.5911925232177752,0
-1.0217383420008834,0.08072683687305164,0.8997051785456238,-1.0747048652387199,-0.7320103472721154,-1.179383373877105,-0.6950756318834131,-0.8520028465040377,-1.3189210778785396,-0.8789851639353,-0.5806253852255776,0.0545647585524371,-0.4390358821128122,1.4242432292558669,-0.9920371371940933,0.5526646084622729,-0.15873978742581374,-0.5237957129987955,1.2576440772916977,-0.5911925232177752,0
-0.764871522298864,0.7952806341954975,0.8997051785456238,-1.4202473845827173,0.8878762281327857,0.8192099443684683,0.9680912678882734,1.1521609060229787,0.8126858168872018,2.2187536958110172,-0.1415086997382818,0.0545647585524371,1.0449053994284931,-0.03725250856529844,-1.5645366355958328,1.0746100042946343,-0.15873978742581374,-0.5237957129987955,1.2576440772916977,-0.5911925232177752,0
0.26259575650921374,1.2155367445036238,0.8997051785456238,-0.9710421094355208,0.8762133494995515,0.6502576753037012,1.4097353670215558,-0.8520028465040377,0.517145163327906,1.5992059238617538,-1.0197420707128733,0.0545647585524371,1.0449053994284931,1.4242432292558669,-1.278286886394963,0.6931735639374782,-0.15873978742581374,-0.5237957129987955,1.2576440772916977,-0.5911925232177752,0
-1.1073606152348898,1.6044635955906115,-0.9373322538565467,0.3765737160060687,0.9669745581599086,1.6204722286187083,0.9386567793690114,-0.8520028465040377,1.8569517264925168,0.050336493988595146,-1.4588587562001691,-1.2774216252220538,1.0449053994284931,1.4242432292558669,-0.4195376387923536,2.0995109913804595,-0.15873978742581374,1.9091412456869414,1.2576440772916977,-0.5911925232177752,0
-1.0217383420008834,0.6853075337168859,-0.9373322538565467,-0.03807730720672808,0.44774941099710786,1.358827122506518,1.6649983338546608,0.6640885054221695,1.054160113300814,0.050336493988595146,-1.4588587562001691,-1.2774216252220538,-0.4390358821128122,1.4242432292558669,-1.5645366355958328,1.138425106724912,-0.15873978742581374,-0.5237957129987955,-0.7951375258359844,1.6914963581696623,0
0.26259575650921374,-1.3011648505676987,-0.9373322538565467,-0.4527283304195248,-1.7113959204136286,-1.0092423019281362,-0.03229674297405158,0.03485374204043518,-0.40088795727531673,-0.8789851639353,-1.0197420707128733,0.0545647585524371,-0.4390358821128122,1.4242432292558669,-0.9920371371940933,-1.1035115237644155,6.299617860250349,-0.5237957129987955,1.2576440772916977,-0.5911925232177752,0
1.204440762083285,1.8757700467040637,-0.9373322538565467,-0.4527283304195248,1.0190823371868605,1.5336311250040484,1.475137324703227,-0.8520028465040377,1.054160113300814,1.9089798098363855,-1.4588587562001691,-1.2774216252220538,-0.4390358821128122,-0.03725250856529844,-1.278286886394963,0.3378216882165183,-0.15873978742581374,-0.5237957129987955,-0.7951375258359844,-0.5911925232177752,1
0.17697348327520726,-0.5301690492311066,0.8997051785456238,0.4802364718092679,-0.8374459927971493,-1.324090135280595,-1.5314094739873088,-0.8520028465040377,-0.40088795727531673,-1.1887590499099316,0.7367246712363097,1.3865511423269279,-0.4390358821128122,-0.03725250856529844,-1.278286886394963,-0.5188353664892572,-0.15873978742581374,-0.5237957129987955,-0.7951375258359844,-0.5911925232177752,0
-1.8779610743409483,-1.1904023514315465,-0.9373322538565467,-1.6275728961891156,-1.3252109267769627,-1.9601498549418401,-0.6950756318834131,-0.8520028465040377,-1.3189210778785396,-0.8789851639353,0.2976079857490139,-1.2774216252220538,-0.4390358821128122,-1.4987482463864636,0.4392116088102558,-0.44853350648886053,-0.15873978742581374,-0.5237957129987955,1.2576440772916977,-0.5911925232177752,0
-1.0217383420008834,1.5171363691001931,-0.9373322538565467,-0.38361982655072535,0.9145096563880937,1.6985805702331847,1.6739804453309246,-0.8520028465040377,1.4351782839311287,1.289432037887122,-1.0197420707128733,-1.2774216252220538,2.5288466809697985,-1.4987482463864636,1.2979608564128653,1.9443596587657228,-0.15873978742581374,-0.5237957129987955,1.2576440772916977,-0.5911925232177752,1
-1.0217383420008834,1.0955974859735633,0.8997051785456238,0.4111279679404684,1.1394122327990455,1.1516649712673939,0.8638173865278577,0.03485374204043518,1.054160113300814,0.050336493988595146,0.2976079857490139,0.0545647585524371,1.0449053994284931,-1.4987482463864636,0.4392116088102558,1.5359430032119454,-0.15873978742581374,-0.5237957129987955,1.2576440772916977,-0.5911925232177752,1
-1.4498497081709159,-2.1104958242111014,0.8997051785456238,0.10013970053087085,-1.1790354179593172,-0.96118389028511,-0.5604559516442456,1.1521609060229787,-1.3189210778785396,-0.8789851639353,1.1758413567236055,1.3865511423269279,-0.4390358821128122,-0.03725250856529844,-0.9920371371940933,-1.5333634118317339,-0.15873978742581374,-0.5237957129987955,-0.7951375258359844,-0.5911925232177752,0
0.4338403029772267,-0.40825629405719494,-0.9373322538565467,-0.8328251016979219,-0.35551511395891805,-0.1487773882396137,-0.08478960543199393,-0.8520028465040377,-1.3189210778785396,-0.5692112779606683,0.7367246712363097,-1.2774216252220538,-0.4390358821128122,1.4242432292558669,-0.7057873879932234,-0.5387216602527,-0.15873978742581374,-0.5237957129987955,-0.7951375258359844,-0.5911925232177752,0
0.3482180297432202,0.19716313886027612,0.8997051785456238,0.4802364718092679,0.5585007053508754,0.4585309200799089,-0.03229674297405158,0.03485374204043518,1.2583237218588201,-0.8789851639353,0.2976079857490139,0.0545647585524371,1.0449053994284931,-0.03725250856529844,0.4392116088102558,-0.08046976635318027,-0.15873978742581374,-0.5237957129987955,-0.7951375258359844,1.6914963581696623,0
-1.2786051617029028,-0.05406298390198959,0.8997051785456238,-1.3511388807139177,0.5660298358108634,-0.29680125043934796,0.060700411121498196,2.180179857348376,0.8126858168872018,-0.5692112779606683,0.2976079857490139,1.3865511423269279,1.0449053994284931,-0.03725250856529844,-0.1332878895914838,0.5491247760507058,-0.15873978742581374,-0.5237957129987955,1.2576440772916977,-0.5911925232177752,1
0.5194625762112332,-0.715973758249703,0.8997051785456238,0.5493449756780673,-0.5528409395036313,-0.8352753086062314,-0.8686305850779471,1.1521609060229787,-1.3189210778785396,-0.8789851639353,1.1758413567236055,1.3865511423269279,-0.4390358821128122,1.4242432292558669,-0.1332878895914838,-0.7790419812715913,-0.15873978742581374,-0.5237957129987955,1.2576440772916977,-0.5911925232177752,0
1.8037966747213303,-1.7471257546619876,-0.9373322538565467,0.7566704872844657,-1.6098159800704808,-0.8352753086062314,0.33337731561995393,0.03485374204043518,0.13612699269759143,-1.1887590499099316,1.1758413567236055,0.0545647585524371,-0.4390358821128122,-0.03725250856529844,0.4392116088102558,-1.66620147247903,6.299617860250349,-0.5237957129987955,-0.7951375258359844,-0.5911925232177752,0
0.005728936807194294,0.3026465344741261,0.8997051785456238,-1.6966814000579151,0.5048301001233555,1.0284232547248884,0.996156204529315,1.1521609060229787,1.5911750632737223,0.050336493988595146,0.2976079857490139,0.0545647585524371,-0.4390358821128122,-1.4987482463864636,1.2979608564128653,0.18670078312369387,-0.15873978742581374,-0.5237957129987955,-0.7951375258359844,-0.5911925232177752,0
0.3482180297432202,-0.15614209780519614,0.8997051785456238,-1.5930186442547158,0.6109129641240983,-0.1228342571174431,-0.5604559516442456,1.550945093966642,-0.40088795727531673,0.050336493988595146,1.1758413567236055,0.0545647585524371,-0.4390358821128122,-1.4987482463864636,1.0117111072119953,-0.3266906466821371,-0.15873978742581374,1.9091412456869414,-0.7951375258359844,-0.5911925232177752,1
0.7763293959132526,1.0957948356379485,0.8997051785456238,1.344092770169261,0.6820659651284632,0.6063429952785035,1.0486490669872577,0.03485374204043518,1.054160113300814,1.5992059238617538,-1.4588587562001691,0.0545647585524371,-0.4390358821128122,-0.03725250856529844,-1.5645366355958328,0.2363112702052096,-0.15873978742581374,-0.5237957129987955,1.2576440772916977,-0.5911925232177752,0
1.8037966747213303,-1.611743884893791,-0.9373322538565467,-1.1783676210419192,-0.6600203960772216,-1.2477088034530517,0.38587017807789625,-0.8520028465040377,-1.3189210778785396,-0.5692112779606683,0.2976079857490139,-1.2774216252220538,-0.4390358821128122,-0.03725250856529844,-1.278286886394963,-1.6109730424159723,-0.15873978742581374,-0.5237957129987955,1.2576440772916977,-0.5911925232177752,0
-0.07989333642681218,-0.7747839582364706,0.8997051785456238,1.0676587546940632,0.21603595058967015,-0.6116490837918062,-1.5314094739873088,1.88811232068876,-0.40088795727531673,-0.25943739198603655,1.1758413567236055,1.3865511423269279,-0.4390358821128122,-1.4987482463864636,1.0117111072119953,-0.6073227905372335,-0.15873978742581374,-0.5237957129987955,-0.7951375258359844,-0.5911925232177752,0
0.9475739423812656,0.46462127151821847,0.8997051785456238,-1.1092591171731196,0.5110552729890979,1.352322636764535,1.6114075869385516,1.1521609060229787,0.517145163327906,-0.5692112779606683,0.7367246712363097,0.0545647585524371,-0.4390358821128122,-1.4987482463864636,0.4392116088102558,-0.25225101527243643,-0.15873978742581374,-0.5237957129987955,1.2576440772916977,-0.5911925232177752,0
-1.2786051617029028,-0.9597499311814303,0.8997051785456238,0.9294417469564643,-0.5256576373598026,-1.1175755046062268,-1.5314094739873088,1.1521609060229787,-0.40088795727531673,-0.8789851639353,0.7367246712363097,1.3865511423269279,1.0449053994284931,1.4242432292558669,-0.9920371371940933,-0.3745526024729356,-0.15873978742581374,-0.5237957129987955,-0.7951375258359844,1.6914963581696623,0
-0.5080047025968446,-1.8096362608559764,0.8997051785456238,0.10013970053087085,-1.8357197196891686,-1.773590392330606,0.14125821022048246,-0.8520028465040377,-1.3189210778785396,-0.8789851639353,0.2976079857490139,0.0545647585524371,-0.4390358821128122,-1.4987482463864636,1.584210605613735,-1.35391629982929,6.299617860250349,-0.5237957129987955,-0.7951375258359844,1.6914963581696623,0
-0.5080047025968446,-0.31826484709757735,0.8997051785456238,-0.7291623458947226,-0.6433879019874642,-1.510649597891829,-1.5314094739873088,0.03485374204043518,-0.40088795727531673,-1.1887590499099316,-0.5806253852255776,1.3865511423269279,-0.4390358821128122,-0.03725250856529844,0.152961859609386,-0.06106987457948142,-0.15873978742581374,-0.5237957129987955,-0.7951375258359844,-0.5911925232177752,0
-1.1929828884688964,-0.48487730125472017,0.8997051785456238,-0.6254995900915234,0.57530038539093,0.49386606098258407,0.5779892834773674,1.88811232068876,-0.40088795727531673,0.36011037996322687,1.1758413567236055,0.0545647585524371,-0.4390358821128122,-0.03725250856529844,-1.278286886394963,0.0747243360916891,-0.15873978742581374,-0.5237957129987955,-0.7951375258359844,-0.5911925232177752,0
1.033196215615272,1.8120754425237642,-0.9373322538565467,-0.24540281881312645,0.8762133494995515,1.7099779073882992,1.209502764880151,-0.8520028465040377,0.13612699269759143,0.9796581519124903,-1.4588587562001691,-1.2774216252220538,-0.4390358821128122,1.4242432292558669,-1.278286886394963,0.45240206314189335,-0.15873978742581374,-0.5237957129987955,-0.7951375258359844,1.6914963581696623,0
-1.6210942546389289,-0.6681658020524062,0.8997051785456238,-0.8673793536323215,-0.8374459927971493,-0.7982085464030406,-0.8686305850779471,0.03485374204043518,-1.3189210778785396,-0.8789851639353,0.7367246712363097,1.3865511423269279,-0.4390358821128122,1.4242432292558669,-0.4195376387923536,0.050475519654715834,-0.15873978742581374,-0.5237957129987955,-0.7951375258359844,-0.5911925232177752,0
2.2319080408913625,1.431782639253626,-0.9373322538565467,-0.24540281881312645,0.9512792336354198,1.5094609314119258,1.056970403651279,-0.8520028465040377,1.2583237218588201,0.6698842659378585,-1.4588587562001691,-1.2774216252220538,-0.4390358821128122,-1.4987482463864636,1.0117111072119953,-0.7074167724094431,-0.15873978742581374,-0.5237957129987955,-0.7951375258359844,-0.5911925232177752,0
0.6050848494452397,-2.283916841789531,0.8997051785456238,-1.2820303768451184,-1.1790354179593172,-1.324090135280595,-1.113242552935361,-2.368094198430245,-1.3189210778785396,-1.8083068218591951,3.371424784160084,0.0545647585524371,-0.4390358821128122,-0.03725250856529844,0.152961859609386,-1.8228983893473838,-0.15873978742581374,-0.5237957129987955,1.2576440772916977,-0.5911925232177752,0
-1.2786051617029028,-0.7296895599244693,0.8997051785456238,1.344092770169261,-1.7113959204136286,-1.510649597891829,-1.5314094739873088,-0.8520028465040377,-1.3189210778785396,-1.1887590499099316,0.2976079857490139,1.3865511423269279,-0.4390358821128122,-1.4987482463864636,1.584210605613735,-0.1399223461099275,-0.15873978742581374,-0.5237957129987955,-0.7951375258359844,1.6914963581696623,0
1.204440762083285,-1.1431371068113088,-0.9373322538565467,0.6184534795468668,-0.9676038472142717,-0.7298831168270937,-0.6950756318834131,0.03485374204043518,-1.3189210778785396,-0.8789851639353,1.1758413567236055,0.0545647585524371,-0.4390358821128122,-0.03725250856529844,-0.9920371371940933,-1.2529300218931363,-0.15873978742581374,-0.5237957129987955,-0.7951375258359844,1.6914963581696623,0
-1.7923388011069417,1.5015950830298643,-0.9373322538565467,0.1692482043996703,0.62790047440413,1.1761392641812558,1.4914433806601268,-2.368094198430245,1.2583237218588201,0.36011037996322687,-1.8979754416874648,-1.2774216252220538,-0.4390358821128122,1.4242432292558669,-0.7057873879932234,2.5484482871763836,-0.15873978742581374,1.9091412456869414,-0.7951375258359844,-0.5911925232177752,0
0.7763293959132526,-1.4219921825874922,-0.9373322538565467,-0.3145113226819259,-1.6098159800704808,-1.2477088034530517,-1.5314094739873088,-0.8520028465040377,-1.3189210778785396,-1.1887590499099316,1.1758413567236055,0.0545647585524371,-0.4390358821128122,-0.03725250856529844,-0.1332878895914838,-1.3043687095567928,-0.15873978742581374,-0.5237957129987955,-0.7951375258359844,1.6914963581696623,0
1.375685308551298,-0.5671721113033178,-0.9373322538565467,0.8257789911532651,0.2598223000763246,0.4839652306253873,0.45692719274077576,1.1521609060229787,-0.40088795727531673,0.050336493988595146,0.7367246712363097,0.0545647585524371,-0.4390358821128122,-1.4987482463864636,1.0117111072119953,-1.016696316212214,-0.15873978742581374,-0.5237957129987955,-0.7951375258359844,1.6914963581696623,0
0.8619516691472591,0.3171517348064329,0.8997051785456238,1.102213006628463,0.5131149691433291,0.23825293537611872,-0.03229674297405158,0.6640885054221695,0.13612699269759143,1.289432037887122,-0.5806253852255776,0.0545647585524371,-0.4390358821128122,-0.03725250856529844,1.2979608564128653,-0.28881586553937305,-0.15873978742581374,-0.5237957129987955,1.2576440772916977,-0.5911925232177752,0
1.1188184888492785,1.1929895453476231,-0.9373322538565467,-1.2820303768451184,1.0520783088539891,1.4062380135847885,1.0316539334645618,-0.8520028465040377,1.2583237218588201,1.5992059238617538,-1.8979754416874648,-1.2774216252220538,2.5288466809697985,-0.03725250856529844,0.152961859609386,0.04159281297304816,-0.15873978742581374,-0.5237957129987955,-0.7951375258359844,-0.5911925232177752,1
0.8619516691472591,-2.175621213458193,-0.9373322538565467,-1.454801636517117,-1.9960009737071465,-1.0611493408418176,-0.6950756318834131,1.1521609060229787,0.13612699269759143,-1.1887590499099316,0.7367246712363097,0.0545647585524371,-0.4390358821128122,-0.03725250856529844,-0.4195376387923536,-1.7718177941830733,-0.15873978742581374,-0.5237957129987955,-0.7951375258359844,1.6914963581696623,0
-0.5080047025968446,-0.889789475156903,2.736742610947794,-0.556391086222724,-0.8859241356959092,-1.0092423019281362,-1.5314094739873088,0.6640885054221695,-1.3189210778785396,-0.5692112779606683,-0.5806253852255776,2.718537526101419,-0.4390358821128122,1.4242432292558669,-0.1332878895914838,-0.5565155868361237,-0.15873978742581374,-0.5237957129987955,1.2576440772916977,-0.5911925232177752,0
0.09135121004120077,0.2982555044415571,0.8997051785456238,-0.8673793536323215,0.9380131979763833,-0.028341343609018455,-0.20585169616858562,0.6640885054221695,1.2583237218588201,0.050336493988595146,-0.5806253852255776,0.0545647585524371,1.0449053994284931,1.4242432292558669,-1.5645366355958328,0.1350021219827604,-0.15873978742581374,1.9091412456869414,-0.7951375258359844,-0.5911925232177752,0
-0.07989333642681218,0.34325122792136586,0.8997051785456238,0.20380245633407004,0.6850939463597474,0.07319240708743925,0.6787708983954508,1.88811232068876,0.13612699269759143,0.050336493988595146,0.7367246712363097,1.3865511423269279,-0.4390358821128122,-1.4987482463864636,0.7254613580111255,0.26686402415408766,-0.15873978742581374,-0.5237957129987955,-0.7951375258359844,1.6914963581696623,0
0.8619516691472591,0.6009405521922444,0.8997051785456238,1.3095385182348613,0.8054781516969103,0.3577002368508518,0.14125821022048246,2.437801682511115,-0.40088795727531673,0.050336493988595146,1.1758413567236055,1.3865511423269279,-0.4390358821128122,-0.03725250856529844,-0.9920371371940933,-0.11998405765102936,-0.15873978742581374,-0.5237957129987955,1.2576440772916977,-0.5911925232177752,0
-0.5936269758308511,0.31429016467284854,0.8997051785456238,-0.34906557461632565,0.4217208184379781,0.5226926641374506,-0.5604559516442456,1.550945093966642,0.13612699269759143,0.6698842659378585,-0.1415086997382818,0.0545647585524371,-0.4390358821128122,-0.03725250856529844,-0.9920371371940933,0.5358946419296721,-0.15873978742581374,-0.5237957129987955,-0.7951375258359844,-0.5911925232177752,0
0.7763293959132526,-0.011040757066032067,-0.9373322538565467,0.13469395246527058,-0.6600203960772216,2.1150595666072576,0.015992009486089375,-2.368094198430245,-1.3189210778785396,-1.4985329358845634,-2.3370921271747607,-1.2774216252220538,1.0449053994284931,-1.4987482463864636,0.4392116088102558,-0.44098169628602657,-0.15873978742581374,-0.5237957129987955,-0.7951375258359844,1.6914963581696623,0
0.26259575650921374,-1.3401414092837611,-0.9373322538565467,-1.3856931326483175,-1.8357197196891686,-1.2477088034530517,0.305312378978912,0.03485374204043518,-0.40088795727531673,-1.1887590499099316,0.7367246712363097,1.3865511423269279,-0.4390358821128122,1.4242432292558669,-0.4195376387923536,-1.1313370720742468,-0.15873978742581374,-0.5237957129987955,1.2576440772916977,-0.5911925232177752,0
1.2900630353172915,-2.002348208128052,-0.9373322538565467,1.1367672585628628,-0.8147021338647573,-0.5352677519642633,-0.2769087108314654,0.6640885054221695,-0.40088795727531673,-1.1887590499099316,1.6149580422109011,0.0545647585524371,1.0449053994284931,-0.03725250856529844,-0.9920371371940933,-1.7149087613830385,-0.15873978742581374,-0.5237957129987955,-0.7951375258359844,-0.5911925232177752,0
0.09135121004120077,-0.3352369182346982,-0.9373322538565467,0.7566704872844657,1.1526153903523033,0.5502922247469936,0.060700411121498196,0.03485374204043518,0.8126858168872018,1.9089798098363855,1.1758413567236055,-1.2774216252220538,-0.4390358821128122,-1.4987482463864636,0.4392116088102558,-0.3387869609925954,-0.15873978742581374,-0.5237957129987955,-0.7951375258359844,-0.5911925232177752,0
1.4613075817853045,-1.2226196841424184,-0.9373322538565467,0.031031196662071384,-1.6098159800704808,-1.410684147335121,-0.6950756318834131,-0.8520028465040377,-1.3189210778785396,-0.8789851639353,-0.5806253852255776,-1.2774216252220538,-0.4390358821128122,-1.4987482463864636,0.4392116088102558,-1.3622773823081633,-0.15873978742581374,-0.5237957129987955,-0.7951375258359844,-0.5911925232177752,0
0.4338403029772267,-0.8474086347301971,-0.9373322538565467,1.102213006628463,-1.8357197196891686,-1.324090135280595,-0.35746650993044954,-0.8520028465040377,-1.3189210778785396,-1.1887590499099316,0.7367246712363097,0.0545647585524371,-0.4390358821128122,-0.03725250856529844,0.152961859609386,-0.8373053920258267,-0.15873978742581374,-0.5237957129987955,1.2576440772916977,-0.5911925232177752,0
-0.16551560966081866,0.47493279148234135,0.8997051785456238,-0.10718581107552753,1.0497291254360566,0.7057181027887772,0.7376749512991704,0.03485374204043518,0.517145163327906,-0.5692112779606683,-0.1415086997382818,0.0545647585524371,-0.4390358821128122,-0.03725250856529844,-0.1332878895914838,0.42116834640737383,-0.15873978742581374,-0.5237957129987955,1.2576440772916977,-0.5911925232177752,0
-1.9635833475749547,0.6126335198070632,0.8997051785456238,0.23835670826846977,0.7397035855233476,-0.44567839143551063,-1.5314094739873088,2.180179857348376,0.13612699269759143,-0.25943739198603655,0.7367246712363097,2.718537526101419,1.0449053994284931,1.4242432292558669,-0.1332878895914838,1.6585339157339303,-0.15873978742581374,1.9091412456869414,-0.7951375258359844,1.6914963581696623,0
1.033196215615272,0.26564347240191494,-0.9373322538565467,1.4477555259724604,1.1873891186462837,0.8192099443684683,0.5779892834773674,-0.8520028465040377,0.517145163327906,2.2187536958110172,0.2976079857490139,-1.2774216252220538,1.0449053994284931,1.4242432292558669,-1.5645366355958328,-0.4150304728849497,-0.15873978742581374,-0.5237957129987955,-0.7951375258359844,-0.5911925232177752,0
-1.1073606152348898,0.870717543406712,0.8997051785456238,-1.4202473845827173,0.7690338929259614,0.8102237711328932,1.1197060816501374,0.03485374204043518,1.054160113300814,1.289432037887122,-1.0197420707128733,0.0545647585524371,-0.4390358821128122,1.4242432292558669,-1.5645366355958328,1.3761339522333509,-0.15873978742581374,-0.5237957129987955,-0.7951375258359844,1.6914963581696623,0
-1.2786051617029028,0.06276801741400515,0.8997051785456238,-0.3145113226819259,-0.13287910907525843,0.0038218656145007695,-0.8686305850779471,0.6640885054221695,-0.40088795727531673,-0.5692112779606683,0.7367246712363097,1.3865511423269279,-0.4390358821128122,-1.4987482463864636,1.0117111072119953,0.6682764910555531,-0.15873978742581374,1.9091412456869414,1.2576440772916977,-0.5911925232177752,1
